year,rider_id,name,round,round_label,stg,gc,pc,kom,spr,sum,bky,ass,tot
2025,20250482,Tadej Pogačar,1,Stage 1,12,3,0,0,0,0,0,0,15
2025,20250482,Tadej Pogačar,2,Stage 2,180,26,1,12,0,0,0,0,219
2025,20250482,Tadej Pogačar,3,Stage 3,0,26,0,8,0,0,0,0,34
2025,20250482,Tadej Pogačar,4,Stage 4,220,26,4,12,0,0,0,2,264
2025,20250482,Tadej Pogačar,5,Stage 5,180,30,12,12,0,0,0,0,234
2025,20250482,Tadej Pogačar,6,Stage 6,70,26,6,8,0,0,0,4,114
2025,20250482,Tadej Pogačar,7,Stage 7,220,30,12,8,0,0,0,4,274
2025,20250482,Tadej Pogačar,8,Stage 8,0,30,8,8,0,0,0,4,50
2025,20250482,Tadej Pogačar,9,Stage 9,0,30,8,8,0,0,0,4,50
2025,20250482,Tadej Pogačar,10,Stage 10,70,26,8,1,0,0,0,4,109
2025,20250482,Tadej Pogačar,11,Stage 11,0,26,8,1,0,0,0,4,39
2025,20250482,Tadej Pogačar,12,Stage 12,220,30,8,12,0,30,0,4,304
2025,20250482,Tadej Pogačar,13,Stage 13,220,30,8,12,0,0,0,0,270
2025,20250482,Tadej Pogačar,14,Stage 14,180,30,8,8,0,25,0,4,255
2025,20250482,Tadej Pogačar,15,Stage 15,0,30,8,8,0,0,0,12,58
2025,20250482,Tadej Pogačar,16,Stage 16,120,30,8,12,0,10,0,4,184
2025,20250482,Tadej Pogačar,17,Stage 17,0,30,8,12,0,0,0,4,54
2025,20250482,Tadej Pogačar,18,Stage 18,180,30,8,12,0,50,0,4,284
2025,20250482,Tadej Pogačar,19,Stage 19,160,30,8,12,0,20,0,4,234
2025,20250482,Tadej Pogačar,20,Stage 20,0,30,8,12,0,0,0,4,54
2025,20250482,Tadej Pogačar,21,Stage 21,140,30,8,12,0,0,0,4,194
2025,20250482,Tadej Pogačar,22,Final Classifications,0,600,100,120,0,0,0,40,860
2025,20250459,Jonas Vingegaard,1,Stage 1,4,1,0,8,0,0,0,0,13
2025,20250459,Jonas Vingegaard,2,Stage 2,160,22,0,4,0,0,0,4,190
2025,20250459,Jonas Vingegaard,3,Stage 3,0,22,0,4,0,0,0,4,30
2025,20250459,Jonas Vingegaard,4,Stage 4,160,22,0,6,0,0,0,8,196
2025,20250459,Jonas Vingegaard,5,Stage 5,35,18,0,6,0,0,0,0,59
2025,20250459,Jonas Vingegaard,6,Stage 6,60,16,0,1,0,0,0,8,85
2025,20250459,Jonas Vingegaard,7,Stage 7,180,18,2,4,0,0,0,8,212
2025,20250459,Jonas Vingegaard,8,Stage 8,0,18,0,4,0,0,0,12,34
2025,20250459,Jonas Vingegaard,9,Stage 9,0,18,0,4,0,0,0,8,30
2025,20250459,Jonas Vingegaard,10,Stage 10,60,18,0,0,0,0,0,16,94
2025,20250459,Jonas Vingegaard,11,Stage 11,0,18,0,0,0,0,0,8,26
2025,20250459,Jonas Vingegaard,12,Stage 12,180,26,0,4,0,25,0,8,243
2025,20250459,Jonas Vingegaard,13,Stage 13,180,26,1,6,0,0,0,0,213
2025,20250459,Jonas Vingegaard,14,Stage 14,160,26,1,4,0,20,0,8,219
2025,20250459,Jonas Vingegaard,15,Stage 15,0,26,1,4,0,0,0,12,43
2025,20250459,Jonas Vingegaard,16,Stage 16,110,26,2,4,0,6,0,8,156
2025,20250459,Jonas Vingegaard,17,Stage 17,0,26,2,4,0,0,0,8,40
2025,20250459,Jonas Vingegaard,18,Stage 18,160,26,4,8,0,50,0,8,256
2025,20250459,Jonas Vingegaard,19,Stage 19,180,26,4,8,0,25,0,8,251
2025,20250459,Jonas Vingegaard,20,Stage 20,0,26,4,8,0,0,0,8,46
2025,20250459,Jonas Vingegaard,21,Stage 21,0,26,4,8,0,0,0,16,54
2025,20250459,Jonas Vingegaard,22,Final Classifications,0,500,60,100,0,0,0,50,710
2025,20250425,Oscar Onley,1,Stage 1,0,0,0,0,0,0,0,0,0
2025,20250425,Oscar Onley,2,Stage 2,110,5,0,0,0,0,0,0,115
2025,20250425,Oscar Onley,3,Stage 3,0,8,0,0,0,0,0,0,8
2025,20250425,Oscar Onley,4,Stage 4,140,14,0,0,0,0,0,0,154
2025,20250425,Oscar Onley,5,Stage 5,0,10,0,0,0,0,0,0,10
2025,20250425,Oscar Onley,6,Stage 6,35,10,0,0,0,0,0,0,45
2025,20250425,Oscar Onley,7,Stage 7,160,14,0,0,0,0,0,0,174
2025,20250425,Oscar Onley,8,Stage 8,0,14,0,0,0,0,0,0,14
2025,20250425,Oscar Onley,9,Stage 9,0,14,0,0,0,0,0,0,14
2025,20250425,Oscar Onley,10,Stage 10,30,14,0,0,0,0,0,0,44
2025,20250425,Oscar Onley,11,Stage 11,0,14,0,0,0,0,0,0,14
2025,20250425,Oscar Onley,12,Stage 12,120,15,0,0,0,10,0,0,145
2025,20250425,Oscar Onley,13,Stage 13,95,16,0,0,0,0,0,0,111
2025,20250425,Oscar Onley,14,Stage 14,110,18,0,0,0,6,0,0,134
2025,20250425,Oscar Onley,15,Stage 15,0,18,0,0,0,0,0,0,18
2025,20250425,Oscar Onley,16,Stage 16,30,18,0,0,0,0,0,0,48
2025,20250425,Oscar Onley,17,Stage 17,0,18,0,0,0,0,0,2,20
2025,20250425,Oscar Onley,18,Stage 18,140,18,0,0,0,15,0,0,173
2025,20250425,Oscar Onley,19,Stage 19,120,18,0,0,0,10,0,0,148
2025,20250425,Oscar Onley,20,Stage 20,0,18,0,0,0,0,0,4,22
2025,20250425,Oscar Onley,21,Stage 21,0,18,0,0,0,0,0,0,18
2025,20250425,Oscar Onley,22,Final Classifications,0,350,0,10,0,0,0,0,360
2025,20250325,Florian Lipowitz,1,Stage 1,0,0,0,0,0,0,0,0,0
2025,20250325,Florian Lipowitz,2,Stage 2,0,0,0,0,0,0,0,0,0
2025,20250325,Florian Lipowitz,3,Stage 3,0,0,0,0,0,0,0,0,0
2025,20250325,Florian Lipowitz,4,Stage 4,0,1,0,0,0,0,0,0,1
2025,20250325,Florian Lipowitz,5,Stage 5,110,12,0,0,0,0,0,0,122
2025,20250325,Florian Lipowitz,6,Stage 6,25,12,0,0,0,0,0,0,37
2025,20250325,Florian Lipowitz,7,Stage 7,30,13,0,0,0,0,0,0,43
2025,20250325,Florian Lipowitz,8,Stage 8,0,13,0,0,0,0,0,0,13
2025,20250325,Florian Lipowitz,9,Stage 9,0,13,0,0,0,0,0,0,13
2025,20250325,Florian Lipowitz,10,Stage 10,50,13,0,0,0,0,0,0,63
2025,20250325,Florian Lipowitz,11,Stage 11,0,13,0,0,0,0,0,0,13
2025,20250325,Florian Lipowitz,12,Stage 12,160,18,0,0,0,20,0,0,198
2025,20250325,Florian Lipowitz,13,Stage 13,140,18,0,1,0,0,0,0,159
2025,20250325,Florian Lipowitz,14,Stage 14,120,22,0,1,0,10,0,0,153
2025,20250325,Florian Lipowitz,15,Stage 15,0,22,0,1,0,0,0,2,25
2025,20250325,Florian Lipowitz,16,Stage 16,60,22,0,0,0,0,0,2,84
2025,20250325,Florian Lipowitz,17,Stage 17,0,22,0,0,0,0,0,6,28
2025,20250325,Florian Lipowitz,18,Stage 18,50,22,0,0,0,0,0,2,74
2025,20250325,Florian Lipowitz,19,Stage 19,140,22,0,0,0,15,0,2,179
2025,20250325,Florian Lipowitz,20,Stage 20,0,22,0,0,0,0,0,2,24
2025,20250325,Florian Lipowitz,21,Stage 21,0,22,0,0,0,0,0,2,24
2025,20250325,Florian Lipowitz,22,Final Classifications,0,400,0,0,0,0,0,30,430
2025,20250442,Matteo Jorgenson,1,Stage 1,80,13,0,0,0,0,0,0,93
2025,20250442,Matteo Jorgenson,2,Stage 2,12,16,0,0,0,0,0,8,36
2025,20250442,Matteo Jorgenson,3,Stage 3,0,16,0,0,0,0,0,6,22
2025,20250442,Matteo Jorgenson,4,Stage 4,80,18,0,0,0,0,0,12,110
2025,20250442,Matteo Jorgenson,5,Stage 5,50,16,0,0,0,0,0,0,66
2025,20250442,Matteo Jorgenson,6,Stage 6,50,15,0,0,0,0,0,8,73
2025,20250442,Matteo Jorgenson,7,Stage 7,120,15,0,0,0,0,0,12,147
2025,20250442,Matteo Jorgenson,8,Stage 8,0,15,0,0,0,0,0,12,27
2025,20250442,Matteo Jorgenson,9,Stage 9,0,16,0,0,0,0,0,8,24
2025,20250442,Matteo Jorgenson,10,Stage 10,40,16,0,0,0,0,0,16,72
2025,20250442,Matteo Jorgenson,11,Stage 11,0,16,0,0,0,0,0,8,24
2025,20250442,Matteo Jorgenson,12,Stage 12,25,11,0,0,0,0,0,16,52
2025,20250442,Matteo Jorgenson,13,Stage 13,110,11,0,0,0,0,0,0,121
2025,20250442,Matteo Jorgenson,14,Stage 14,0,0,0,0,0,0,0,14,14
2025,20250442,Matteo Jorgenson,15,Stage 15,0,6,0,0,0,0,0,16,22
2025,20250442,Matteo Jorgenson,16,Stage 16,0,1,0,0,0,0,0,12,13
2025,20250442,Matteo Jorgenson,17,Stage 17,0,1,0,0,0,0,0,12,13
2025,20250442,Matteo Jorgenson,18,Stage 18,0,4,0,0,0,40,20,14,78
2025,20250442,Matteo Jorgenson,19,Stage 19,0,1,0,0,0,0,0,16,17
2025,20250442,Matteo Jorgenson,20,Stage 20,70,2,0,0,2,0,20,12,106
2025,20250442,Matteo Jorgenson,21,Stage 21,120,2,0,0,4,0,0,20,146
2025,20250442,Matteo Jorgenson,22,Final Classifications,0,60,0,0,0,0,0,50,110
2025,20250054,Kévin Vauquelin,1,Stage 1,20,5,0,0,0,0,0,0,25
2025,20250054,Kévin Vauquelin,2,Stage 2,80,18,0,2,0,0,0,0,100
2025,20250054,Kévin Vauquelin,3,Stage 3,0,18,0,2,0,0,0,0,20
2025,20250054,Kévin Vauquelin,4,Stage 4,60,16,0,1,0,0,0,0,77
2025,20250054,Kévin Vauquelin,5,Stage 5,120,22,0,1,0,0,0,0,143
2025,20250054,Kévin Vauquelin,6,Stage 6,30,18,0,0,0,0,0,0,48
2025,20250054,Kévin Vauquelin,7,Stage 7,95,22,0,0,0,0,0,0,117
2025,20250054,Kévin Vauquelin,8,Stage 8,0,22,0,0,0,0,0,0,22
2025,20250054,Kévin Vauquelin,9,Stage 9,0,22,0,0,0,0,0,0,22
2025,20250054,Kévin Vauquelin,10,Stage 10,0,15,0,0,0,0,0,0,15
2025,20250054,Kévin Vauquelin,11,Stage 11,0,15,0,0,0,0,0,0,15
2025,20250054,Kévin Vauquelin,12,Stage 12,110,16,0,0,0,6,0,2,134
2025,20250054,Kévin Vauquelin,13,Stage 13,50,15,0,0,0,0,0,0,65
2025,20250054,Kévin Vauquelin,14,Stage 14,60,16,0,0,0,0,0,0,76
2025,20250054,Kévin Vauquelin,15,Stage 15,0,16,0,0,0,0,0,0,16
2025,20250054,Kévin Vauquelin,16,Stage 16,4,15,0,0,0,0,0,0,19
2025,20250054,Kévin Vauquelin,17,Stage 17,0,15,0,0,0,0,0,0,15
2025,20250054,Kévin Vauquelin,18,Stage 18,40,14,0,0,0,0,0,0,54
2025,20250054,Kévin Vauquelin,19,Stage 19,16,14,0,0,0,0,0,0,30
2025,20250054,Kévin Vauquelin,20,Stage 20,0,14,0,0,0,0,0,0,14
2025,20250054,Kévin Vauquelin,21,Stage 21,80,14,0,0,0,0,0,0,94
2025,20250054,Kévin Vauquelin,22,Final Classifications,0,220,0,0,0,0,0,20,240
2025,20250272,Jonathan Milan,1,Stage 1,0,0,2,0,20,0,0,0,22
2025,20250272,Jonathan Milan,2,Stage 2,0,0,2,0,6,0,0,0,8
2025,20250272,Jonathan Milan,3,Stage 3,180,0,12,0,20,0,0,0,212
2025,20250272,Jonathan Milan,4,Stage 4,0,0,12,0,6,0,0,0,18
2025,20250272,Jonathan Milan,5,Stage 5,0,0,8,0,0,0,0,0,8
2025,20250272,Jonathan Milan,6,Stage 6,0,0,12,0,20,0,0,4,36
2025,20250272,Jonathan Milan,7,Stage 7,0,0,8,0,5,0,0,0,13
2025,20250272,Jonathan Milan,8,Stage 8,220,0,12,0,20,0,0,0,252
2025,20250272,Jonathan Milan,9,Stage 9,180,0,12,0,12,0,0,0,204
2025,20250272,Jonathan Milan,10,Stage 10,0,0,12,0,0,0,0,0,12
2025,20250272,Jonathan Milan,11,Stage 11,0,0,12,0,0,0,0,0,12
2025,20250272,Jonathan Milan,12,Stage 12,0,0,12,0,0,0,0,0,12
2025,20250272,Jonathan Milan,13,Stage 13,0,0,12,0,0,0,0,0,12
2025,20250272,Jonathan Milan,14,Stage 14,0,0,12,0,20,0,0,0,32
2025,20250272,Jonathan Milan,15,Stage 15,0,0,12,0,0,0,0,0,12
2025,20250272,Jonathan Milan,16,Stage 16,0,0,12,0,0,0,0,0,12
2025,20250272,Jonathan Milan,17,Stage 17,220,0,12,0,6,0,0,0,238
2025,20250272,Jonathan Milan,18,Stage 18,0,0,12,0,20,0,0,0,32
2025,20250272,Jonathan Milan,19,Stage 19,0,0,12,0,20,0,0,0,32
2025,20250272,Jonathan Milan,20,Stage 20,0,0,12,0,0,0,0,0,12
2025,20250272,Jonathan Milan,21,Stage 21,0,0,12,0,20,0,0,0,32
2025,20250272,Jonathan Milan,22,Final Classifications,0,0,120,0,0,0,0,0,120
2025,20250128,Felix Gall,1,Stage 1,0,0,0,0,0,0,0,0,0
2025,20250128,Felix Gall,2,Stage 2,0,2,0,0,0,0,0,0,2
2025,20250128,Felix Gall,3,Stage 3,0,1,0,0,0,0,0,0,1
2025,20250128,Felix Gall,4,Stage 4,0,2,0,0,0,0,0,0,2
2025,20250128,Felix Gall,5,Stage 5,0,3,0,0,0,0,0,0,3
2025,20250128,Felix Gall,6,Stage 6,20,3,0,0,0,0,0,0,23
2025,20250128,Felix Gall,7,Stage 7,140,7,0,0,0,0,0,0,147
2025,20250128,Felix Gall,8,Stage 8,0,7,0,0,0,0,0,0,7
2025,20250128,Felix Gall,9,Stage 9,0,7,0,0,0,0,0,0,7
2025,20250128,Felix Gall,10,Stage 10,16,10,0,0,0,0,0,2,28
2025,20250128,Felix Gall,11,Stage 11,0,10,0,0,0,0,0,0,10
2025,20250128,Felix Gall,12,Stage 12,80,12,0,0,0,2,0,0,94
2025,20250128,Felix Gall,13,Stage 13,60,12,0,0,0,0,0,0,72
2025,20250128,Felix Gall,14,Stage 14,140,14,0,0,0,15,0,2,171
2025,20250128,Felix Gall,15,Stage 15,0,14,0,0,0,0,0,0,14
2025,20250128,Felix Gall,16,Stage 16,16,14,0,0,0,0,0,0,30
2025,20250128,Felix Gall,17,Stage 17,0,14,0,0,0,0,0,0,14
2025,20250128,Felix Gall,18,Stage 18,110,15,0,1,0,27,0,0,153
2025,20250128,Felix Gall,19,Stage 19,110,16,0,0,0,6,0,0,132
2025,20250128,Felix Gall,20,Stage 20,0,16,0,0,0,0,0,0,16
2025,20250128,Felix Gall,21,Stage 21,0,16,0,0,0,0,0,0,16
2025,20250128,Felix Gall,22,Final Classifications,0,300,0,0,0,0,0,0,330
2025,20250158,Ben Healy,1,Stage 1,0,0,0,0,0,0,0,0,0
2025,20250158,Ben Healy,2,Stage 2,0,0,0,0,0,0,0,0,0
2025,20250158,Ben Healy,3,Stage 3,0,0,0,0,0,0,0,0,0
2025,20250158,Ben Healy,4,Stage 4,0,0,0,0,0,0,0,0,0
2025,20250158,Ben Healy,5,Stage 5,0,0,0,0,0,0,0,0,0
2025,20250158,Ben Healy,6,Stage 6,220,13,0,6,5,0,20,0,264
2025,20250158,Ben Healy,7,Stage 7,0,10,0,6,0,0,0,0,16
2025,20250158,Ben Healy,8,Stage 8,0,10,0,6,0,0,0,0,16
2025,20250158,Ben Healy,9,Stage 9,0,10,0,6,0,0,0,0,16
2025,20250158,Ben Healy,10,Stage 10,160,30,0,8,0,0,20,0,218
2025,20250158,Ben Healy,11,Stage 11,0,30,0,8,0,0,0,0,38
2025,20250158,Ben Healy,12,Stage 12,0,10,0,2,0,0,0,0,12
2025,20250158,Ben Healy,13,Stage 13,0,10,0,2,0,0,0,0,12
2025,20250158,Ben Healy,14,Stage 14,95,12,0,0,0,4,0,0,111
2025,20250158,Ben Healy,15,Stage 15,0,11,0,0,0,0,0,0,11
2025,20250158,Ben Healy,16,Stage 16,180,12,0,0,0,25,0,0,217
2025,20250158,Ben Healy,17,Stage 17,0,12,0,0,0,0,0,0,12
2025,20250158,Ben Healy,18,Stage 18,16,12,0,0,0,0,0,0,28
2025,20250158,Ben Healy,19,Stage 19,80,12,0,0,0,2,0,0,94
2025,20250158,Ben Healy,20,Stage 20,0,12,0,0,0,0,0,0,12
2025,20250158,Ben Healy,21,Stage 21,0,12,0,0,0,0,0,0,12
2025,20250158,Ben Healy,22,Final Classifications,0,180,0,0,0,0,0,0,180
2025,20250334,Primož Roglič,1,Stage 1,0,0,0,0,0,0,0,0,0
2025,20250334,Primož Roglič,2,Stage 2,0,0,0,0,0,0,0,0,0
2025,20250334,Primož Roglič,3,Stage 3,0,0,0,0,0,0,0,0,0
2025,20250334,Primož Roglič,4,Stage 4,12,8,0,0,0,0,0,0,20
2025,20250334,Primož Roglič,5,Stage 5,40,13,0,0,0,0,0,0,53
2025,20250334,Primož Roglič,6,Stage 6,8,11,0,0,0,0,0,0,19
2025,20250334,Primož Roglič,7,Stage 7,20,12,0,0,0,0,0,0,32
2025,20250334,Primož Roglič,8,Stage 8,0,12,0,0,0,0,0,0,12
2025,20250334,Primož Roglič,9,Stage 9,0,12,0,0,0,0,0,0,12
2025,20250334,Primož Roglič,10,Stage 10,20,12,0,0,0,0,0,0,32
2025,20250334,Primož Roglič,11,Stage 11,0,12,0,0,0,0,0,0,12
2025,20250334,Primož Roglič,12,Stage 12,70,14,0,0,0,0,0,2,86
2025,20250334,Primož Roglič,13,Stage 13,160,14,0,0,0,0,0,0,174
2025,20250334,Primož Roglič,14,Stage 14,80,15,0,0,0,2,0,2,99
2025,20250334,Primož Roglič,15,Stage 15,0,15,0,0,0,0,0,4,19
2025,20250334,Primož Roglič,16,Stage 16,70,16,0,0,0,0,0,4,90
2025,20250334,Primož Roglič,17,Stage 17,0,16,0,0,0,0,0,8,24
2025,20250334,Primož Roglič,18,Stage 18,95,16,0,0,0,16,0,4,131
2025,20250334,Primož Roglič,19,Stage 19,0,13,0,0,0,25,20,4,62
2025,20250334,Primož Roglič,20,Stage 20,0,13,0,0,0,0,0,4,17
2025,20250334,Primož Roglič,21,Stage 21,0,13,0,0,0,0,0,4,17
2025,20250334,Primož Roglič,22,Final Classifications,0,200,0,0,0,0,0,30,245
2025,20250203,Thymen Arensman,1,Stage 1,0,0,0,0,0,0,0,0,0
2025,20250203,Thymen Arensman,2,Stage 2,0,0,0,0,0,0,0,0,0
2025,20250203,Thymen Arensman,3,Stage 3,0,0,0,0,0,0,0,0,0
2025,20250203,Thymen Arensman,4,Stage 4,0,0,0,0,0,0,0,0,0
2025,20250203,Thymen Arensman,5,Stage 5,0,0,0,0,0,0,0,0,0
2025,20250203,Thymen Arensman,6,Stage 6,0,0,0,0,0,0,0,0,0
2025,20250203,Thymen Arensman,7,Stage 7,0,0,0,0,0,0,0,0,0
2025,20250203,Thymen Arensman,8,Stage 8,0,0,0,0,0,0,0,0,0
2025,20250203,Thymen Arensman,9,Stage 9,0,0,0,0,0,0,0,0,0
2025,20250203,Thymen Arensman,10,Stage 10,180,0,0,2,2,0,20,0,204
2025,20250203,Thymen Arensman,11,Stage 11,0,0,0,2,0,0,0,0,2
2025,20250203,Thymen Arensman,12,Stage 12,0,0,0,0,0,0,0,0,0
2025,20250203,Thymen Arensman,13,Stage 13,0,0,0,0,0,0,0,0,0
2025,20250203,Thymen Arensman,14,Stage 14,220,6,0,6,0,60,0,0,292
2025,20250203,Thymen Arensman,15,Stage 15,0,5,0,6,0,0,0,0,11
2025,20250203,Thymen Arensman,16,Stage 16,40,7,0,6,8,0,0,0,61
2025,20250203,Thymen Arensman,17,Stage 17,0,7,0,6,0,0,0,0,13
2025,20250203,Thymen Arensman,18,Stage 18,8,8,0,4,0,27,20,0,67
2025,20250203,Thymen Arensman,19,Stage 19,220,9,0,4,0,30,0,0,263
2025,20250203,Thymen Arensman,20,Stage 20,0,9,0,4,0,0,0,0,13
2025,20250203,Thymen Arensman,21,Stage 21,0,9,0,4,0,0,0,0,13
2025,20250203,Thymen Arensman,22,Final Classifications,0,130,0,60,0,0,0,0,190
2025,20250025,Mathieu Van Der Poel,1,Stage 1,0,0,0,0,0,0,0,18,18
2025,20250025,Mathieu Van Der Poel,2,Stage 2,220,30,6,0,0,0,0,2,258
2025,20250025,Mathieu Van Der Poel,3,Stage 3,0,30,4,0,0,0,0,2,36
2025,20250025,Mathieu Van Der Poel,4,Stage 4,180,30,6,0,0,0,0,0,216
2025,20250025,Mathieu Van Der Poel,5,Stage 5,12,15,4,0,0,0,0,0,31
2025,20250025,Mathieu Van Der Poel,6,Stage 6,80,30,8,0,16,0,20,0,154
2025,20250025,Mathieu Van Der Poel,7,Stage 7,0,16,4,0,0,0,0,0,20
2025,20250025,Mathieu Van Der Poel,8,Stage 8,0,16,4,0,0,0,0,2,22
2025,20250025,Mathieu Van Der Poel,9,Stage 9,0,15,2,0,20,0,20,0,57
2025,20250025,Mathieu Van Der Poel,10,Stage 10,0,0,2,0,0,0,0,0,2
2025,20250025,Mathieu Van Der Poel,11,Stage 11,160,0,6,0,3,0,0,0,169
2025,20250025,Mathieu Van Der Poel,12,Stage 12,0,0,6,0,16,0,0,0,22
2025,20250025,Mathieu Van Der Poel,13,Stage 13,0,0,6,0,0,0,0,0,6
2025,20250025,Mathieu Van Der Poel,14,Stage 14,0,0,6,0,16,0,0,0,22
2025,20250025,Mathieu Van Der Poel,15,Stage 15,0,0,6,0,20,0,0,0,26
2025,20250025,Mathieu Van Der Poel,16,Stage 16,0,0,0,0,0,0,0,0,0
2025,20250025,Mathieu Van Der Poel,17,Stage 17,0,0,0,0,0,0,0,0,0
2025,20250025,Mathieu Van Der Poel,18,Stage 18,0,0,0,0,0,0,0,0,0
2025,20250025,Mathieu Van Der Poel,19,Stage 19,0,0,0,0,0,0,0,0,0
2025,20250025,Mathieu Van Der Poel,20,Stage 20,0,0,0,0,0,0,0,0,0
2025,20250025,Mathieu Van Der Poel,21,Stage 21,0,0,0,0,0,0,0,0,0
2025,20250025,Mathieu Van Der Poel,22,Final Classifications,0,0,0,0,0,0,0,0,0
2025,20251402,Tobias Halland Johannessen,1,Stage 1,0,0,0,0,0,0,0,4,4
2025,20251402,Tobias Halland Johannessen,2,Stage 2,0,12,0,0,0,0,0,0,12
2025,20251402,Tobias Halland Johannessen,3,Stage 3,0,13,0,0,0,0,0,0,13
2025,20251402,Tobias Halland Johannessen,4,Stage 4,25,10,0,0,0,0,0,0,35
2025,20251402,Tobias Halland Johannessen,5,Stage 5,0,6,0,0,0,0,0,0,6
2025,20251402,Tobias Halland Johannessen,6,Stage 6,0,6,0,0,0,0,0,0,6
2025,20251402,Tobias Halland Johannessen,7,Stage 7,60,9,0,0,0,0,0,0,69
2025,20251402,Tobias Halland Johannessen,8,Stage 8,0,9,0,0,0,0,0,0,9
2025,20251402,Tobias Halland Johannessen,9,Stage 9,0,9,0,0,0,0,0,0,9
2025,20251402,Tobias Halland Johannessen,10,Stage 10,25,11,0,0,0,0,0,0,36
2025,20251402,Tobias Halland Johannessen,11,Stage 11,0,11,0,0,0,0,0,8,19
2025,20251402,Tobias Halland Johannessen,12,Stage 12,140,13,0,0,0,15,0,0,168
2025,20251402,Tobias Halland Johannessen,13,Stage 13,30,13,0,0,0,0,0,0,43
2025,20251402,Tobias Halland Johannessen,14,Stage 14,70,13,0,0,0,4,0,0,87
2025,20251402,Tobias Halland Johannessen,15,Stage 15,0,13,0,0,0,0,0,0,13
2025,20251402,Tobias Halland Johannessen,16,Stage 16,0,13,0,0,0,0,0,0,13
2025,20251402,Tobias Halland Johannessen,17,Stage 17,0,13,0,0,0,0,0,0,13
2025,20251402,Tobias Halland Johannessen,18,Stage 18,70,13,0,0,0,0,0,0,83
2025,20251402,Tobias Halland Johannessen,19,Stage 19,95,15,0,0,0,4,0,0,114
2025,20251402,Tobias Halland Johannessen,20,Stage 20,0,15,0,0,0,0,0,0,15
2025,20251402,Tobias Halland Johannessen,21,Stage 21,0,15,0,0,6,0,0,0,21
2025,20251402,Tobias Halland Johannessen,22,Final Classifications,0,260,0,0,0,0,0,0,260
2025,20250454,Wout Van Aert,1,Stage 1,0,0,0,0,0,0,0,0,0
2025,20250454,Wout Van Aert,2,Stage 2,0,0,0,0,0,0,0,8,8
2025,20250454,Wout Van Aert,3,Stage 3,0,0,0,0,0,0,0,6,6
2025,20250454,Wout Van Aert,4,Stage 4,50,0,0,0,0,0,0,12,62
2025,20250454,Wout Van Aert,5,Stage 5,0,0,0,0,0,0,0,0,0
2025,20250454,Wout Van Aert,6,Stage 6,0,0,0,0,0,0,0,8,8
2025,20250454,Wout Van Aert,7,Stage 7,0,0,0,0,0,0,0,12,12
2025,20250454,Wout Van Aert,8,Stage 8,180,0,0,0,0,0,0,8,188
2025,20250454,Wout Van Aert,9,Stage 9,0,0,0,0,0,0,0,8,8
2025,20250454,Wout Van Aert,10,Stage 10,0,0,0,0,0,0,0,16,16
2025,20250454,Wout Van Aert,11,Stage 11,120,0,0,0,2,0,0,8,130
2025,20250454,Wout Van Aert,12,Stage 12,0,0,0,0,0,0,0,16,16
2025,20250454,Wout Van Aert,13,Stage 13,0,0,0,0,0,0,0,0,0
2025,20250454,Wout Van Aert,14,Stage 14,0,0,0,0,0,0,0,14,14
2025,20250454,Wout Van Aert,15,Stage 15,140,0,0,0,0,0,0,16,156
2025,20250454,Wout Van Aert,16,Stage 16,0,0,0,0,0,0,0,12,12
2025,20250454,Wout Van Aert,17,Stage 17,0,0,0,0,0,0,0,12,12
2025,20250454,Wout Van Aert,18,Stage 18,0,0,0,0,3,0,0,14,17
2025,20250454,Wout Van Aert,19,Stage 19,0,0,0,0,0,0,0,16,16
2025,20250454,Wout Van Aert,20,Stage 20,0,0,0,0,0,0,0,12,12
2025,20250454,Wout Van Aert,21,Stage 21,220,0,0,0,0,0,0,12,232
2025,20250454,Wout Van Aert,22,Final Classifications,0,0,0,0,0,0,0,50,65
2025,20250349,Remco Evenepoel,1,Stage 1,0,0,0,0,0,0,0,0,0
2025,20250349,Remco Evenepoel,2,Stage 2,16,3,0,0,0,0,0,0,19
2025,20250349,Remco Evenepoel,3,Stage 3,0,0,0,0,0,0,0,8,8
2025,20250349,Remco Evenepoel,4,Stage 4,95,12,0,0,0,0,0,0,107
2025,20250349,Remco Evenepoel,5,Stage 5,220,26,0,0,0,0,0,0,246
2025,20250349,Remco Evenepoel,6,Stage 6,40,22,0,0,0,0,0,0,62
2025,20250349,Remco Evenepoel,7,Stage 7,110,26,0,0,0,0,0,0,136
2025,20250349,Remco Evenepoel,8,Stage 8,0,26,0,0,0,0,0,0,26
2025,20250349,Remco Evenepoel,9,Stage 9,0,26,0,0,0,0,0,8,34
2025,20250349,Remco Evenepoel,10,Stage 10,35,22,0,0,0,0,0,0,57
2025,20250349,Remco Evenepoel,11,Stage 11,0,22,0,0,0,0,0,0,22
2025,20250349,Remco Evenepoel,12,Stage 12,95,22,0,0,0,4,0,0,121
2025,20250349,Remco Evenepoel,13,Stage 13,40,22,0,0,0,0,0,0,62
2025,20250349,Remco Evenepoel,14,Stage 14,0,0,0,0,0,0,0,0,0
2025,20250349,Remco Evenepoel,15,Stage 15,0,0,0,0,0,0,0,0,0
2025,20250349,Remco Evenepoel,16,Stage 16,0,0,0,0,0,0,0,0,0
2025,20250349,Remco Evenepoel,17,Stage 17,0,0,0,0,0,0,0,0,0
2025,20250349,Remco Evenepoel,18,Stage 18,0,0,0,0,0,0,0,0,0
2025,20250349,Remco Evenepoel,19,Stage 19,0,0,0,0,0,0,0,0,0
2025,20250349,Remco Evenepoel,20,Stage 20,0,0,0,0,0,0,0,0,0
2025,20250349,Remco Evenepoel,21,Stage 21,0,0,0,0,0,0,0,0,0
2025,20250349,Remco Evenepoel,22,Final Classifications,0,0,0,0,0,0,0,0,0
2025,20250460,Simon Yates,1,Stage 1,0,0,0,0,0,0,0,0,0
2025,20250460,Simon Yates,2,Stage 2,0,0,0,0,0,0,0,8,8
2025,20250460,Simon Yates,3,Stage 3,0,0,0,0,0,0,0,6,6
2025,20250460,Simon Yates,4,Stage 4,0,0,0,0,0,0,0,12,12
2025,20250460,Simon Yates,5,Stage 5,0,0,0,0,0,0,0,0,0
2025,20250460,Simon Yates,6,Stage 6,120,0,0,0,0,0,20,8,148
2025,20250460,Simon Yates,7,Stage 7,0,0,0,0,0,0,0,12,12
2025,20250460,Simon Yates,8,Stage 8,0,0,0,0,0,0,0,12,12
2025,20250460,Simon Yates,9,Stage 9,0,0,0,0,0,0,0,8,8
2025,20250460,Simon Yates,10,Stage 10,220,0,0,0,0,0,20,8,248
2025,20250460,Simon Yates,11,Stage 11,0,0,0,0,0,0,0,8,8
2025,20250460,Simon Yates,12,Stage 12,0,0,0,0,0,0,0,16,16
2025,20250460,Simon Yates,13,Stage 13,0,0,0,0,0,0,0,0,0
2025,20250460,Simon Yates,14,Stage 14,12,4,0,0,0,0,0,14,30
2025,20250460,Simon Yates,15,Stage 15,0,0,0,0,0,0,0,16,16
2025,20250460,Simon Yates,16,Stage 16,0,0,0,0,0,0,0,12,12
2025,20250460,Simon Yates,17,Stage 17,0,0,0,0,0,0,0,12,12
2025,20250460,Simon Yates,18,Stage 18,20,3,0,0,0,0,0,14,37
2025,20250460,Simon Yates,19,Stage 19,60,5,0,0,0,0,0,16,81
2025,20250460,Simon Yates,20,Stage 20,0,6,0,0,0,0,0,12,18
2025,20250460,Simon Yates,21,Stage 21,0,6,0,0,0,0,0,20,26
2025,20250460,Simon Yates,22,Final Classifications,0,100,0,0,0,0,0,50,150
2025,20250397,Ben O'Connor,1,Stage 1,0,0,0,0,0,0,0,0,0
2025,20250397,Ben O'Connor,2,Stage 2,0,11,0,0,0,0,0,0,11
2025,20250397,Ben O'Connor,3,Stage 3,0,12,0,0,0,0,0,0,12
2025,20250397,Ben O'Connor,4,Stage 4,0,0,0,0,0,0,0,0,0
2025,20250397,Ben O'Connor,5,Stage 5,0,4,0,0,0,0,0,0,4
2025,20250397,Ben O'Connor,6,Stage 6,0,0,0,0,0,0,0,0,0
2025,20250397,Ben O'Connor,7,Stage 7,0,3,0,0,0,0,0,0,3
2025,20250397,Ben O'Connor,8,Stage 8,0,1,0,0,0,0,0,0,1
2025,20250397,Ben O'Connor,9,Stage 9,0,0,0,0,0,0,0,0,0
2025,20250397,Ben O'Connor,10,Stage 10,140,3,0,0,0,0,20,0,163
2025,20250397,Ben O'Connor,11,Stage 11,0,4,0,0,0,0,0,4,8
2025,20250397,Ben O'Connor,12,Stage 12,20,4,0,0,0,0,0,0,24
2025,20250397,Ben O'Connor,13,Stage 13,0,5,0,0,0,0,0,0,5
2025,20250397,Ben O'Connor,14,Stage 14,20,9,0,0,0,0,0,0,29
2025,20250397,Ben O'Connor,15,Stage 15,0,9,0,0,0,0,0,0,9
2025,20250397,Ben O'Connor,16,Stage 16,0,9,0,0,0,0,0,0,9
2025,20250397,Ben O'Connor,17,Stage 17,0,9,0,0,0,0,0,0,9
2025,20250397,Ben O'Connor,18,Stage 18,220,11,0,2,0,36,0,0,269
2025,20250397,Ben O'Connor,19,Stage 19,40,11,0,2,0,0,0,0,53
2025,20250397,Ben O'Connor,20,Stage 20,0,10,0,2,0,0,0,0,12
2025,20250397,Ben O'Connor,21,Stage 21,0,10,0,2,0,0,0,0,12
2025,20250397,Ben O'Connor,22,Final Classifications,0,140,0,40,0,0,0,0,180
2025,20250238,Biniam Girmay,1,Stage 1,180,26,8,0,12,0,0,0,226
2025,20250238,Biniam Girmay,2,Stage 2,0,0,8,0,4,0,0,0,12
2025,20250238,Biniam Girmay,3,Stage 3,110,0,8,0,4,0,0,0,122
2025,20250238,Biniam Girmay,4,Stage 4,0,0,8,0,5,0,0,0,13
2025,20250238,Biniam Girmay,5,Stage 5,0,0,6,0,0,0,0,0,6
2025,20250238,Biniam Girmay,6,Stage 6,0,0,4,0,12,0,0,0,16
2025,20250238,Biniam Girmay,7,Stage 7,0,0,6,0,4,0,0,0,10
2025,20250238,Biniam Girmay,8,Stage 8,8,0,6,0,8,0,0,0,22
2025,20250238,Biniam Girmay,9,Stage 9,110,0,6,0,8,0,0,0,124
2025,20250238,Biniam Girmay,10,Stage 10,0,0,6,0,0,0,0,0,6
2025,20250238,Biniam Girmay,11,Stage 11,0,0,4,0,0,0,0,0,4
2025,20250238,Biniam Girmay,12,Stage 12,0,0,4,0,0,0,0,0,4
2025,20250238,Biniam Girmay,13,Stage 13,0,0,4,0,0,0,0,0,4
2025,20250238,Biniam Girmay,14,Stage 14,0,0,4,0,12,0,0,0,16
2025,20250238,Biniam Girmay,15,Stage 15,0,0,4,0,0,0,0,0,4
2025,20250238,Biniam Girmay,16,Stage 16,0,0,6,0,0,0,0,0,6
2025,20250238,Biniam Girmay,17,Stage 17,0,0,6,0,5,0,0,0,11
2025,20250238,Biniam Girmay,18,Stage 18,0,0,6,0,16,0,0,0,22
2025,20250238,Biniam Girmay,19,Stage 19,0,0,6,0,16,0,0,0,22
2025,20250238,Biniam Girmay,20,Stage 20,0,0,6,0,0,0,0,0,6
2025,20250238,Biniam Girmay,21,Stage 21,35,0,6,0,12,0,0,0,53
2025,20250238,Biniam Girmay,22,Final Classifications,0,0,80,0,0,0,0,0,80
2025,20250011,Kaden Groves,1,Stage 1,0,0,0,0,0,0,0,18,18
2025,20250011,Kaden Groves,2,Stage 2,0,0,0,0,0,0,0,18,18
2025,20250011,Kaden Groves,3,Stage 3,95,0,0,0,12,0,0,10,117
2025,20250011,Kaden Groves,4,Stage 4,0,0,0,0,0,0,0,12,12
2025,20250011,Kaden Groves,5,Stage 5,0,0,0,0,0,0,0,0,0
2025,20250011,Kaden Groves,6,Stage 6,0,0,0,0,4,0,0,8,12
2025,20250011,Kaden Groves,7,Stage 7,0,0,0,0,0,0,0,0,0
2025,20250011,Kaden Groves,8,Stage 8,160,0,0,0,0,0,0,0,160
2025,20250011,Kaden Groves,9,Stage 9,60,0,0,0,0,0,0,0,60
2025,20250011,Kaden Groves,10,Stage 10,0,0,0,0,0,0,0,0,0
2025,20250011,Kaden Groves,11,Stage 11,50,0,0,0,0,0,0,2,52
2025,20250011,Kaden Groves,12,Stage 12,0,0,0,0,0,0,0,0,0
2025,20250011,Kaden Groves,13,Stage 13,0,0,0,0,0,0,0,0,0
2025,20250011,Kaden Groves,14,Stage 14,0,0,0,0,0,0,0,0,0
2025,20250011,Kaden Groves,15,Stage 15,0,0,0,0,2,0,0,0,2
2025,20250011,Kaden Groves,16,Stage 16,0,0,0,0,0,0,0,0,0
2025,20250011,Kaden Groves,17,Stage 17,4,0,0,0,0,0,0,0,4
2025,20250011,Kaden Groves,18,Stage 18,0,0,0,0,0,0,0,0,0
2025,20250011,Kaden Groves,19,Stage 19,0,0,0,0,0,0,0,0,0
2025,20250011,Kaden Groves,20,Stage 20,220,0,0,0,4,0,20,0,244
2025,20250011,Kaden Groves,21,Stage 21,50,0,0,0,0,0,0,0,50
2025,20250011,Kaden Groves,22,Final Classifications,0,0,10,0,0,0,0,0,10
2025,20250489,Tim Wellens,1,Stage 1,0,0,0,0,0,0,0,0,0
2025,20250489,Tim Wellens,2,Stage 2,0,0,0,8,0,0,0,8,16
2025,20250489,Tim Wellens,3,Stage 3,0,0,0,12,1,0,0,4,17
2025,20250489,Tim Wellens,4,Stage 4,0,0,0,8,0,0,0,14,22
2025,20250489,Tim Wellens,5,Stage 5,0,0,0,8,0,0,0,0,8
2025,20250489,Tim Wellens,6,Stage 6,0,0,0,12,0,0,0,8,20
2025,20250489,Tim Wellens,7,Stage 7,0,0,0,12,0,0,0,20,32
2025,20250489,Tim Wellens,8,Stage 8,0,0,0,12,0,0,0,12,24
2025,20250489,Tim Wellens,9,Stage 9,0,0,0,12,0,0,0,12,24
2025,20250489,Tim Wellens,10,Stage 10,0,0,0,4,0,0,0,8,12
2025,20250489,Tim Wellens,11,Stage 11,0,0,0,4,0,0,0,8,12
2025,20250489,Tim Wellens,12,Stage 12,0,0,0,0,0,0,0,20,20
2025,20250489,Tim Wellens,13,Stage 13,0,0,0,0,0,0,0,0,0
2025,20250489,Tim Wellens,14,Stage 14,0,0,0,0,0,0,0,16,16
2025,20250489,Tim Wellens,15,Stage 15,220,0,0,0,0,0,20,12,252
2025,20250489,Tim Wellens,16,Stage 16,0,0,0,0,0,0,0,12,12
2025,20250489,Tim Wellens,17,Stage 17,0,0,0,0,0,0,0,12,12
2025,20250489,Tim Wellens,18,Stage 18,0,0,0,0,6,0,0,16,22
2025,20250489,Tim Wellens,19,Stage 19,0,0,0,0,0,2,0,14,16
2025,20250489,Tim Wellens,20,Stage 20,80,0,0,0,0,0,20,12,112
2025,20250489,Tim Wellens,21,Stage 21,0,0,0,0,0,0,0,12,12
2025,20250489,Tim Wellens,22,Final Classifications,0,0,0,0,0,0,0,40,40
2025,20250969,Arnaud De Lie,1,Stage 1,0,0,0,0,0,0,0,0,0
2025,20250969,Arnaud De Lie,2,Stage 2,0,0,0,0,0,0,0,0,0
2025,20250969,Arnaud De Lie,3,Stage 3,0,0,0,0,0,0,0,0,0
2025,20250969,Arnaud De Lie,4,Stage 4,0,0,0,0,0,0,0,0,0
2025,20250969,Arnaud De Lie,5,Stage 5,0,0,0,0,0,0,0,0,0
2025,20250969,Arnaud De Lie,6,Stage 6,0,0,0,0,0,0,0,0,0
2025,20250969,Arnaud De Lie,7,Stage 7,0,0,0,0,0,0,0,0,0
2025,20250969,Arnaud De Lie,8,Stage 8,120,0,0,0,0,0,0,0,120
2025,20250969,Arnaud De Lie,9,Stage 9,160,0,0,0,2,0,0,0,162
2025,20250969,Arnaud De Lie,10,Stage 10,0,0,0,0,0,0,0,0,0
2025,20250969,Arnaud De Lie,11,Stage 11,140,0,0,0,4,0,0,0,144
2025,20250969,Arnaud De Lie,12,Stage 12,0,0,0,0,0,0,0,0,0
2025,20250969,Arnaud De Lie,13,Stage 13,0,0,0,0,0,0,0,0,0
2025,20250969,Arnaud De Lie,14,Stage 14,0,0,0,0,0,0,0,0,0
2025,20250969,Arnaud De Lie,15,Stage 15,0,0,0,0,16,0,0,0,16
2025,20250969,Arnaud De Lie,16,Stage 16,0,0,0,0,0,0,0,0,0
2025,20250969,Arnaud De Lie,17,Stage 17,140,0,0,0,0,0,0,0,140
2025,20250969,Arnaud De Lie,18,Stage 18,0,0,0,0,0,0,0,0,0
2025,20250969,Arnaud De Lie,19,Stage 19,0,0,0,0,0,0,0,0,0
2025,20250969,Arnaud De Lie,20,Stage 20,0,0,0,0,0,0,0,0,0
2025,20250969,Arnaud De Lie,21,Stage 21,95,0,0,0,0,0,0,0,95
2025,20250969,Arnaud De Lie,22,Final Classifications,0,0,0,0,0,0,0,0,0
2025,20251280,Jordan Jegat,1,Stage 1,0,0,0,0,0,0,0,0,0
2025,20251280,Jordan Jegat,2,Stage 2,0,0,0,0,0,0,0,0,0
2025,20251280,Jordan Jegat,3,Stage 3,0,0,0,0,0,0,0,0,0
2025,20251280,Jordan Jegat,4,Stage 4,0,0,0,0,0,0,0,0,0
2025,20251280,Jordan Jegat,5,Stage 5,0,0,0,0,0,0,0,0,0
2025,20251280,Jordan Jegat,6,Stage 6,4,2,0,0,0,0,0,0,6
2025,20251280,Jordan Jegat,7,Stage 7,50,5,0,0,0,0,0,0,55
2025,20251280,Jordan Jegat,8,Stage 8,0,5,0,0,0,0,0,0,5
2025,20251280,Jordan Jegat,9,Stage 9,0,5,0,0,0,0,0,0,5
2025,20251280,Jordan Jegat,10,Stage 10,8,7,0,0,0,0,0,0,15
2025,20251280,Jordan Jegat,11,Stage 11,35,7,0,0,0,0,0,0,42
2025,20251280,Jordan Jegat,12,Stage 12,8,8,0,0,0,0,0,0,16
2025,20251280,Jordan Jegat,13,Stage 13,0,8,0,0,0,0,0,0,8
2025,20251280,Jordan Jegat,14,Stage 14,35,10,0,0,0,0,0,0,45
2025,20251280,Jordan Jegat,15,Stage 15,80,10,0,0,0,0,0,0,90
2025,20251280,Jordan Jegat,16,Stage 16,0,10,0,0,0,0,0,0,10
2025,20251280,Jordan Jegat,17,Stage 17,0,10,0,0,0,0,0,0,10
2025,20251280,Jordan Jegat,18,Stage 18,4,10,0,0,0,0,0,0,14
2025,20251280,Jordan Jegat,19,Stage 19,30,10,0,0,0,0,0,0,40
2025,20251280,Jordan Jegat,20,Stage 20,95,11,0,0,6,0,20,0,132
2025,20251280,Jordan Jegat,21,Stage 21,0,11,0,0,0,0,0,0,11
2025,20251280,Jordan Jegat,22,Final Classifications,0,160,0,0,0,0,0,0,160
2025,20250478,Jhonatan Narváez,1,Stage 1,0,0,0,0,0,0,0,0,0
2025,20250478,Jhonatan Narváez,2,Stage 2,0,0,0,0,0,0,0,8,8
2025,20250478,Jhonatan Narváez,3,Stage 3,0,0,0,0,0,0,0,4,4
2025,20250478,Jhonatan Narváez,4,Stage 4,30,0,0,0,0,0,0,14,44
2025,20250478,Jhonatan Narváez,5,Stage 5,0,0,0,0,0,0,0,0,0
2025,20250478,Jhonatan Narváez,6,Stage 6,0,0,0,0,0,0,0,8,8
2025,20250478,Jhonatan Narváez,7,Stage 7,80,2,0,0,0,0,0,20,102
2025,20250478,Jhonatan Narváez,8,Stage 8,0,3,0,0,0,0,0,12,15
2025,20250478,Jhonatan Narváez,9,Stage 9,0,2,0,0,0,0,0,12,14
2025,20250478,Jhonatan Narváez,10,Stage 10,0,4,0,0,0,0,0,8,12
2025,20250478,Jhonatan Narváez,11,Stage 11,4,5,0,0,0,0,0,8,17
2025,20250478,Jhonatan Narváez,12,Stage 12,12,5,0,0,0,0,0,20,37
2025,20250478,Jhonatan Narváez,13,Stage 13,0,4,0,0,0,0,0,0,4
2025,20250478,Jhonatan Narváez,14,Stage 14,16,7,0,0,0,0,0,16,39
2025,20250478,Jhonatan Narváez,15,Stage 15,0,7,0,0,0,0,0,20,27
2025,20250478,Jhonatan Narváez,16,Stage 16,0,5,0,0,0,0,0,12,17
2025,20250478,Jhonatan Narváez,17,Stage 17,0,5,0,0,0,0,0,12,17
2025,20250478,Jhonatan Narváez,18,Stage 18,35,7,0,0,0,0,0,16,58
2025,20250478,Jhonatan Narváez,19,Stage 19,8,8,0,0,0,0,0,14,30
2025,20250478,Jhonatan Narváez,20,Stage 20,0,8,0,0,0,0,0,12,20
2025,20250478,Jhonatan Narváez,21,Stage 21,0,8,0,0,0,0,0,12,20
2025,20250478,Jhonatan Narváez,22,Final Classifications,0,120,0,0,0,0,0,40,160
2025,20250071,Lenny Martinez,1,Stage 1,0,0,0,0,0,0,0,0,0
2025,20250071,Lenny Martinez,2,Stage 2,0,0,0,0,0,0,0,0,0
2025,20250071,Lenny Martinez,3,Stage 3,0,0,0,0,0,0,0,2,2
2025,20250071,Lenny Martinez,4,Stage 4,0,0,0,4,12,0,20,0,36
2025,20250071,Lenny Martinez,5,Stage 5,0,0,0,4,0,0,0,0,4
2025,20250071,Lenny Martinez,6,Stage 6,0,0,0,0,0,0,0,0,0
2025,20250071,Lenny Martinez,7,Stage 7,0,0,0,0,0,0,0,0,0
2025,20250071,Lenny Martinez,8,Stage 8,0,0,0,0,0,0,0,0,0
2025,20250071,Lenny Martinez,9,Stage 9,0,0,0,0,0,0,0,0,0
2025,20250071,Lenny Martinez,10,Stage 10,80,0,0,12,0,0,20,0,112
2025,20250071,Lenny Martinez,11,Stage 11,0,0,0,12,0,0,0,0,12
2025,20250071,Lenny Martinez,12,Stage 12,0,0,0,8,0,0,0,0,8
2025,20250071,Lenny Martinez,13,Stage 13,70,0,0,8,0,0,0,0,78
2025,20250071,Lenny Martinez,14,Stage 14,0,0,0,12,0,40,20,0,72
2025,20250071,Lenny Martinez,15,Stage 15,0,0,0,12,0,0,0,0,12
2025,20250071,Lenny Martinez,16,Stage 16,0,0,0,8,0,0,0,2,10
2025,20250071,Lenny Martinez,17,Stage 17,0,0,0,8,0,0,0,0,8
2025,20250071,Lenny Martinez,18,Stage 18,0,0,0,6,0,30,0,0,36
2025,20250071,Lenny Martinez,19,Stage 19,50,0,0,6,0,30,20,0,106
2025,20250071,Lenny Martinez,20,Stage 20,0,0,0,6,0,0,0,0,6
2025,20250071,Lenny Martinez,21,Stage 21,0,0,0,6,0,0,0,2,8
2025,20250071,Lenny Martinez,22,Final Classifications,0,0,0,80,0,0,0,0,80
2025,20250360,Tim Merlier,1,Stage 1,0,0,0,0,0,0,0,0,0
2025,20250360,Tim Merlier,2,Stage 2,0,0,0,0,5,0,0,0,5
2025,20250360,Tim Merlier,3,Stage 3,220,0,6,0,0,0,0,0,226
2025,20250360,Tim Merlier,4,Stage 4,0,0,2,0,4,0,0,0,6
2025,20250360,Tim Merlier,5,Stage 5,0,0,2,0,0,0,0,0,2
2025,20250360,Tim Merlier,6,Stage 6,0,0,2,0,0,0,0,2,4
2025,20250360,Tim Merlier,7,Stage 7,0,0,0,0,0,0,0,4,4
2025,20250360,Tim Merlier,8,Stage 8,0,0,1,0,16,0,0,4,21
2025,20250360,Tim Merlier,9,Stage 9,220,0,4,0,6,0,0,4,234
2025,20250360,Tim Merlier,10,Stage 10,0,0,4,0,0,0,0,2,6
2025,20250360,Tim Merlier,11,Stage 11,0,0,2,0,0,0,0,2,4
2025,20250360,Tim Merlier,12,Stage 12,0,0,2,0,0,0,0,2,4
2025,20250360,Tim Merlier,13,Stage 13,0,0,2,0,0,0,0,0,2
2025,20250360,Tim Merlier,14,Stage 14,0,0,2,0,0,0,0,0,2
2025,20250360,Tim Merlier,15,Stage 15,0,0,2,0,0,0,0,0,2
2025,20250360,Tim Merlier,16,Stage 16,0,0,4,0,0,0,0,8,12
2025,20250360,Tim Merlier,17,Stage 17,0,0,4,0,1,0,0,0,5
2025,20250360,Tim Merlier,18,Stage 18,0,0,2,0,0,0,0,0,2
2025,20250360,Tim Merlier,19,Stage 19,0,0,1,0,0,0,0,0,1
2025,20250360,Tim Merlier,20,Stage 20,0,0,1,0,0,0,0,2,3
2025,20250360,Tim Merlier,21,Stage 21,0,0,0,0,0,0,0,0,0
2025,20250360,Tim Merlier,22,Final Classifications,0,0,30,0,0,0,0,0,30
2025,20250437,Victor Campenaerts,1,Stage 1,0,0,0,0,0,0,0,0,0
2025,20250437,Victor Campenaerts,2,Stage 2,0,0,0,0,0,0,0,8,8
2025,20250437,Victor Campenaerts,3,Stage 3,0,0,0,0,0,0,0,6,6
2025,20250437,Victor Campenaerts,4,Stage 4,0,0,0,0,0,0,0,12,12
2025,20250437,Victor Campenaerts,5,Stage 5,0,0,0,0,0,0,0,0,0
2025,20250437,Victor Campenaerts,6,Stage 6,0,0,0,0,0,0,0,8,8
2025,20250437,Victor Campenaerts,7,Stage 7,0,0,0,0,0,0,0,12,12
2025,20250437,Victor Campenaerts,8,Stage 8,0,0,0,0,0,0,0,12,12
2025,20250437,Victor Campenaerts,9,Stage 9,0,0,0,0,0,0,0,8,8
2025,20250437,Victor Campenaerts,10,Stage 10,0,0,0,0,0,0,20,16,36
2025,20250437,Victor Campenaerts,11,Stage 11,0,0,0,0,0,0,0,8,8
2025,20250437,Victor Campenaerts,12,Stage 12,0,0,0,0,0,0,0,16,16
2025,20250437,Victor Campenaerts,13,Stage 13,0,0,0,0,0,0,0,0,0
2025,20250437,Victor Campenaerts,14,Stage 14,0,0,0,0,0,0,0,14,14
2025,20250437,Victor Campenaerts,15,Stage 15,180,0,0,0,4,0,20,12,216
2025,20250437,Victor Campenaerts,16,Stage 16,0,0,0,0,0,0,0,12,12
2025,20250437,Victor Campenaerts,17,Stage 17,0,0,0,0,0,0,0,12,12
2025,20250437,Victor Campenaerts,18,Stage 18,0,0,0,0,0,0,0,14,14
2025,20250437,Victor Campenaerts,19,Stage 19,20,0,0,0,0,10,0,16,46
2025,20250437,Victor Campenaerts,20,Stage 20,0,0,0,0,0,0,0,12,12
2025,20250437,Victor Campenaerts,21,Stage 21,0,0,0,0,0,0,0,20,20
2025,20250437,Victor Campenaerts,22,Final Classifications,0,0,0,0,0,0,0,50,65
2025,20250490,Adam Yates,1,Stage 1,0,0,0,0,0,0,0,0,0
2025,20250490,Adam Yates,2,Stage 2,0,0,0,0,0,0,0,8,8
2025,20250490,Adam Yates,3,Stage 3,0,0,0,0,0,0,0,4,4
2025,20250490,Adam Yates,4,Stage 4,0,0,0,0,0,0,0,14,14
2025,20250490,Adam Yates,5,Stage 5,0,0,0,0,0,0,0,0,0
2025,20250490,Adam Yates,6,Stage 6,0,0,0,0,0,0,0,8,8
2025,20250490,Adam Yates,7,Stage 7,0,0,0,0,0,0,0,20,20
2025,20250490,Adam Yates,8,Stage 8,0,0,0,0,0,0,0,12,12
2025,20250490,Adam Yates,9,Stage 9,0,0,0,0,0,0,0,12,12
2025,20250490,Adam Yates,10,Stage 10,0,0,0,0,0,0,0,8,8
2025,20250490,Adam Yates,11,Stage 11,0,0,0,0,0,0,0,8,8
2025,20250490,Adam Yates,12,Stage 12,0,0,0,0,0,0,0,20,20
2025,20250490,Adam Yates,13,Stage 13,80,0,0,0,0,0,0,0,80
2025,20250490,Adam Yates,14,Stage 14,30,1,0,0,0,0,0,16,47
2025,20250490,Adam Yates,15,Stage 15,0,0,0,0,0,0,0,20,20
2025,20250490,Adam Yates,16,Stage 16,12,0,0,0,0,0,0,12,24
2025,20250490,Adam Yates,17,Stage 17,0,0,0,0,0,0,0,12,12
2025,20250490,Adam Yates,18,Stage 18,80,1,0,0,0,2,0,16,99
2025,20250490,Adam Yates,19,Stage 19,0,2,0,0,0,0,0,14,16
2025,20250490,Adam Yates,20,Stage 20,0,0,0,0,0,0,0,12,12
2025,20250490,Adam Yates,21,Stage 21,0,0,0,0,0,0,0,12,12
2025,20250490,Adam Yates,22,Final Classifications,0,0,0,0,0,0,0,40,75
2025,20250186,Romain Grégoire,1,Stage 1,0,0,0,0,0,0,0,4,4
2025,20250186,Romain Grégoire,2,Stage 2,140,0,0,0,0,0,0,8,148
2025,20250186,Romain Grégoire,3,Stage 3,0,0,0,0,0,0,0,8,8
2025,20250186,Romain Grégoire,4,Stage 4,120,0,0,0,0,0,0,4,124
2025,20250186,Romain Grégoire,5,Stage 5,0,0,0,0,0,0,0,0,0
2025,20250186,Romain Grégoire,6,Stage 6,0,0,0,0,0,0,0,2,2
2025,20250186,Romain Grégoire,7,Stage 7,35,0,0,0,0,0,0,2,37
2025,20250186,Romain Grégoire,8,Stage 8,0,0,0,0,0,0,0,2,2
2025,20250186,Romain Grégoire,9,Stage 9,0,0,0,0,0,0,0,2,2
2025,20250186,Romain Grégoire,10,Stage 10,0,2,0,0,0,0,0,0,2
2025,20250186,Romain Grégoire,11,Stage 11,30,2,0,0,0,0,0,2,34
2025,20250186,Romain Grégoire,12,Stage 12,0,0,0,0,0,0,0,0,0
2025,20250186,Romain Grégoire,13,Stage 13,0,0,0,0,0,0,0,0,0
2025,20250186,Romain Grégoire,14,Stage 14,0,0,0,0,0,0,0,0,0
2025,20250186,Romain Grégoire,15,Stage 15,0,0,0,0,0,0,0,0,0
2025,20250186,Romain Grégoire,16,Stage 16,0,0,0,0,0,0,0,0,0
2025,20250186,Romain Grégoire,17,Stage 17,0,0,0,0,0,0,0,0,0
2025,20250186,Romain Grégoire,18,Stage 18,0,0,0,0,0,0,0,0,0
2025,20250186,Romain Grégoire,19,Stage 19,0,0,0,0,0,0,0,0,0
2025,20250186,Romain Grégoire,20,Stage 20,120,0,0,0,8,0,20,0,148
2025,20250186,Romain Grégoire,21,Stage 21,0,0,0,0,0,0,0,0,0
2025,20250186,Romain Grégoire,22,Final Classifications,0,0,0,0,0,0,0,0,0
2025,20250361,Valentin Paret-Peintre,1,Stage 1,0,0,0,0,0,0,0,0,0
2025,20250361,Valentin Paret-Peintre,2,Stage 2,0,0,0,0,0,0,0,0,0
2025,20250361,Valentin Paret-Peintre,3,Stage 3,0,0,0,0,0,0,0,8,8
2025,20250361,Valentin Paret-Peintre,4,Stage 4,0,0,0,0,0,0,0,0,0
2025,20250361,Valentin Paret-Peintre,5,Stage 5,0,0,0,0,0,0,0,0,0
2025,20250361,Valentin Paret-Peintre,6,Stage 6,0,0,0,0,0,0,0,2,2
2025,20250361,Valentin Paret-Peintre,7,Stage 7,0,0,0,0,0,0,0,4,4
2025,20250361,Valentin Paret-Peintre,8,Stage 8,0,0,0,0,0,0,0,4,4
2025,20250361,Valentin Paret-Peintre,9,Stage 9,0,0,0,0,0,0,0,12,12
2025,20250361,Valentin Paret-Peintre,10,Stage 10,0,0,0,0,0,0,20,2,22
2025,20250361,Valentin Paret-Peintre,11,Stage 11,0,0,0,0,0,0,0,2,2
2025,20250361,Valentin Paret-Peintre,12,Stage 12,0,0,0,0,0,0,0,2,2
2025,20250361,Valentin Paret-Peintre,13,Stage 13,0,0,0,0,0,0,0,0,0
2025,20250361,Valentin Paret-Peintre,14,Stage 14,0,0,0,0,0,16,0,0,16
2025,20250361,Valentin Paret-Peintre,15,Stage 15,0,0,0,0,0,0,0,0,0
2025,20250361,Valentin Paret-Peintre,16,Stage 16,220,0,0,1,0,30,0,0,251
2025,20250361,Valentin Paret-Peintre,17,Stage 17,0,0,0,1,0,0,0,0,1
2025,20250361,Valentin Paret-Peintre,18,Stage 18,0,0,0,0,0,0,0,0,0
2025,20250361,Valentin Paret-Peintre,19,Stage 19,70,0,0,1,0,20,20,0,111
2025,20250361,Valentin Paret-Peintre,20,Stage 20,0,0,0,1,0,0,0,2,3
2025,20250361,Valentin Paret-Peintre,21,Stage 21,16,0,0,1,0,0,0,0,17
2025,20250361,Valentin Paret-Peintre,22,Final Classifications,0,0,0,30,0,0,0,0,30
2025,20250446,Sepp Kuss,1,Stage 1,0,0,0,0,0,0,0,0,0
2025,20250446,Sepp Kuss,2,Stage 2,0,0,0,0,0,0,0,8,8
2025,20250446,Sepp Kuss,3,Stage 3,0,0,0,0,0,0,0,6,6
2025,20250446,Sepp Kuss,4,Stage 4,0,0,0,0,0,0,0,12,12
2025,20250446,Sepp Kuss,5,Stage 5,0,0,0,0,0,0,0,0,0
2025,20250446,Sepp Kuss,6,Stage 6,0,0,0,0,0,0,0,8,8
2025,20250446,Sepp Kuss,7,Stage 7,0,0,0,0,0,0,0,12,12
2025,20250446,Sepp Kuss,8,Stage 8,0,0,0,0,0,0,0,12,12
2025,20250446,Sepp Kuss,9,Stage 9,0,0,0,0,0,0,0,8,8
2025,20250446,Sepp Kuss,10,Stage 10,0,0,0,0,0,0,0,16,16
2025,20250446,Sepp Kuss,11,Stage 11,0,0,0,0,0,0,0,8,8
2025,20250446,Sepp Kuss,12,Stage 12,0,0,0,0,0,0,0,16,16
2025,20250446,Sepp Kuss,13,Stage 13,0,1,0,0,0,0,0,0,1
2025,20250446,Sepp Kuss,14,Stage 14,0,5,0,0,0,6,0,14,25
2025,20250446,Sepp Kuss,15,Stage 15,0,4,0,0,0,0,0,16,20
2025,20250446,Sepp Kuss,16,Stage 16,0,6,0,0,0,0,0,12,18
2025,20250446,Sepp Kuss,17,Stage 17,0,6,0,0,0,0,0,12,18
2025,20250446,Sepp Kuss,18,Stage 18,60,9,0,0,0,0,0,14,83
2025,20250446,Sepp Kuss,19,Stage 19,0,7,0,0,0,0,0,16,23
2025,20250446,Sepp Kuss,20,Stage 20,0,4,0,0,0,0,0,12,16
2025,20250446,Sepp Kuss,21,Stage 21,0,4,0,0,0,0,0,20,24
2025,20250446,Sepp Kuss,22,Final Classifications,0,80,0,0,0,0,0,50,130
2025,20251389,Jonas Abrahamsen,1,Stage 1,0,0,0,0,0,0,0,4,4
2025,20251389,Jonas Abrahamsen,2,Stage 2,0,0,0,0,0,0,0,0,0
2025,20251389,Jonas Abrahamsen,3,Stage 3,0,0,0,0,0,0,0,0,0
2025,20251389,Jonas Abrahamsen,4,Stage 4,0,0,0,0,20,0,20,0,40
2025,20251389,Jonas Abrahamsen,5,Stage 5,0,0,0,0,0,0,0,0,0
2025,20251389,Jonas Abrahamsen,6,Stage 6,0,0,0,0,0,0,0,0,0
2025,20251389,Jonas Abrahamsen,7,Stage 7,0,0,0,0,0,0,0,0,0
2025,20251389,Jonas Abrahamsen,8,Stage 8,0,0,0,0,0,0,0,0,0
2025,20251389,Jonas Abrahamsen,9,Stage 9,0,0,0,0,0,0,0,0,0
2025,20251389,Jonas Abrahamsen,10,Stage 10,0,0,0,0,0,0,0,0,0
2025,20251389,Jonas Abrahamsen,11,Stage 11,220,0,0,0,20,0,20,0,260
2025,20251389,Jonas Abrahamsen,12,Stage 12,0,0,0,0,0,0,0,0,0
2025,20251389,Jonas Abrahamsen,13,Stage 13,0,0,0,0,0,0,0,0,0
2025,20251389,Jonas Abrahamsen,14,Stage 14,0,0,0,0,0,0,0,0,0
2025,20251389,Jonas Abrahamsen,15,Stage 15,0,0,0,0,0,0,0,0,0
2025,20251389,Jonas Abrahamsen,16,Stage 16,0,0,0,0,20,0,0,0,20
2025,20251389,Jonas Abrahamsen,17,Stage 17,0,0,0,0,20,0,20,0,40
2025,20251389,Jonas Abrahamsen,18,Stage 18,0,0,0,0,8,0,0,0,8
2025,20251389,Jonas Abrahamsen,19,Stage 19,0,0,0,0,6,0,0,0,6
2025,20251389,Jonas Abrahamsen,20,Stage 20,25,0,0,0,0,0,0,0,25
2025,20251389,Jonas Abrahamsen,21,Stage 21,20,0,1,0,16,0,0,0,37
2025,20251389,Jonas Abrahamsen,22,Final Classifications,0,0,0,0,0,0,0,0,20
2025,20250433,Edoardo Affini,1,Stage 1,0,0,0,0,0,0,0,0,0
2025,20250433,Edoardo Affini,2,Stage 2,0,0,0,0,0,0,0,8,8
2025,20250433,Edoardo Affini,3,Stage 3,0,0,0,0,0,0,0,6,6
2025,20250433,Edoardo Affini,4,Stage 4,0,0,0,0,0,0,0,12,12
2025,20250433,Edoardo Affini,5,Stage 5,160,0,0,0,0,0,0,0,160
2025,20250433,Edoardo Affini,6,Stage 6,0,0,0,0,0,0,0,8,8
2025,20250433,Edoardo Affini,7,Stage 7,0,0,0,0,0,0,0,12,12
2025,20250433,Edoardo Affini,8,Stage 8,0,0,0,0,0,0,0,12,12
2025,20250433,Edoardo Affini,9,Stage 9,0,0,0,0,0,0,0,8,8
2025,20250433,Edoardo Affini,10,Stage 10,0,0,0,0,0,0,0,16,16
2025,20250433,Edoardo Affini,11,Stage 11,0,0,0,0,0,0,0,8,8
2025,20250433,Edoardo Affini,12,Stage 12,0,0,0,0,0,0,0,16,16
2025,20250433,Edoardo Affini,13,Stage 13,0,0,0,0,0,0,0,0,0
2025,20250433,Edoardo Affini,14,Stage 14,0,0,0,0,0,0,0,14,14
2025,20250433,Edoardo Affini,15,Stage 15,0,0,0,0,0,0,0,16,16
2025,20250433,Edoardo Affini,16,Stage 16,0,0,0,0,0,0,0,12,12
2025,20250433,Edoardo Affini,17,Stage 17,0,0,0,0,0,0,0,12,12
2025,20250433,Edoardo Affini,18,Stage 18,0,0,0,0,0,0,0,14,14
2025,20250433,Edoardo Affini,19,Stage 19,0,0,0,0,0,0,0,16,16
2025,20250433,Edoardo Affini,20,Stage 20,0,0,0,0,0,0,0,12,12
2025,20250433,Edoardo Affini,21,Stage 21,0,0,0,0,0,0,0,20,20
2025,20250433,Edoardo Affini,22,Final Classifications,0,0,0,0,0,0,0,50,50
2025,20250491,Davide Ballerini,1,Stage 1,0,0,0,0,0,0,0,0,0
2025,20250491,Davide Ballerini,2,Stage 2,0,0,0,0,0,0,0,0,0
2025,20250491,Davide Ballerini,3,Stage 3,0,0,0,0,0,0,0,0,0
2025,20250491,Davide Ballerini,4,Stage 4,0,0,0,0,0,0,0,0,0
2025,20250491,Davide Ballerini,5,Stage 5,0,0,0,0,0,0,0,0,0
2025,20250491,Davide Ballerini,6,Stage 6,0,0,0,0,0,0,0,0,0
2025,20250491,Davide Ballerini,7,Stage 7,0,0,0,0,0,0,0,0,0
2025,20250491,Davide Ballerini,8,Stage 8,0,0,0,0,0,0,0,0,0
2025,20250491,Davide Ballerini,9,Stage 9,0,0,0,0,0,0,0,0,0
2025,20250491,Davide Ballerini,10,Stage 10,0,0,0,0,0,0,0,0,0
2025,20250491,Davide Ballerini,11,Stage 11,60,0,0,0,16,0,20,0,96
2025,20250491,Davide Ballerini,12,Stage 12,0,0,0,0,0,0,0,0,0
2025,20250491,Davide Ballerini,13,Stage 13,0,0,0,0,0,0,0,0,0
2025,20250491,Davide Ballerini,14,Stage 14,0,0,0,0,0,0,0,0,0
2025,20250491,Davide Ballerini,15,Stage 15,0,0,0,0,0,0,0,0,0
2025,20250491,Davide Ballerini,16,Stage 16,0,0,0,0,0,0,0,0,0
2025,20250491,Davide Ballerini,17,Stage 17,120,0,0,0,0,0,0,0,120
2025,20250491,Davide Ballerini,18,Stage 18,0,0,0,0,0,0,0,0,0
2025,20250491,Davide Ballerini,19,Stage 19,0,0,0,0,0,0,0,0,0
2025,20250491,Davide Ballerini,20,Stage 20,35,0,0,0,0,0,0,0,35
2025,20250491,Davide Ballerini,21,Stage 21,180,0,0,0,0,0,0,0,180
2025,20250491,Davide Ballerini,22,Final Classifications,0,0,0,0,0,0,0,0,0
2025,20251322,Julian Alaphilippe,1,Stage 1,0,0,0,0,0,0,0,8,8
2025,20251322,Julian Alaphilippe,2,Stage 2,120,0,0,0,0,0,0,0,120
2025,20251322,Julian Alaphilippe,3,Stage 3,0,0,0,0,0,0,0,0,0
2025,20251322,Julian Alaphilippe,4,Stage 4,0,0,0,0,0,0,0,0,0
2025,20251322,Julian Alaphilippe,5,Stage 5,0,0,0,0,0,0,0,0,0
2025,20251322,Julian Alaphilippe,6,Stage 6,0,0,0,0,3,0,0,2,5
2025,20251322,Julian Alaphilippe,7,Stage 7,0,0,0,0,0,0,0,0,0
2025,20251322,Julian Alaphilippe,8,Stage 8,0,0,0,0,0,0,0,0,0
2025,20251322,Julian Alaphilippe,9,Stage 9,0,0,0,0,0,0,0,0,0
2025,20251322,Julian Alaphilippe,10,Stage 10,0,0,0,0,0,0,0,0,0
2025,20251322,Julian Alaphilippe,11,Stage 11,0,0,0,0,0,0,0,0,0
2025,20251322,Julian Alaphilippe,12,Stage 12,0,0,0,0,0,0,0,0,0
2025,20251322,Julian Alaphilippe,13,Stage 13,16,0,0,0,0,0,0,0,16
2025,20251322,Julian Alaphilippe,14,Stage 14,0,0,0,0,4,0,0,0,4
2025,20251322,Julian Alaphilippe,15,Stage 15,160,0,0,0,0,0,0,0,160
2025,20251322,Julian Alaphilippe,16,Stage 16,80,0,0,0,5,2,0,0,87
2025,20251322,Julian Alaphilippe,17,Stage 17,0,0,0,0,0,0,0,0,0
2025,20251322,Julian Alaphilippe,18,Stage 18,0,0,0,0,0,0,0,0,0
2025,20251322,Julian Alaphilippe,19,Stage 19,0,0,0,0,0,0,0,0,0
2025,20251322,Julian Alaphilippe,20,Stage 20,0,0,0,0,0,0,0,0,0
2025,20251322,Julian Alaphilippe,21,Stage 21,8,0,0,0,0,0,0,0,8
2025,20251322,Julian Alaphilippe,22,Final Classifications,0,0,0,0,0,0,0,0,0
2025,20251289,Anthony Turgis,1,Stage 1,140,18,6,0,6,0,0,0,170
2025,20251289,Anthony Turgis,2,Stage 2,0,0,4,0,2,0,0,0,6
2025,20251289,Anthony Turgis,3,Stage 3,16,0,2,0,8,0,0,0,26
2025,20251289,Anthony Turgis,4,Stage 4,0,0,1,0,3,0,0,0,4
2025,20251289,Anthony Turgis,5,Stage 5,0,0,1,0,0,0,0,0,1
2025,20251289,Anthony Turgis,6,Stage 6,0,0,1,0,8,0,0,0,9
2025,20251289,Anthony Turgis,7,Stage 7,0,0,1,0,3,0,0,0,4
2025,20251289,Anthony Turgis,8,Stage 8,16,0,2,0,12,0,0,0,30
2025,20251289,Anthony Turgis,9,Stage 9,30,0,1,0,5,0,0,0,36
2025,20251289,Anthony Turgis,10,Stage 10,0,0,1,0,0,0,0,0,1
2025,20251289,Anthony Turgis,11,Stage 11,0,0,1,0,0,0,0,0,1
2025,20251289,Anthony Turgis,12,Stage 12,0,0,1,0,5,0,0,0,6
2025,20251289,Anthony Turgis,13,Stage 13,0,0,0,0,0,0,0,0,0
2025,20251289,Anthony Turgis,14,Stage 14,0,0,0,0,8,0,0,0,8
2025,20251289,Anthony Turgis,15,Stage 15,0,0,0,0,0,0,0,0,0
2025,20251289,Anthony Turgis,16,Stage 16,0,0,1,0,0,0,0,0,1
2025,20251289,Anthony Turgis,17,Stage 17,0,0,1,0,4,0,0,0,5
2025,20251289,Anthony Turgis,18,Stage 18,0,0,1,0,12,0,0,0,13
2025,20251289,Anthony Turgis,19,Stage 19,0,0,2,0,12,0,0,0,14
2025,20251289,Anthony Turgis,20,Stage 20,20,0,2,0,0,0,0,0,22
2025,20251289,Anthony Turgis,21,Stage 21,0,0,2,0,8,0,0,0,10
2025,20251289,Anthony Turgis,22,Final Classifications,0,0,40,0,0,0,0,0,40
2025,20251341,Michael Storer,1,Stage 1,0,0,0,0,0,0,0,8,8
2025,20251341,Michael Storer,2,Stage 2,0,0,0,0,0,0,0,0,0
2025,20251341,Michael Storer,3,Stage 3,0,0,0,0,0,0,0,0,0
2025,20251341,Michael Storer,4,Stage 4,0,0,0,0,0,0,0,0,0
2025,20251341,Michael Storer,5,Stage 5,0,0,0,0,0,0,0,0,0
2025,20251341,Michael Storer,6,Stage 6,160,0,0,2,0,0,20,0,182
2025,20251341,Michael Storer,7,Stage 7,0,0,0,0,0,0,0,0,0
2025,20251341,Michael Storer,8,Stage 8,0,0,0,1,0,0,0,0,1
2025,20251341,Michael Storer,9,Stage 9,0,0,0,1,0,0,0,0,1
2025,20251341,Michael Storer,10,Stage 10,120,0,0,0,0,0,20,0,140
2025,20251341,Michael Storer,11,Stage 11,0,0,0,0,0,0,0,0,0
2025,20251341,Michael Storer,12,Stage 12,0,0,0,0,0,4,0,0,4
2025,20251341,Michael Storer,13,Stage 13,0,0,0,0,0,0,0,0,0
2025,20251341,Michael Storer,14,Stage 14,0,0,0,0,1,4,0,0,5
2025,20251341,Michael Storer,15,Stage 15,0,0,0,0,0,0,20,2,22
2025,20251341,Michael Storer,16,Stage 16,0,0,0,0,0,0,0,0,0
2025,20251341,Michael Storer,17,Stage 17,0,0,0,0,0,0,0,0,0
2025,20251341,Michael Storer,18,Stage 18,25,0,0,0,0,0,0,0,25
2025,20251341,Michael Storer,19,Stage 19,0,0,0,0,0,0,0,0,0
2025,20251341,Michael Storer,20,Stage 20,0,0,0,0,0,0,0,0,0
2025,20251341,Michael Storer,21,Stage 21,0,0,0,0,0,0,0,0,0
2025,20251341,Michael Storer,22,Final Classifications,0,0,0,0,0,0,0,0,0
2025,20250197,Paul Penhoët,1,Stage 1,95,14,4,0,4,0,0,4,121
2025,20250197,Paul Penhoët,2,Stage 2,0,0,0,0,0,0,0,8,8
2025,20250197,Paul Penhoët,3,Stage 3,0,0,0,0,16,0,0,8,24
2025,20250197,Paul Penhoët,4,Stage 4,0,0,0,0,0,0,0,4,4
2025,20250197,Paul Penhoët,5,Stage 5,0,0,0,0,0,0,0,0,0
2025,20250197,Paul Penhoët,6,Stage 6,0,0,0,0,0,0,0,2,2
2025,20250197,Paul Penhoët,7,Stage 7,0,0,0,0,0,0,0,2,2
2025,20250197,Paul Penhoët,8,Stage 8,0,0,0,0,0,0,0,2,2
2025,20250197,Paul Penhoët,9,Stage 9,120,0,0,0,0,0,0,2,122
2025,20250197,Paul Penhoët,10,Stage 10,0,0,0,0,0,0,0,0,0
2025,20250197,Paul Penhoët,11,Stage 11,0,0,0,0,0,0,0,2,2
2025,20250197,Paul Penhoët,12,Stage 12,0,0,0,0,0,0,0,0,0
2025,20250197,Paul Penhoët,13,Stage 13,0,0,0,0,0,0,0,0,0
2025,20250197,Paul Penhoët,14,Stage 14,0,0,0,0,0,0,0,0,0
2025,20250197,Paul Penhoët,15,Stage 15,0,0,0,0,0,0,0,0,0
2025,20250197,Paul Penhoët,16,Stage 16,0,0,0,0,0,0,0,0,0
2025,20250197,Paul Penhoët,17,Stage 17,95,0,0,0,0,0,0,0,95
2025,20250197,Paul Penhoët,18,Stage 18,0,0,0,0,0,0,0,0,0
2025,20250197,Paul Penhoët,19,Stage 19,0,0,0,0,0,0,0,0,0
2025,20250197,Paul Penhoët,20,Stage 20,0,0,0,0,0,0,0,0,0
2025,20250197,Paul Penhoët,21,Stage 21,0,0,0,0,0,0,0,0,0
2025,20250197,Paul Penhoët,22,Final Classifications,0,0,0,0,0,0,0,0,0
2025,20250278,Quinn Simmons,1,Stage 1,0,0,0,0,0,0,0,0,0
2025,20250278,Quinn Simmons,2,Stage 2,0,0,0,0,0,0,0,0,0
2025,20250278,Quinn Simmons,3,Stage 3,0,0,0,0,0,0,0,4,4
2025,20250278,Quinn Simmons,4,Stage 4,0,0,0,0,0,0,0,0,0
2025,20250278,Quinn Simmons,5,Stage 5,0,0,0,0,0,0,0,0,0
2025,20250278,Quinn Simmons,6,Stage 6,180,0,0,0,6,0,20,0,206
2025,20250278,Quinn Simmons,7,Stage 7,0,0,0,0,2,0,0,0,2
2025,20250278,Quinn Simmons,8,Stage 8,0,0,0,0,4,0,0,8,12
2025,20250278,Quinn Simmons,9,Stage 9,0,0,0,0,0,0,0,4,4
2025,20250278,Quinn Simmons,10,Stage 10,0,0,0,0,3,0,20,0,23
2025,20250278,Quinn Simmons,11,Stage 11,70,0,0,0,5,0,0,0,75
2025,20250278,Quinn Simmons,12,Stage 12,0,0,0,0,0,0,0,0,0
2025,20250278,Quinn Simmons,13,Stage 13,0,0,0,0,0,0,0,0,0
2025,20250278,Quinn Simmons,14,Stage 14,0,0,0,0,6,0,0,0,6
2025,20250278,Quinn Simmons,15,Stage 15,0,0,0,0,0,0,20,0,20
2025,20250278,Quinn Simmons,16,Stage 16,0,0,0,0,0,0,0,0,0
2025,20250278,Quinn Simmons,17,Stage 17,0,0,0,0,2,0,0,8,10
2025,20250278,Quinn Simmons,18,Stage 18,0,0,0,0,5,0,0,0,5
2025,20250278,Quinn Simmons,19,Stage 19,0,0,0,0,8,0,0,0,8
2025,20250278,Quinn Simmons,20,Stage 20,0,0,0,0,0,0,0,0,0
2025,20250278,Quinn Simmons,21,Stage 21,0,0,0,0,0,0,0,0,0
2025,20250278,Quinn Simmons,22,Final Classifications,0,0,5,0,0,0,0,0,5
2025,20250405,Tobias Lund Andresen,1,Stage 1,0,0,0,0,3,0,0,0,3
2025,20250405,Tobias Lund Andresen,2,Stage 2,0,0,0,0,0,0,0,0,0
2025,20250405,Tobias Lund Andresen,3,Stage 3,50,0,0,0,0,0,0,0,50
2025,20250405,Tobias Lund Andresen,4,Stage 4,0,0,0,0,0,0,0,0,0
2025,20250405,Tobias Lund Andresen,5,Stage 5,0,0,0,0,0,0,0,0,0
2025,20250405,Tobias Lund Andresen,6,Stage 6,0,0,0,0,0,0,0,0,0
2025,20250405,Tobias Lund Andresen,7,Stage 7,0,0,0,0,0,0,0,2,2
2025,20250405,Tobias Lund Andresen,8,Stage 8,110,0,0,0,0,0,0,0,110
2025,20250405,Tobias Lund Andresen,9,Stage 9,0,0,0,0,0,0,0,0,0
2025,20250405,Tobias Lund Andresen,10,Stage 10,0,0,0,0,0,0,0,0,0
2025,20250405,Tobias Lund Andresen,11,Stage 11,0,0,0,0,0,0,0,0,0
2025,20250405,Tobias Lund Andresen,12,Stage 12,0,0,0,0,0,0,0,0,0
2025,20250405,Tobias Lund Andresen,13,Stage 13,0,0,0,0,0,0,0,0,0
2025,20250405,Tobias Lund Andresen,14,Stage 14,0,0,0,0,0,0,0,0,0
2025,20250405,Tobias Lund Andresen,15,Stage 15,0,0,0,0,1,0,0,0,1
2025,20250405,Tobias Lund Andresen,16,Stage 16,0,0,0,0,0,0,0,0,0
2025,20250405,Tobias Lund Andresen,17,Stage 17,160,0,0,0,0,0,0,0,160
2025,20250405,Tobias Lund Andresen,18,Stage 18,0,0,0,0,0,0,0,0,0
2025,20250405,Tobias Lund Andresen,19,Stage 19,0,0,0,0,0,0,0,0,0
2025,20250405,Tobias Lund Andresen,20,Stage 20,0,0,0,0,0,0,0,4,4
2025,20250405,Tobias Lund Andresen,21,Stage 21,40,0,0,0,0,0,0,0,40
2025,20250405,Tobias Lund Andresen,22,Final Classifications,0,0,0,0,0,0,0,0,0
2025,20251345,Matteo Trentin,1,Stage 1,120,16,0,0,0,0,0,8,144
2025,20251345,Matteo Trentin,2,Stage 2,0,0,0,0,0,0,0,0,0
2025,20251345,Matteo Trentin,3,Stage 3,0,0,0,0,0,0,0,0,0
2025,20251345,Matteo Trentin,4,Stage 4,0,0,0,0,0,0,0,0,0
2025,20251345,Matteo Trentin,5,Stage 5,0,0,0,0,0,0,0,0,0
2025,20251345,Matteo Trentin,6,Stage 6,0,0,0,0,0,0,0,2,2
2025,20251345,Matteo Trentin,7,Stage 7,0,0,0,0,0,0,0,0,0
2025,20251345,Matteo Trentin,8,Stage 8,0,0,0,0,0,0,0,0,0
2025,20251345,Matteo Trentin,9,Stage 9,12,0,0,0,0,0,0,0,12
2025,20251345,Matteo Trentin,10,Stage 10,0,0,0,0,0,0,0,0,0
2025,20251345,Matteo Trentin,11,Stage 11,0,0,0,0,0,0,0,0,0
2025,20251345,Matteo Trentin,12,Stage 12,0,0,0,0,2,0,0,0,2
2025,20251345,Matteo Trentin,13,Stage 13,0,0,0,0,0,0,0,0,0
2025,20251345,Matteo Trentin,14,Stage 14,0,0,0,0,3,0,0,0,3
2025,20251345,Matteo Trentin,15,Stage 15,0,0,0,0,0,0,0,2,2
2025,20251345,Matteo Trentin,16,Stage 16,0,0,0,0,12,0,0,0,12
2025,20251345,Matteo Trentin,17,Stage 17,0,0,0,0,0,0,0,0,0
2025,20251345,Matteo Trentin,18,Stage 18,0,0,0,0,0,0,0,0,0
2025,20251345,Matteo Trentin,19,Stage 19,0,0,0,0,0,0,0,0,0
2025,20251345,Matteo Trentin,20,Stage 20,50,0,0,0,3,0,20,0,73
2025,20251345,Matteo Trentin,21,Stage 21,110,0,0,0,0,0,0,0,110
2025,20251345,Matteo Trentin,22,Final Classifications,0,0,0,0,0,0,0,0,0
2025,20250462,João Almeida,1,Stage 1,0,0,0,0,0,0,0,0,0
2025,20250462,João Almeida,2,Stage 2,25,8,0,0,0,0,0,8,41
2025,20250462,João Almeida,3,Stage 3,0,6,0,0,0,0,0,4,10
2025,20250462,João Almeida,4,Stage 4,110,13,0,0,0,0,0,14,137
2025,20250462,João Almeida,5,Stage 5,80,14,0,0,0,0,0,0,94
2025,20250462,João Almeida,6,Stage 6,0,14,0,0,0,0,0,8,22
2025,20250462,João Almeida,7,Stage 7,0,0,0,0,0,0,0,20,20
2025,20250462,João Almeida,8,Stage 8,0,0,0,0,0,0,0,12,12
2025,20250462,João Almeida,9,Stage 9,0,0,0,0,0,0,0,12,12
2025,20250462,João Almeida,10,Stage 10,0,0,0,0,0,0,0,0,0
2025,20250462,João Almeida,11,Stage 11,0,0,0,0,0,0,0,0,0
2025,20250462,João Almeida,12,Stage 12,0,0,0,0,0,0,0,0,0
2025,20250462,João Almeida,13,Stage 13,0,0,0,0,0,0,0,0,0
2025,20250462,João Almeida,14,Stage 14,0,0,0,0,0,0,0,0,0
2025,20250462,João Almeida,15,Stage 15,0,0,0,0,0,0,0,0,0
2025,20250462,João Almeida,16,Stage 16,0,0,0,0,0,0,0,0,0
2025,20250462,João Almeida,17,Stage 17,0,0,0,0,0,0,0,0,0
2025,20250462,João Almeida,18,Stage 18,0,0,0,0,0,0,0,0,0
2025,20250462,João Almeida,19,Stage 19,0,0,0,0,0,0,0,0,0
2025,20250462,João Almeida,20,Stage 20,0,0,0,0,0,0,0,0,0
2025,20250462,João Almeida,21,Stage 21,0,0,0,0,0,0,0,0,0
2025,20250462,João Almeida,22,Final Classifications,0,0,0,0,0,0,0,0,0
2025,20250058,Phil Bauhaus,1,Stage 1,0,0,0,0,0,0,0,0,0
2025,20250058,Phil Bauhaus,2,Stage 2,0,0,0,0,0,0,0,0,0
2025,20250058,Phil Bauhaus,3,Stage 3,160,0,0,0,0,0,0,0,160
2025,20250058,Phil Bauhaus,4,Stage 4,0,0,0,0,0,0,0,0,0
2025,20250058,Phil Bauhaus,5,Stage 5,0,0,0,0,0,0,0,0,0
2025,20250058,Phil Bauhaus,6,Stage 6,0,0,0,0,0,0,0,0,0
2025,20250058,Phil Bauhaus,7,Stage 7,0,0,0,0,0,0,0,0,0
2025,20250058,Phil Bauhaus,8,Stage 8,40,0,0,0,0,0,0,0,40
2025,20250058,Phil Bauhaus,9,Stage 9,95,0,0,0,0,0,0,0,95
2025,20250058,Phil Bauhaus,10,Stage 10,0,0,0,0,0,0,0,0,0
2025,20250058,Phil Bauhaus,11,Stage 11,0,0,0,0,0,0,0,0,0
2025,20250058,Phil Bauhaus,12,Stage 12,0,0,0,0,0,0,0,0,0
2025,20250058,Phil Bauhaus,13,Stage 13,0,0,0,0,0,0,0,0,0
2025,20250058,Phil Bauhaus,14,Stage 14,0,0,0,0,0,0,0,0,0
2025,20250058,Phil Bauhaus,15,Stage 15,0,0,0,0,0,0,0,0,0
2025,20250058,Phil Bauhaus,16,Stage 16,0,0,0,0,0,0,0,2,2
2025,20250058,Phil Bauhaus,17,Stage 17,40,0,0,0,0,0,0,0,40
2025,20250058,Phil Bauhaus,18,Stage 18,0,0,0,0,0,0,0,0,0
2025,20250058,Phil Bauhaus,19,Stage 19,0,0,0,0,0,0,0,0,0
2025,20250058,Phil Bauhaus,20,Stage 20,0,0,0,0,0,0,0,0,0
2025,20250058,Phil Bauhaus,21,Stage 21,0,0,0,0,0,0,0,2,2
2025,20250058,Phil Bauhaus,22,Final Classifications,0,0,0,0,0,0,0,0,0
2025,20250017,Jasper Philipsen,1,Stage 1,220,30,12,0,8,0,0,2,272
2025,20250017,Jasper Philipsen,2,Stage 2,0,14,12,0,3,0,0,18,47
2025,20250017,Jasper Philipsen,3,Stage 3,0,0,0,0,0,0,0,10,10
2025,20250017,Jasper Philipsen,4,Stage 4,0,0,0,0,0,0,0,0,0
2025,20250017,Jasper Philipsen,5,Stage 5,0,0,0,0,0,0,0,0,0
2025,20250017,Jasper Philipsen,6,Stage 6,0,0,0,0,0,0,0,0,0
2025,20250017,Jasper Philipsen,7,Stage 7,0,0,0,0,0,0,0,0,0
2025,20250017,Jasper Philipsen,8,Stage 8,0,0,0,0,0,0,0,0,0
2025,20250017,Jasper Philipsen,9,Stage 9,0,0,0,0,0,0,0,0,0
2025,20250017,Jasper Philipsen,10,Stage 10,0,0,0,0,0,0,0,0,0
2025,20250017,Jasper Philipsen,11,Stage 11,0,0,0,0,0,0,0,0,0
2025,20250017,Jasper Philipsen,12,Stage 12,0,0,0,0,0,0,0,0,0
2025,20250017,Jasper Philipsen,13,Stage 13,0,0,0,0,0,0,0,0,0
2025,20250017,Jasper Philipsen,14,Stage 14,0,0,0,0,0,0,0,0,0
2025,20250017,Jasper Philipsen,15,Stage 15,0,0,0,0,0,0,0,0,0
2025,20250017,Jasper Philipsen,16,Stage 16,0,0,0,0,0,0,0,0,0
2025,20250017,Jasper Philipsen,17,Stage 17,0,0,0,0,0,0,0,0,0
2025,20250017,Jasper Philipsen,18,Stage 18,0,0,0,0,0,0,0,0,0
2025,20250017,Jasper Philipsen,19,Stage 19,0,0,0,0,0,0,0,0,0
2025,20250017,Jasper Philipsen,20,Stage 20,0,0,0,0,0,0,0,0,0
2025,20250017,Jasper Philipsen,21,Stage 21,0,0,0,0,0,0,0,0,0
2025,20250017,Jasper Philipsen,22,Final Classifications,0,0,0,0,0,0,0,0,0
2025,20250328,Jordi Meeus,1,Stage 1,0,0,0,0,5,0,0,0,5
2025,20250328,Jordi Meeus,2,Stage 2,0,0,0,0,0,0,0,0,0
2025,20250328,Jordi Meeus,3,Stage 3,0,0,0,0,0,0,0,0,0
2025,20250328,Jordi Meeus,4,Stage 4,0,0,0,0,0,0,0,0,0
2025,20250328,Jordi Meeus,5,Stage 5,0,0,0,0,0,0,0,0,0
2025,20250328,Jordi Meeus,6,Stage 6,0,0,0,0,0,0,0,0,0
2025,20250328,Jordi Meeus,7,Stage 7,0,0,0,0,0,0,0,0,0
2025,20250328,Jordi Meeus,8,Stage 8,0,0,0,0,0,0,0,0,0
2025,20250328,Jordi Meeus,9,Stage 9,80,0,0,0,0,0,0,0,80
2025,20250328,Jordi Meeus,10,Stage 10,0,0,0,0,0,0,0,0,0
2025,20250328,Jordi Meeus,11,Stage 11,0,0,0,0,0,0,0,0,0
2025,20250328,Jordi Meeus,12,Stage 12,0,0,0,0,0,0,0,2,2
2025,20250328,Jordi Meeus,13,Stage 13,0,0,0,0,0,0,0,0,0
2025,20250328,Jordi Meeus,14,Stage 14,0,0,0,0,0,0,0,2,2
2025,20250328,Jordi Meeus,15,Stage 15,0,0,0,0,0,0,0,4,4
2025,20250328,Jordi Meeus,16,Stage 16,0,0,0,0,0,0,0,4,4
2025,20250328,Jordi Meeus,17,Stage 17,180,0,0,0,0,0,0,4,184
2025,20250328,Jordi Meeus,18,Stage 18,0,0,0,0,0,0,0,4,4
2025,20250328,Jordi Meeus,19,Stage 19,0,0,0,0,0,0,0,4,4
2025,20250328,Jordi Meeus,20,Stage 20,0,0,0,0,0,0,0,4,4
2025,20250328,Jordi Meeus,21,Stage 21,0,0,0,0,0,0,0,4,4
2025,20250328,Jordi Meeus,22,Final Classifications,0,0,0,0,0,0,0,30,30
2025,20251414,Søren Wærenskjold,1,Stage 1,160,22,1,0,0,0,0,0,183
2025,20251414,Søren Wærenskjold,2,Stage 2,0,0,0,0,0,0,0,0,0
2025,20251414,Søren Wærenskjold,3,Stage 3,140,0,1,0,3,0,0,0,144
2025,20251414,Søren Wærenskjold,4,Stage 4,0,0,0,0,0,0,0,0,0
2025,20251414,Søren Wærenskjold,5,Stage 5,0,0,0,0,0,0,0,0,0
2025,20251414,Søren Wærenskjold,6,Stage 6,0,0,0,0,0,0,0,0,0
2025,20251414,Søren Wærenskjold,7,Stage 7,0,0,0,0,0,0,0,0,0
2025,20251414,Søren Wærenskjold,8,Stage 8,0,0,0,0,0,0,0,0,0
2025,20251414,Søren Wærenskjold,9,Stage 9,0,0,0,0,0,0,0,0,0
2025,20251414,Søren Wærenskjold,10,Stage 10,0,0,0,0,0,0,0,0,0
2025,20251414,Søren Wærenskjold,11,Stage 11,0,0,0,0,0,0,0,0,0
2025,20251414,Søren Wærenskjold,12,Stage 12,0,0,0,0,0,0,0,0,0
2025,20251414,Søren Wærenskjold,13,Stage 13,0,0,0,0,0,0,0,0,0
2025,20251414,Søren Wærenskjold,14,Stage 14,0,0,0,0,0,0,0,0,0
2025,20251414,Søren Wærenskjold,15,Stage 15,0,0,0,0,0,0,0,0,0
2025,20251414,Søren Wærenskjold,16,Stage 16,0,0,0,0,0,0,0,0,0
2025,20251414,Søren Wærenskjold,17,Stage 17,0,0,0,0,0,0,0,0,0
2025,20251414,Søren Wærenskjold,18,Stage 18,0,0,0,0,0,0,0,0,0
2025,20251414,Søren Wærenskjold,19,Stage 19,0,0,0,0,0,0,0,0,0
2025,20251414,Søren Wærenskjold,20,Stage 20,0,0,0,0,0,0,0,0,0
2025,20251414,Søren Wærenskjold,21,Stage 21,0,0,0,0,0,0,0,0,0
2025,20251414,Søren Wærenskjold,22,Final Classifications,0,0,0,0,0,0,0,0,0
2025,20250216,Axel Laurance,1,Stage 1,0,0,0,0,0,0,0,0,0
2025,20250216,Axel Laurance,2,Stage 2,0,0,0,0,0,0,0,0,0
2025,20250216,Axel Laurance,3,Stage 3,0,0,0,0,0,0,0,0,0
2025,20250216,Axel Laurance,4,Stage 4,0,0,0,0,0,0,0,0,0
2025,20250216,Axel Laurance,5,Stage 5,0,0,0,0,0,0,0,0,0
2025,20250216,Axel Laurance,6,Stage 6,0,0,0,0,0,0,0,0,0
2025,20250216,Axel Laurance,7,Stage 7,70,0,0,0,0,0,0,0,70
2025,20250216,Axel Laurance,8,Stage 8,0,0,0,0,0,0,0,0,0
2025,20250216,Axel Laurance,9,Stage 9,0,0,0,0,0,0,0,0,0
2025,20250216,Axel Laurance,10,Stage 10,0,0,0,0,0,0,0,4,4
2025,20250216,Axel Laurance,11,Stage 11,110,0,0,0,1,0,0,0,111
2025,20250216,Axel Laurance,12,Stage 12,0,0,0,0,0,0,0,0,0
2025,20250216,Axel Laurance,13,Stage 13,0,0,0,0,0,0,0,0,0
2025,20250216,Axel Laurance,14,Stage 14,0,0,0,0,0,0,0,8,8
2025,20250216,Axel Laurance,15,Stage 15,120,0,0,0,0,0,0,0,120
2025,20250216,Axel Laurance,16,Stage 16,0,0,0,0,0,0,0,0,0
2025,20250216,Axel Laurance,17,Stage 17,0,0,0,0,0,0,0,0,0
2025,20250216,Axel Laurance,18,Stage 18,0,0,0,0,0,0,0,0,0
2025,20250216,Axel Laurance,19,Stage 19,0,0,0,0,0,0,0,8,8
2025,20250216,Axel Laurance,20,Stage 20,0,0,0,0,0,0,0,0,0
2025,20250216,Axel Laurance,21,Stage 21,4,0,0,0,0,0,0,0,4
2025,20250216,Axel Laurance,22,Final Classifications,0,0,0,0,0,0,0,0,0
2025,20251324,Alberto Dainese,1,Stage 1,0,0,0,0,0,0,0,8,8
2025,20251324,Alberto Dainese,2,Stage 2,0,0,0,0,0,0,0,0,0
2025,20251324,Alberto Dainese,3,Stage 3,60,0,0,0,0,0,0,0,60
2025,20251324,Alberto Dainese,4,Stage 4,0,0,0,0,0,0,0,0,0
2025,20251324,Alberto Dainese,5,Stage 5,0,0,0,0,0,0,0,0,0
2025,20251324,Alberto Dainese,6,Stage 6,0,0,0,0,0,0,0,2,2
2025,20251324,Alberto Dainese,7,Stage 7,0,0,0,0,0,0,0,0,0
2025,20251324,Alberto Dainese,8,Stage 8,80,0,0,0,0,0,0,0,80
2025,20251324,Alberto Dainese,9,Stage 9,20,0,0,0,0,0,0,0,20
2025,20251324,Alberto Dainese,10,Stage 10,0,0,0,0,0,0,0,0,0
2025,20251324,Alberto Dainese,11,Stage 11,40,0,0,0,0,0,0,0,40
2025,20251324,Alberto Dainese,12,Stage 12,0,0,0,0,0,0,0,0,0
2025,20251324,Alberto Dainese,13,Stage 13,0,0,0,0,0,0,0,0,0
2025,20251324,Alberto Dainese,14,Stage 14,0,0,0,0,0,0,0,0,0
2025,20251324,Alberto Dainese,15,Stage 15,0,0,0,0,0,0,0,2,2
2025,20251324,Alberto Dainese,16,Stage 16,0,0,0,0,0,0,0,0,0
2025,20251324,Alberto Dainese,17,Stage 17,110,0,0,0,0,0,0,0,110
2025,20251324,Alberto Dainese,18,Stage 18,0,0,0,0,0,0,0,0,0
2025,20251324,Alberto Dainese,19,Stage 19,0,0,0,0,0,0,0,0,0
2025,20251324,Alberto Dainese,20,Stage 20,0,0,0,0,0,0,0,0,0
2025,20251324,Alberto Dainese,21,Stage 21,0,0,0,0,0,0,0,0,0
2025,20251324,Alberto Dainese,22,Final Classifications,0,0,0,0,0,0,0,0,0
2025,20250300,Enric Mas,1,Stage 1,0,0,0,0,0,0,0,0,0
2025,20250300,Enric Mas,2,Stage 2,40,15,0,0,0,0,0,0,55
2025,20250300,Enric Mas,3,Stage 3,0,15,0,0,0,0,0,0,15
2025,20250300,Enric Mas,4,Stage 4,16,15,0,0,0,0,0,0,31
2025,20250300,Enric Mas,5,Stage 5,0,8,0,0,0,0,0,0,8
2025,20250300,Enric Mas,6,Stage 6,12,8,0,0,0,0,0,0,20
2025,20250300,Enric Mas,7,Stage 7,8,8,0,0,0,0,0,0,16
2025,20250300,Enric Mas,8,Stage 8,0,8,0,0,0,0,0,0,8
2025,20250300,Enric Mas,9,Stage 9,0,8,0,0,0,0,0,0,8
2025,20250300,Enric Mas,10,Stage 10,0,8,0,0,0,0,0,0,8
2025,20250300,Enric Mas,11,Stage 11,0,8,0,0,0,0,0,0,8
2025,20250300,Enric Mas,12,Stage 12,0,6,0,0,0,0,0,0,6
2025,20250300,Enric Mas,13,Stage 13,20,6,0,0,0,0,0,0,26
2025,20250300,Enric Mas,14,Stage 14,0,0,0,0,0,0,0,0,0
2025,20250300,Enric Mas,15,Stage 15,0,1,0,0,0,0,0,0,1
2025,20250300,Enric Mas,16,Stage 16,95,3,0,0,6,4,0,0,108
2025,20250300,Enric Mas,17,Stage 17,0,3,0,0,0,0,0,0,3
2025,20250300,Enric Mas,18,Stage 18,0,0,0,0,0,0,0,0,0
2025,20250300,Enric Mas,19,Stage 19,0,0,0,0,0,0,0,0,0
2025,20250300,Enric Mas,20,Stage 20,0,0,0,0,0,0,0,0,0
2025,20250300,Enric Mas,21,Stage 21,0,0,0,0,0,0,0,0,0
2025,20250300,Enric Mas,22,Final Classifications,0,0,0,0,0,0,0,0,0
2025,20250061,Santiago Buitrago,1,Stage 1,0,0,0,0,0,0,0,0,0
2025,20250061,Santiago Buitrago,2,Stage 2,35,4,0,0,0,0,0,0,39
2025,20250061,Santiago Buitrago,3,Stage 3,0,5,0,0,0,0,0,2,7
2025,20250061,Santiago Buitrago,4,Stage 4,0,4,0,0,0,0,0,0,4
2025,20250061,Santiago Buitrago,5,Stage 5,0,7,0,0,0,0,0,0,7
2025,20250061,Santiago Buitrago,6,Stage 6,16,7,0,0,0,0,0,0,23
2025,20250061,Santiago Buitrago,7,Stage 7,0,0,0,0,0,0,0,0,0
2025,20250061,Santiago Buitrago,8,Stage 8,0,0,0,0,0,0,0,0,0
2025,20250061,Santiago Buitrago,9,Stage 9,0,0,0,0,0,0,0,0,0
2025,20250061,Santiago Buitrago,10,Stage 10,0,0,0,0,0,0,0,0,0
2025,20250061,Santiago Buitrago,11,Stage 11,0,0,0,0,0,0,0,0,0
2025,20250061,Santiago Buitrago,12,Stage 12,0,0,0,0,0,0,0,0,0
2025,20250061,Santiago Buitrago,13,Stage 13,4,0,0,0,0,0,0,0,4
2025,20250061,Santiago Buitrago,14,Stage 14,0,0,0,0,0,0,0,0,0
2025,20250061,Santiago Buitrago,15,Stage 15,25,0,0,0,0,0,0,0,25
2025,20250061,Santiago Buitrago,16,Stage 16,160,0,0,0,0,20,0,0,180
2025,20250061,Santiago Buitrago,17,Stage 17,0,0,0,0,0,0,0,0,0
2025,20250061,Santiago Buitrago,18,Stage 18,12,0,0,0,0,0,0,0,12
2025,20250061,Santiago Buitrago,19,Stage 19,0,0,0,0,0,0,0,0,0
2025,20250061,Santiago Buitrago,20,Stage 20,0,0,0,0,0,0,0,0,0
2025,20250061,Santiago Buitrago,21,Stage 21,0,0,0,0,0,0,0,2,2
2025,20250061,Santiago Buitrago,22,Final Classifications,0,0,0,0,0,0,0,0,0
2025,20250519,Simone Velasco,1,Stage 1,0,0,0,0,0,0,0,0,0
2025,20250519,Simone Velasco,2,Stage 2,70,0,0,0,0,0,0,0,70
2025,20250519,Simone Velasco,3,Stage 3,0,0,0,0,0,0,0,0,0
2025,20250519,Simone Velasco,4,Stage 4,0,0,0,0,0,0,0,0,0
2025,20250519,Simone Velasco,5,Stage 5,0,0,0,0,0,0,0,0,0
2025,20250519,Simone Velasco,6,Stage 6,0,0,0,0,0,0,0,0,0
2025,20250519,Simone Velasco,7,Stage 7,0,0,0,0,0,0,0,0,0
2025,20250519,Simone Velasco,8,Stage 8,0,0,0,0,0,0,0,0,0
2025,20250519,Simone Velasco,9,Stage 9,0,0,0,0,0,0,0,0,0
2025,20250519,Simone Velasco,10,Stage 10,0,0,0,0,0,0,0,0,0
2025,20250519,Simone Velasco,11,Stage 11,25,0,0,0,0,0,0,0,25
2025,20250519,Simone Velasco,12,Stage 12,0,0,0,0,6,0,0,0,6
2025,20250519,Simone Velasco,13,Stage 13,0,0,0,0,0,0,0,0,0
2025,20250519,Simone Velasco,14,Stage 14,0,0,0,0,0,0,0,0,0
2025,20250519,Simone Velasco,15,Stage 15,0,0,0,0,0,0,0,0,0
2025,20250519,Simone Velasco,16,Stage 16,0,0,0,0,16,0,0,0,16
2025,20250519,Simone Velasco,17,Stage 17,0,0,0,0,0,0,0,0,0
2025,20250519,Simone Velasco,18,Stage 18,0,0,0,0,0,0,0,0,0
2025,20250519,Simone Velasco,19,Stage 19,0,0,0,0,0,0,0,0,0
2025,20250519,Simone Velasco,20,Stage 20,140,0,0,0,20,0,20,0,180
2025,20250519,Simone Velasco,21,Stage 21,0,0,0,0,0,0,0,4,4
2025,20250519,Simone Velasco,22,Final Classifications,0,0,0,0,0,0,0,0,0
2025,20250435,Tiesj Benoot,1,Stage 1,0,0,0,0,0,0,0,0,0
2025,20250435,Tiesj Benoot,2,Stage 2,0,0,0,0,0,0,0,8,8
2025,20250435,Tiesj Benoot,3,Stage 3,0,0,0,0,0,0,0,6,6
2025,20250435,Tiesj Benoot,4,Stage 4,20,0,0,0,0,0,0,12,32
2025,20250435,Tiesj Benoot,5,Stage 5,0,0,0,0,0,0,0,0,0
2025,20250435,Tiesj Benoot,6,Stage 6,0,0,0,0,0,0,0,8,8
2025,20250435,Tiesj Benoot,7,Stage 7,0,0,0,0,0,0,0,12,12
2025,20250435,Tiesj Benoot,8,Stage 8,0,0,0,0,0,0,0,12,12
2025,20250435,Tiesj Benoot,9,Stage 9,0,0,0,0,0,0,0,8,8
2025,20250435,Tiesj Benoot,10,Stage 10,0,0,0,0,0,0,0,16,16
2025,20250435,Tiesj Benoot,11,Stage 11,0,0,0,0,0,0,0,8,8
2025,20250435,Tiesj Benoot,12,Stage 12,0,0,0,0,0,0,0,16,16
2025,20250435,Tiesj Benoot,13,Stage 13,0,0,0,0,0,0,0,0,0
2025,20250435,Tiesj Benoot,14,Stage 14,0,0,0,0,0,0,0,14,14
2025,20250435,Tiesj Benoot,15,Stage 15,0,0,0,0,0,0,0,16,16
2025,20250435,Tiesj Benoot,16,Stage 16,0,0,0,0,0,0,0,12,12
2025,20250435,Tiesj Benoot,17,Stage 17,0,0,0,0,0,0,0,12,12
2025,20250435,Tiesj Benoot,18,Stage 18,0,0,0,0,0,0,0,14,14
2025,20250435,Tiesj Benoot,19,Stage 19,0,0,0,0,0,0,0,16,16
2025,20250435,Tiesj Benoot,20,Stage 20,0,0,0,0,0,0,0,12,12
2025,20250435,Tiesj Benoot,21,Stage 21,0,0,0,0,0,0,0,20,20
2025,20250435,Tiesj Benoot,22,Final Classifications,0,0,0,0,0,0,0,50,50
2025,20250348,Pascal Eenkhoorn,1,Stage 1,0,0,0,0,0,0,0,0,0
2025,20250348,Pascal Eenkhoorn,2,Stage 2,0,0,0,0,0,0,0,0,0
2025,20250348,Pascal Eenkhoorn,3,Stage 3,0,0,0,0,0,0,0,8,8
2025,20250348,Pascal Eenkhoorn,4,Stage 4,0,0,0,0,0,0,0,0,0
2025,20250348,Pascal Eenkhoorn,5,Stage 5,0,0,0,0,0,0,0,0,0
2025,20250348,Pascal Eenkhoorn,6,Stage 6,0,0,0,0,0,0,0,2,2
2025,20250348,Pascal Eenkhoorn,7,Stage 7,0,0,0,0,0,0,0,4,4
2025,20250348,Pascal Eenkhoorn,8,Stage 8,0,0,0,0,0,0,0,4,4
2025,20250348,Pascal Eenkhoorn,9,Stage 9,0,0,0,0,0,0,0,12,12
2025,20250348,Pascal Eenkhoorn,10,Stage 10,0,0,0,0,0,0,0,2,2
2025,20250348,Pascal Eenkhoorn,11,Stage 11,0,0,0,0,0,0,0,2,2
2025,20250348,Pascal Eenkhoorn,12,Stage 12,0,0,0,0,0,0,0,2,2
2025,20250348,Pascal Eenkhoorn,13,Stage 13,0,0,0,0,0,0,0,0,0
2025,20250348,Pascal Eenkhoorn,14,Stage 14,0,0,0,0,0,0,0,0,0
2025,20250348,Pascal Eenkhoorn,15,Stage 15,35,0,0,0,12,0,0,0,47
2025,20250348,Pascal Eenkhoorn,16,Stage 16,0,0,0,0,3,0,0,8,11
2025,20250348,Pascal Eenkhoorn,17,Stage 17,0,0,0,0,0,0,0,0,0
2025,20250348,Pascal Eenkhoorn,18,Stage 18,0,0,0,0,0,0,0,0,0
2025,20250348,Pascal Eenkhoorn,19,Stage 19,0,0,0,0,0,0,0,0,0
2025,20250348,Pascal Eenkhoorn,20,Stage 20,160,0,0,0,16,0,20,0,196
2025,20250348,Pascal Eenkhoorn,21,Stage 21,0,0,0,0,0,0,0,0,0
2025,20250348,Pascal Eenkhoorn,22,Final Classifications,0,0,0,0,0,0,0,0,0
2025,20250483,Nils Politt,1,Stage 1,0,0,0,0,0,0,0,0,0
2025,20250483,Nils Politt,2,Stage 2,0,0,0,0,0,0,0,8,8
2025,20250483,Nils Politt,3,Stage 3,0,0,0,0,0,0,0,4,4
2025,20250483,Nils Politt,4,Stage 4,0,0,0,0,0,0,0,14,14
2025,20250483,Nils Politt,5,Stage 5,20,0,0,0,0,0,0,0,20
2025,20250483,Nils Politt,6,Stage 6,0,0,0,0,0,0,0,8,8
2025,20250483,Nils Politt,7,Stage 7,0,0,0,0,0,0,0,20,20
2025,20250483,Nils Politt,8,Stage 8,0,0,0,0,0,0,0,12,12
2025,20250483,Nils Politt,9,Stage 9,0,0,0,0,0,0,0,12,12
2025,20250483,Nils Politt,10,Stage 10,0,0,0,0,0,0,0,8,8
2025,20250483,Nils Politt,11,Stage 11,0,0,0,0,0,0,0,8,8
2025,20250483,Nils Politt,12,Stage 12,0,0,0,0,0,0,0,20,20
2025,20250483,Nils Politt,13,Stage 13,0,0,0,0,0,0,0,0,0
2025,20250483,Nils Politt,14,Stage 14,0,0,0,0,0,0,0,16,16
2025,20250483,Nils Politt,15,Stage 15,0,0,0,0,0,0,0,20,20
2025,20250483,Nils Politt,16,Stage 16,0,0,0,0,0,0,0,12,12
2025,20250483,Nils Politt,17,Stage 17,0,0,0,0,0,0,0,12,12
2025,20250483,Nils Politt,18,Stage 18,0,0,0,0,0,0,0,16,16
2025,20250483,Nils Politt,19,Stage 19,0,0,0,0,0,0,0,14,14
2025,20250483,Nils Politt,20,Stage 20,0,0,0,0,0,0,0,12,12
2025,20250483,Nils Politt,21,Stage 21,0,0,0,0,0,0,0,12,12
2025,20250483,Nils Politt,22,Final Classifications,0,0,0,0,0,0,0,40,40
2025,20250193,Guillaume Martin,1,Stage 1,0,0,0,0,0,0,0,4,4
2025,20250193,Guillaume Martin,2,Stage 2,20,1,0,0,0,0,0,8,29
2025,20250193,Guillaume Martin,3,Stage 3,0,7,0,0,0,0,0,8,15
2025,20250193,Guillaume Martin,4,Stage 4,0,5,0,0,0,0,0,4,9
2025,20250193,Guillaume Martin,5,Stage 5,0,0,0,0,0,0,0,0,0
2025,20250193,Guillaume Martin,6,Stage 6,0,0,0,0,0,0,0,2,2
2025,20250193,Guillaume Martin,7,Stage 7,0,1,0,0,0,0,0,2,3
2025,20250193,Guillaume Martin,8,Stage 8,0,2,0,0,0,0,0,2,4
2025,20250193,Guillaume Martin,9,Stage 9,0,3,0,0,0,0,0,2,5
2025,20250193,Guillaume Martin,10,Stage 10,0,5,0,0,0,0,0,0,5
2025,20250193,Guillaume Martin,11,Stage 11,0,6,0,0,0,0,0,2,8
2025,20250193,Guillaume Martin,12,Stage 12,35,7,0,0,0,0,0,0,42
2025,20250193,Guillaume Martin,13,Stage 13,0,7,0,0,0,0,0,0,7
2025,20250193,Guillaume Martin,14,Stage 14,0,8,0,0,0,0,0,0,8
2025,20250193,Guillaume Martin,15,Stage 15,4,8,0,0,0,0,0,0,12
2025,20250193,Guillaume Martin,16,Stage 16,0,8,0,0,0,0,0,0,8
2025,20250193,Guillaume Martin,17,Stage 17,0,8,0,0,0,0,0,0,8
2025,20250193,Guillaume Martin,18,Stage 18,0,5,0,0,0,0,0,0,5
2025,20250193,Guillaume Martin,19,Stage 19,0,4,0,0,0,0,0,0,4
2025,20250193,Guillaume Martin,20,Stage 20,0,5,0,0,0,0,0,0,5
2025,20250193,Guillaume Martin,21,Stage 21,0,5,0,0,0,0,0,0,5
2025,20250193,Guillaume Martin,22,Final Classifications,0,90,0,0,0,0,0,0,90
2025,20250485,Marc Soler,1,Stage 1,0,0,0,0,0,0,0,0,0
2025,20250485,Marc Soler,2,Stage 2,0,0,0,0,0,0,0,8,8
2025,20250485,Marc Soler,3,Stage 3,0,0,0,0,0,0,0,4,4
2025,20250485,Marc Soler,4,Stage 4,0,0,0,0,0,0,0,14,14
2025,20250485,Marc Soler,5,Stage 5,0,0,0,0,0,0,0,0,0
2025,20250485,Marc Soler,6,Stage 6,0,0,0,0,0,0,0,8,8
2025,20250485,Marc Soler,7,Stage 7,0,0,0,0,0,0,0,20,20
2025,20250485,Marc Soler,8,Stage 8,0,0,0,0,0,0,0,12,12
2025,20250485,Marc Soler,9,Stage 9,0,0,0,0,0,0,0,12,12
2025,20250485,Marc Soler,10,Stage 10,0,0,0,0,0,0,0,8,8
2025,20250485,Marc Soler,11,Stage 11,0,0,0,0,0,0,0,8,8
2025,20250485,Marc Soler,12,Stage 12,0,0,0,0,0,0,0,20,20
2025,20250485,Marc Soler,13,Stage 13,0,0,0,0,0,0,0,0,0
2025,20250485,Marc Soler,14,Stage 14,0,0,0,0,0,0,0,16,16
2025,20250485,Marc Soler,15,Stage 15,0,0,0,0,0,0,0,20,20
2025,20250485,Marc Soler,16,Stage 16,0,0,0,0,0,0,0,12,12
2025,20250485,Marc Soler,17,Stage 17,0,0,0,0,0,0,0,12,12
2025,20250485,Marc Soler,18,Stage 18,0,0,0,0,0,0,0,16,16
2025,20250485,Marc Soler,19,Stage 19,0,0,0,0,0,0,0,14,14
2025,20250485,Marc Soler,20,Stage 20,0,0,0,0,0,0,0,12,12
2025,20250485,Marc Soler,21,Stage 21,0,0,0,0,0,0,0,12,12
2025,20250485,Marc Soler,22,Final Classifications,0,0,0,0,0,0,0,40,50
2025,20250220,Carlos Rodríguez,1,Stage 1,0,0,0,0,0,0,0,0,0
2025,20250220,Carlos Rodríguez,2,Stage 2,0,0,0,0,0,0,0,0,0
2025,20250220,Carlos Rodríguez,3,Stage 3,0,0,0,0,0,0,0,0,0
2025,20250220,Carlos Rodríguez,4,Stage 4,0,0,0,0,0,0,0,0,0
2025,20250220,Carlos Rodríguez,5,Stage 5,0,5,0,0,0,0,0,0,5
2025,20250220,Carlos Rodríguez,6,Stage 6,0,4,0,0,0,0,0,0,4
2025,20250220,Carlos Rodríguez,7,Stage 7,25,6,0,0,0,0,0,0,31
2025,20250220,Carlos Rodríguez,8,Stage 8,0,6,0,0,0,0,0,0,6
2025,20250220,Carlos Rodríguez,9,Stage 9,0,6,0,0,0,0,0,0,6
2025,20250220,Carlos Rodríguez,10,Stage 10,12,9,0,0,0,0,0,4,25
2025,20250220,Carlos Rodríguez,11,Stage 11,0,9,0,0,0,0,0,0,9
2025,20250220,Carlos Rodríguez,12,Stage 12,0,9,0,0,0,0,0,0,9
2025,20250220,Carlos Rodríguez,13,Stage 13,35,9,0,0,0,0,0,0,44
2025,20250220,Carlos Rodríguez,14,Stage 14,50,11,0,0,0,2,0,8,71
2025,20250220,Carlos Rodríguez,15,Stage 15,8,12,0,0,0,0,0,0,20
2025,20250220,Carlos Rodríguez,16,Stage 16,25,11,0,0,0,0,0,0,36
2025,20250220,Carlos Rodríguez,17,Stage 17,0,11,0,0,0,0,0,0,11
2025,20250220,Carlos Rodríguez,18,Stage 18,0,0,0,0,0,0,0,0,0
2025,20250220,Carlos Rodríguez,19,Stage 19,0,0,0,0,0,0,0,0,0
2025,20250220,Carlos Rodríguez,20,Stage 20,0,0,0,0,0,0,0,0,0
2025,20250220,Carlos Rodríguez,21,Stage 21,0,0,0,0,0,0,0,0,0
2025,20250220,Carlos Rodríguez,22,Final Classifications,0,0,0,0,0,0,0,0,0
2025,20250137,Aurélien Paret-Peintre,1,Stage 1,0,0,0,0,0,0,0,0,0
2025,20250137,Aurélien Paret-Peintre,2,Stage 2,95,9,0,0,0,0,0,0,104
2025,20250137,Aurélien Paret-Peintre,3,Stage 3,0,10,0,0,0,0,0,0,10
2025,20250137,Aurélien Paret-Peintre,4,Stage 4,40,9,0,0,0,0,0,0,49
2025,20250137,Aurélien Paret-Peintre,5,Stage 5,0,9,0,0,0,0,0,0,9
2025,20250137,Aurélien Paret-Peintre,6,Stage 6,0,5,0,0,0,0,0,0,5
2025,20250137,Aurélien Paret-Peintre,7,Stage 7,0,4,0,0,0,0,0,0,4
2025,20250137,Aurélien Paret-Peintre,8,Stage 8,0,4,0,0,0,0,0,0,4
2025,20250137,Aurélien Paret-Peintre,9,Stage 9,0,4,0,0,0,0,0,0,4
2025,20250137,Aurélien Paret-Peintre,10,Stage 10,0,0,0,0,0,0,0,2,2
2025,20250137,Aurélien Paret-Peintre,11,Stage 11,0,0,0,0,0,0,0,0,0
2025,20250137,Aurélien Paret-Peintre,12,Stage 12,4,0,0,0,0,0,0,0,4
2025,20250137,Aurélien Paret-Peintre,13,Stage 13,0,0,0,0,0,0,0,0,0
2025,20250137,Aurélien Paret-Peintre,14,Stage 14,0,0,0,0,0,0,0,2,2
2025,20250137,Aurélien Paret-Peintre,15,Stage 15,0,0,0,0,0,0,0,0,0
2025,20250137,Aurélien Paret-Peintre,16,Stage 16,0,0,0,0,0,0,0,0,0
2025,20250137,Aurélien Paret-Peintre,17,Stage 17,0,0,0,0,0,0,0,0,0
2025,20250137,Aurélien Paret-Peintre,18,Stage 18,0,0,0,0,0,0,0,0,0
2025,20250137,Aurélien Paret-Peintre,19,Stage 19,35,0,0,0,0,0,0,0,35
2025,20250137,Aurélien Paret-Peintre,20,Stage 20,0,0,0,0,0,0,0,0,0
2025,20250137,Aurélien Paret-Peintre,21,Stage 21,0,0,0,0,0,0,0,0,0
2025,20250137,Aurélien Paret-Peintre,22,Final Classifications,0,0,0,0,0,0,0,0,40
2025,20250888,Pascal Ackermann,1,Stage 1,8,2,0,0,0,0,0,0,10
2025,20250888,Pascal Ackermann,2,Stage 2,0,0,0,0,0,0,0,0,0
2025,20250888,Pascal Ackermann,3,Stage 3,80,0,0,0,0,0,0,0,80
2025,20250888,Pascal Ackermann,4,Stage 4,0,0,0,0,0,0,0,0,0
2025,20250888,Pascal Ackermann,5,Stage 5,0,0,0,0,0,0,0,0,0
2025,20250888,Pascal Ackermann,6,Stage 6,0,0,0,0,0,0,0,0,0
2025,20250888,Pascal Ackermann,7,Stage 7,0,0,0,0,0,0,0,0,0
2025,20250888,Pascal Ackermann,8,Stage 8,140,0,0,0,0,0,0,0,140
2025,20250888,Pascal Ackermann,9,Stage 9,40,0,0,0,0,0,0,0,40
2025,20250888,Pascal Ackermann,10,Stage 10,0,0,0,0,0,0,0,0,0
2025,20250888,Pascal Ackermann,11,Stage 11,0,0,0,0,0,0,0,0,0
2025,20250888,Pascal Ackermann,12,Stage 12,0,0,0,0,0,0,0,0,0
2025,20250888,Pascal Ackermann,13,Stage 13,0,0,0,0,0,0,0,0,0
2025,20250888,Pascal Ackermann,14,Stage 14,0,0,0,0,0,0,0,0,0
2025,20250888,Pascal Ackermann,15,Stage 15,0,0,0,0,0,0,0,0,0
2025,20250888,Pascal Ackermann,16,Stage 16,0,0,0,0,0,0,0,0,0
2025,20250888,Pascal Ackermann,17,Stage 17,0,0,0,0,0,0,0,0,0
2025,20250888,Pascal Ackermann,18,Stage 18,0,0,0,0,0,0,0,0,0
2025,20250888,Pascal Ackermann,19,Stage 19,0,0,0,0,0,0,0,0,0
2025,20250888,Pascal Ackermann,20,Stage 20,0,0,0,0,0,0,0,0,0
2025,20250888,Pascal Ackermann,21,Stage 21,0,0,0,0,0,0,0,0,0
2025,20250888,Pascal Ackermann,22,Final Classifications,0,0,0,0,0,0,0,0,0
2025,20250408,Pavel Bittner,1,Stage 1,0,0,0,0,0,0,0,0,0
2025,20250408,Pavel Bittner,2,Stage 2,0,0,0,0,0,0,0,0,0
2025,20250408,Pavel Bittner,3,Stage 3,120,0,0,0,0,0,0,0,120
2025,20250408,Pavel Bittner,4,Stage 4,0,0,0,0,0,0,0,0,0
2025,20250408,Pavel Bittner,5,Stage 5,0,0,0,0,0,0,0,0,0
2025,20250408,Pavel Bittner,6,Stage 6,0,0,0,0,0,0,0,0,0
2025,20250408,Pavel Bittner,7,Stage 7,0,0,0,0,0,0,0,2,2
2025,20250408,Pavel Bittner,8,Stage 8,0,0,0,0,0,0,0,0,0
2025,20250408,Pavel Bittner,9,Stage 9,140,0,0,0,0,0,0,0,140
2025,20250408,Pavel Bittner,10,Stage 10,0,0,0,0,0,0,0,0,0
2025,20250408,Pavel Bittner,11,Stage 11,0,0,0,0,0,0,0,0,0
2025,20250408,Pavel Bittner,12,Stage 12,0,0,0,0,0,0,0,0,0
2025,20250408,Pavel Bittner,13,Stage 13,0,0,0,0,0,0,0,0,0
2025,20250408,Pavel Bittner,14,Stage 14,0,0,0,0,0,0,0,0,0
2025,20250408,Pavel Bittner,15,Stage 15,0,0,0,0,0,0,0,0,0
2025,20250408,Pavel Bittner,16,Stage 16,0,0,0,0,0,0,0,0,0
2025,20250408,Pavel Bittner,17,Stage 17,0,0,0,0,0,0,0,2,2
2025,20250408,Pavel Bittner,18,Stage 18,0,0,0,0,0,0,0,0,0
2025,20250408,Pavel Bittner,19,Stage 19,0,0,0,0,0,0,0,0,0
2025,20250408,Pavel Bittner,20,Stage 20,0,0,0,0,0,0,0,4,4
2025,20250408,Pavel Bittner,21,Stage 21,0,0,0,0,0,0,0,0,0
2025,20250408,Pavel Bittner,22,Final Classifications,0,0,0,0,0,0,0,0,0
2025,20250484,Pavel Sivakov,1,Stage 1,0,0,0,0,0,0,0,0,0
2025,20250484,Pavel Sivakov,2,Stage 2,0,0,0,0,0,0,0,8,8
2025,20250484,Pavel Sivakov,3,Stage 3,0,0,0,0,0,0,0,4,4
2025,20250484,Pavel Sivakov,4,Stage 4,0,0,0,0,0,0,0,14,14
2025,20250484,Pavel Sivakov,5,Stage 5,0,0,0,0,0,0,0,0,0
2025,20250484,Pavel Sivakov,6,Stage 6,0,0,0,0,0,0,0,8,8
2025,20250484,Pavel Sivakov,7,Stage 7,0,0,0,0,0,0,0,20,20
2025,20250484,Pavel Sivakov,8,Stage 8,0,0,0,0,0,0,0,12,12
2025,20250484,Pavel Sivakov,9,Stage 9,0,0,0,0,0,0,0,12,12
2025,20250484,Pavel Sivakov,10,Stage 10,0,0,0,0,0,0,0,8,8
2025,20250484,Pavel Sivakov,11,Stage 11,0,0,0,0,0,0,0,8,8
2025,20250484,Pavel Sivakov,12,Stage 12,0,0,0,0,0,0,0,20,20
2025,20250484,Pavel Sivakov,13,Stage 13,0,0,0,0,0,0,0,0,0
2025,20250484,Pavel Sivakov,14,Stage 14,0,0,0,0,0,0,0,16,16
2025,20250484,Pavel Sivakov,15,Stage 15,0,0,0,0,0,0,0,20,20
2025,20250484,Pavel Sivakov,16,Stage 16,0,0,0,0,0,0,0,12,12
2025,20250484,Pavel Sivakov,17,Stage 17,0,0,0,0,0,0,0,12,12
2025,20250484,Pavel Sivakov,18,Stage 18,0,0,0,0,0,0,0,16,16
2025,20250484,Pavel Sivakov,19,Stage 19,0,0,0,0,0,0,0,14,14
2025,20250484,Pavel Sivakov,20,Stage 20,0,0,0,0,0,0,0,12,12
2025,20250484,Pavel Sivakov,21,Stage 21,0,0,0,0,0,0,0,12,12
2025,20250484,Pavel Sivakov,22,Final Classifications,0,0,0,0,0,0,0,40,40
2025,20250400,Mauro Schmid,1,Stage 1,0,0,0,0,0,0,0,0,0
2025,20250400,Mauro Schmid,2,Stage 2,0,0,0,0,0,0,0,0,0
2025,20250400,Mauro Schmid,3,Stage 3,0,0,0,0,0,0,0,0,0
2025,20250400,Mauro Schmid,4,Stage 4,0,0,0,0,0,0,0,0,0
2025,20250400,Mauro Schmid,5,Stage 5,4,0,0,0,0,0,0,0,4
2025,20250400,Mauro Schmid,6,Stage 6,0,0,0,0,0,0,0,0,0
2025,20250400,Mauro Schmid,7,Stage 7,0,0,0,0,0,0,0,0,0
2025,20250400,Mauro Schmid,8,Stage 8,0,0,0,0,0,0,0,0,0
2025,20250400,Mauro Schmid,9,Stage 9,0,0,0,0,0,0,0,0,0
2025,20250400,Mauro Schmid,10,Stage 10,0,0,0,0,5,0,20,0,25
2025,20250400,Mauro Schmid,11,Stage 11,180,0,0,0,12,0,20,0,212
2025,20250400,Mauro Schmid,12,Stage 12,0,0,0,0,0,0,0,0,0
2025,20250400,Mauro Schmid,13,Stage 13,0,0,0,0,0,0,0,0,0
2025,20250400,Mauro Schmid,14,Stage 14,0,0,0,0,0,0,0,0,0
2025,20250400,Mauro Schmid,15,Stage 15,0,0,0,0,0,0,0,0,0
2025,20250400,Mauro Schmid,16,Stage 16,0,0,0,0,0,0,0,0,0
2025,20250400,Mauro Schmid,17,Stage 17,0,0,0,0,0,0,0,0,0
2025,20250400,Mauro Schmid,18,Stage 18,0,0,0,0,0,0,0,8,8
2025,20250400,Mauro Schmid,19,Stage 19,0,0,0,0,0,0,0,0,0
2025,20250400,Mauro Schmid,20,Stage 20,0,0,0,0,0,0,0,0,0
2025,20250400,Mauro Schmid,21,Stage 21,0,0,0,0,0,0,0,0,0
2025,20250400,Mauro Schmid,22,Final Classifications,0,0,0,0,0,0,0,0,0
2025,20250200,Clément Russo,1,Stage 1,110,15,0,0,0,0,0,4,129
2025,20250200,Clément Russo,2,Stage 2,0,0,0,0,0,0,0,8,8
2025,20250200,Clément Russo,3,Stage 3,4,0,0,0,0,0,0,8,12
2025,20250200,Clément Russo,4,Stage 4,0,0,0,0,0,0,0,4,4
2025,20250200,Clément Russo,5,Stage 5,0,0,0,0,0,0,0,0,0
2025,20250200,Clément Russo,6,Stage 6,0,0,0,0,0,0,0,2,2
2025,20250200,Clément Russo,7,Stage 7,0,0,0,0,0,0,0,2,2
2025,20250200,Clément Russo,8,Stage 8,0,0,0,0,0,0,0,2,2
2025,20250200,Clément Russo,9,Stage 9,0,0,0,0,0,0,0,2,2
2025,20250200,Clément Russo,10,Stage 10,0,0,0,0,0,0,0,0,0
2025,20250200,Clément Russo,11,Stage 11,0,0,0,0,0,0,0,2,2
2025,20250200,Clément Russo,12,Stage 12,0,0,0,0,0,0,0,0,0
2025,20250200,Clément Russo,13,Stage 13,0,0,0,0,0,0,0,0,0
2025,20250200,Clément Russo,14,Stage 14,0,0,0,0,0,0,0,0,0
2025,20250200,Clément Russo,15,Stage 15,0,0,0,0,0,0,0,0,0
2025,20250200,Clément Russo,16,Stage 16,0,0,0,0,0,0,0,0,0
2025,20250200,Clément Russo,17,Stage 17,70,0,0,0,0,0,0,0,70
2025,20250200,Clément Russo,18,Stage 18,0,0,0,0,0,0,0,0,0
2025,20250200,Clément Russo,19,Stage 19,0,0,0,0,0,0,0,0,0
2025,20250200,Clément Russo,20,Stage 20,0,0,0,0,0,0,0,0,0
2025,20250200,Clément Russo,21,Stage 21,12,0,0,0,0,0,0,0,12
2025,20250200,Clément Russo,22,Final Classifications,0,0,0,0,0,0,0,0,0
2025,20250117,Bruno Armirail,1,Stage 1,0,0,0,0,0,0,0,0,0
2025,20250117,Bruno Armirail,2,Stage 2,0,0,0,0,8,0,20,0,28
2025,20250117,Bruno Armirail,3,Stage 3,0,0,0,0,0,0,0,0,0
2025,20250117,Bruno Armirail,4,Stage 4,0,0,0,0,0,0,0,0,0
2025,20250117,Bruno Armirail,5,Stage 5,140,0,0,0,0,0,0,0,140
2025,20250117,Bruno Armirail,6,Stage 6,0,0,0,0,0,0,0,0,0
2025,20250117,Bruno Armirail,7,Stage 7,0,0,0,0,0,0,0,0,0
2025,20250117,Bruno Armirail,8,Stage 8,0,0,0,0,0,0,0,0,0
2025,20250117,Bruno Armirail,9,Stage 9,0,0,0,0,0,0,0,0,0
2025,20250117,Bruno Armirail,10,Stage 10,0,0,0,0,16,0,0,2,18
2025,20250117,Bruno Armirail,11,Stage 11,0,0,0,0,0,0,0,0,0
2025,20250117,Bruno Armirail,12,Stage 12,16,0,0,1,0,6,0,0,23
2025,20250117,Bruno Armirail,13,Stage 13,8,0,0,0,0,0,0,0,8
2025,20250117,Bruno Armirail,14,Stage 14,0,0,0,0,0,0,0,2,2
2025,20250117,Bruno Armirail,15,Stage 15,0,0,0,0,0,0,0,0,0
2025,20250117,Bruno Armirail,16,Stage 16,0,0,0,0,0,0,0,0,0
2025,20250117,Bruno Armirail,17,Stage 17,0,0,0,0,0,0,0,0,0
2025,20250117,Bruno Armirail,18,Stage 18,0,0,0,0,0,10,0,0,10
2025,20250117,Bruno Armirail,19,Stage 19,0,0,0,0,0,4,0,0,4
2025,20250117,Bruno Armirail,20,Stage 20,0,0,0,0,0,0,0,0,0
2025,20250117,Bruno Armirail,21,Stage 21,0,0,0,0,0,0,0,0,0
2025,20250117,Bruno Armirail,22,Final Classifications,0,0,0,0,0,0,0,0,10
2025,20250279,Mattias Skjelmose,1,Stage 1,0,0,0,0,0,0,0,0,0
2025,20250279,Mattias Skjelmose,2,Stage 2,0,6,0,0,0,0,0,0,6
2025,20250279,Mattias Skjelmose,3,Stage 3,0,3,0,0,0,0,0,4,7
2025,20250279,Mattias Skjelmose,4,Stage 4,70,11,0,0,0,0,0,0,81
2025,20250279,Mattias Skjelmose,5,Stage 5,8,11,0,0,0,0,0,0,19
2025,20250279,Mattias Skjelmose,6,Stage 6,0,9,0,0,0,0,0,4,13
2025,20250279,Mattias Skjelmose,7,Stage 7,40,11,0,0,0,0,0,0,51
2025,20250279,Mattias Skjelmose,8,Stage 8,0,11,0,0,0,0,0,8,19
2025,20250279,Mattias Skjelmose,9,Stage 9,0,11,0,0,0,0,0,4,15
2025,20250279,Mattias Skjelmose,10,Stage 10,0,6,0,0,0,0,0,0,6
2025,20250279,Mattias Skjelmose,11,Stage 11,0,3,0,0,0,0,0,0,3
2025,20250279,Mattias Skjelmose,12,Stage 12,0,3,0,0,0,10,0,0,13
2025,20250279,Mattias Skjelmose,13,Stage 13,0,2,0,0,0,0,0,0,2
2025,20250279,Mattias Skjelmose,14,Stage 14,0,0,0,0,0,0,0,0,0
2025,20250279,Mattias Skjelmose,15,Stage 15,0,0,0,0,0,0,0,0,0
2025,20250279,Mattias Skjelmose,16,Stage 16,0,0,0,0,0,0,0,0,0
2025,20250279,Mattias Skjelmose,17,Stage 17,0,0,0,0,0,0,0,0,0
2025,20250279,Mattias Skjelmose,18,Stage 18,0,0,0,0,0,0,0,0,0
2025,20250279,Mattias Skjelmose,19,Stage 19,0,0,0,0,0,0,0,0,0
2025,20250279,Mattias Skjelmose,20,Stage 20,0,0,0,0,0,0,0,0,0
2025,20250279,Mattias Skjelmose,21,Stage 21,0,0,0,0,0,0,0,0,0
2025,20250279,Mattias Skjelmose,22,Final Classifications,0,0,0,0,0,0,0,0,0
2025,20250311,Einer Rubio,1,Stage 1,0,0,0,0,0,0,0,0,0
2025,20250311,Einer Rubio,2,Stage 2,0,0,0,0,0,0,0,0,0
2025,20250311,Einer Rubio,3,Stage 3,0,0,0,0,0,0,0,0,0
2025,20250311,Einer Rubio,4,Stage 4,0,0,0,0,0,0,0,0,0
2025,20250311,Einer Rubio,5,Stage 5,0,0,0,0,0,0,0,0,0
2025,20250311,Einer Rubio,6,Stage 6,0,0,0,0,0,0,0,0,0
2025,20250311,Einer Rubio,7,Stage 7,0,0,0,0,0,0,0,0,0
2025,20250311,Einer Rubio,8,Stage 8,0,0,0,0,0,0,0,0,0
2025,20250311,Einer Rubio,9,Stage 9,0,0,0,0,0,0,0,0,0
2025,20250311,Einer Rubio,10,Stage 10,0,0,0,0,0,0,0,0,0
2025,20250311,Einer Rubio,11,Stage 11,0,0,0,0,0,0,0,0,0
2025,20250311,Einer Rubio,12,Stage 12,50,0,0,0,0,2,0,0,52
2025,20250311,Einer Rubio,13,Stage 13,0,0,0,0,0,0,0,0,0
2025,20250311,Einer Rubio,14,Stage 14,25,0,0,0,0,2,0,0,27
2025,20250311,Einer Rubio,15,Stage 15,0,0,0,0,0,0,0,0,0
2025,20250311,Einer Rubio,16,Stage 16,0,0,0,0,0,0,0,0,0
2025,20250311,Einer Rubio,17,Stage 17,0,0,0,0,0,0,0,0,0
2025,20250311,Einer Rubio,18,Stage 18,120,0,0,0,0,18,0,0,138
2025,20250311,Einer Rubio,19,Stage 19,0,0,0,0,0,6,0,0,6
2025,20250311,Einer Rubio,20,Stage 20,0,0,0,0,0,0,0,0,0
2025,20250311,Einer Rubio,21,Stage 21,0,0,0,0,0,0,0,0,0
2025,20250311,Einer Rubio,22,Final Classifications,0,0,0,0,0,0,0,0,0
2025,20250398,Luke Plapp,1,Stage 1,0,0,0,0,0,0,0,0,0
2025,20250398,Luke Plapp,2,Stage 2,0,0,0,0,0,0,0,0,0
2025,20250398,Luke Plapp,3,Stage 3,0,0,0,0,0,0,0,0,0
2025,20250398,Luke Plapp,4,Stage 4,0,0,0,0,0,0,0,0,0
2025,20250398,Luke Plapp,5,Stage 5,70,0,0,0,0,0,0,0,70
2025,20250398,Luke Plapp,6,Stage 6,0,0,0,0,0,0,0,0,0
2025,20250398,Luke Plapp,7,Stage 7,0,0,0,0,0,0,0,0,0
2025,20250398,Luke Plapp,8,Stage 8,0,0,0,0,0,0,0,0,0
2025,20250398,Luke Plapp,9,Stage 9,0,0,0,0,1,0,0,0,1
2025,20250398,Luke Plapp,10,Stage 10,0,0,0,0,0,0,20,0,20
2025,20250398,Luke Plapp,11,Stage 11,0,0,0,0,0,0,0,4,4
2025,20250398,Luke Plapp,12,Stage 12,0,0,0,0,0,0,0,0,0
2025,20250398,Luke Plapp,13,Stage 13,120,0,0,0,0,0,0,0,120
2025,20250398,Luke Plapp,14,Stage 14,0,0,0,0,0,0,0,0,0
2025,20250398,Luke Plapp,15,Stage 15,0,0,0,0,0,0,0,0,0
2025,20250398,Luke Plapp,16,Stage 16,0,0,0,0,0,0,0,0,0
2025,20250398,Luke Plapp,17,Stage 17,0,0,0,0,0,0,0,0,0
2025,20250398,Luke Plapp,18,Stage 18,0,0,0,0,0,0,0,8,8
2025,20250398,Luke Plapp,19,Stage 19,0,0,0,0,0,0,0,0,0
2025,20250398,Luke Plapp,20,Stage 20,0,0,0,0,0,0,0,0,0
2025,20250398,Luke Plapp,21,Stage 21,0,0,0,0,0,0,0,0,0
2025,20250398,Luke Plapp,22,Final Classifications,0,0,0,0,0,0,0,0,0
2025,20250501,Sergio Higuita,1,Stage 1,0,0,0,0,0,0,0,0,0
2025,20250501,Sergio Higuita,2,Stage 2,0,0,0,0,0,0,0,0,0
2025,20250501,Sergio Higuita,3,Stage 3,0,0,0,0,0,0,0,0,0
2025,20250501,Sergio Higuita,4,Stage 4,0,0,0,0,0,0,0,0,0
2025,20250501,Sergio Higuita,5,Stage 5,0,0,0,0,0,0,0,0,0
2025,20250501,Sergio Higuita,6,Stage 6,0,0,0,0,0,0,0,0,0
2025,20250501,Sergio Higuita,7,Stage 7,4,0,0,0,0,0,0,0,4
2025,20250501,Sergio Higuita,8,Stage 8,0,0,0,0,0,0,0,0,0
2025,20250501,Sergio Higuita,9,Stage 9,0,0,0,0,0,0,0,0,0
2025,20250501,Sergio Higuita,10,Stage 10,4,0,0,0,0,0,0,0,4
2025,20250501,Sergio Higuita,11,Stage 11,0,0,0,0,0,0,0,0,0
2025,20250501,Sergio Higuita,12,Stage 12,30,0,0,0,0,0,0,0,30
2025,20250501,Sergio Higuita,13,Stage 13,0,0,0,0,0,0,0,0,0
2025,20250501,Sergio Higuita,14,Stage 14,4,2,0,0,0,0,0,0,6
2025,20250501,Sergio Higuita,15,Stage 15,0,2,0,0,0,0,0,0,2
2025,20250501,Sergio Higuita,16,Stage 16,0,2,0,0,0,0,0,0,2
2025,20250501,Sergio Higuita,17,Stage 17,0,2,0,0,0,0,0,0,2
2025,20250501,Sergio Higuita,18,Stage 18,30,6,0,0,0,0,0,0,36
2025,20250501,Sergio Higuita,19,Stage 19,0,6,0,0,0,0,0,0,6
2025,20250501,Sergio Higuita,20,Stage 20,0,7,0,0,0,0,0,0,7
2025,20250501,Sergio Higuita,21,Stage 21,0,7,0,0,0,0,0,4,11
2025,20250501,Sergio Higuita,22,Final Classifications,0,110,0,0,0,0,0,0,110
2025,20250341,Aleksandr Vlasov,1,Stage 1,0,0,0,0,0,0,0,0,0
2025,20250341,Aleksandr Vlasov,2,Stage 2,0,0,0,0,0,0,0,0,0
2025,20250341,Aleksandr Vlasov,3,Stage 3,0,0,0,0,0,0,0,0,0
2025,20250341,Aleksandr Vlasov,4,Stage 4,0,0,0,0,0,0,0,0,0
2025,20250341,Aleksandr Vlasov,5,Stage 5,0,0,0,0,0,0,0,0,0
2025,20250341,Aleksandr Vlasov,6,Stage 6,0,0,0,0,0,0,0,0,0
2025,20250341,Aleksandr Vlasov,7,Stage 7,0,0,0,0,0,0,0,0,0
2025,20250341,Aleksandr Vlasov,8,Stage 8,0,0,0,0,0,0,0,0,0
2025,20250341,Aleksandr Vlasov,9,Stage 9,0,0,0,0,0,0,0,0,0
2025,20250341,Aleksandr Vlasov,10,Stage 10,0,0,0,0,0,0,0,0,0
2025,20250341,Aleksandr Vlasov,11,Stage 11,0,0,0,0,0,0,0,0,0
2025,20250341,Aleksandr Vlasov,12,Stage 12,0,0,0,0,0,0,0,2,2
2025,20250341,Aleksandr Vlasov,13,Stage 13,0,0,0,0,0,0,0,0,0
2025,20250341,Aleksandr Vlasov,14,Stage 14,0,0,0,0,0,20,0,2,22
2025,20250341,Aleksandr Vlasov,15,Stage 15,110,0,0,0,0,0,0,4,114
2025,20250341,Aleksandr Vlasov,16,Stage 16,0,0,0,0,0,0,0,4,4
2025,20250341,Aleksandr Vlasov,17,Stage 17,0,0,0,0,0,0,0,8,8
2025,20250341,Aleksandr Vlasov,18,Stage 18,0,0,0,0,0,0,0,4,4
2025,20250341,Aleksandr Vlasov,19,Stage 19,0,0,0,0,0,0,0,4,4
2025,20250341,Aleksandr Vlasov,20,Stage 20,0,0,0,0,0,0,0,4,4
2025,20250341,Aleksandr Vlasov,21,Stage 21,0,0,0,0,0,0,0,4,4
2025,20250341,Aleksandr Vlasov,22,Final Classifications,0,0,0,0,0,0,0,30,50
2025,20250429,Frank Van Den Broek,1,Stage 1,0,0,0,0,0,0,0,0,0
2025,20250429,Frank Van Den Broek,2,Stage 2,0,0,0,0,0,0,0,0,0
2025,20250429,Frank Van Den Broek,3,Stage 3,0,0,0,0,0,0,0,0,0
2025,20250429,Frank Van Den Broek,4,Stage 4,0,0,0,0,0,0,0,0,0
2025,20250429,Frank Van Den Broek,5,Stage 5,0,0,0,0,0,0,0,0,0
2025,20250429,Frank Van Den Broek,6,Stage 6,0,0,0,0,0,0,0,0,0
2025,20250429,Frank Van Den Broek,7,Stage 7,0,0,0,0,0,0,0,2,2
2025,20250429,Frank Van Den Broek,8,Stage 8,0,0,0,0,0,0,0,0,0
2025,20250429,Frank Van Den Broek,9,Stage 9,0,0,0,0,0,0,0,0,0
2025,20250429,Frank Van Den Broek,10,Stage 10,0,0,0,0,0,0,0,0,0
2025,20250429,Frank Van Den Broek,11,Stage 11,0,0,0,0,0,0,0,0,0
2025,20250429,Frank Van Den Broek,12,Stage 12,0,0,0,0,0,0,0,0,0
2025,20250429,Frank Van Den Broek,13,Stage 13,0,0,0,0,0,0,0,0,0
2025,20250429,Frank Van Den Broek,14,Stage 14,0,0,0,0,0,0,0,0,0
2025,20250429,Frank Van Den Broek,15,Stage 15,0,0,0,0,0,0,0,0,0
2025,20250429,Frank Van Den Broek,16,Stage 16,0,0,0,0,0,0,0,0,0
2025,20250429,Frank Van Den Broek,17,Stage 17,0,0,0,0,0,0,0,2,2
2025,20250429,Frank Van Den Broek,18,Stage 18,0,0,0,0,0,0,0,0,0
2025,20250429,Frank Van Den Broek,19,Stage 19,0,0,0,0,0,0,0,0,0
2025,20250429,Frank Van Den Broek,20,Stage 20,180,0,0,0,12,0,20,0,212
2025,20250429,Frank Van Den Broek,21,Stage 21,0,0,0,0,0,0,0,0,0
2025,20250429,Frank Van Den Broek,22,Final Classifications,0,0,0,0,0,0,0,0,0
2025,20250514,Harold Tejada,1,Stage 1,0,0,0,0,0,0,0,0,0
2025,20250514,Harold Tejada,2,Stage 2,0,0,0,0,0,0,0,0,0
2025,20250514,Harold Tejada,3,Stage 3,0,0,0,0,0,0,0,0,0
2025,20250514,Harold Tejada,4,Stage 4,0,0,0,0,0,0,0,0,0
2025,20250514,Harold Tejada,5,Stage 5,0,0,0,0,0,0,0,0,0
2025,20250514,Harold Tejada,6,Stage 6,95,0,0,0,0,0,20,0,115
2025,20250514,Harold Tejada,7,Stage 7,0,0,0,0,0,0,0,0,0
2025,20250514,Harold Tejada,8,Stage 8,0,0,0,0,0,0,0,0,0
2025,20250514,Harold Tejada,9,Stage 9,0,0,0,0,0,0,0,0,0
2025,20250514,Harold Tejada,10,Stage 10,0,0,0,0,0,0,0,0,0
2025,20250514,Harold Tejada,11,Stage 11,0,0,0,0,0,0,0,0,0
2025,20250514,Harold Tejada,12,Stage 12,0,0,0,0,0,0,0,0,0
2025,20250514,Harold Tejada,13,Stage 13,0,0,0,0,0,0,0,0,0
2025,20250514,Harold Tejada,14,Stage 14,40,0,0,0,0,0,0,0,40
2025,20250514,Harold Tejada,15,Stage 15,50,0,0,0,0,0,0,0,50
2025,20250514,Harold Tejada,16,Stage 16,0,0,0,0,0,0,0,0,0
2025,20250514,Harold Tejada,17,Stage 17,0,0,0,0,0,0,0,0,0
2025,20250514,Harold Tejada,18,Stage 18,0,0,0,0,0,0,0,0,0
2025,20250514,Harold Tejada,19,Stage 19,4,0,0,0,0,0,0,0,4
2025,20250514,Harold Tejada,20,Stage 20,0,0,0,0,0,0,0,0,0
2025,20250514,Harold Tejada,21,Stage 21,0,0,0,0,0,0,0,4,4
2025,20250514,Harold Tejada,22,Final Classifications,0,0,0,0,0,0,0,0,0
2025,20250170,Harry Sweeny,1,Stage 1,30,7,0,0,0,0,0,0,37
2025,20250170,Harry Sweeny,2,Stage 2,0,0,0,0,0,0,0,0,0
2025,20250170,Harry Sweeny,3,Stage 3,0,0,0,0,0,0,0,0,0
2025,20250170,Harry Sweeny,4,Stage 4,0,0,0,0,0,0,0,0,0
2025,20250170,Harry Sweeny,5,Stage 5,0,0,0,0,0,0,0,0,0
2025,20250170,Harry Sweeny,6,Stage 6,0,0,0,0,0,0,0,8,8
2025,20250170,Harry Sweeny,7,Stage 7,0,0,0,0,0,0,0,0,0
2025,20250170,Harry Sweeny,8,Stage 8,0,0,0,0,0,0,0,0,0
2025,20250170,Harry Sweeny,9,Stage 9,0,0,0,0,0,0,0,0,0
2025,20250170,Harry Sweeny,10,Stage 10,0,0,0,0,12,0,20,10,42
2025,20250170,Harry Sweeny,11,Stage 11,0,0,0,0,0,0,0,8,8
2025,20250170,Harry Sweeny,12,Stage 12,0,0,0,0,0,0,0,0,0
2025,20250170,Harry Sweeny,13,Stage 13,25,0,0,0,0,0,0,0,25
2025,20250170,Harry Sweeny,14,Stage 14,0,0,0,0,0,0,0,0,0
2025,20250170,Harry Sweeny,15,Stage 15,0,0,0,0,0,0,0,0,0
2025,20250170,Harry Sweeny,16,Stage 16,0,0,0,0,0,0,0,4,4
2025,20250170,Harry Sweeny,17,Stage 17,0,0,0,0,0,0,0,0,0
2025,20250170,Harry Sweeny,18,Stage 18,0,0,0,0,0,0,0,0,0
2025,20250170,Harry Sweeny,19,Stage 19,0,0,0,0,0,0,0,0,0
2025,20250170,Harry Sweeny,20,Stage 20,60,0,0,0,5,0,20,0,85
2025,20250170,Harry Sweeny,21,Stage 21,0,0,0,0,0,0,0,0,0
2025,20250170,Harry Sweeny,22,Final Classifications,0,0,0,0,0,0,0,0,0
2025,20250370,Ilan Van Wilder,1,Stage 1,0,0,0,0,0,0,0,0,0
2025,20250370,Ilan Van Wilder,2,Stage 2,0,0,0,0,0,0,0,0,0
2025,20250370,Ilan Van Wilder,3,Stage 3,0,0,0,0,0,0,0,8,8
2025,20250370,Ilan Van Wilder,4,Stage 4,0,0,0,0,0,0,0,0,0
2025,20250370,Ilan Van Wilder,5,Stage 5,0,0,0,0,0,0,0,0,0
2025,20250370,Ilan Van Wilder,6,Stage 6,0,0,0,0,0,0,0,2,2
2025,20250370,Ilan Van Wilder,7,Stage 7,0,0,0,0,0,0,0,4,4
2025,20250370,Ilan Van Wilder,8,Stage 8,0,0,0,0,0,0,0,4,4
2025,20250370,Ilan Van Wilder,9,Stage 9,0,0,0,0,0,0,0,12,12
2025,20250370,Ilan Van Wilder,10,Stage 10,0,0,0,0,0,0,0,2,2
2025,20250370,Ilan Van Wilder,11,Stage 11,0,0,0,0,0,0,0,2,2
2025,20250370,Ilan Van Wilder,12,Stage 12,0,0,0,0,0,0,0,2,2
2025,20250370,Ilan Van Wilder,13,Stage 13,0,0,0,0,0,0,0,0,0
2025,20250370,Ilan Van Wilder,14,Stage 14,0,0,0,0,0,0,0,0,0
2025,20250370,Ilan Van Wilder,15,Stage 15,0,0,0,0,0,0,0,0,0
2025,20250370,Ilan Van Wilder,16,Stage 16,140,0,0,0,0,15,0,8,163
2025,20250370,Ilan Van Wilder,17,Stage 17,0,0,0,0,0,0,0,0,0
2025,20250370,Ilan Van Wilder,18,Stage 18,0,0,0,0,0,0,0,0,0
2025,20250370,Ilan Van Wilder,19,Stage 19,0,0,0,0,0,0,0,0,0
2025,20250370,Ilan Van Wilder,20,Stage 20,0,0,0,0,0,0,0,2,2
2025,20250370,Ilan Van Wilder,21,Stage 21,0,0,0,0,0,0,0,0,0
2025,20250370,Ilan Van Wilder,22,Final Classifications,0,0,0,0,0,0,0,0,0
2025,20250047,Cristián Rodríguez,1,Stage 1,0,0,0,0,0,0,0,0,0
2025,20250047,Cristián Rodríguez,2,Stage 2,0,0,0,0,0,0,0,0,0
2025,20250047,Cristián Rodríguez,3,Stage 3,0,0,0,0,0,0,0,0,0
2025,20250047,Cristián Rodríguez,4,Stage 4,0,0,0,0,0,0,0,0,0
2025,20250047,Cristián Rodríguez,5,Stage 5,0,0,0,0,0,0,0,0,0
2025,20250047,Cristián Rodríguez,6,Stage 6,0,0,0,0,0,0,0,0,0
2025,20250047,Cristián Rodríguez,7,Stage 7,16,0,0,0,0,0,0,2,18
2025,20250047,Cristián Rodríguez,8,Stage 8,0,0,0,0,0,0,0,2,2
2025,20250047,Cristián Rodríguez,9,Stage 9,0,0,0,0,0,0,0,2,2
2025,20250047,Cristián Rodríguez,10,Stage 10,0,0,0,0,0,0,0,0,0
2025,20250047,Cristián Rodríguez,11,Stage 11,0,0,0,0,0,0,0,0,0
2025,20250047,Cristián Rodríguez,12,Stage 12,60,2,0,0,0,0,0,2,64
2025,20250047,Cristián Rodríguez,13,Stage 13,12,3,0,0,0,0,0,0,15
2025,20250047,Cristián Rodríguez,14,Stage 14,0,3,0,0,0,0,0,0,3
2025,20250047,Cristián Rodríguez,15,Stage 15,0,3,0,0,0,0,0,0,3
2025,20250047,Cristián Rodríguez,16,Stage 16,0,4,0,0,0,0,0,0,4
2025,20250047,Cristián Rodríguez,17,Stage 17,0,4,0,0,0,0,0,0,4
2025,20250047,Cristián Rodríguez,18,Stage 18,0,0,0,0,0,0,0,0,0
2025,20250047,Cristián Rodríguez,19,Stage 19,0,0,0,0,0,0,0,0,0
2025,20250047,Cristián Rodríguez,20,Stage 20,0,1,0,0,0,0,0,0,1
2025,20250047,Cristián Rodríguez,21,Stage 21,0,1,0,0,0,0,0,0,1
2025,20250047,Cristián Rodríguez,22,Final Classifications,0,55,0,0,0,0,0,20,75
2025,20250073,Matej Mohorič,1,Stage 1,0,0,0,0,0,0,0,0,0
2025,20250073,Matej Mohorič,2,Stage 2,0,0,0,0,0,0,0,0,0
2025,20250073,Matej Mohorič,3,Stage 3,0,0,0,0,0,0,0,2,2
2025,20250073,Matej Mohorič,4,Stage 4,0,0,0,0,0,0,0,0,0
2025,20250073,Matej Mohorič,5,Stage 5,0,0,0,0,0,0,0,0,0
2025,20250073,Matej Mohorič,6,Stage 6,0,0,0,0,0,0,0,0,0
2025,20250073,Matej Mohorič,7,Stage 7,0,0,0,0,0,0,0,0,0
2025,20250073,Matej Mohorič,8,Stage 8,0,0,0,0,0,0,0,0,0
2025,20250073,Matej Mohorič,9,Stage 9,0,0,0,0,0,0,0,0,0
2025,20250073,Matej Mohorič,10,Stage 10,0,0,0,0,0,0,0,0,0
2025,20250073,Matej Mohorič,11,Stage 11,0,0,0,0,0,0,0,0,0
2025,20250073,Matej Mohorič,12,Stage 12,0,0,0,0,0,0,0,0,0
2025,20250073,Matej Mohorič,13,Stage 13,0,0,0,0,0,0,0,0,0
2025,20250073,Matej Mohorič,14,Stage 14,0,0,0,0,0,0,0,0,0
2025,20250073,Matej Mohorič,15,Stage 15,0,0,0,0,6,0,20,0,26
2025,20250073,Matej Mohorič,16,Stage 16,0,0,0,0,0,0,0,2,2
2025,20250073,Matej Mohorič,17,Stage 17,0,0,0,0,0,0,0,0,0
2025,20250073,Matej Mohorič,18,Stage 18,0,0,0,0,0,0,0,0,0
2025,20250073,Matej Mohorič,19,Stage 19,0,0,0,0,0,0,0,0,0
2025,20250073,Matej Mohorič,20,Stage 20,0,0,0,0,0,0,0,0,0
2025,20250073,Matej Mohorič,21,Stage 21,160,0,0,0,0,0,0,0,160
2025,20250073,Matej Mohorič,22,Final Classifications,0,0,0,0,0,0,0,0,0
2025,20250515,Mike Teunissen,1,Stage 1,50,10,0,0,0,0,0,0,60
2025,20250515,Mike Teunissen,2,Stage 2,0,0,0,0,0,0,0,0,0
2025,20250515,Mike Teunissen,3,Stage 3,0,0,0,0,0,0,0,0,0
2025,20250515,Mike Teunissen,4,Stage 4,0,0,0,0,0,0,0,0,0
2025,20250515,Mike Teunissen,5,Stage 5,0,0,0,0,0,0,0,0,0
2025,20250515,Mike Teunissen,6,Stage 6,0,0,0,0,0,0,0,0,0
2025,20250515,Mike Teunissen,7,Stage 7,0,0,0,0,0,0,0,0,0
2025,20250515,Mike Teunissen,8,Stage 8,0,0,0,0,0,0,0,0,0
2025,20250515,Mike Teunissen,9,Stage 9,0,0,0,0,0,0,0,0,0
2025,20250515,Mike Teunissen,10,Stage 10,0,0,0,0,0,0,0,0,0
2025,20250515,Mike Teunissen,11,Stage 11,0,0,0,0,0,0,0,0,0
2025,20250515,Mike Teunissen,12,Stage 12,0,0,0,0,0,0,0,0,0
2025,20250515,Mike Teunissen,13,Stage 13,0,0,0,0,0,0,0,0,0
2025,20250515,Mike Teunissen,14,Stage 14,0,0,0,0,0,0,0,0,0
2025,20250515,Mike Teunissen,15,Stage 15,0,0,0,0,0,0,0,0,0
2025,20250515,Mike Teunissen,16,Stage 16,0,0,0,0,0,0,0,0,0
2025,20250515,Mike Teunissen,17,Stage 17,25,0,0,0,0,0,0,0,25
2025,20250515,Mike Teunissen,18,Stage 18,0,0,0,0,0,0,0,0,0
2025,20250515,Mike Teunissen,19,Stage 19,0,0,0,0,0,0,0,0,0
2025,20250515,Mike Teunissen,20,Stage 20,30,0,0,0,0,0,0,0,30
2025,20250515,Mike Teunissen,21,Stage 21,70,0,0,0,0,0,0,4,74
2025,20250515,Mike Teunissen,22,Final Classifications,0,0,0,0,0,0,0,0,0
2025,20250281,Jasper Stuyven,1,Stage 1,0,0,0,0,0,0,0,0,0
2025,20250281,Jasper Stuyven,2,Stage 2,0,0,0,0,0,0,0,0,0
2025,20250281,Jasper Stuyven,3,Stage 3,0,0,0,0,0,0,0,4,4
2025,20250281,Jasper Stuyven,4,Stage 4,0,0,0,0,0,0,0,0,0
2025,20250281,Jasper Stuyven,5,Stage 5,0,0,0,0,0,0,0,0,0
2025,20250281,Jasper Stuyven,6,Stage 6,0,0,0,0,0,0,0,4,4
2025,20250281,Jasper Stuyven,7,Stage 7,0,0,0,0,0,0,0,0,0
2025,20250281,Jasper Stuyven,8,Stage 8,0,0,0,0,0,0,0,8,8
2025,20250281,Jasper Stuyven,9,Stage 9,0,0,0,0,0,0,0,4,4
2025,20250281,Jasper Stuyven,10,Stage 10,0,0,0,0,0,0,0,0,0
2025,20250281,Jasper Stuyven,11,Stage 11,0,0,0,0,0,0,0,0,0
2025,20250281,Jasper Stuyven,12,Stage 12,0,0,0,0,0,0,0,0,0
2025,20250281,Jasper Stuyven,13,Stage 13,0,0,0,0,0,0,0,0,0
2025,20250281,Jasper Stuyven,14,Stage 14,0,0,0,0,0,0,0,0,0
2025,20250281,Jasper Stuyven,15,Stage 15,95,0,0,0,0,0,0,0,95
2025,20250281,Jasper Stuyven,16,Stage 16,0,0,0,0,0,0,0,0,0
2025,20250281,Jasper Stuyven,17,Stage 17,60,0,0,0,0,0,0,8,68
2025,20250281,Jasper Stuyven,18,Stage 18,0,0,0,0,0,0,0,0,0
2025,20250281,Jasper Stuyven,19,Stage 19,0,0,0,0,4,0,0,0,4
2025,20250281,Jasper Stuyven,20,Stage 20,0,0,0,0,0,0,0,0,0
2025,20250281,Jasper Stuyven,21,Stage 21,0,0,0,0,0,0,0,0,0
2025,20250281,Jasper Stuyven,22,Final Classifications,0,0,0,0,0,0,0,0,0
2025,20250016,Xandro Meurisse,1,Stage 1,0,0,0,0,0,0,0,18,18
2025,20250016,Xandro Meurisse,2,Stage 2,0,0,0,0,0,0,0,18,18
2025,20250016,Xandro Meurisse,3,Stage 3,0,0,0,0,0,0,0,10,10
2025,20250016,Xandro Meurisse,4,Stage 4,0,0,0,0,0,0,0,12,12
2025,20250016,Xandro Meurisse,5,Stage 5,0,0,0,0,0,0,0,0,0
2025,20250016,Xandro Meurisse,6,Stage 6,0,0,0,0,0,0,0,8,8
2025,20250016,Xandro Meurisse,7,Stage 7,12,0,0,0,0,0,0,0,12
2025,20250016,Xandro Meurisse,8,Stage 8,0,0,0,0,0,0,0,2,2
2025,20250016,Xandro Meurisse,9,Stage 9,0,0,0,0,0,0,0,0,0
2025,20250016,Xandro Meurisse,10,Stage 10,0,0,0,0,0,0,0,0,0
2025,20250016,Xandro Meurisse,11,Stage 11,0,0,0,0,0,0,0,2,2
2025,20250016,Xandro Meurisse,12,Stage 12,0,0,0,0,0,0,0,0,0
2025,20250016,Xandro Meurisse,13,Stage 13,0,0,0,0,0,0,0,0,0
2025,20250016,Xandro Meurisse,14,Stage 14,0,0,0,0,0,0,0,0,0
2025,20250016,Xandro Meurisse,15,Stage 15,0,0,0,0,0,0,0,0,0
2025,20250016,Xandro Meurisse,16,Stage 16,35,0,0,0,0,0,0,0,35
2025,20250016,Xandro Meurisse,17,Stage 17,0,0,0,0,0,0,0,0,0
2025,20250016,Xandro Meurisse,18,Stage 18,0,0,0,0,0,0,0,0,0
2025,20250016,Xandro Meurisse,19,Stage 19,0,0,0,0,0,0,0,0,0
2025,20250016,Xandro Meurisse,20,Stage 20,12,0,0,0,0,0,0,8,20
2025,20250016,Xandro Meurisse,21,Stage 21,0,0,0,0,0,0,0,0,0
2025,20250016,Xandro Meurisse,22,Final Classifications,0,0,0,0,0,0,0,0,45
2025,20250303,Gregor Mühlberger,1,Stage 1,0,0,0,0,0,0,0,0,0
2025,20250303,Gregor Mühlberger,2,Stage 2,0,0,0,0,0,0,0,0,0
2025,20250303,Gregor Mühlberger,3,Stage 3,0,0,0,0,0,0,0,0,0
2025,20250303,Gregor Mühlberger,4,Stage 4,0,0,0,0,0,0,0,0,0
2025,20250303,Gregor Mühlberger,5,Stage 5,0,0,0,0,0,0,0,0,0
2025,20250303,Gregor Mühlberger,6,Stage 6,0,0,0,0,0,0,0,0,0
2025,20250303,Gregor Mühlberger,7,Stage 7,0,0,0,0,0,0,0,0,0
2025,20250303,Gregor Mühlberger,8,Stage 8,0,0,0,0,0,0,0,0,0
2025,20250303,Gregor Mühlberger,9,Stage 9,0,0,0,0,0,0,0,0,0
2025,20250303,Gregor Mühlberger,10,Stage 10,0,0,0,0,0,0,0,0,0
2025,20250303,Gregor Mühlberger,11,Stage 11,0,0,0,0,0,0,0,0,0
2025,20250303,Gregor Mühlberger,12,Stage 12,0,0,0,0,0,0,0,0,0
2025,20250303,Gregor Mühlberger,13,Stage 13,0,0,0,0,0,0,0,0,0
2025,20250303,Gregor Mühlberger,14,Stage 14,0,0,0,0,0,0,0,0,0
2025,20250303,Gregor Mühlberger,15,Stage 15,0,0,0,0,0,0,0,0,0
2025,20250303,Gregor Mühlberger,16,Stage 16,50,0,0,0,0,0,0,0,50
2025,20250303,Gregor Mühlberger,17,Stage 17,0,0,0,0,0,0,0,0,0
2025,20250303,Gregor Mühlberger,18,Stage 18,0,0,0,0,0,15,0,0,15
2025,20250303,Gregor Mühlberger,19,Stage 19,25,3,0,0,0,0,0,0,28
2025,20250303,Gregor Mühlberger,20,Stage 20,0,3,0,0,0,0,0,0,3
2025,20250303,Gregor Mühlberger,21,Stage 21,0,3,0,0,0,0,0,0,3
2025,20250303,Gregor Mühlberger,22,Final Classifications,0,70,0,0,0,0,0,0,70
2025,20250912,Jake Stewart,1,Stage 1,0,0,0,0,0,0,0,0,0
2025,20250912,Jake Stewart,2,Stage 2,0,0,0,0,0,0,0,0,0
2025,20250912,Jake Stewart,3,Stage 3,30,0,0,0,0,0,0,0,30
2025,20250912,Jake Stewart,4,Stage 4,0,0,0,0,0,0,0,0,0
2025,20250912,Jake Stewart,5,Stage 5,0,0,0,0,0,0,0,0,0
2025,20250912,Jake Stewart,6,Stage 6,0,0,0,0,0,0,0,0,0
2025,20250912,Jake Stewart,7,Stage 7,0,0,0,0,0,0,0,0,0
2025,20250912,Jake Stewart,8,Stage 8,0,0,0,0,0,0,0,0,0
2025,20250912,Jake Stewart,9,Stage 9,0,0,0,0,0,0,0,0,0
2025,20250912,Jake Stewart,10,Stage 10,0,0,0,0,0,0,0,0,0
2025,20250912,Jake Stewart,11,Stage 11,0,0,0,0,0,0,0,0,0
2025,20250912,Jake Stewart,12,Stage 12,0,0,0,0,0,0,0,0,0
2025,20250912,Jake Stewart,13,Stage 13,0,0,0,0,0,0,0,0,0
2025,20250912,Jake Stewart,14,Stage 14,0,0,0,0,0,0,0,0,0
2025,20250912,Jake Stewart,15,Stage 15,0,0,0,0,8,0,0,0,8
2025,20250912,Jake Stewart,16,Stage 16,0,0,0,0,0,0,0,0,0
2025,20250912,Jake Stewart,17,Stage 17,0,0,0,0,0,0,0,0,0
2025,20250912,Jake Stewart,18,Stage 18,0,0,0,0,0,0,0,0,0
2025,20250912,Jake Stewart,19,Stage 19,0,0,0,0,0,0,0,0,0
2025,20250912,Jake Stewart,20,Stage 20,110,0,0,0,0,0,20,0,130
2025,20250912,Jake Stewart,21,Stage 21,0,0,0,0,0,0,0,0,0
2025,20250912,Jake Stewart,22,Final Classifications,0,0,0,0,0,0,0,0,0
2025,20250890,Joseph Blackmore,1,Stage 1,0,0,0,0,0,0,0,0,0
2025,20250890,Joseph Blackmore,2,Stage 2,0,13,0,0,0,0,0,0,13
2025,20250890,Joseph Blackmore,3,Stage 3,0,14,0,0,0,0,0,0,14
2025,20250890,Joseph Blackmore,4,Stage 4,0,6,0,0,0,0,0,0,6
2025,20250890,Joseph Blackmore,5,Stage 5,0,0,0,0,0,0,0,0,0
2025,20250890,Joseph Blackmore,6,Stage 6,0,0,0,0,0,0,0,0,0
2025,20250890,Joseph Blackmore,7,Stage 7,0,0,0,0,0,0,0,0,0
2025,20250890,Joseph Blackmore,8,Stage 8,0,0,0,0,0,0,0,0,0
2025,20250890,Joseph Blackmore,9,Stage 9,0,0,0,0,0,0,0,0,0
2025,20250890,Joseph Blackmore,10,Stage 10,110,0,0,0,4,0,20,0,134
2025,20250890,Joseph Blackmore,11,Stage 11,0,0,0,0,0,0,0,0,0
2025,20250890,Joseph Blackmore,12,Stage 12,0,0,0,0,0,0,0,0,0
2025,20250890,Joseph Blackmore,13,Stage 13,0,0,0,0,0,0,0,0,0
2025,20250890,Joseph Blackmore,14,Stage 14,0,0,0,0,0,0,0,0,0
2025,20250890,Joseph Blackmore,15,Stage 15,0,0,0,0,0,0,0,0,0
2025,20250890,Joseph Blackmore,16,Stage 16,0,0,0,0,0,0,0,0,0
2025,20250890,Joseph Blackmore,17,Stage 17,0,0,0,0,0,0,0,0,0
2025,20250890,Joseph Blackmore,18,Stage 18,0,0,0,0,0,0,0,0,0
2025,20250890,Joseph Blackmore,19,Stage 19,0,0,0,0,0,0,0,0,0
2025,20250890,Joseph Blackmore,20,Stage 20,0,0,0,0,0,0,0,0,0
2025,20250890,Joseph Blackmore,21,Stage 21,0,0,0,0,0,0,0,0,0
2025,20250890,Joseph Blackmore,22,Final Classifications,0,0,0,0,0,0,0,0,0
2025,20250381,Eddie Dunbar,1,Stage 1,0,0,0,0,0,0,0,0,0
2025,20250381,Eddie Dunbar,2,Stage 2,0,0,0,0,0,0,0,0,0
2025,20250381,Eddie Dunbar,3,Stage 3,0,0,0,0,0,0,0,0,0
2025,20250381,Eddie Dunbar,4,Stage 4,0,0,0,0,0,0,0,0,0
2025,20250381,Eddie Dunbar,5,Stage 5,0,0,0,0,0,0,0,0,0
2025,20250381,Eddie Dunbar,6,Stage 6,140,0,0,4,0,0,20,0,164
2025,20250381,Eddie Dunbar,7,Stage 7,0,0,0,1,0,0,0,0,1
2025,20250381,Eddie Dunbar,8,Stage 8,0,0,0,0,0,0,0,0,0
2025,20250381,Eddie Dunbar,9,Stage 9,0,0,0,0,0,0,0,0,0
2025,20250381,Eddie Dunbar,10,Stage 10,0,0,0,0,0,0,0,0,0
2025,20250381,Eddie Dunbar,11,Stage 11,0,0,0,0,0,0,0,0,0
2025,20250381,Eddie Dunbar,12,Stage 12,0,0,0,0,0,0,0,0,0
2025,20250381,Eddie Dunbar,13,Stage 13,0,0,0,0,0,0,0,0,0
2025,20250381,Eddie Dunbar,14,Stage 14,0,0,0,0,0,0,0,0,0
2025,20250381,Eddie Dunbar,15,Stage 15,0,0,0,0,0,0,0,0,0
2025,20250381,Eddie Dunbar,16,Stage 16,0,0,0,0,0,0,0,0,0
2025,20250381,Eddie Dunbar,17,Stage 17,0,0,0,0,0,0,0,0,0
2025,20250381,Eddie Dunbar,18,Stage 18,0,0,0,0,0,0,0,0,0
2025,20250381,Eddie Dunbar,19,Stage 19,0,0,0,0,0,0,0,0,0
2025,20250381,Eddie Dunbar,20,Stage 20,0,0,0,0,0,0,0,0,0
2025,20250381,Eddie Dunbar,21,Stage 21,0,0,0,0,0,0,0,0,0
2025,20250381,Eddie Dunbar,22,Final Classifications,0,0,0,0,0,0,0,0,0
2025,20250309,Iván Romeo,1,Stage 1,0,0,0,0,0,0,0,0,0
2025,20250309,Iván Romeo,2,Stage 2,0,0,0,0,0,0,0,0,0
2025,20250309,Iván Romeo,3,Stage 3,0,0,0,0,0,0,0,0,0
2025,20250309,Iván Romeo,4,Stage 4,0,0,0,0,0,0,0,0,0
2025,20250309,Iván Romeo,5,Stage 5,95,0,0,0,0,0,0,0,95
2025,20250309,Iván Romeo,6,Stage 6,0,0,0,0,0,0,0,0,0
2025,20250309,Iván Romeo,7,Stage 7,0,0,0,0,0,0,0,0,0
2025,20250309,Iván Romeo,8,Stage 8,0,0,0,0,0,0,0,0,0
2025,20250309,Iván Romeo,9,Stage 9,0,0,0,0,0,0,0,0,0
2025,20250309,Iván Romeo,10,Stage 10,0,0,0,0,8,0,0,0,8
2025,20250309,Iván Romeo,11,Stage 11,0,0,0,0,0,0,0,0,0
2025,20250309,Iván Romeo,12,Stage 12,0,0,0,0,0,0,0,0,0
2025,20250309,Iván Romeo,13,Stage 13,0,0,0,0,0,0,0,0,0
2025,20250309,Iván Romeo,14,Stage 14,0,0,0,0,0,0,0,0,0
2025,20250309,Iván Romeo,15,Stage 15,30,0,0,0,0,0,0,0,30
2025,20250309,Iván Romeo,16,Stage 16,0,0,0,0,0,0,0,0,0
2025,20250309,Iván Romeo,17,Stage 17,0,0,0,0,0,0,0,0,0
2025,20250309,Iván Romeo,18,Stage 18,0,0,0,0,0,0,0,0,0
2025,20250309,Iván Romeo,19,Stage 19,0,0,0,0,0,0,0,0,0
2025,20250309,Iván Romeo,20,Stage 20,0,0,0,0,1,0,20,0,21
2025,20250309,Iván Romeo,21,Stage 21,0,0,0,0,0,0,0,0,0
2025,20250309,Iván Romeo,22,Final Classifications,0,0,0,0,0,0,0,0,0
2025,20251396,Stian Fredheim,1,Stage 1,0,0,0,0,0,0,0,4,4
2025,20251396,Stian Fredheim,2,Stage 2,0,0,0,0,0,0,0,0,0
2025,20251396,Stian Fredheim,3,Stage 3,0,0,0,0,0,0,0,0,0
2025,20251396,Stian Fredheim,4,Stage 4,0,0,0,0,0,0,0,0,0
2025,20251396,Stian Fredheim,5,Stage 5,0,0,0,0,0,0,0,0,0
2025,20251396,Stian Fredheim,6,Stage 6,0,0,0,0,0,0,0,0,0
2025,20251396,Stian Fredheim,7,Stage 7,0,0,0,0,0,0,0,0,0
2025,20251396,Stian Fredheim,8,Stage 8,60,0,0,0,0,0,0,0,60
2025,20251396,Stian Fredheim,9,Stage 9,70,0,0,0,0,0,0,0,70
2025,20251396,Stian Fredheim,10,Stage 10,0,0,0,0,0,0,0,0,0
2025,20251396,Stian Fredheim,11,Stage 11,0,0,0,0,0,0,0,8,8
2025,20251396,Stian Fredheim,12,Stage 12,0,0,0,0,8,0,0,0,8
2025,20251396,Stian Fredheim,13,Stage 13,0,0,0,0,0,0,0,0,0
2025,20251396,Stian Fredheim,14,Stage 14,0,0,0,0,0,0,0,0,0
2025,20251396,Stian Fredheim,15,Stage 15,0,0,0,0,0,0,0,0,0
2025,20251396,Stian Fredheim,16,Stage 16,0,0,0,0,0,0,0,0,0
2025,20251396,Stian Fredheim,17,Stage 17,0,0,0,0,0,0,0,0,0
2025,20251396,Stian Fredheim,18,Stage 18,0,0,0,0,0,0,0,0,0
2025,20251396,Stian Fredheim,19,Stage 19,0,0,0,0,0,0,0,0,0
2025,20251396,Stian Fredheim,20,Stage 20,0,0,0,0,0,0,0,0,0
2025,20251396,Stian Fredheim,21,Stage 21,0,0,0,0,0,0,0,0,0
2025,20251396,Stian Fredheim,22,Final Classifications,0,0,0,0,0,0,0,0,0
2025,20251401,Anders Halland Johannessen,1,Stage 1,0,0,0,0,0,0,0,4,4
2025,20251401,Anders Halland Johannessen,2,Stage 2,0,0,0,0,0,0,0,0,0
2025,20251401,Anders Halland Johannessen,3,Stage 3,0,0,0,0,0,0,0,0,0
2025,20251401,Anders Halland Johannessen,4,Stage 4,0,0,0,0,0,0,0,0,0
2025,20251401,Anders Halland Johannessen,5,Stage 5,0,0,0,0,0,0,0,0,0
2025,20251401,Anders Halland Johannessen,6,Stage 6,0,0,0,0,0,0,0,0,0
2025,20251401,Anders Halland Johannessen,7,Stage 7,0,0,0,0,0,0,0,0,0
2025,20251401,Anders Halland Johannessen,8,Stage 8,0,0,0,0,0,0,0,0,0
2025,20251401,Anders Halland Johannessen,9,Stage 9,0,0,0,0,0,0,0,0,0
2025,20251401,Anders Halland Johannessen,10,Stage 10,95,0,0,0,20,0,20,0,135
2025,20251401,Anders Halland Johannessen,11,Stage 11,0,0,0,0,0,0,0,8,8
2025,20251401,Anders Halland Johannessen,12,Stage 12,0,0,0,0,0,0,0,0,0
2025,20251401,Anders Halland Johannessen,13,Stage 13,0,0,0,0,0,0,0,0,0
2025,20251401,Anders Halland Johannessen,14,Stage 14,0,0,0,0,0,0,0,0,0
2025,20251401,Anders Halland Johannessen,15,Stage 15,0,0,0,0,0,0,0,0,0
2025,20251401,Anders Halland Johannessen,16,Stage 16,0,0,0,0,0,0,0,0,0
2025,20251401,Anders Halland Johannessen,17,Stage 17,0,0,0,0,0,0,0,0,0
2025,20251401,Anders Halland Johannessen,18,Stage 18,0,0,0,0,0,0,0,0,0
2025,20251401,Anders Halland Johannessen,19,Stage 19,0,0,0,0,0,0,0,0,0
2025,20251401,Anders Halland Johannessen,20,Stage 20,0,0,0,0,0,0,0,0,0
2025,20251401,Anders Halland Johannessen,21,Stage 21,0,0,0,0,0,0,0,0,0
2025,20251401,Anders Halland Johannessen,22,Final Classifications,0,0,0,0,0,0,0,0,0
2025,20250192,Valentin Madouas,1,Stage 1,0,0,0,0,0,0,0,4,4
2025,20250192,Valentin Madouas,2,Stage 2,0,0,0,0,0,0,0,8,8
2025,20250192,Valentin Madouas,3,Stage 3,0,0,0,0,0,0,0,8,8
2025,20250192,Valentin Madouas,4,Stage 4,0,0,0,0,0,0,0,4,4
2025,20250192,Valentin Madouas,5,Stage 5,0,0,0,0,0,0,0,0,0
2025,20250192,Valentin Madouas,6,Stage 6,0,0,0,0,0,0,0,2,2
2025,20250192,Valentin Madouas,7,Stage 7,0,0,0,0,0,0,0,2,2
2025,20250192,Valentin Madouas,8,Stage 8,0,0,0,0,0,0,0,2,2
2025,20250192,Valentin Madouas,9,Stage 9,0,0,0,0,0,0,0,2,2
2025,20250192,Valentin Madouas,10,Stage 10,0,0,0,0,0,0,0,0,0
2025,20250192,Valentin Madouas,11,Stage 11,0,0,0,0,0,0,0,2,2
2025,20250192,Valentin Madouas,12,Stage 12,0,0,0,0,0,0,0,0,0
2025,20250192,Valentin Madouas,13,Stage 13,0,0,0,0,0,0,0,0,0
2025,20250192,Valentin Madouas,14,Stage 14,0,0,0,0,0,0,0,0,0
2025,20250192,Valentin Madouas,15,Stage 15,60,0,0,0,0,0,0,0,60
2025,20250192,Valentin Madouas,16,Stage 16,0,0,0,0,0,0,0,0,0
2025,20250192,Valentin Madouas,17,Stage 17,0,0,0,0,0,0,0,0,0
2025,20250192,Valentin Madouas,18,Stage 18,0,2,0,0,0,0,0,0,2
2025,20250192,Valentin Madouas,19,Stage 19,0,0,0,0,0,0,0,0,0
2025,20250192,Valentin Madouas,20,Stage 20,0,0,0,0,0,0,0,0,0
2025,20250192,Valentin Madouas,21,Stage 21,0,0,0,0,0,0,0,0,0
2025,20250192,Valentin Madouas,22,Final Classifications,0,0,0,0,0,0,0,0,50
2025,20251270,Mathieu Burgaudeau,1,Stage 1,0,0,0,0,0,0,0,0,0
2025,20251270,Mathieu Burgaudeau,2,Stage 2,0,0,0,0,0,0,0,0,0
2025,20251270,Mathieu Burgaudeau,3,Stage 3,0,0,0,0,0,0,0,0,0
2025,20251270,Mathieu Burgaudeau,4,Stage 4,0,0,0,0,0,0,0,0,0
2025,20251270,Mathieu Burgaudeau,5,Stage 5,0,0,0,0,0,0,0,0,0
2025,20251270,Mathieu Burgaudeau,6,Stage 6,0,0,0,0,0,0,0,0,0
2025,20251270,Mathieu Burgaudeau,7,Stage 7,0,0,0,0,0,0,0,0,0
2025,20251270,Mathieu Burgaudeau,8,Stage 8,0,0,0,0,0,0,0,0,0
2025,20251270,Mathieu Burgaudeau,9,Stage 9,0,0,0,0,0,0,0,0,0
2025,20251270,Mathieu Burgaudeau,10,Stage 10,0,0,0,0,0,0,0,0,0
2025,20251270,Mathieu Burgaudeau,11,Stage 11,80,0,0,0,6,0,20,0,106
2025,20251270,Mathieu Burgaudeau,12,Stage 12,0,0,0,0,0,0,0,0,0
2025,20251270,Mathieu Burgaudeau,13,Stage 13,0,0,0,0,0,0,0,0,0
2025,20251270,Mathieu Burgaudeau,14,Stage 14,0,0,0,0,0,0,0,0,0
2025,20251270,Mathieu Burgaudeau,15,Stage 15,0,0,0,0,0,0,0,0,0
2025,20251270,Mathieu Burgaudeau,16,Stage 16,0,0,0,0,0,0,0,0,0
2025,20251270,Mathieu Burgaudeau,17,Stage 17,0,0,0,0,16,0,20,0,36
2025,20251270,Mathieu Burgaudeau,18,Stage 18,0,0,0,0,0,0,0,0,0
2025,20251270,Mathieu Burgaudeau,19,Stage 19,0,0,0,0,0,0,0,0,0
2025,20251270,Mathieu Burgaudeau,20,Stage 20,0,0,0,0,0,0,0,0,0
2025,20251270,Mathieu Burgaudeau,21,Stage 21,0,0,0,0,0,0,0,0,0
2025,20251270,Mathieu Burgaudeau,22,Final Classifications,0,0,0,0,0,0,0,0,0
2025,20250497,Yevgeniy Fedorov,1,Stage 1,0,0,0,0,0,0,0,0,0
2025,20250497,Yevgeniy Fedorov,2,Stage 2,0,0,0,0,20,0,20,0,40
2025,20250497,Yevgeniy Fedorov,3,Stage 3,20,0,0,0,0,0,0,0,20
2025,20250497,Yevgeniy Fedorov,4,Stage 4,0,0,0,0,0,0,0,0,0
2025,20250497,Yevgeniy Fedorov,5,Stage 5,0,0,0,0,0,0,0,0,0
2025,20250497,Yevgeniy Fedorov,6,Stage 6,0,0,0,0,0,0,0,0,0
2025,20250497,Yevgeniy Fedorov,7,Stage 7,0,0,0,0,0,0,0,0,0
2025,20250497,Yevgeniy Fedorov,8,Stage 8,0,0,0,0,0,0,0,0,0
2025,20250497,Yevgeniy Fedorov,9,Stage 9,0,0,0,0,0,0,0,0,0
2025,20250497,Yevgeniy Fedorov,10,Stage 10,0,0,0,0,0,0,0,0,0
2025,20250497,Yevgeniy Fedorov,11,Stage 11,0,0,0,0,0,0,0,0,0
2025,20250497,Yevgeniy Fedorov,12,Stage 12,0,0,0,0,0,0,0,0,0
2025,20250497,Yevgeniy Fedorov,13,Stage 13,0,0,0,0,0,0,0,0,0
2025,20250497,Yevgeniy Fedorov,14,Stage 14,0,0,0,0,0,0,0,0,0
2025,20250497,Yevgeniy Fedorov,15,Stage 15,0,0,0,0,0,0,0,0,0
2025,20250497,Yevgeniy Fedorov,16,Stage 16,0,0,0,0,0,0,0,0,0
2025,20250497,Yevgeniy Fedorov,17,Stage 17,80,0,0,0,0,0,0,0,80
2025,20250497,Yevgeniy Fedorov,18,Stage 18,0,0,0,0,0,0,0,0,0
2025,20250497,Yevgeniy Fedorov,19,Stage 19,0,0,0,0,0,0,0,0,0
2025,20250497,Yevgeniy Fedorov,20,Stage 20,0,0,0,0,0,0,0,0,0
2025,20250497,Yevgeniy Fedorov,21,Stage 21,0,0,0,0,0,0,0,0,0
2025,20250497,Yevgeniy Fedorov,22,Final Classifications,0,0,0,0,0,0,0,0,0
2025,20250036,Raúl García Pierna,1,Stage 1,0,0,0,0,0,0,0,0,0
2025,20250036,Raúl García Pierna,2,Stage 2,0,0,0,0,0,0,0,0,0
2025,20250036,Raúl García Pierna,3,Stage 3,0,0,0,0,0,0,0,0,0
2025,20250036,Raúl García Pierna,4,Stage 4,0,0,0,0,0,0,0,0,0
2025,20250036,Raúl García Pierna,5,Stage 5,16,0,0,0,0,0,0,0,16
2025,20250036,Raúl García Pierna,6,Stage 6,0,0,0,0,0,0,0,0,0
2025,20250036,Raúl García Pierna,7,Stage 7,0,0,0,0,0,0,0,2,2
2025,20250036,Raúl García Pierna,8,Stage 8,0,0,0,0,0,0,0,2,2
2025,20250036,Raúl García Pierna,9,Stage 9,0,0,0,0,0,0,0,2,2
2025,20250036,Raúl García Pierna,10,Stage 10,0,0,0,0,0,0,20,0,20
2025,20250036,Raúl García Pierna,11,Stage 11,0,0,0,0,0,0,0,0,0
2025,20250036,Raúl García Pierna,12,Stage 12,40,0,0,0,0,0,0,2,42
2025,20250036,Raúl García Pierna,13,Stage 13,0,0,0,0,0,0,0,0,0
2025,20250036,Raúl García Pierna,14,Stage 14,0,0,0,0,0,0,0,0,0
2025,20250036,Raúl García Pierna,15,Stage 15,0,0,0,0,0,0,0,0,0
2025,20250036,Raúl García Pierna,16,Stage 16,8,0,0,0,0,0,0,0,8
2025,20250036,Raúl García Pierna,17,Stage 17,0,0,0,0,0,0,0,0,0
2025,20250036,Raúl García Pierna,18,Stage 18,0,0,0,0,0,0,0,0,0
2025,20250036,Raúl García Pierna,19,Stage 19,0,0,0,0,0,0,0,0,0
2025,20250036,Raúl García Pierna,20,Stage 20,0,0,0,0,0,0,0,0,0
2025,20250036,Raúl García Pierna,21,Stage 21,0,0,0,0,0,0,0,0,0
2025,20250036,Raúl García Pierna,22,Final Classifications,0,0,0,0,0,0,0,0,45
2025,20250085,Fred Wright,1,Stage 1,0,0,0,0,0,0,0,0,0
2025,20250085,Fred Wright,2,Stage 2,0,0,0,0,0,0,0,0,0
2025,20250085,Fred Wright,3,Stage 3,0,0,0,0,0,0,0,2,2
2025,20250085,Fred Wright,4,Stage 4,0,0,0,0,0,0,0,0,0
2025,20250085,Fred Wright,5,Stage 5,0,0,0,0,0,0,0,0,0
2025,20250085,Fred Wright,6,Stage 6,0,0,0,0,0,0,0,0,0
2025,20250085,Fred Wright,7,Stage 7,0,0,0,0,0,0,0,0,0
2025,20250085,Fred Wright,8,Stage 8,0,0,0,0,0,0,0,0,0
2025,20250085,Fred Wright,9,Stage 9,0,0,0,0,0,0,0,0,0
2025,20250085,Fred Wright,10,Stage 10,0,0,0,0,0,0,0,0,0
2025,20250085,Fred Wright,11,Stage 11,95,0,0,0,8,0,20,0,123
2025,20250085,Fred Wright,12,Stage 12,0,0,0,0,0,0,0,0,0
2025,20250085,Fred Wright,13,Stage 13,0,0,0,0,0,0,0,0,0
2025,20250085,Fred Wright,14,Stage 14,0,0,0,0,0,0,0,0,0
2025,20250085,Fred Wright,15,Stage 15,0,0,0,0,0,0,0,0,0
2025,20250085,Fred Wright,16,Stage 16,0,0,0,0,4,0,0,2,6
2025,20250085,Fred Wright,17,Stage 17,0,0,0,0,0,0,0,0,0
2025,20250085,Fred Wright,18,Stage 18,0,0,0,0,0,0,0,0,0
2025,20250085,Fred Wright,19,Stage 19,0,0,0,0,0,0,0,0,0
2025,20250085,Fred Wright,20,Stage 20,0,0,0,0,0,0,0,0,0
2025,20250085,Fred Wright,21,Stage 21,0,0,0,0,0,0,0,2,2
2025,20250085,Fred Wright,22,Final Classifications,0,0,0,0,0,0,0,0,0
2025,20250147,Vincenzo Albanese,1,Stage 1,0,0,0,0,0,0,0,0,0
2025,20250147,Vincenzo Albanese,2,Stage 2,0,0,0,0,0,0,0,0,0
2025,20250147,Vincenzo Albanese,3,Stage 3,0,0,0,0,0,0,0,0,0
2025,20250147,Vincenzo Albanese,4,Stage 4,0,0,0,0,0,0,0,0,0
2025,20250147,Vincenzo Albanese,5,Stage 5,0,0,0,0,0,0,0,0,0
2025,20250147,Vincenzo Albanese,6,Stage 6,0,0,0,0,0,0,0,8,8
2025,20250147,Vincenzo Albanese,7,Stage 7,0,0,0,0,0,0,0,0,0
2025,20250147,Vincenzo Albanese,8,Stage 8,70,0,0,0,0,0,0,0,70
2025,20250147,Vincenzo Albanese,9,Stage 9,0,0,0,0,0,0,0,0,0
2025,20250147,Vincenzo Albanese,10,Stage 10,0,0,0,0,0,0,0,10,10
2025,20250147,Vincenzo Albanese,11,Stage 11,0,0,0,0,0,0,0,8,8
2025,20250147,Vincenzo Albanese,12,Stage 12,0,0,0,0,0,0,0,0,0
2025,20250147,Vincenzo Albanese,13,Stage 13,0,0,0,0,0,0,0,0,0
2025,20250147,Vincenzo Albanese,14,Stage 14,0,0,0,0,0,0,0,0,0
2025,20250147,Vincenzo Albanese,15,Stage 15,0,0,0,0,0,0,0,0,0
2025,20250147,Vincenzo Albanese,16,Stage 16,0,0,0,0,0,0,0,4,4
2025,20250147,Vincenzo Albanese,17,Stage 17,0,0,0,0,12,0,20,0,32
2025,20250147,Vincenzo Albanese,18,Stage 18,0,0,0,0,0,0,0,0,0
2025,20250147,Vincenzo Albanese,19,Stage 19,0,0,0,0,0,0,0,0,0
2025,20250147,Vincenzo Albanese,20,Stage 20,0,0,0,0,0,0,0,0,0
2025,20250147,Vincenzo Albanese,21,Stage 21,0,0,0,0,0,0,0,0,0
2025,20250147,Vincenzo Albanese,22,Final Classifications,0,0,0,0,0,0,0,0,0
2025,20250291,Will Barta,1,Stage 1,0,0,0,0,0,0,0,0,0
2025,20250291,Will Barta,2,Stage 2,0,0,0,0,0,0,0,0,0
2025,20250291,Will Barta,3,Stage 3,0,0,0,0,0,0,0,0,0
2025,20250291,Will Barta,4,Stage 4,0,0,0,0,0,0,0,0,0
2025,20250291,Will Barta,5,Stage 5,0,0,0,0,0,0,0,0,0
2025,20250291,Will Barta,6,Stage 6,110,0,0,0,0,0,20,0,130
2025,20250291,Will Barta,7,Stage 7,0,0,0,0,0,0,0,0,0
2025,20250291,Will Barta,8,Stage 8,0,0,0,0,0,0,0,0,0
2025,20250291,Will Barta,9,Stage 9,0,0,0,0,0,0,0,0,0
2025,20250291,Will Barta,10,Stage 10,0,0,0,0,0,0,0,0,0
2025,20250291,Will Barta,11,Stage 11,0,0,0,0,0,0,0,0,0
2025,20250291,Will Barta,12,Stage 12,0,0,0,0,0,0,0,0,0
2025,20250291,Will Barta,13,Stage 13,0,0,0,0,0,0,0,0,0
2025,20250291,Will Barta,14,Stage 14,0,0,0,0,0,0,0,0,0
2025,20250291,Will Barta,15,Stage 15,0,0,0,0,0,0,0,0,0
2025,20250291,Will Barta,16,Stage 16,0,0,0,0,0,0,0,0,0
2025,20250291,Will Barta,17,Stage 17,0,0,0,0,0,0,0,0,0
2025,20250291,Will Barta,18,Stage 18,0,0,0,0,0,0,0,0,0
2025,20250291,Will Barta,19,Stage 19,0,0,0,0,1,0,0,0,1
2025,20250291,Will Barta,20,Stage 20,0,0,0,0,0,0,0,0,0
2025,20250291,Will Barta,21,Stage 21,0,0,0,0,0,0,0,0,0
2025,20250291,Will Barta,22,Final Classifications,0,0,0,0,0,0,0,0,0
2025,20250032,Ewen Costiou,1,Stage 1,0,0,0,0,0,0,0,0,0
2025,20250032,Ewen Costiou,2,Stage 2,0,0,0,0,0,0,0,0,0
2025,20250032,Ewen Costiou,3,Stage 3,0,0,0,0,0,0,0,0,0
2025,20250032,Ewen Costiou,4,Stage 4,0,0,0,0,0,0,0,0,0
2025,20250032,Ewen Costiou,5,Stage 5,0,0,0,0,0,0,0,0,0
2025,20250032,Ewen Costiou,6,Stage 6,0,0,0,0,0,0,0,0,0
2025,20250032,Ewen Costiou,7,Stage 7,0,0,0,2,6,0,20,2,30
2025,20250032,Ewen Costiou,8,Stage 8,0,0,0,2,0,0,0,2,4
2025,20250032,Ewen Costiou,9,Stage 9,0,0,0,2,0,0,0,2,4
2025,20250032,Ewen Costiou,10,Stage 10,0,0,0,0,0,0,0,0,0
2025,20250032,Ewen Costiou,11,Stage 11,0,0,0,0,0,0,0,0,0
2025,20250032,Ewen Costiou,12,Stage 12,0,0,0,0,0,0,0,2,2
2025,20250032,Ewen Costiou,13,Stage 13,0,0,0,0,0,0,0,0,0
2025,20250032,Ewen Costiou,14,Stage 14,0,0,0,0,5,0,0,0,5
2025,20250032,Ewen Costiou,15,Stage 15,0,0,0,0,0,0,0,0,0
2025,20250032,Ewen Costiou,16,Stage 16,0,0,0,0,0,0,0,0,0
2025,20250032,Ewen Costiou,17,Stage 17,0,0,0,0,0,0,0,0,0
2025,20250032,Ewen Costiou,18,Stage 18,0,0,0,0,0,0,0,0,0
2025,20250032,Ewen Costiou,19,Stage 19,0,0,0,0,0,0,0,0,0
2025,20250032,Ewen Costiou,20,Stage 20,40,0,0,0,0,0,20,0,60
2025,20250032,Ewen Costiou,21,Stage 21,0,0,0,0,0,0,0,0,0
2025,20250032,Ewen Costiou,22,Final Classifications,0,0,0,0,0,0,0,20,20
2025,20250163,Neilson Powless,1,Stage 1,0,0,0,0,0,0,0,0,0
2025,20250163,Neilson Powless,2,Stage 2,8,10,0,0,0,0,0,0,18
2025,20250163,Neilson Powless,3,Stage 3,0,9,0,0,0,0,0,0,9
2025,20250163,Neilson Powless,4,Stage 4,0,0,0,0,0,0,0,0,0
2025,20250163,Neilson Powless,5,Stage 5,0,0,0,0,0,0,0,0,0
2025,20250163,Neilson Powless,6,Stage 6,0,0,0,0,0,0,0,8,8
2025,20250163,Neilson Powless,7,Stage 7,0,0,0,0,0,0,0,0,0
2025,20250163,Neilson Powless,8,Stage 8,0,0,0,0,1,0,0,0,1
2025,20250163,Neilson Powless,9,Stage 9,0,0,0,0,0,0,0,0,0
2025,20250163,Neilson Powless,10,Stage 10,0,0,0,0,0,0,0,10,10
2025,20250163,Neilson Powless,11,Stage 11,0,0,0,0,0,0,0,8,8
2025,20250163,Neilson Powless,12,Stage 12,0,0,0,0,0,0,0,0,0
2025,20250163,Neilson Powless,13,Stage 13,0,0,0,0,0,0,0,0,0
2025,20250163,Neilson Powless,14,Stage 14,0,0,0,0,0,0,0,0,0
2025,20250163,Neilson Powless,15,Stage 15,20,0,0,0,0,0,20,0,40
2025,20250163,Neilson Powless,16,Stage 16,0,0,0,0,0,0,0,4,4
2025,20250163,Neilson Powless,17,Stage 17,0,0,0,0,0,0,0,0,0
2025,20250163,Neilson Powless,18,Stage 18,0,0,0,0,0,0,0,0,0
2025,20250163,Neilson Powless,19,Stage 19,0,0,0,0,0,0,0,0,0
2025,20250163,Neilson Powless,20,Stage 20,0,0,0,0,0,0,0,0,0
2025,20250163,Neilson Powless,21,Stage 21,25,0,0,0,0,0,0,0,25
2025,20250163,Neilson Powless,22,Final Classifications,0,0,0,0,0,0,0,0,0
2025,20250387,Dylan Groenewegen,1,Stage 1,0,0,0,0,0,0,0,0,0
2025,20250387,Dylan Groenewegen,2,Stage 2,0,0,0,0,0,0,0,0,0
2025,20250387,Dylan Groenewegen,3,Stage 3,35,0,0,0,0,0,0,0,35
2025,20250387,Dylan Groenewegen,4,Stage 4,0,0,0,0,0,0,0,0,0
2025,20250387,Dylan Groenewegen,5,Stage 5,0,0,0,0,0,0,0,0,0
2025,20250387,Dylan Groenewegen,6,Stage 6,0,0,0,0,0,0,0,0,0
2025,20250387,Dylan Groenewegen,7,Stage 7,0,0,0,0,0,0,0,0,0
2025,20250387,Dylan Groenewegen,8,Stage 8,20,0,0,0,0,0,0,0,20
2025,20250387,Dylan Groenewegen,9,Stage 9,25,0,0,0,0,0,0,0,25
2025,20250387,Dylan Groenewegen,10,Stage 10,0,0,0,0,0,0,0,0,0
2025,20250387,Dylan Groenewegen,11,Stage 11,0,0,0,0,0,0,0,4,4
2025,20250387,Dylan Groenewegen,12,Stage 12,0,0,0,0,0,0,0,0,0
2025,20250387,Dylan Groenewegen,13,Stage 13,0,0,0,0,0,0,0,0,0
2025,20250387,Dylan Groenewegen,14,Stage 14,0,0,0,0,0,0,0,0,0
2025,20250387,Dylan Groenewegen,15,Stage 15,0,0,0,0,0,0,0,0,0
2025,20250387,Dylan Groenewegen,16,Stage 16,0,0,0,0,0,0,0,0,0
2025,20250387,Dylan Groenewegen,17,Stage 17,30,0,0,0,0,0,0,0,30
2025,20250387,Dylan Groenewegen,18,Stage 18,0,0,0,0,0,0,0,8,8
2025,20250387,Dylan Groenewegen,19,Stage 19,0,0,0,0,0,0,0,0,0
2025,20250387,Dylan Groenewegen,20,Stage 20,0,0,0,0,0,0,0,0,0
2025,20250387,Dylan Groenewegen,21,Stage 21,0,0,0,0,0,0,0,0,0
2025,20250387,Dylan Groenewegen,22,Final Classifications,0,0,0,0,0,0,0,0,0
2025,20250092,Bryan Coquard,1,Stage 1,0,0,0,0,16,0,0,0,16
2025,20250092,Bryan Coquard,2,Stage 2,0,0,0,0,1,0,0,0,1
2025,20250092,Bryan Coquard,3,Stage 3,0,0,0,0,0,0,0,0,0
2025,20250092,Bryan Coquard,4,Stage 4,0,0,0,0,0,0,0,0,0
2025,20250092,Bryan Coquard,5,Stage 5,0,0,0,0,0,0,0,0,0
2025,20250092,Bryan Coquard,6,Stage 6,0,0,0,0,0,0,0,0,0
2025,20250092,Bryan Coquard,7,Stage 7,0,0,0,0,0,0,0,0,0
2025,20250092,Bryan Coquard,8,Stage 8,95,0,0,0,5,0,0,0,100
2025,20250092,Bryan Coquard,9,Stage 9,0,0,0,0,3,0,0,0,3
2025,20250092,Bryan Coquard,10,Stage 10,0,0,0,0,0,0,0,0,0
2025,20250092,Bryan Coquard,11,Stage 11,0,0,0,0,0,0,0,0,0
2025,20250092,Bryan Coquard,12,Stage 12,0,0,0,0,0,0,0,0,0
2025,20250092,Bryan Coquard,13,Stage 13,0,0,0,0,0,0,0,0,0
2025,20250092,Bryan Coquard,14,Stage 14,0,0,0,0,0,0,0,0,0
2025,20250092,Bryan Coquard,15,Stage 15,0,0,0,0,0,0,0,0,0
2025,20250092,Bryan Coquard,16,Stage 16,0,0,0,0,0,0,0,0,0
2025,20250092,Bryan Coquard,17,Stage 17,0,0,0,0,0,0,0,0,0
2025,20250092,Bryan Coquard,18,Stage 18,0,0,0,0,0,0,0,0,0
2025,20250092,Bryan Coquard,19,Stage 19,0,0,0,0,0,0,0,0,0
2025,20250092,Bryan Coquard,20,Stage 20,0,0,0,0,0,0,0,0,0
2025,20250092,Bryan Coquard,21,Stage 21,0,0,0,0,0,0,0,0,0
2025,20250092,Bryan Coquard,22,Final Classifications,0,0,0,0,0,0,0,0,0
2025,20250150,Alex Baudin,1,Stage 1,0,0,0,0,0,0,0,0,0
2025,20250150,Alex Baudin,2,Stage 2,0,0,0,0,0,0,0,0,0
2025,20250150,Alex Baudin,3,Stage 3,0,0,0,0,0,0,0,0,0
2025,20250150,Alex Baudin,4,Stage 4,35,0,0,0,0,0,0,0,35
2025,20250150,Alex Baudin,5,Stage 5,0,0,0,0,0,0,0,0,0
2025,20250150,Alex Baudin,6,Stage 6,0,0,0,0,0,0,0,8,8
2025,20250150,Alex Baudin,7,Stage 7,0,0,0,0,12,0,20,0,32
2025,20250150,Alex Baudin,8,Stage 8,0,0,0,0,0,0,0,0,0
2025,20250150,Alex Baudin,9,Stage 9,0,0,0,0,0,0,0,0,0
2025,20250150,Alex Baudin,10,Stage 10,0,0,0,0,1,0,20,10,31
2025,20250150,Alex Baudin,11,Stage 11,0,0,0,0,0,0,0,8,8
2025,20250150,Alex Baudin,12,Stage 12,0,0,0,0,0,0,0,0,0
2025,20250150,Alex Baudin,13,Stage 13,0,0,0,0,0,0,0,0,0
2025,20250150,Alex Baudin,14,Stage 14,0,0,0,0,0,0,0,0,0
2025,20250150,Alex Baudin,15,Stage 15,0,0,0,0,0,0,0,0,0
2025,20250150,Alex Baudin,16,Stage 16,0,0,0,0,0,0,0,4,4
2025,20250150,Alex Baudin,17,Stage 17,0,0,0,0,0,0,0,0,0
2025,20250150,Alex Baudin,18,Stage 18,0,0,0,0,0,0,0,0,0
2025,20250150,Alex Baudin,19,Stage 19,0,0,0,0,0,0,0,0,0
2025,20250150,Alex Baudin,20,Stage 20,0,0,0,0,0,0,0,0,0
2025,20250150,Alex Baudin,21,Stage 21,0,0,0,0,0,0,0,0,0
2025,20250150,Alex Baudin,22,Final Classifications,0,0,0,0,0,0,0,0,0
2025,20250229,Samuel Watson,1,Stage 1,60,11,0,0,0,0,0,0,71
2025,20250229,Samuel Watson,2,Stage 2,0,0,0,0,0,0,0,0,0
2025,20250229,Samuel Watson,3,Stage 3,0,0,0,0,0,0,0,0,0
2025,20250229,Samuel Watson,4,Stage 4,0,0,0,0,0,0,0,0,0
2025,20250229,Samuel Watson,5,Stage 5,0,0,0,0,0,0,0,0,0
2025,20250229,Samuel Watson,6,Stage 6,0,0,0,0,0,0,0,0,0
2025,20250229,Samuel Watson,7,Stage 7,0,0,0,0,0,0,0,0,0
2025,20250229,Samuel Watson,8,Stage 8,25,0,0,0,0,0,0,0,25
2025,20250229,Samuel Watson,9,Stage 9,0,0,0,0,0,0,0,0,0
2025,20250229,Samuel Watson,10,Stage 10,0,0,0,0,0,0,0,4,4
2025,20250229,Samuel Watson,11,Stage 11,0,0,0,0,0,0,0,0,0
2025,20250229,Samuel Watson,12,Stage 12,0,0,0,0,0,0,0,0,0
2025,20250229,Samuel Watson,13,Stage 13,0,0,0,0,0,0,0,0,0
2025,20250229,Samuel Watson,14,Stage 14,0,0,0,0,0,0,0,8,8
2025,20250229,Samuel Watson,15,Stage 15,0,0,0,0,0,0,0,0,0
2025,20250229,Samuel Watson,16,Stage 16,0,0,0,0,0,0,0,0,0
2025,20250229,Samuel Watson,17,Stage 17,0,0,0,0,0,0,0,0,0
2025,20250229,Samuel Watson,18,Stage 18,0,0,0,0,0,0,0,0,0
2025,20250229,Samuel Watson,19,Stage 19,0,0,0,0,0,0,0,8,8
2025,20250229,Samuel Watson,20,Stage 20,0,0,0,0,0,0,0,0,0
2025,20250229,Samuel Watson,21,Stage 21,0,0,0,0,0,0,0,0,0
2025,20250229,Samuel Watson,22,Final Classifications,0,0,0,0,0,0,0,0,0
2025,20250021,Jonas Rickaert,1,Stage 1,0,0,0,0,0,0,0,18,18
2025,20250021,Jonas Rickaert,2,Stage 2,0,0,0,0,0,0,0,18,18
2025,20250021,Jonas Rickaert,3,Stage 3,0,0,0,0,0,0,0,10,10
2025,20250021,Jonas Rickaert,4,Stage 4,0,0,0,0,0,0,0,12,12
2025,20250021,Jonas Rickaert,5,Stage 5,0,0,0,0,0,0,0,0,0
2025,20250021,Jonas Rickaert,6,Stage 6,0,0,0,0,0,0,0,8,8
2025,20250021,Jonas Rickaert,7,Stage 7,0,0,0,0,0,0,0,0,0
2025,20250021,Jonas Rickaert,8,Stage 8,0,0,0,0,0,0,0,2,2
2025,20250021,Jonas Rickaert,9,Stage 9,0,0,0,0,16,0,20,0,36
2025,20250021,Jonas Rickaert,10,Stage 10,0,0,0,0,0,0,0,0,0
2025,20250021,Jonas Rickaert,11,Stage 11,0,0,0,0,0,0,0,2,2
2025,20250021,Jonas Rickaert,12,Stage 12,0,0,0,0,0,0,0,0,0
2025,20250021,Jonas Rickaert,13,Stage 13,0,0,0,0,0,0,0,0,0
2025,20250021,Jonas Rickaert,14,Stage 14,0,0,0,0,0,0,0,0,0
2025,20250021,Jonas Rickaert,15,Stage 15,0,0,0,0,0,0,0,0,0
2025,20250021,Jonas Rickaert,16,Stage 16,0,0,0,0,0,0,0,0,0
2025,20250021,Jonas Rickaert,17,Stage 17,0,0,0,0,0,0,0,0,0
2025,20250021,Jonas Rickaert,18,Stage 18,0,0,0,0,0,0,0,0,0
2025,20250021,Jonas Rickaert,19,Stage 19,0,0,0,0,0,0,0,0,0
2025,20250021,Jonas Rickaert,20,Stage 20,0,0,0,0,0,0,0,8,8
2025,20250021,Jonas Rickaert,21,Stage 21,0,0,0,0,0,0,0,0,0
2025,20250021,Jonas Rickaert,22,Final Classifications,0,0,0,0,0,0,0,0,0
2025,20250195,Quentin Pacher,1,Stage 1,0,0,0,0,0,0,0,4,4
2025,20250195,Quentin Pacher,2,Stage 2,0,0,0,0,0,0,0,8,8
2025,20250195,Quentin Pacher,3,Stage 3,0,0,0,0,0,0,0,8,8
2025,20250195,Quentin Pacher,4,Stage 4,0,0,0,0,0,0,0,4,4
2025,20250195,Quentin Pacher,5,Stage 5,0,0,0,0,0,0,0,0,0
2025,20250195,Quentin Pacher,6,Stage 6,0,0,0,0,0,0,0,2,2
2025,20250195,Quentin Pacher,7,Stage 7,0,0,0,0,0,0,0,2,2
2025,20250195,Quentin Pacher,8,Stage 8,0,0,0,0,0,0,0,2,2
2025,20250195,Quentin Pacher,9,Stage 9,0,0,0,0,0,0,0,2,2
2025,20250195,Quentin Pacher,10,Stage 10,0,0,0,0,0,0,20,0,20
2025,20250195,Quentin Pacher,11,Stage 11,20,0,0,0,0,0,0,2,22
2025,20250195,Quentin Pacher,12,Stage 12,0,0,0,0,0,0,0,0,0
2025,20250195,Quentin Pacher,13,Stage 13,0,0,0,0,0,0,0,0,0
2025,20250195,Quentin Pacher,14,Stage 14,0,0,0,0,0,0,0,0,0
2025,20250195,Quentin Pacher,15,Stage 15,0,0,0,0,0,0,0,0,0
2025,20250195,Quentin Pacher,16,Stage 16,0,0,0,0,0,0,0,0,0
2025,20250195,Quentin Pacher,17,Stage 17,0,0,0,0,8,0,20,0,28
2025,20250195,Quentin Pacher,18,Stage 18,0,0,0,0,0,0,0,0,0
2025,20250195,Quentin Pacher,19,Stage 19,0,0,0,0,0,0,0,0,0
2025,20250195,Quentin Pacher,20,Stage 20,0,0,0,0,0,0,0,0,0
2025,20250195,Quentin Pacher,21,Stage 21,0,0,0,0,0,0,0,0,0
2025,20250195,Quentin Pacher,22,Final Classifications,0,0,0,0,0,0,0,0,0
2025,20250145,Bastien Tronchon,1,Stage 1,0,0,0,0,0,0,0,0,0
2025,20250145,Bastien Tronchon,2,Stage 2,0,0,0,0,0,0,0,0,0
2025,20250145,Bastien Tronchon,3,Stage 3,40,0,0,0,0,0,0,0,40
2025,20250145,Bastien Tronchon,4,Stage 4,0,0,0,0,0,0,0,0,0
2025,20250145,Bastien Tronchon,5,Stage 5,0,0,0,0,0,0,0,0,0
2025,20250145,Bastien Tronchon,6,Stage 6,0,0,0,0,1,0,0,0,1
2025,20250145,Bastien Tronchon,7,Stage 7,0,0,0,0,0,0,0,0,0
2025,20250145,Bastien Tronchon,8,Stage 8,30,0,0,0,0,0,0,0,30
2025,20250145,Bastien Tronchon,9,Stage 9,16,0,0,0,0,0,0,0,16
2025,20250145,Bastien Tronchon,10,Stage 10,0,0,0,0,0,0,0,2,2
2025,20250145,Bastien Tronchon,11,Stage 11,0,0,0,0,0,0,0,0,0
2025,20250145,Bastien Tronchon,12,Stage 12,0,0,0,0,0,0,0,0,0
2025,20250145,Bastien Tronchon,13,Stage 13,0,0,0,0,0,0,0,0,0
2025,20250145,Bastien Tronchon,14,Stage 14,0,0,0,0,0,0,0,2,2
2025,20250145,Bastien Tronchon,15,Stage 15,0,0,0,0,0,0,0,0,0
2025,20250145,Bastien Tronchon,16,Stage 16,0,0,0,0,0,0,0,0,0
2025,20250145,Bastien Tronchon,17,Stage 17,0,0,0,0,0,0,0,0,0
2025,20250145,Bastien Tronchon,18,Stage 18,0,0,0,0,0,0,0,0,0
2025,20250145,Bastien Tronchon,19,Stage 19,0,0,0,0,0,0,0,0,0
2025,20250145,Bastien Tronchon,20,Stage 20,0,0,0,0,0,0,0,0,0
2025,20250145,Bastien Tronchon,21,Stage 21,0,0,0,0,0,0,0,0,0
2025,20250145,Bastien Tronchon,22,Final Classifications,0,0,0,0,0,0,0,0,10
2025,20250917,Michael Woods,1,Stage 1,0,0,0,0,0,0,0,0,0
2025,20250917,Michael Woods,2,Stage 2,0,0,0,0,0,0,0,0,0
2025,20250917,Michael Woods,3,Stage 3,0,0,0,0,0,0,0,0,0
2025,20250917,Michael Woods,4,Stage 4,0,0,0,0,0,0,0,0,0
2025,20250917,Michael Woods,5,Stage 5,0,0,0,0,0,0,0,0,0
2025,20250917,Michael Woods,6,Stage 6,0,0,0,0,0,0,0,0,0
2025,20250917,Michael Woods,7,Stage 7,0,0,0,0,0,0,0,0,0
2025,20250917,Michael Woods,8,Stage 8,0,0,0,0,0,0,0,0,0
2025,20250917,Michael Woods,9,Stage 9,0,0,0,0,0,0,0,0,0
2025,20250917,Michael Woods,10,Stage 10,0,0,0,6,6,0,20,0,32
2025,20250917,Michael Woods,11,Stage 11,0,0,0,6,0,0,0,0,6
2025,20250917,Michael Woods,12,Stage 12,0,0,0,6,0,15,0,0,21
2025,20250917,Michael Woods,13,Stage 13,0,0,0,4,0,0,0,0,4
2025,20250917,Michael Woods,14,Stage 14,0,0,0,2,0,25,0,0,27
2025,20250917,Michael Woods,15,Stage 15,0,0,0,2,0,0,0,0,2
2025,20250917,Michael Woods,16,Stage 16,0,0,0,2,0,0,0,0,2
2025,20250917,Michael Woods,17,Stage 17,0,0,0,2,0,0,0,0,2
2025,20250917,Michael Woods,18,Stage 18,0,0,0,0,0,0,0,0,0
2025,20250917,Michael Woods,19,Stage 19,0,0,0,0,0,0,0,0,0
2025,20250917,Michael Woods,20,Stage 20,0,0,0,0,0,0,0,0,0
2025,20250917,Michael Woods,21,Stage 21,0,0,0,0,0,0,0,0,0
2025,20250917,Michael Woods,22,Final Classifications,0,0,0,5,0,0,0,0,5
2025,20250172,Michael Valgren,1,Stage 1,0,0,0,0,0,0,0,0,0
2025,20250172,Michael Valgren,2,Stage 2,0,0,0,0,0,0,0,0,0
2025,20250172,Michael Valgren,3,Stage 3,0,0,0,0,0,0,0,0,0
2025,20250172,Michael Valgren,4,Stage 4,0,0,0,0,0,0,0,0,0
2025,20250172,Michael Valgren,5,Stage 5,0,0,0,0,0,0,0,0,0
2025,20250172,Michael Valgren,6,Stage 6,0,0,0,0,0,0,0,8,8
2025,20250172,Michael Valgren,7,Stage 7,0,0,0,0,0,0,0,0,0
2025,20250172,Michael Valgren,8,Stage 8,0,0,0,0,0,0,0,0,0
2025,20250172,Michael Valgren,9,Stage 9,0,0,0,0,0,0,0,0,0
2025,20250172,Michael Valgren,10,Stage 10,0,0,0,0,0,0,0,10,10
2025,20250172,Michael Valgren,11,Stage 11,0,0,0,0,0,0,0,8,8
2025,20250172,Michael Valgren,12,Stage 12,0,0,0,0,0,0,0,0,0
2025,20250172,Michael Valgren,13,Stage 13,0,0,0,0,0,0,0,0,0
2025,20250172,Michael Valgren,14,Stage 14,0,0,0,0,0,0,0,0,0
2025,20250172,Michael Valgren,15,Stage 15,70,0,0,0,0,0,0,0,70
2025,20250172,Michael Valgren,16,Stage 16,0,0,0,0,0,0,0,4,4
2025,20250172,Michael Valgren,17,Stage 17,0,0,0,0,0,0,0,0,0
2025,20250172,Michael Valgren,18,Stage 18,0,0,0,0,0,0,0,0,0
2025,20250172,Michael Valgren,19,Stage 19,0,0,0,0,0,0,0,0,0
2025,20250172,Michael Valgren,20,Stage 20,0,0,0,0,0,0,0,0,0
2025,20250172,Michael Valgren,21,Stage 21,0,0,0,0,0,0,0,0,0
2025,20250172,Michael Valgren,22,Final Classifications,0,0,0,0,0,0,0,0,0
2025,20250031,Amaury Capiot,1,Stage 1,0,0,0,0,0,0,0,0,0
2025,20250031,Amaury Capiot,2,Stage 2,0,0,0,0,0,0,0,0,0
2025,20250031,Amaury Capiot,3,Stage 3,70,0,0,0,0,0,0,0,70
2025,20250031,Amaury Capiot,4,Stage 4,0,0,0,0,0,0,0,0,0
2025,20250031,Amaury Capiot,5,Stage 5,0,0,0,0,0,0,0,0,0
2025,20250031,Amaury Capiot,6,Stage 6,0,0,0,0,0,0,0,0,0
2025,20250031,Amaury Capiot,7,Stage 7,0,0,0,0,0,0,0,2,2
2025,20250031,Amaury Capiot,8,Stage 8,0,0,0,0,0,0,0,2,2
2025,20250031,Amaury Capiot,9,Stage 9,0,0,0,0,0,0,0,2,2
2025,20250031,Amaury Capiot,10,Stage 10,0,0,0,0,0,0,0,0,0
2025,20250031,Amaury Capiot,11,Stage 11,0,0,0,0,0,0,0,0,0
2025,20250031,Amaury Capiot,12,Stage 12,0,0,0,0,0,0,0,2,2
2025,20250031,Amaury Capiot,13,Stage 13,0,0,0,0,0,0,0,0,0
2025,20250031,Amaury Capiot,14,Stage 14,0,0,0,0,0,0,0,0,0
2025,20250031,Amaury Capiot,15,Stage 15,0,0,0,0,0,0,0,0,0
2025,20250031,Amaury Capiot,16,Stage 16,0,0,0,0,0,0,0,0,0
2025,20250031,Amaury Capiot,17,Stage 17,0,0,0,0,0,0,0,0,0
2025,20250031,Amaury Capiot,18,Stage 18,0,0,0,0,0,0,0,0,0
2025,20250031,Amaury Capiot,19,Stage 19,0,0,0,0,0,0,0,0,0
2025,20250031,Amaury Capiot,20,Stage 20,0,0,0,0,0,0,0,0,0
2025,20250031,Amaury Capiot,21,Stage 21,0,0,0,0,0,0,0,0,0
2025,20250031,Amaury Capiot,22,Final Classifications,0,0,0,0,0,0,0,0,20
2025,20251337,Marius Mayrhofer,1,Stage 1,70,12,0,0,0,0,0,8,90
2025,20251337,Marius Mayrhofer,2,Stage 2,0,0,0,0,0,0,0,0,0
2025,20251337,Marius Mayrhofer,3,Stage 3,0,0,0,0,0,0,0,0,0
2025,20251337,Marius Mayrhofer,4,Stage 4,0,0,0,0,0,0,0,0,0
2025,20251337,Marius Mayrhofer,5,Stage 5,0,0,0,0,0,0,0,0,0
2025,20251337,Marius Mayrhofer,6,Stage 6,0,0,0,0,0,0,0,2,2
2025,20251337,Marius Mayrhofer,7,Stage 7,0,0,0,0,0,0,0,0,0
2025,20251337,Marius Mayrhofer,8,Stage 8,0,0,0,0,0,0,0,0,0
2025,20251337,Marius Mayrhofer,9,Stage 9,0,0,0,0,0,0,0,0,0
2025,20251337,Marius Mayrhofer,10,Stage 10,0,0,0,0,0,0,0,0,0
2025,20251337,Marius Mayrhofer,11,Stage 11,0,0,0,0,0,0,0,0,0
2025,20251337,Marius Mayrhofer,12,Stage 12,0,0,0,0,0,0,0,0,0
2025,20251337,Marius Mayrhofer,13,Stage 13,0,0,0,0,0,0,0,0,0
2025,20251337,Marius Mayrhofer,14,Stage 14,0,0,0,0,0,0,0,0,0
2025,20251337,Marius Mayrhofer,15,Stage 15,0,0,0,0,0,0,0,2,2
2025,20251337,Marius Mayrhofer,16,Stage 16,0,0,0,0,0,0,0,0,0
2025,20251337,Marius Mayrhofer,17,Stage 17,0,0,0,0,0,0,0,0,0
2025,20251337,Marius Mayrhofer,18,Stage 18,0,0,0,0,0,0,0,0,0
2025,20251337,Marius Mayrhofer,19,Stage 19,0,0,0,0,0,0,0,0,0
2025,20251337,Marius Mayrhofer,20,Stage 20,0,0,0,0,0,0,0,0,0
2025,20251337,Marius Mayrhofer,21,Stage 21,0,0,0,0,0,0,0,0,0
2025,20251337,Marius Mayrhofer,22,Final Classifications,0,0,0,0,0,0,0,0,0
2025,20250297,Iván García Cortina,1,Stage 1,40,9,0,0,0,0,0,0,49
2025,20250297,Iván García Cortina,2,Stage 2,0,0,0,0,0,0,0,0,0
2025,20250297,Iván García Cortina,3,Stage 3,0,0,0,0,0,0,0,0,0
2025,20250297,Iván García Cortina,4,Stage 4,0,0,0,0,0,0,0,0,0
2025,20250297,Iván García Cortina,5,Stage 5,0,0,0,0,0,0,0,0,0
2025,20250297,Iván García Cortina,6,Stage 6,0,0,0,0,0,0,0,0,0
2025,20250297,Iván García Cortina,7,Stage 7,0,0,0,0,20,0,20,0,40
2025,20250297,Iván García Cortina,8,Stage 8,0,0,0,0,0,0,0,0,0
2025,20250297,Iván García Cortina,9,Stage 9,0,0,0,0,0,0,0,0,0
2025,20250297,Iván García Cortina,10,Stage 10,0,0,0,0,0,0,0,0,0
2025,20250297,Iván García Cortina,11,Stage 11,0,0,0,0,0,0,0,0,0
2025,20250297,Iván García Cortina,12,Stage 12,0,0,0,0,0,0,0,0,0
2025,20250297,Iván García Cortina,13,Stage 13,0,0,0,0,0,0,0,0,0
2025,20250297,Iván García Cortina,14,Stage 14,0,0,0,0,0,0,0,0,0
2025,20250297,Iván García Cortina,15,Stage 15,0,0,0,0,0,0,0,0,0
2025,20250297,Iván García Cortina,16,Stage 16,0,0,0,0,0,0,0,0,0
2025,20250297,Iván García Cortina,17,Stage 17,0,0,0,0,0,0,0,0,0
2025,20250297,Iván García Cortina,18,Stage 18,0,0,0,0,0,0,0,0,0
2025,20250297,Iván García Cortina,19,Stage 19,0,0,0,0,3,0,0,0,3
2025,20250297,Iván García Cortina,20,Stage 20,0,0,0,0,0,0,0,0,0
2025,20250297,Iván García Cortina,21,Stage 21,0,0,0,0,0,0,0,0,0
2025,20250297,Iván García Cortina,22,Final Classifications,0,0,0,0,0,0,0,0,0
2025,20250275,Thibau Nys,1,Stage 1,0,0,0,0,0,0,0,0,0
2025,20250275,Thibau Nys,2,Stage 2,0,0,0,0,0,0,0,0,0
2025,20250275,Thibau Nys,3,Stage 3,0,0,0,0,0,0,0,4,4
2025,20250275,Thibau Nys,4,Stage 4,0,0,0,0,0,0,0,0,0
2025,20250275,Thibau Nys,5,Stage 5,0,0,0,0,0,0,0,0,0
2025,20250275,Thibau Nys,6,Stage 6,0,0,0,0,0,0,0,4,4
2025,20250275,Thibau Nys,7,Stage 7,0,0,0,0,0,0,0,0,0
2025,20250275,Thibau Nys,8,Stage 8,0,0,0,0,0,0,0,8,8
2025,20250275,Thibau Nys,9,Stage 9,0,0,0,0,0,0,0,4,4
2025,20250275,Thibau Nys,10,Stage 10,0,0,0,0,0,0,0,0,0
2025,20250275,Thibau Nys,11,Stage 11,0,0,0,0,0,0,0,0,0
2025,20250275,Thibau Nys,12,Stage 12,0,0,0,0,12,0,0,0,12
2025,20250275,Thibau Nys,13,Stage 13,0,0,0,0,0,0,0,0,0
2025,20250275,Thibau Nys,14,Stage 14,0,0,0,0,0,0,0,0,0
2025,20250275,Thibau Nys,15,Stage 15,40,0,0,0,0,0,0,0,40
2025,20250275,Thibau Nys,16,Stage 16,0,0,0,0,0,0,0,0,0
2025,20250275,Thibau Nys,17,Stage 17,0,0,0,0,0,0,0,8,8
2025,20250275,Thibau Nys,18,Stage 18,0,0,0,0,2,0,0,0,2
2025,20250275,Thibau Nys,19,Stage 19,0,0,0,0,5,0,0,0,5
2025,20250275,Thibau Nys,20,Stage 20,0,0,0,0,0,0,0,0,0
2025,20250275,Thibau Nys,21,Stage 21,0,0,0,0,0,0,0,0,0
2025,20250275,Thibau Nys,22,Final Classifications,0,0,0,0,0,0,0,0,0
2025,20250986,Brent Van Moer,1,Stage 1,0,0,0,0,0,0,0,0,0
2025,20250986,Brent Van Moer,2,Stage 2,0,0,0,0,12,0,20,0,32
2025,20250986,Brent Van Moer,3,Stage 3,0,0,0,0,0,0,0,0,0
2025,20250986,Brent Van Moer,4,Stage 4,0,0,0,0,0,0,0,0,0
2025,20250986,Brent Van Moer,5,Stage 5,0,0,0,0,0,0,0,0,0
2025,20250986,Brent Van Moer,6,Stage 6,0,0,0,0,0,0,0,0,0
2025,20250986,Brent Van Moer,7,Stage 7,0,0,0,0,0,0,0,0,0
2025,20250986,Brent Van Moer,8,Stage 8,0,0,0,0,0,0,0,0,0
2025,20250986,Brent Van Moer,9,Stage 9,0,0,0,0,0,0,0,2,2
2025,20250986,Brent Van Moer,10,Stage 10,0,0,0,0,0,0,0,0,0
2025,20250986,Brent Van Moer,11,Stage 11,0,0,0,0,0,0,0,0,0
2025,20250986,Brent Van Moer,12,Stage 12,0,0,0,0,0,0,0,0,0
2025,20250986,Brent Van Moer,13,Stage 13,0,0,0,0,0,0,0,0,0
2025,20250986,Brent Van Moer,14,Stage 14,0,0,0,0,0,0,0,0,0
2025,20250986,Brent Van Moer,15,Stage 15,0,0,0,0,0,0,0,0,0
2025,20250986,Brent Van Moer,16,Stage 16,0,0,0,0,0,0,0,0,0
2025,20250986,Brent Van Moer,17,Stage 17,50,0,0,0,0,0,0,0,50
2025,20250986,Brent Van Moer,18,Stage 18,0,0,0,0,0,0,0,0,0
2025,20250986,Brent Van Moer,19,Stage 19,0,0,0,0,0,0,0,0,0
2025,20250986,Brent Van Moer,20,Stage 20,0,0,0,0,0,0,0,0,0
2025,20250986,Brent Van Moer,21,Stage 21,0,0,0,0,0,0,0,0,0
2025,20250986,Brent Van Moer,22,Final Classifications,0,0,0,0,0,0,0,0,0
2025,20250293,Pablo Castrillo,1,Stage 1,0,0,0,0,0,0,0,0,0
2025,20250293,Pablo Castrillo,2,Stage 2,0,0,0,0,0,0,0,0,0
2025,20250293,Pablo Castrillo,3,Stage 3,0,0,0,0,0,0,0,0,0
2025,20250293,Pablo Castrillo,4,Stage 4,0,0,0,0,0,0,0,0,0
2025,20250293,Pablo Castrillo,5,Stage 5,60,0,0,0,0,0,0,0,60
2025,20250293,Pablo Castrillo,6,Stage 6,0,0,0,0,0,0,0,0,0
2025,20250293,Pablo Castrillo,7,Stage 7,0,0,0,0,0,0,0,0,0
2025,20250293,Pablo Castrillo,8,Stage 8,0,0,0,0,0,0,0,0,0
2025,20250293,Pablo Castrillo,9,Stage 9,0,0,0,0,0,0,0,0,0
2025,20250293,Pablo Castrillo,10,Stage 10,0,0,0,0,0,0,20,0,20
2025,20250293,Pablo Castrillo,11,Stage 11,0,0,0,0,0,0,0,0,0
2025,20250293,Pablo Castrillo,12,Stage 12,0,0,0,0,0,0,0,0,0
2025,20250293,Pablo Castrillo,13,Stage 13,0,0,0,0,0,0,0,0,0
2025,20250293,Pablo Castrillo,14,Stage 14,0,0,0,0,0,0,0,0,0
2025,20250293,Pablo Castrillo,15,Stage 15,0,0,0,0,0,0,0,0,0
2025,20250293,Pablo Castrillo,16,Stage 16,0,0,0,0,0,0,0,0,0
2025,20250293,Pablo Castrillo,17,Stage 17,0,0,0,0,0,0,0,0,0
2025,20250293,Pablo Castrillo,18,Stage 18,0,0,0,0,0,0,0,0,0
2025,20250293,Pablo Castrillo,19,Stage 19,0,0,0,0,0,0,0,0,0
2025,20250293,Pablo Castrillo,20,Stage 20,0,0,0,0,0,0,0,0,0
2025,20250293,Pablo Castrillo,21,Stage 21,0,0,0,0,0,0,0,0,0
2025,20250293,Pablo Castrillo,22,Final Classifications,0,0,0,0,0,0,0,0,0
2025,20250028,Gianni Vermeersch,1,Stage 1,0,0,0,0,0,0,0,18,18
2025,20250028,Gianni Vermeersch,2,Stage 2,0,0,0,0,0,0,0,18,18
2025,20250028,Gianni Vermeersch,3,Stage 3,0,0,0,0,0,0,0,10,10
2025,20250028,Gianni Vermeersch,4,Stage 4,0,0,0,0,0,0,0,12,12
2025,20250028,Gianni Vermeersch,5,Stage 5,0,0,0,0,0,0,0,0,0
2025,20250028,Gianni Vermeersch,6,Stage 6,0,0,0,0,0,0,0,8,8
2025,20250028,Gianni Vermeersch,7,Stage 7,0,0,0,0,0,0,0,0,0
2025,20250028,Gianni Vermeersch,8,Stage 8,0,0,0,0,0,0,0,2,2
2025,20250028,Gianni Vermeersch,9,Stage 9,0,0,0,0,0,0,0,0,0
2025,20250028,Gianni Vermeersch,10,Stage 10,0,0,0,0,0,0,0,0,0
2025,20250028,Gianni Vermeersch,11,Stage 11,0,0,0,0,0,0,0,2,2
2025,20250028,Gianni Vermeersch,12,Stage 12,0,0,0,0,0,0,0,0,0
2025,20250028,Gianni Vermeersch,13,Stage 13,0,0,0,0,0,0,0,0,0
2025,20250028,Gianni Vermeersch,14,Stage 14,0,0,0,0,0,0,0,0,0
2025,20250028,Gianni Vermeersch,15,Stage 15,0,0,0,0,0,0,0,0,0
2025,20250028,Gianni Vermeersch,16,Stage 16,0,0,0,0,0,0,0,0,0
2025,20250028,Gianni Vermeersch,17,Stage 17,0,0,0,0,0,0,0,0,0
2025,20250028,Gianni Vermeersch,18,Stage 18,0,0,0,0,0,0,0,0,0
2025,20250028,Gianni Vermeersch,19,Stage 19,0,0,0,0,0,0,0,0,0
2025,20250028,Gianni Vermeersch,20,Stage 20,0,0,0,0,0,0,0,8,8
2025,20250028,Gianni Vermeersch,21,Stage 21,0,0,0,0,0,0,0,0,0
2025,20250028,Gianni Vermeersch,22,Final Classifications,0,0,0,0,0,0,0,0,0
2025,20250029,Emiel Verstrynge,1,Stage 1,0,0,0,0,0,0,0,18,18
2025,20250029,Emiel Verstrynge,2,Stage 2,0,0,0,0,0,0,0,18,18
2025,20250029,Emiel Verstrynge,3,Stage 3,0,0,0,0,0,0,0,10,10
2025,20250029,Emiel Verstrynge,4,Stage 4,0,0,0,0,0,0,0,12,12
2025,20250029,Emiel Verstrynge,5,Stage 5,0,0,0,0,0,0,0,0,0
2025,20250029,Emiel Verstrynge,6,Stage 6,0,0,0,0,0,0,0,8,8
2025,20250029,Emiel Verstrynge,7,Stage 7,0,0,0,0,0,0,0,0,0
2025,20250029,Emiel Verstrynge,8,Stage 8,0,0,0,0,0,0,0,2,2
2025,20250029,Emiel Verstrynge,9,Stage 9,0,0,0,0,0,0,0,0,0
2025,20250029,Emiel Verstrynge,10,Stage 10,0,0,0,0,0,0,0,0,0
2025,20250029,Emiel Verstrynge,11,Stage 11,0,0,0,0,0,0,0,2,2
2025,20250029,Emiel Verstrynge,12,Stage 12,0,0,0,0,0,0,0,0,0
2025,20250029,Emiel Verstrynge,13,Stage 13,0,0,0,0,0,0,0,0,0
2025,20250029,Emiel Verstrynge,14,Stage 14,0,0,0,0,0,0,0,0,0
2025,20250029,Emiel Verstrynge,15,Stage 15,0,0,0,0,0,0,0,0,0
2025,20250029,Emiel Verstrynge,16,Stage 16,0,0,0,0,0,0,0,0,0
2025,20250029,Emiel Verstrynge,17,Stage 17,0,0,0,0,0,0,0,0,0
2025,20250029,Emiel Verstrynge,18,Stage 18,0,0,0,0,0,0,0,0,0
2025,20250029,Emiel Verstrynge,19,Stage 19,0,0,0,0,0,0,0,0,0
2025,20250029,Emiel Verstrynge,20,Stage 20,0,0,0,0,0,0,0,8,8
2025,20250029,Emiel Verstrynge,21,Stage 21,0,0,0,0,0,0,0,0,0
2025,20250029,Emiel Verstrynge,22,Final Classifications,0,0,0,0,0,0,0,0,0
2025,20250006,Silvan Dillier,1,Stage 1,0,0,0,0,0,0,0,18,18
2025,20250006,Silvan Dillier,2,Stage 2,0,0,0,0,0,0,0,18,18
2025,20250006,Silvan Dillier,3,Stage 3,0,0,0,0,0,0,0,10,10
2025,20250006,Silvan Dillier,4,Stage 4,0,0,0,0,0,0,0,12,12
2025,20250006,Silvan Dillier,5,Stage 5,0,0,0,0,0,0,0,0,0
2025,20250006,Silvan Dillier,6,Stage 6,0,0,0,0,0,0,0,8,8
2025,20250006,Silvan Dillier,7,Stage 7,0,0,0,0,0,0,0,0,0
2025,20250006,Silvan Dillier,8,Stage 8,0,0,0,0,0,0,0,2,2
2025,20250006,Silvan Dillier,9,Stage 9,0,0,0,0,0,0,0,0,0
2025,20250006,Silvan Dillier,10,Stage 10,0,0,0,0,0,0,0,0,0
2025,20250006,Silvan Dillier,11,Stage 11,0,0,0,0,0,0,0,2,2
2025,20250006,Silvan Dillier,12,Stage 12,0,0,0,0,0,0,0,0,0
2025,20250006,Silvan Dillier,13,Stage 13,0,0,0,0,0,0,0,0,0
2025,20250006,Silvan Dillier,14,Stage 14,0,0,0,0,0,0,0,0,0
2025,20250006,Silvan Dillier,15,Stage 15,0,0,0,0,0,0,0,0,0
2025,20250006,Silvan Dillier,16,Stage 16,0,0,0,0,0,0,0,0,0
2025,20250006,Silvan Dillier,17,Stage 17,0,0,0,0,0,0,0,0,0
2025,20250006,Silvan Dillier,18,Stage 18,0,0,0,0,0,0,0,0,0
2025,20250006,Silvan Dillier,19,Stage 19,0,0,0,0,0,0,0,0,0
2025,20250006,Silvan Dillier,20,Stage 20,0,0,0,0,0,0,0,8,8
2025,20250006,Silvan Dillier,21,Stage 21,0,0,0,0,0,0,0,0,0
2025,20250006,Silvan Dillier,22,Final Classifications,0,0,0,0,0,0,0,0,0
2025,20250148,Kasper Asgreen,1,Stage 1,0,0,0,0,0,0,0,0,0
2025,20250148,Kasper Asgreen,2,Stage 2,0,0,0,0,0,0,0,0,0
2025,20250148,Kasper Asgreen,3,Stage 3,8,0,0,0,0,0,0,0,8
2025,20250148,Kasper Asgreen,4,Stage 4,0,0,0,0,16,0,20,0,36
2025,20250148,Kasper Asgreen,5,Stage 5,0,0,0,0,0,0,0,0,0
2025,20250148,Kasper Asgreen,6,Stage 6,0,0,0,0,0,0,0,8,8
2025,20250148,Kasper Asgreen,7,Stage 7,0,0,0,0,0,0,0,0,0
2025,20250148,Kasper Asgreen,8,Stage 8,0,0,0,0,0,0,0,0,0
2025,20250148,Kasper Asgreen,9,Stage 9,0,0,0,0,0,0,0,0,0
2025,20250148,Kasper Asgreen,10,Stage 10,0,0,0,0,0,0,0,10,10
2025,20250148,Kasper Asgreen,11,Stage 11,0,0,0,0,0,0,0,8,8
2025,20250148,Kasper Asgreen,12,Stage 12,0,0,0,0,0,0,0,0,0
2025,20250148,Kasper Asgreen,13,Stage 13,0,0,0,0,0,0,0,0,0
2025,20250148,Kasper Asgreen,14,Stage 14,0,0,0,0,0,0,0,0,0
2025,20250148,Kasper Asgreen,15,Stage 15,0,0,0,0,0,0,0,0,0
2025,20250148,Kasper Asgreen,16,Stage 16,0,0,0,0,0,0,0,4,4
2025,20250148,Kasper Asgreen,17,Stage 17,0,0,0,0,0,0,0,0,0
2025,20250148,Kasper Asgreen,18,Stage 18,0,0,0,0,0,0,0,0,0
2025,20250148,Kasper Asgreen,19,Stage 19,0,0,0,0,0,0,0,0,0
2025,20250148,Kasper Asgreen,20,Stage 20,0,0,0,0,0,0,0,0,0
2025,20250148,Kasper Asgreen,21,Stage 21,0,0,0,0,0,0,0,0,0
2025,20250148,Kasper Asgreen,22,Final Classifications,0,0,0,0,0,0,0,0,0
2025,20250337,Mick Van Dijke,1,Stage 1,0,0,0,0,0,0,0,0,0
2025,20250337,Mick Van Dijke,2,Stage 2,0,0,0,0,0,0,0,0,0
2025,20250337,Mick Van Dijke,3,Stage 3,0,0,0,0,0,0,0,0,0
2025,20250337,Mick Van Dijke,4,Stage 4,0,0,0,0,0,0,0,0,0
2025,20250337,Mick Van Dijke,5,Stage 5,0,0,0,0,0,0,0,0,0
2025,20250337,Mick Van Dijke,6,Stage 6,0,0,0,0,0,0,0,0,0
2025,20250337,Mick Van Dijke,7,Stage 7,0,0,0,0,0,0,0,0,0
2025,20250337,Mick Van Dijke,8,Stage 8,0,0,0,0,0,0,0,0,0
2025,20250337,Mick Van Dijke,9,Stage 9,0,0,0,0,0,0,0,0,0
2025,20250337,Mick Van Dijke,10,Stage 10,0,0,0,0,0,0,0,0,0
2025,20250337,Mick Van Dijke,11,Stage 11,0,0,0,0,0,0,0,0,0
2025,20250337,Mick Van Dijke,12,Stage 12,0,0,0,0,0,0,0,2,2
2025,20250337,Mick Van Dijke,13,Stage 13,0,0,0,0,0,0,0,0,0
2025,20250337,Mick Van Dijke,14,Stage 14,0,0,0,0,0,0,0,2,2
2025,20250337,Mick Van Dijke,15,Stage 15,0,0,0,0,0,0,0,4,4
2025,20250337,Mick Van Dijke,16,Stage 16,0,0,0,0,0,0,0,4,4
2025,20250337,Mick Van Dijke,17,Stage 17,8,0,0,0,0,0,0,8,16
2025,20250337,Mick Van Dijke,18,Stage 18,0,0,0,0,0,0,0,4,4
2025,20250337,Mick Van Dijke,19,Stage 19,0,0,0,0,0,0,0,4,4
2025,20250337,Mick Van Dijke,20,Stage 20,0,0,0,0,0,0,0,4,4
2025,20250337,Mick Van Dijke,21,Stage 21,0,0,0,0,0,0,0,4,4
2025,20250337,Mick Van Dijke,22,Final Classifications,0,0,0,0,0,0,0,30,30
2025,20250110,Alexis Renard,1,Stage 1,0,0,0,0,0,0,0,0,0
2025,20250110,Alexis Renard,2,Stage 2,0,0,0,0,0,0,0,0,0
2025,20250110,Alexis Renard,3,Stage 3,0,0,0,0,0,0,0,0,0
2025,20250110,Alexis Renard,4,Stage 4,0,0,0,0,0,0,0,0,0
2025,20250110,Alexis Renard,5,Stage 5,0,0,0,0,0,0,0,0,0
2025,20250110,Alexis Renard,6,Stage 6,0,0,0,0,0,0,0,0,0
2025,20250110,Alexis Renard,7,Stage 7,0,0,0,0,0,0,0,0,0
2025,20250110,Alexis Renard,8,Stage 8,0,0,0,0,0,0,0,0,0
2025,20250110,Alexis Renard,9,Stage 9,50,0,0,0,0,0,0,0,50
2025,20250110,Alexis Renard,10,Stage 10,0,0,0,0,0,0,0,0,0
2025,20250110,Alexis Renard,11,Stage 11,0,0,0,0,0,0,0,0,0
2025,20250110,Alexis Renard,12,Stage 12,0,0,0,0,0,0,0,0,0
2025,20250110,Alexis Renard,13,Stage 13,0,0,0,0,0,0,0,0,0
2025,20250110,Alexis Renard,14,Stage 14,0,0,0,0,0,0,0,0,0
2025,20250110,Alexis Renard,15,Stage 15,0,0,0,0,0,0,0,0,0
2025,20250110,Alexis Renard,16,Stage 16,0,0,0,0,0,0,0,0,0
2025,20250110,Alexis Renard,17,Stage 17,20,0,0,0,0,0,0,0,20
2025,20250110,Alexis Renard,18,Stage 18,0,0,0,0,0,0,0,0,0
2025,20250110,Alexis Renard,19,Stage 19,0,0,0,0,0,0,0,0,0
2025,20250110,Alexis Renard,20,Stage 20,0,0,0,0,0,0,0,0,0
2025,20250110,Alexis Renard,21,Stage 21,0,0,0,0,0,0,0,0,0
2025,20250110,Alexis Renard,22,Final Classifications,0,0,0,0,0,0,0,0,0
2025,20250340,Danny Van Poppel,1,Stage 1,0,0,0,0,0,0,0,0,0
2025,20250340,Danny Van Poppel,2,Stage 2,0,0,0,0,0,0,0,0,0
2025,20250340,Danny Van Poppel,3,Stage 3,0,0,0,0,0,0,0,0,0
2025,20250340,Danny Van Poppel,4,Stage 4,0,0,0,0,0,0,0,0,0
2025,20250340,Danny Van Poppel,5,Stage 5,0,0,0,0,0,0,0,0,0
2025,20250340,Danny Van Poppel,6,Stage 6,0,0,0,0,0,0,0,0,0
2025,20250340,Danny Van Poppel,7,Stage 7,0,0,0,0,0,0,0,0,0
2025,20250340,Danny Van Poppel,8,Stage 8,50,0,0,0,0,0,0,0,50
2025,20250340,Danny Van Poppel,9,Stage 9,8,0,0,0,0,0,0,0,8
2025,20250340,Danny Van Poppel,10,Stage 10,0,0,0,0,0,0,0,0,0
2025,20250340,Danny Van Poppel,11,Stage 11,0,0,0,0,0,0,0,0,0
2025,20250340,Danny Van Poppel,12,Stage 12,0,0,0,0,0,0,0,2,2
2025,20250340,Danny Van Poppel,13,Stage 13,0,0,0,0,0,0,0,0,0
2025,20250340,Danny Van Poppel,14,Stage 14,0,0,0,0,0,0,0,2,2
2025,20250340,Danny Van Poppel,15,Stage 15,0,0,0,0,0,0,0,4,4
2025,20250340,Danny Van Poppel,16,Stage 16,0,0,0,0,0,0,0,4,4
2025,20250340,Danny Van Poppel,17,Stage 17,0,0,0,0,0,0,0,0,0
2025,20250340,Danny Van Poppel,18,Stage 18,0,0,0,0,0,0,0,0,0
2025,20250340,Danny Van Poppel,19,Stage 19,0,0,0,0,0,0,0,0,0
2025,20250340,Danny Van Poppel,20,Stage 20,0,0,0,0,0,0,0,0,0
2025,20250340,Danny Van Poppel,21,Stage 21,0,0,0,0,0,0,0,0,0
2025,20250340,Danny Van Poppel,22,Final Classifications,0,0,0,0,0,0,0,0,0
2025,20250176,Lewis Askey,1,Stage 1,0,0,0,0,0,0,0,4,4
2025,20250176,Lewis Askey,2,Stage 2,0,0,0,0,0,0,0,8,8
2025,20250176,Lewis Askey,3,Stage 3,0,0,0,0,0,0,0,8,8
2025,20250176,Lewis Askey,4,Stage 4,0,0,0,0,0,0,0,4,4
2025,20250176,Lewis Askey,5,Stage 5,0,0,0,0,0,0,0,0,0
2025,20250176,Lewis Askey,6,Stage 6,0,0,0,0,0,0,0,2,2
2025,20250176,Lewis Askey,7,Stage 7,0,0,0,0,0,0,0,2,2
2025,20250176,Lewis Askey,8,Stage 8,35,0,0,0,0,0,0,2,37
2025,20250176,Lewis Askey,9,Stage 9,0,0,0,0,0,0,0,2,2
2025,20250176,Lewis Askey,10,Stage 10,0,0,0,0,0,0,0,0,0
2025,20250176,Lewis Askey,11,Stage 11,0,0,0,0,0,0,0,2,2
2025,20250176,Lewis Askey,12,Stage 12,0,0,0,0,0,0,0,0,0
2025,20250176,Lewis Askey,13,Stage 13,0,0,0,0,0,0,0,0,0
2025,20250176,Lewis Askey,14,Stage 14,0,0,0,0,0,0,0,0,0
2025,20250176,Lewis Askey,15,Stage 15,0,0,0,0,0,0,0,0,0
2025,20250176,Lewis Askey,16,Stage 16,0,0,0,0,0,0,0,0,0
2025,20250176,Lewis Askey,17,Stage 17,0,0,0,0,0,0,0,0,0
2025,20250176,Lewis Askey,18,Stage 18,0,0,0,0,0,0,0,0,0
2025,20250176,Lewis Askey,19,Stage 19,0,0,0,0,0,0,0,0,0
2025,20250176,Lewis Askey,20,Stage 20,0,0,0,0,0,0,0,0,0
2025,20250176,Lewis Askey,21,Stage 21,0,0,0,0,0,0,0,0,0
2025,20250176,Lewis Askey,22,Final Classifications,0,0,0,0,0,0,0,0,0
2025,20250964,Jenno Berckmoes,1,Stage 1,0,0,0,0,0,0,0,0,0
2025,20250964,Jenno Berckmoes,2,Stage 2,60,0,0,0,0,0,0,0,60
2025,20250964,Jenno Berckmoes,3,Stage 3,0,4,0,0,0,0,0,0,4
2025,20250964,Jenno Berckmoes,4,Stage 4,0,3,0,0,0,0,0,0,3
2025,20250964,Jenno Berckmoes,5,Stage 5,0,0,0,0,0,0,0,0,0
2025,20250964,Jenno Berckmoes,6,Stage 6,0,0,0,0,0,0,0,0,0
2025,20250964,Jenno Berckmoes,7,Stage 7,0,0,0,0,0,0,0,0,0
2025,20250964,Jenno Berckmoes,8,Stage 8,0,0,0,0,0,0,0,0,0
2025,20250964,Jenno Berckmoes,9,Stage 9,0,0,0,0,0,0,0,2,2
2025,20250964,Jenno Berckmoes,10,Stage 10,0,0,0,0,0,0,0,0,0
2025,20250964,Jenno Berckmoes,11,Stage 11,0,0,0,0,0,0,0,0,0
2025,20250964,Jenno Berckmoes,12,Stage 12,0,0,0,0,0,0,0,0,0
2025,20250964,Jenno Berckmoes,13,Stage 13,0,0,0,0,0,0,0,0,0
2025,20250964,Jenno Berckmoes,14,Stage 14,0,0,0,0,0,0,0,0,0
2025,20250964,Jenno Berckmoes,15,Stage 15,0,0,0,0,0,0,0,0,0
2025,20250964,Jenno Berckmoes,16,Stage 16,0,0,0,0,0,0,0,0,0
2025,20250964,Jenno Berckmoes,17,Stage 17,0,0,0,0,0,0,0,0,0
2025,20250964,Jenno Berckmoes,18,Stage 18,0,0,0,0,0,0,0,0,0
2025,20250964,Jenno Berckmoes,19,Stage 19,0,0,0,0,0,0,0,0,0
2025,20250964,Jenno Berckmoes,20,Stage 20,0,0,0,0,0,0,0,0,0
2025,20250964,Jenno Berckmoes,21,Stage 21,0,0,0,0,0,0,0,0,0
2025,20250964,Jenno Berckmoes,22,Final Classifications,0,0,0,0,0,0,0,0,0
2025,20250333,Laurence Pithie,1,Stage 1,0,0,0,0,0,0,0,0,0
2025,20250333,Laurence Pithie,2,Stage 2,0,0,0,0,0,0,0,0,0
2025,20250333,Laurence Pithie,3,Stage 3,0,0,0,0,0,0,0,0,0
2025,20250333,Laurence Pithie,4,Stage 4,0,0,0,0,0,0,0,0,0
2025,20250333,Laurence Pithie,5,Stage 5,0,0,0,0,0,0,0,0,0
2025,20250333,Laurence Pithie,6,Stage 6,0,0,0,0,0,0,0,0,0
2025,20250333,Laurence Pithie,7,Stage 7,0,0,0,0,0,0,0,0,0
2025,20250333,Laurence Pithie,8,Stage 8,0,0,0,0,0,0,0,0,0
2025,20250333,Laurence Pithie,9,Stage 9,0,0,0,0,0,0,0,0,0
2025,20250333,Laurence Pithie,10,Stage 10,0,0,0,0,0,0,0,0,0
2025,20250333,Laurence Pithie,11,Stage 11,0,0,0,0,0,0,0,0,0
2025,20250333,Laurence Pithie,12,Stage 12,0,0,0,0,3,0,0,2,5
2025,20250333,Laurence Pithie,13,Stage 13,0,0,0,0,0,0,0,0,0
2025,20250333,Laurence Pithie,14,Stage 14,0,0,0,0,0,0,0,2,2
2025,20250333,Laurence Pithie,15,Stage 15,0,0,0,0,0,0,0,4,4
2025,20250333,Laurence Pithie,16,Stage 16,0,0,0,0,0,0,0,4,4
2025,20250333,Laurence Pithie,17,Stage 17,0,0,0,0,0,0,0,8,8
2025,20250333,Laurence Pithie,18,Stage 18,0,0,0,0,0,0,0,4,4
2025,20250333,Laurence Pithie,19,Stage 19,0,0,0,0,0,0,0,4,4
2025,20250333,Laurence Pithie,20,Stage 20,0,0,0,0,0,0,0,4,4
2025,20250333,Laurence Pithie,21,Stage 21,0,0,0,0,0,0,0,4,4
2025,20250333,Laurence Pithie,22,Final Classifications,0,0,0,0,0,0,0,30,30
2025,20250034,Arnaud Démare,1,Stage 1,0,0,0,0,0,0,0,0,0
2025,20250034,Arnaud Démare,2,Stage 2,0,0,0,0,0,0,0,0,0
2025,20250034,Arnaud Démare,3,Stage 3,0,0,0,0,0,0,0,0,0
2025,20250034,Arnaud Démare,4,Stage 4,0,0,0,0,0,0,0,0,0
2025,20250034,Arnaud Démare,5,Stage 5,0,0,0,0,0,0,0,0,0
2025,20250034,Arnaud Démare,6,Stage 6,0,0,0,0,0,0,0,0,0
2025,20250034,Arnaud Démare,7,Stage 7,0,0,0,0,0,0,0,2,2
2025,20250034,Arnaud Démare,8,Stage 8,4,0,0,0,0,0,0,2,6
2025,20250034,Arnaud Démare,9,Stage 9,35,0,0,0,0,0,0,2,37
2025,20250034,Arnaud Démare,10,Stage 10,0,0,0,0,0,0,0,0,0
2025,20250034,Arnaud Démare,11,Stage 11,0,0,0,0,0,0,0,0,0
2025,20250034,Arnaud Démare,12,Stage 12,0,0,0,0,0,0,0,2,2
2025,20250034,Arnaud Démare,13,Stage 13,0,0,0,0,0,0,0,0,0
2025,20250034,Arnaud Démare,14,Stage 14,0,0,0,0,0,0,0,0,0
2025,20250034,Arnaud Démare,15,Stage 15,0,0,0,0,0,0,0,0,0
2025,20250034,Arnaud Démare,16,Stage 16,0,0,0,0,0,0,0,0,0
2025,20250034,Arnaud Démare,17,Stage 17,0,0,0,0,0,0,0,0,0
2025,20250034,Arnaud Démare,18,Stage 18,0,0,0,0,0,0,0,0,0
2025,20250034,Arnaud Démare,19,Stage 19,0,0,0,0,0,0,0,0,0
2025,20250034,Arnaud Démare,20,Stage 20,0,0,0,0,0,0,0,0,0
2025,20250034,Arnaud Démare,21,Stage 21,0,0,0,0,0,0,0,0,0
2025,20250034,Arnaud Démare,22,Final Classifications,0,0,0,0,0,0,0,0,20
2025,20250208,Tobias Foss,1,Stage 1,0,0,0,0,0,0,0,0,0
2025,20250208,Tobias Foss,2,Stage 2,0,0,0,0,0,0,0,0,0
2025,20250208,Tobias Foss,3,Stage 3,0,0,0,0,0,0,0,0,0
2025,20250208,Tobias Foss,4,Stage 4,0,0,0,0,0,0,0,0,0
2025,20250208,Tobias Foss,5,Stage 5,30,0,0,0,0,0,0,0,30
2025,20250208,Tobias Foss,6,Stage 6,0,0,0,0,0,0,0,0,0
2025,20250208,Tobias Foss,7,Stage 7,0,0,0,0,0,0,0,0,0
2025,20250208,Tobias Foss,8,Stage 8,0,0,0,0,0,0,0,0,0
2025,20250208,Tobias Foss,9,Stage 9,0,0,0,0,0,0,0,0,0
2025,20250208,Tobias Foss,10,Stage 10,0,0,0,0,0,0,0,4,4
2025,20250208,Tobias Foss,11,Stage 11,0,0,0,0,0,0,0,0,0
2025,20250208,Tobias Foss,12,Stage 12,0,0,0,0,1,0,0,0,1
2025,20250208,Tobias Foss,13,Stage 13,0,0,0,0,0,0,0,0,0
2025,20250208,Tobias Foss,14,Stage 14,0,0,0,0,0,0,0,8,8
2025,20250208,Tobias Foss,15,Stage 15,0,0,0,0,0,0,0,0,0
2025,20250208,Tobias Foss,16,Stage 16,0,0,0,0,0,0,0,0,0
2025,20250208,Tobias Foss,17,Stage 17,0,0,0,0,0,0,0,0,0
2025,20250208,Tobias Foss,18,Stage 18,0,0,0,0,0,0,0,0,0
2025,20250208,Tobias Foss,19,Stage 19,0,0,0,0,0,15,0,8,23
2025,20250208,Tobias Foss,20,Stage 20,0,0,0,0,0,0,0,0,0
2025,20250208,Tobias Foss,21,Stage 21,0,0,0,0,0,0,0,0,0
2025,20250208,Tobias Foss,22,Final Classifications,0,0,0,0,0,0,0,0,0
2025,20250329,Gianni Moscon,1,Stage 1,0,0,0,0,0,0,0,0,0
2025,20250329,Gianni Moscon,2,Stage 2,0,0,0,0,0,0,0,0,0
2025,20250329,Gianni Moscon,3,Stage 3,0,0,0,0,0,0,0,0,0
2025,20250329,Gianni Moscon,4,Stage 4,0,0,0,0,0,0,0,0,0
2025,20250329,Gianni Moscon,5,Stage 5,0,0,0,0,0,0,0,0,0
2025,20250329,Gianni Moscon,6,Stage 6,0,0,0,0,0,0,0,0,0
2025,20250329,Gianni Moscon,7,Stage 7,0,0,0,0,0,0,0,0,0
2025,20250329,Gianni Moscon,8,Stage 8,0,0,0,0,0,0,0,0,0
2025,20250329,Gianni Moscon,9,Stage 9,0,0,0,0,0,0,0,0,0
2025,20250329,Gianni Moscon,10,Stage 10,0,0,0,0,0,0,0,0,0
2025,20250329,Gianni Moscon,11,Stage 11,0,0,0,0,0,0,0,0,0
2025,20250329,Gianni Moscon,12,Stage 12,0,0,0,0,0,0,0,2,2
2025,20250329,Gianni Moscon,13,Stage 13,0,0,0,0,0,0,0,0,0
2025,20250329,Gianni Moscon,14,Stage 14,0,0,0,0,0,0,0,2,2
2025,20250329,Gianni Moscon,15,Stage 15,0,0,0,0,0,0,0,4,4
2025,20250329,Gianni Moscon,16,Stage 16,0,0,0,0,0,0,0,4,4
2025,20250329,Gianni Moscon,17,Stage 17,0,0,0,0,0,0,0,8,8
2025,20250329,Gianni Moscon,18,Stage 18,0,0,0,0,0,0,0,4,4
2025,20250329,Gianni Moscon,19,Stage 19,0,0,0,0,0,0,0,4,4
2025,20250329,Gianni Moscon,20,Stage 20,0,0,0,0,0,0,0,4,4
2025,20250329,Gianni Moscon,21,Stage 21,0,0,0,0,0,0,0,4,4
2025,20250329,Gianni Moscon,22,Final Classifications,0,0,0,0,0,0,0,30,30
2025,20250407,Warren Barguil,1,Stage 1,0,0,0,0,0,0,0,0,0
2025,20250407,Warren Barguil,2,Stage 2,0,0,0,0,0,0,0,0,0
2025,20250407,Warren Barguil,3,Stage 3,0,0,0,0,0,0,0,0,0
2025,20250407,Warren Barguil,4,Stage 4,0,0,0,0,0,0,0,0,0
2025,20250407,Warren Barguil,5,Stage 5,0,0,0,0,0,0,0,0,0
2025,20250407,Warren Barguil,6,Stage 6,0,0,0,0,0,0,0,0,0
2025,20250407,Warren Barguil,7,Stage 7,0,0,0,0,0,0,0,2,2
2025,20250407,Warren Barguil,8,Stage 8,0,0,0,0,0,0,0,0,0
2025,20250407,Warren Barguil,9,Stage 9,0,0,0,0,0,0,0,0,0
2025,20250407,Warren Barguil,10,Stage 10,0,0,0,0,0,0,0,0,0
2025,20250407,Warren Barguil,11,Stage 11,0,0,0,0,0,0,0,0,0
2025,20250407,Warren Barguil,12,Stage 12,0,0,0,0,0,0,0,0,0
2025,20250407,Warren Barguil,13,Stage 13,0,0,0,0,0,0,0,0,0
2025,20250407,Warren Barguil,14,Stage 14,0,0,0,0,0,0,0,0,0
2025,20250407,Warren Barguil,15,Stage 15,16,0,0,0,0,0,0,0,16
2025,20250407,Warren Barguil,16,Stage 16,0,0,0,0,0,0,0,0,0
2025,20250407,Warren Barguil,17,Stage 17,0,0,0,0,0,0,0,2,2
2025,20250407,Warren Barguil,18,Stage 18,0,0,0,0,0,0,0,0,0
2025,20250407,Warren Barguil,19,Stage 19,0,0,0,0,0,0,0,0,0
2025,20250407,Warren Barguil,20,Stage 20,0,0,0,0,0,0,0,4,4
2025,20250407,Warren Barguil,21,Stage 21,0,0,0,0,0,0,0,0,0
2025,20250407,Warren Barguil,22,Final Classifications,0,0,0,0,0,0,0,0,40
2025,20250422,Niklas Märkl,1,Stage 1,35,8,0,0,0,0,0,0,43
2025,20250422,Niklas Märkl,2,Stage 2,0,0,0,0,0,0,0,0,0
2025,20250422,Niklas Märkl,3,Stage 3,12,0,0,0,0,0,0,0,12
2025,20250422,Niklas Märkl,4,Stage 4,0,0,0,0,0,0,0,0,0
2025,20250422,Niklas Märkl,5,Stage 5,0,0,0,0,0,0,0,0,0
2025,20250422,Niklas Märkl,6,Stage 6,0,0,0,0,0,0,0,0,0
2025,20250422,Niklas Märkl,7,Stage 7,0,0,0,0,0,0,0,2,2
2025,20250422,Niklas Märkl,8,Stage 8,0,0,0,0,0,0,0,0,0
2025,20250422,Niklas Märkl,9,Stage 9,0,0,0,0,0,0,0,0,0
2025,20250422,Niklas Märkl,10,Stage 10,0,0,0,0,0,0,0,0,0
2025,20250422,Niklas Märkl,11,Stage 11,0,0,0,0,0,0,0,0,0
2025,20250422,Niklas Märkl,12,Stage 12,0,0,0,0,0,0,0,0,0
2025,20250422,Niklas Märkl,13,Stage 13,0,0,0,0,0,0,0,0,0
2025,20250422,Niklas Märkl,14,Stage 14,0,0,0,0,0,0,0,0,0
2025,20250422,Niklas Märkl,15,Stage 15,0,0,0,0,0,0,0,0,0
2025,20250422,Niklas Märkl,16,Stage 16,0,0,0,0,0,0,0,0,0
2025,20250422,Niklas Märkl,17,Stage 17,0,0,0,0,0,0,0,2,2
2025,20250422,Niklas Märkl,18,Stage 18,0,0,0,0,0,0,0,0,0
2025,20250422,Niklas Märkl,19,Stage 19,0,0,0,0,0,0,0,0,0
2025,20250422,Niklas Märkl,20,Stage 20,0,0,0,0,0,0,0,4,4
2025,20250422,Niklas Märkl,21,Stage 21,0,0,0,0,0,0,0,0,0
2025,20250422,Niklas Märkl,22,Final Classifications,0,0,0,0,0,0,0,0,0
2025,20251407,Andreas Leknessund,1,Stage 1,0,0,0,0,0,0,0,4,4
2025,20251407,Andreas Leknessund,2,Stage 2,0,0,0,1,16,0,20,0,37
2025,20251407,Andreas Leknessund,3,Stage 3,0,0,0,1,0,0,0,0,1
2025,20251407,Andreas Leknessund,4,Stage 4,0,0,0,0,0,0,0,0,0
2025,20251407,Andreas Leknessund,5,Stage 5,0,0,0,0,0,0,0,0,0
2025,20251407,Andreas Leknessund,6,Stage 6,0,0,0,0,0,0,0,0,0
2025,20251407,Andreas Leknessund,7,Stage 7,0,0,0,0,0,0,0,0,0
2025,20251407,Andreas Leknessund,8,Stage 8,0,0,0,0,0,0,0,0,0
2025,20251407,Andreas Leknessund,9,Stage 9,0,0,0,0,0,0,0,0,0
2025,20251407,Andreas Leknessund,10,Stage 10,0,0,0,0,0,0,0,0,0
2025,20251407,Andreas Leknessund,11,Stage 11,0,0,0,0,0,0,0,8,8
2025,20251407,Andreas Leknessund,12,Stage 12,0,0,0,0,0,0,0,0,0
2025,20251407,Andreas Leknessund,13,Stage 13,0,0,0,0,0,0,0,0,0
2025,20251407,Andreas Leknessund,14,Stage 14,0,0,0,0,0,0,0,0,0
2025,20251407,Andreas Leknessund,15,Stage 15,12,0,0,0,0,0,0,0,12
2025,20251407,Andreas Leknessund,16,Stage 16,0,0,0,0,0,0,0,0,0
2025,20251407,Andreas Leknessund,17,Stage 17,0,0,0,0,0,0,0,0,0
2025,20251407,Andreas Leknessund,18,Stage 18,0,0,0,0,0,0,0,0,0
2025,20251407,Andreas Leknessund,19,Stage 19,0,0,0,0,0,0,0,0,0
2025,20251407,Andreas Leknessund,20,Stage 20,0,0,0,0,0,0,0,0,0
2025,20251407,Andreas Leknessund,21,Stage 21,0,0,0,0,0,0,0,0,0
2025,20251407,Andreas Leknessund,22,Final Classifications,0,0,0,0,0,0,0,0,0
2025,20250113,Dylan Teuns,1,Stage 1,0,0,0,0,0,0,0,0,0
2025,20250113,Dylan Teuns,2,Stage 2,0,0,0,0,0,0,0,0,0
2025,20250113,Dylan Teuns,3,Stage 3,0,0,0,0,0,0,0,0,0
2025,20250113,Dylan Teuns,4,Stage 4,0,0,0,0,0,0,0,0,0
2025,20250113,Dylan Teuns,5,Stage 5,0,0,0,0,0,0,0,0,0
2025,20250113,Dylan Teuns,6,Stage 6,0,0,0,0,0,0,0,0,0
2025,20250113,Dylan Teuns,7,Stage 7,0,0,0,0,0,0,0,0,0
2025,20250113,Dylan Teuns,8,Stage 8,0,0,0,0,0,0,0,0,0
2025,20250113,Dylan Teuns,9,Stage 9,0,0,0,0,0,0,0,0,0
2025,20250113,Dylan Teuns,10,Stage 10,0,0,0,0,0,0,0,0,0
2025,20250113,Dylan Teuns,11,Stage 11,0,0,0,0,0,0,0,0,0
2025,20250113,Dylan Teuns,12,Stage 12,0,0,0,0,0,0,0,0,0
2025,20250113,Dylan Teuns,13,Stage 13,0,0,0,0,0,0,0,0,0
2025,20250113,Dylan Teuns,14,Stage 14,0,0,0,0,0,0,0,0,0
2025,20250113,Dylan Teuns,15,Stage 15,0,0,0,0,0,0,0,0,0
2025,20250113,Dylan Teuns,16,Stage 16,0,0,0,0,0,0,0,0,0
2025,20250113,Dylan Teuns,17,Stage 17,0,0,0,0,0,0,0,0,0
2025,20250113,Dylan Teuns,18,Stage 18,0,0,0,0,0,0,0,0,0
2025,20250113,Dylan Teuns,19,Stage 19,0,0,0,0,0,0,0,0,0
2025,20250113,Dylan Teuns,20,Stage 20,0,0,0,0,0,0,0,0,0
2025,20250113,Dylan Teuns,21,Stage 21,60,0,0,0,0,0,0,0,60
2025,20250113,Dylan Teuns,22,Final Classifications,0,0,0,0,0,0,0,0,0
2025,20250089,Alex Aranburu,1,Stage 1,0,0,0,0,0,0,0,0,0
2025,20250089,Alex Aranburu,2,Stage 2,0,0,0,0,0,0,0,0,0
2025,20250089,Alex Aranburu,3,Stage 3,0,0,0,0,0,0,0,0,0
2025,20250089,Alex Aranburu,4,Stage 4,0,0,0,0,0,0,0,0,0
2025,20250089,Alex Aranburu,5,Stage 5,0,0,0,0,0,0,0,0,0
2025,20250089,Alex Aranburu,6,Stage 6,0,0,0,0,0,0,0,0,0
2025,20250089,Alex Aranburu,7,Stage 7,0,0,0,0,0,0,0,0,0
2025,20250089,Alex Aranburu,8,Stage 8,0,0,0,0,0,0,0,0,0
2025,20250089,Alex Aranburu,9,Stage 9,0,0,0,0,0,0,0,0,0
2025,20250089,Alex Aranburu,10,Stage 10,0,0,0,0,0,0,0,0,0
2025,20250089,Alex Aranburu,11,Stage 11,8,0,0,0,0,0,0,0,8
2025,20250089,Alex Aranburu,12,Stage 12,0,0,0,0,0,0,0,0,0
2025,20250089,Alex Aranburu,13,Stage 13,0,0,0,0,0,0,0,0,0
2025,20250089,Alex Aranburu,14,Stage 14,0,0,0,0,0,0,0,0,0
2025,20250089,Alex Aranburu,15,Stage 15,0,0,0,0,0,0,0,0,0
2025,20250089,Alex Aranburu,16,Stage 16,20,0,0,0,0,0,0,0,20
2025,20250089,Alex Aranburu,17,Stage 17,0,0,0,0,0,0,0,0,0
2025,20250089,Alex Aranburu,18,Stage 18,0,0,0,0,0,0,0,0,0
2025,20250089,Alex Aranburu,19,Stage 19,0,0,0,0,0,0,0,0,0
2025,20250089,Alex Aranburu,20,Stage 20,0,0,0,0,0,0,0,0,0
2025,20250089,Alex Aranburu,21,Stage 21,30,0,0,0,0,0,0,0,30
2025,20250089,Alex Aranburu,22,Final Classifications,0,0,0,0,0,0,0,0,0
2025,20251331,Marc Hirschi,1,Stage 1,0,0,0,0,0,0,0,8,8
2025,20251331,Marc Hirschi,2,Stage 2,30,0,0,0,0,0,0,0,30
2025,20251331,Marc Hirschi,3,Stage 3,0,0,0,0,0,0,0,0,0
2025,20251331,Marc Hirschi,4,Stage 4,4,7,0,0,0,0,0,0,11
2025,20251331,Marc Hirschi,5,Stage 5,0,0,0,0,0,0,0,0,0
2025,20251331,Marc Hirschi,6,Stage 6,0,0,0,0,0,0,0,2,2
2025,20251331,Marc Hirschi,7,Stage 7,0,0,0,0,0,0,0,0,0
2025,20251331,Marc Hirschi,8,Stage 8,0,0,0,0,0,0,0,0,0
2025,20251331,Marc Hirschi,9,Stage 9,0,0,0,0,0,0,0,0,0
2025,20251331,Marc Hirschi,10,Stage 10,0,0,0,0,0,0,0,0,0
2025,20251331,Marc Hirschi,11,Stage 11,0,0,0,0,0,0,0,0,0
2025,20251331,Marc Hirschi,12,Stage 12,0,0,0,0,0,0,0,0,0
2025,20251331,Marc Hirschi,13,Stage 13,0,0,0,0,0,0,0,0,0
2025,20251331,Marc Hirschi,14,Stage 14,0,0,0,0,0,0,0,0,0
2025,20251331,Marc Hirschi,15,Stage 15,0,0,0,0,0,0,0,2,2
2025,20251331,Marc Hirschi,16,Stage 16,0,0,0,0,0,0,0,0,0
2025,20251331,Marc Hirschi,17,Stage 17,0,0,0,0,0,0,0,0,0
2025,20251331,Marc Hirschi,18,Stage 18,0,0,0,0,0,0,0,0,0
2025,20251331,Marc Hirschi,19,Stage 19,0,0,0,0,0,0,0,0,0
2025,20251331,Marc Hirschi,20,Stage 20,0,0,0,0,0,0,0,0,0
2025,20251331,Marc Hirschi,21,Stage 21,0,0,0,0,0,0,0,0,0
2025,20251331,Marc Hirschi,22,Final Classifications,0,0,0,0,0,0,0,0,0
2025,20251274,Alexandre Delettre,1,Stage 1,0,0,0,0,0,0,0,0,0
2025,20251274,Alexandre Delettre,2,Stage 2,50,0,0,0,0,0,0,0,50
2025,20251274,Alexandre Delettre,3,Stage 3,0,2,0,0,0,0,0,0,2
2025,20251274,Alexandre Delettre,4,Stage 4,0,0,0,0,0,0,0,0,0
2025,20251274,Alexandre Delettre,5,Stage 5,0,0,0,0,0,0,0,0,0
2025,20251274,Alexandre Delettre,6,Stage 6,0,0,0,0,0,0,0,0,0
2025,20251274,Alexandre Delettre,7,Stage 7,0,0,0,0,0,0,0,0,0
2025,20251274,Alexandre Delettre,8,Stage 8,0,0,0,0,0,0,0,0,0
2025,20251274,Alexandre Delettre,9,Stage 9,0,0,0,0,0,0,0,0,0
2025,20251274,Alexandre Delettre,10,Stage 10,0,0,0,0,0,0,0,0,0
2025,20251274,Alexandre Delettre,11,Stage 11,0,0,0,0,0,0,0,0,0
2025,20251274,Alexandre Delettre,12,Stage 12,0,0,0,0,0,0,0,0,0
2025,20251274,Alexandre Delettre,13,Stage 13,0,0,0,0,0,0,0,0,0
2025,20251274,Alexandre Delettre,14,Stage 14,0,0,0,0,0,0,0,0,0
2025,20251274,Alexandre Delettre,15,Stage 15,0,0,0,0,0,0,0,0,0
2025,20251274,Alexandre Delettre,16,Stage 16,0,0,0,0,0,0,0,0,0
2025,20251274,Alexandre Delettre,17,Stage 17,0,0,0,0,0,0,0,0,0
2025,20251274,Alexandre Delettre,18,Stage 18,0,0,0,0,0,0,0,0,0
2025,20251274,Alexandre Delettre,19,Stage 19,0,0,0,0,0,0,0,0,0
2025,20251274,Alexandre Delettre,20,Stage 20,0,0,0,0,0,0,0,0,0
2025,20251274,Alexandre Delettre,21,Stage 21,0,0,0,0,0,0,0,0,0
2025,20251274,Alexandre Delettre,22,Final Classifications,0,0,0,0,0,0,0,0,0
2025,20250227,Geraint Thomas,1,Stage 1,0,0,0,0,0,0,0,0,0
2025,20250227,Geraint Thomas,2,Stage 2,0,0,0,0,0,0,0,0,0
2025,20250227,Geraint Thomas,3,Stage 3,0,0,0,0,0,0,0,0,0
2025,20250227,Geraint Thomas,4,Stage 4,0,0,0,0,0,0,0,0,0
2025,20250227,Geraint Thomas,5,Stage 5,0,0,0,0,0,0,0,0,0
2025,20250227,Geraint Thomas,6,Stage 6,0,0,0,0,0,0,0,0,0
2025,20250227,Geraint Thomas,7,Stage 7,0,0,0,0,8,0,20,0,28
2025,20250227,Geraint Thomas,8,Stage 8,0,0,0,0,0,0,0,0,0
2025,20250227,Geraint Thomas,9,Stage 9,0,0,0,0,0,0,0,0,0
2025,20250227,Geraint Thomas,10,Stage 10,0,0,0,0,0,0,0,4,4
2025,20250227,Geraint Thomas,11,Stage 11,0,0,0,0,0,0,0,0,0
2025,20250227,Geraint Thomas,12,Stage 12,0,0,0,0,0,0,0,0,0
2025,20250227,Geraint Thomas,13,Stage 13,0,0,0,0,0,0,0,0,0
2025,20250227,Geraint Thomas,14,Stage 14,0,0,0,0,0,0,0,8,8
2025,20250227,Geraint Thomas,15,Stage 15,0,0,0,0,0,0,0,0,0
2025,20250227,Geraint Thomas,16,Stage 16,0,0,0,0,0,0,0,0,0
2025,20250227,Geraint Thomas,17,Stage 17,0,0,0,0,0,0,0,0,0
2025,20250227,Geraint Thomas,18,Stage 18,0,0,0,0,0,0,0,0,0
2025,20250227,Geraint Thomas,19,Stage 19,0,0,0,0,0,0,0,8,8
2025,20250227,Geraint Thomas,20,Stage 20,0,0,0,0,0,0,0,0,0
2025,20250227,Geraint Thomas,21,Stage 21,0,0,0,0,0,0,0,0,0
2025,20250227,Geraint Thomas,22,Final Classifications,0,0,0,0,0,0,0,0,0
2025,20250114,Benjamin Thomas,1,Stage 1,0,0,0,12,0,0,20,0,32
2025,20250114,Benjamin Thomas,2,Stage 2,0,0,0,6,0,0,0,0,6
2025,20250114,Benjamin Thomas,3,Stage 3,0,0,0,6,0,0,0,0,6
2025,20250114,Benjamin Thomas,4,Stage 4,0,0,0,2,0,0,0,0,2
2025,20250114,Benjamin Thomas,5,Stage 5,0,0,0,2,0,0,0,0,2
2025,20250114,Benjamin Thomas,6,Stage 6,0,0,0,0,0,0,0,0,0
2025,20250114,Benjamin Thomas,7,Stage 7,0,0,0,0,0,0,0,0,0
2025,20250114,Benjamin Thomas,8,Stage 8,0,0,0,0,0,0,0,0,0
2025,20250114,Benjamin Thomas,9,Stage 9,0,0,0,0,0,0,0,0,0
2025,20250114,Benjamin Thomas,10,Stage 10,0,0,0,0,0,0,0,0,0
2025,20250114,Benjamin Thomas,11,Stage 11,0,0,0,0,0,0,0,0,0
2025,20250114,Benjamin Thomas,12,Stage 12,0,0,0,0,0,0,0,0,0
2025,20250114,Benjamin Thomas,13,Stage 13,0,0,0,0,0,0,0,0,0
2025,20250114,Benjamin Thomas,14,Stage 14,0,0,0,0,0,0,0,0,0
2025,20250114,Benjamin Thomas,15,Stage 15,0,0,0,0,0,0,0,0,0
2025,20250114,Benjamin Thomas,16,Stage 16,0,0,0,0,0,0,0,0,0
2025,20250114,Benjamin Thomas,17,Stage 17,0,0,0,0,0,0,0,0,0
2025,20250114,Benjamin Thomas,18,Stage 18,0,0,0,0,0,0,0,0,0
2025,20250114,Benjamin Thomas,19,Stage 19,0,0,0,0,0,0,0,0,0
2025,20250114,Benjamin Thomas,20,Stage 20,0,0,0,0,0,0,0,0,0
2025,20250114,Benjamin Thomas,21,Stage 21,0,0,0,0,0,0,0,0,0
2025,20250114,Benjamin Thomas,22,Final Classifications,0,0,0,0,0,0,0,0,0
2025,20251329,Marco Haller,1,Stage 1,0,0,0,0,0,0,0,8,8
2025,20251329,Marco Haller,2,Stage 2,0,0,0,0,0,0,0,0,0
2025,20251329,Marco Haller,3,Stage 3,0,0,0,0,0,0,0,0,0
2025,20251329,Marco Haller,4,Stage 4,0,0,0,0,0,0,0,0,0
2025,20251329,Marco Haller,5,Stage 5,0,0,0,0,0,0,0,0,0
2025,20251329,Marco Haller,6,Stage 6,0,0,0,0,0,0,0,2,2
2025,20251329,Marco Haller,7,Stage 7,0,0,0,0,16,0,20,0,36
2025,20251329,Marco Haller,8,Stage 8,0,0,0,0,0,0,0,0,0
2025,20251329,Marco Haller,9,Stage 9,0,0,0,0,0,0,0,0,0
2025,20251329,Marco Haller,10,Stage 10,0,0,0,0,0,0,0,0,0
2025,20251329,Marco Haller,11,Stage 11,0,0,0,0,0,0,0,0,0
2025,20251329,Marco Haller,12,Stage 12,0,0,0,0,0,0,0,0,0
2025,20251329,Marco Haller,13,Stage 13,0,0,0,0,0,0,0,0,0
2025,20251329,Marco Haller,14,Stage 14,0,0,0,0,0,0,0,0,0
2025,20251329,Marco Haller,15,Stage 15,0,0,0,0,0,0,0,2,2
2025,20251329,Marco Haller,16,Stage 16,0,0,0,0,0,0,0,0,0
2025,20251329,Marco Haller,17,Stage 17,0,0,0,0,0,0,0,0,0
2025,20251329,Marco Haller,18,Stage 18,0,0,0,0,0,0,0,0,0
2025,20251329,Marco Haller,19,Stage 19,0,0,0,0,0,0,0,0,0
2025,20251329,Marco Haller,20,Stage 20,0,0,0,0,0,0,0,0,0
2025,20251329,Marco Haller,21,Stage 21,0,0,0,0,0,0,0,0,0
2025,20251329,Marco Haller,22,Final Classifications,0,0,0,0,0,0,0,0,0
2025,20250365,Maximilian Schachmann,1,Stage 1,0,0,0,0,0,0,0,0,0
2025,20250365,Maximilian Schachmann,2,Stage 2,0,0,0,0,0,0,0,0,0
2025,20250365,Maximilian Schachmann,3,Stage 3,0,0,0,0,0,0,0,8,8
2025,20250365,Maximilian Schachmann,4,Stage 4,0,0,0,0,0,0,0,0,0
2025,20250365,Maximilian Schachmann,5,Stage 5,0,0,0,0,0,0,0,0,0
2025,20250365,Maximilian Schachmann,6,Stage 6,0,0,0,0,0,0,0,2,2
2025,20250365,Maximilian Schachmann,7,Stage 7,0,0,0,0,0,0,0,4,4
2025,20250365,Maximilian Schachmann,8,Stage 8,0,0,0,0,0,0,0,4,4
2025,20250365,Maximilian Schachmann,9,Stage 9,0,0,0,0,0,0,0,12,12
2025,20250365,Maximilian Schachmann,10,Stage 10,0,0,0,0,0,0,0,2,2
2025,20250365,Maximilian Schachmann,11,Stage 11,0,0,0,0,0,0,0,2,2
2025,20250365,Maximilian Schachmann,12,Stage 12,0,0,0,0,0,0,0,2,2
2025,20250365,Maximilian Schachmann,13,Stage 13,0,0,0,0,0,0,0,0,0
2025,20250365,Maximilian Schachmann,14,Stage 14,0,0,0,0,0,0,0,0,0
2025,20250365,Maximilian Schachmann,15,Stage 15,0,0,0,0,0,0,0,0,0
2025,20250365,Maximilian Schachmann,16,Stage 16,0,0,0,0,0,0,0,8,8
2025,20250365,Maximilian Schachmann,17,Stage 17,0,0,0,0,0,0,0,0,0
2025,20250365,Maximilian Schachmann,18,Stage 18,0,0,0,0,0,0,0,0,0
2025,20250365,Maximilian Schachmann,19,Stage 19,0,0,0,0,0,0,0,0,0
2025,20250365,Maximilian Schachmann,20,Stage 20,0,0,0,0,0,0,0,2,2
2025,20250365,Maximilian Schachmann,21,Stage 21,0,0,0,0,0,0,0,0,0
2025,20250365,Maximilian Schachmann,22,Final Classifications,0,0,0,0,0,0,0,0,0
2025,20250369,Bert Van Lerberghe,1,Stage 1,0,0,0,0,0,0,0,0,0
2025,20250369,Bert Van Lerberghe,2,Stage 2,0,0,0,0,0,0,0,0,0
2025,20250369,Bert Van Lerberghe,3,Stage 3,0,0,0,0,0,0,0,8,8
2025,20250369,Bert Van Lerberghe,4,Stage 4,0,0,0,0,0,0,0,0,0
2025,20250369,Bert Van Lerberghe,5,Stage 5,0,0,0,0,0,0,0,0,0
2025,20250369,Bert Van Lerberghe,6,Stage 6,0,0,0,0,0,0,0,2,2
2025,20250369,Bert Van Lerberghe,7,Stage 7,0,0,0,0,0,0,0,4,4
2025,20250369,Bert Van Lerberghe,8,Stage 8,0,0,0,0,0,0,0,4,4
2025,20250369,Bert Van Lerberghe,9,Stage 9,0,0,0,0,0,0,0,12,12
2025,20250369,Bert Van Lerberghe,10,Stage 10,0,0,0,0,0,0,0,2,2
2025,20250369,Bert Van Lerberghe,11,Stage 11,0,0,0,0,0,0,0,2,2
2025,20250369,Bert Van Lerberghe,12,Stage 12,0,0,0,0,0,0,0,2,2
2025,20250369,Bert Van Lerberghe,13,Stage 13,0,0,0,0,0,0,0,0,0
2025,20250369,Bert Van Lerberghe,14,Stage 14,0,0,0,0,0,0,0,0,0
2025,20250369,Bert Van Lerberghe,15,Stage 15,0,0,0,0,0,0,0,0,0
2025,20250369,Bert Van Lerberghe,16,Stage 16,0,0,0,0,0,0,0,8,8
2025,20250369,Bert Van Lerberghe,17,Stage 17,0,0,0,0,0,0,0,0,0
2025,20250369,Bert Van Lerberghe,18,Stage 18,0,0,0,0,0,0,0,0,0
2025,20250369,Bert Van Lerberghe,19,Stage 19,0,0,0,0,0,0,0,0,0
2025,20250369,Bert Van Lerberghe,20,Stage 20,0,0,0,0,0,0,0,2,2
2025,20250369,Bert Van Lerberghe,21,Stage 21,0,0,0,0,0,0,0,0,0
2025,20250369,Bert Van Lerberghe,22,Final Classifications,0,0,0,0,0,0,0,0,0
2025,20250116,Damien Touzé,1,Stage 1,16,4,0,0,0,0,0,0,20
2025,20250116,Damien Touzé,2,Stage 2,0,0,0,0,0,0,0,0,0
2025,20250116,Damien Touzé,3,Stage 3,25,0,0,0,0,0,0,0,25
2025,20250116,Damien Touzé,4,Stage 4,0,0,0,0,0,0,0,0,0
2025,20250116,Damien Touzé,5,Stage 5,0,0,0,0,0,0,0,0,0
2025,20250116,Damien Touzé,6,Stage 6,0,0,0,0,0,0,0,0,0
2025,20250116,Damien Touzé,7,Stage 7,0,0,0,0,0,0,0,0,0
2025,20250116,Damien Touzé,8,Stage 8,0,0,0,0,0,0,0,0,0
2025,20250116,Damien Touzé,9,Stage 9,0,0,0,0,0,0,0,0,0
2025,20250116,Damien Touzé,10,Stage 10,0,0,0,0,0,0,0,0,0
2025,20250116,Damien Touzé,11,Stage 11,0,0,0,0,0,0,0,0,0
2025,20250116,Damien Touzé,12,Stage 12,0,0,0,0,0,0,0,0,0
2025,20250116,Damien Touzé,13,Stage 13,0,0,0,0,0,0,0,0,0
2025,20250116,Damien Touzé,14,Stage 14,0,0,0,0,0,0,0,0,0
2025,20250116,Damien Touzé,15,Stage 15,0,0,0,0,0,0,0,0,0
2025,20250116,Damien Touzé,16,Stage 16,0,0,0,0,0,0,0,0,0
2025,20250116,Damien Touzé,17,Stage 17,0,0,0,0,0,0,0,0,0
2025,20250116,Damien Touzé,18,Stage 18,0,0,0,0,0,0,0,0,0
2025,20250116,Damien Touzé,19,Stage 19,0,0,0,0,0,0,0,0,0
2025,20250116,Damien Touzé,20,Stage 20,0,0,0,0,0,0,0,0,0
2025,20250116,Damien Touzé,21,Stage 21,0,0,0,0,0,0,0,0,0
2025,20250116,Damien Touzé,22,Final Classifications,0,0,0,0,0,0,0,0,0
2025,20250261,Simone Consonni,1,Stage 1,0,0,0,0,2,0,0,0,2
2025,20250261,Simone Consonni,2,Stage 2,0,0,0,0,0,0,0,0,0
2025,20250261,Simone Consonni,3,Stage 3,0,0,0,0,5,0,0,4,9
2025,20250261,Simone Consonni,4,Stage 4,0,0,0,0,2,0,0,0,2
2025,20250261,Simone Consonni,5,Stage 5,0,0,0,0,0,0,0,0,0
2025,20250261,Simone Consonni,6,Stage 6,0,0,0,0,0,0,0,4,4
2025,20250261,Simone Consonni,7,Stage 7,0,0,0,0,0,0,0,0,0
2025,20250261,Simone Consonni,8,Stage 8,0,0,0,0,0,0,0,8,8
2025,20250261,Simone Consonni,9,Stage 9,0,0,0,0,4,0,0,4,8
2025,20250261,Simone Consonni,10,Stage 10,0,0,0,0,0,0,0,0,0
2025,20250261,Simone Consonni,11,Stage 11,0,0,0,0,0,0,0,0,0
2025,20250261,Simone Consonni,12,Stage 12,0,0,0,0,0,0,0,0,0
2025,20250261,Simone Consonni,13,Stage 13,0,0,0,0,0,0,0,0,0
2025,20250261,Simone Consonni,14,Stage 14,0,0,0,0,0,0,0,0,0
2025,20250261,Simone Consonni,15,Stage 15,0,0,0,0,0,0,0,0,0
2025,20250261,Simone Consonni,16,Stage 16,0,0,0,0,0,0,0,0,0
2025,20250261,Simone Consonni,17,Stage 17,0,0,0,0,3,0,0,8,11
2025,20250261,Simone Consonni,18,Stage 18,0,0,0,0,0,0,0,0,0
2025,20250261,Simone Consonni,19,Stage 19,0,0,0,0,0,0,0,0,0
2025,20250261,Simone Consonni,20,Stage 20,0,0,0,0,0,0,0,0,0
2025,20250261,Simone Consonni,21,Stage 21,0,0,0,0,0,0,0,0,0
2025,20250261,Simone Consonni,22,Final Classifications,0,0,0,0,0,0,0,0,0
2025,20250971,Jarrad Drizners,1,Stage 1,0,0,0,0,0,0,0,0,0
2025,20250971,Jarrad Drizners,2,Stage 2,0,0,0,0,0,0,0,0,0
2025,20250971,Jarrad Drizners,3,Stage 3,0,0,0,0,0,0,0,0,0
2025,20250971,Jarrad Drizners,4,Stage 4,0,0,0,0,1,0,0,0,1
2025,20250971,Jarrad Drizners,5,Stage 5,0,0,0,0,0,0,0,0,0
2025,20250971,Jarrad Drizners,6,Stage 6,0,0,0,0,0,0,0,0,0
2025,20250971,Jarrad Drizners,7,Stage 7,0,0,0,0,0,0,0,0,0
2025,20250971,Jarrad Drizners,8,Stage 8,0,0,0,0,0,0,0,0,0
2025,20250971,Jarrad Drizners,9,Stage 9,0,0,0,0,0,0,0,2,2
2025,20250971,Jarrad Drizners,10,Stage 10,0,0,0,0,0,0,0,0,0
2025,20250971,Jarrad Drizners,11,Stage 11,0,0,0,0,0,0,0,0,0
2025,20250971,Jarrad Drizners,12,Stage 12,0,0,0,0,0,0,0,0,0
2025,20250971,Jarrad Drizners,13,Stage 13,0,0,0,0,0,0,0,0,0
2025,20250971,Jarrad Drizners,14,Stage 14,0,0,0,0,0,0,0,0,0
2025,20250971,Jarrad Drizners,15,Stage 15,0,0,0,0,3,0,0,0,3
2025,20250971,Jarrad Drizners,16,Stage 16,0,0,0,0,2,0,0,0,2
2025,20250971,Jarrad Drizners,17,Stage 17,35,0,0,0,0,0,0,0,35
2025,20250971,Jarrad Drizners,18,Stage 18,0,0,0,0,0,0,0,0,0
2025,20250971,Jarrad Drizners,19,Stage 19,0,0,0,0,0,0,0,0,0
2025,20250971,Jarrad Drizners,20,Stage 20,0,0,0,0,0,0,0,0,0
2025,20250971,Jarrad Drizners,21,Stage 21,0,0,0,0,0,0,0,0,0
2025,20250971,Jarrad Drizners,22,Final Classifications,0,0,0,0,0,0,0,0,0
2025,20250248,Laurenz Rex,1,Stage 1,0,0,0,0,0,0,0,8,8
2025,20250248,Laurenz Rex,2,Stage 2,0,0,0,0,0,0,0,0,0
2025,20250248,Laurenz Rex,3,Stage 3,0,0,0,0,2,0,0,0,2
2025,20250248,Laurenz Rex,4,Stage 4,0,0,0,0,0,0,0,0,0
2025,20250248,Laurenz Rex,5,Stage 5,0,0,0,0,0,0,0,0,0
2025,20250248,Laurenz Rex,6,Stage 6,0,0,0,0,2,0,0,0,2
2025,20250248,Laurenz Rex,7,Stage 7,0,0,0,0,1,0,0,0,1
2025,20250248,Laurenz Rex,8,Stage 8,0,0,0,0,6,0,0,0,6
2025,20250248,Laurenz Rex,9,Stage 9,0,0,0,0,0,0,0,0,0
2025,20250248,Laurenz Rex,10,Stage 10,0,0,0,0,0,0,0,0,0
2025,20250248,Laurenz Rex,11,Stage 11,0,0,0,0,0,0,0,0,0
2025,20250248,Laurenz Rex,12,Stage 12,0,0,0,0,20,0,0,0,20
2025,20250248,Laurenz Rex,13,Stage 13,0,0,0,0,0,0,0,0,0
2025,20250248,Laurenz Rex,14,Stage 14,0,0,0,0,0,0,0,0,0
2025,20250248,Laurenz Rex,15,Stage 15,0,0,0,0,0,0,0,0,0
2025,20250248,Laurenz Rex,16,Stage 16,0,0,0,0,0,0,0,0,0
2025,20250248,Laurenz Rex,17,Stage 17,0,0,0,0,0,0,0,0,0
2025,20250248,Laurenz Rex,18,Stage 18,0,0,0,0,0,0,0,0,0
2025,20250248,Laurenz Rex,19,Stage 19,0,0,0,0,0,0,0,0,0
2025,20250248,Laurenz Rex,20,Stage 20,0,0,0,0,0,0,0,0,0
2025,20250248,Laurenz Rex,21,Stage 21,0,0,0,0,3,0,0,0,3
2025,20250248,Laurenz Rex,22,Final Classifications,0,0,0,0,0,0,0,0,0
2025,20250055,Clément Venturini,1,Stage 1,0,0,0,0,0,0,0,0,0
2025,20250055,Clément Venturini,2,Stage 2,0,0,0,0,0,0,0,0,0
2025,20250055,Clément Venturini,3,Stage 3,0,0,0,0,0,0,0,0,0
2025,20250055,Clément Venturini,4,Stage 4,0,0,0,0,0,0,0,0,0
2025,20250055,Clément Venturini,5,Stage 5,0,0,0,0,0,0,0,0,0
2025,20250055,Clément Venturini,6,Stage 6,0,0,0,0,0,0,0,0,0
2025,20250055,Clément Venturini,7,Stage 7,0,0,0,0,0,0,0,2,2
2025,20250055,Clément Venturini,8,Stage 8,0,0,0,0,0,0,0,2,2
2025,20250055,Clément Venturini,9,Stage 9,0,0,0,0,0,0,0,2,2
2025,20250055,Clément Venturini,10,Stage 10,0,0,0,0,0,0,0,0,0
2025,20250055,Clément Venturini,11,Stage 11,0,0,0,0,0,0,0,0,0
2025,20250055,Clément Venturini,12,Stage 12,0,0,0,0,0,0,0,2,2
2025,20250055,Clément Venturini,13,Stage 13,0,0,0,0,0,0,0,0,0
2025,20250055,Clément Venturini,14,Stage 14,0,0,0,0,0,0,0,0,0
2025,20250055,Clément Venturini,15,Stage 15,0,0,0,0,0,0,0,0,0
2025,20250055,Clément Venturini,16,Stage 16,0,0,0,0,0,0,0,0,0
2025,20250055,Clément Venturini,17,Stage 17,12,0,0,0,0,0,0,0,12
2025,20250055,Clément Venturini,18,Stage 18,0,0,0,0,0,0,0,0,0
2025,20250055,Clément Venturini,19,Stage 19,0,0,0,0,0,0,0,0,0
2025,20250055,Clément Venturini,20,Stage 20,0,0,0,0,0,0,0,0,0
2025,20250055,Clément Venturini,21,Stage 21,0,0,0,0,0,0,0,0,0
2025,20250055,Clément Venturini,22,Final Classifications,0,0,0,0,0,0,0,0,20
2025,20250231,Louis Barré,1,Stage 1,0,0,0,0,0,0,0,8,8
2025,20250231,Louis Barré,2,Stage 2,0,0,0,0,0,0,0,0,0
2025,20250231,Louis Barré,3,Stage 3,0,0,0,0,0,0,0,0,0
2025,20250231,Louis Barré,4,Stage 4,0,0,0,0,0,0,0,0,0
2025,20250231,Louis Barré,5,Stage 5,0,0,0,0,0,0,0,0,0
2025,20250231,Louis Barré,6,Stage 6,0,0,0,0,0,0,0,0,0
2025,20250231,Louis Barré,7,Stage 7,0,0,0,0,0,0,0,0,0
2025,20250231,Louis Barré,8,Stage 8,0,0,0,0,0,0,0,0,0
2025,20250231,Louis Barré,9,Stage 9,0,0,0,0,0,0,0,0,0
2025,20250231,Louis Barré,10,Stage 10,0,0,0,0,0,0,0,0,0
2025,20250231,Louis Barré,11,Stage 11,16,0,0,0,0,0,0,0,16
2025,20250231,Louis Barré,12,Stage 12,0,0,0,0,0,0,0,0,0
2025,20250231,Louis Barré,13,Stage 13,0,0,0,0,0,0,0,0,0
2025,20250231,Louis Barré,14,Stage 14,0,0,0,0,0,0,0,0,0
2025,20250231,Louis Barré,15,Stage 15,0,0,0,0,0,0,0,0,0
2025,20250231,Louis Barré,16,Stage 16,0,0,0,0,0,0,0,0,0
2025,20250231,Louis Barré,17,Stage 17,0,0,0,0,0,0,0,0,0
2025,20250231,Louis Barré,18,Stage 18,0,0,0,0,0,0,0,0,0
2025,20250231,Louis Barré,19,Stage 19,0,0,0,0,0,0,0,0,0
2025,20250231,Louis Barré,20,Stage 20,16,0,0,0,0,0,0,0,16
2025,20250231,Louis Barré,21,Stage 21,0,0,0,0,0,0,0,0,0
2025,20250231,Louis Barré,22,Final Classifications,0,0,0,0,0,0,0,0,0
2025,20250283,Edward Theuns,1,Stage 1,0,0,0,0,0,0,0,0,0
2025,20250283,Edward Theuns,2,Stage 2,0,0,0,0,0,0,0,0,0
2025,20250283,Edward Theuns,3,Stage 3,0,0,0,0,0,0,0,4,4
2025,20250283,Edward Theuns,4,Stage 4,0,0,0,0,0,0,0,0,0
2025,20250283,Edward Theuns,5,Stage 5,0,0,0,0,0,0,0,0,0
2025,20250283,Edward Theuns,6,Stage 6,0,0,0,0,0,0,0,4,4
2025,20250283,Edward Theuns,7,Stage 7,0,0,0,0,0,0,0,0,0
2025,20250283,Edward Theuns,8,Stage 8,0,0,0,0,0,0,0,8,8
2025,20250283,Edward Theuns,9,Stage 9,0,0,0,0,0,0,0,4,4
2025,20250283,Edward Theuns,10,Stage 10,0,0,0,0,0,0,0,0,0
2025,20250283,Edward Theuns,11,Stage 11,0,0,0,0,0,0,0,0,0
2025,20250283,Edward Theuns,12,Stage 12,0,0,0,0,4,0,0,0,4
2025,20250283,Edward Theuns,13,Stage 13,0,0,0,0,0,0,0,0,0
2025,20250283,Edward Theuns,14,Stage 14,0,0,0,0,0,0,0,0,0
2025,20250283,Edward Theuns,15,Stage 15,0,0,0,0,0,0,0,0,0
2025,20250283,Edward Theuns,16,Stage 16,0,0,0,0,0,0,0,0,0
2025,20250283,Edward Theuns,17,Stage 17,0,0,0,0,0,0,0,8,8
2025,20250283,Edward Theuns,18,Stage 18,0,0,0,0,4,0,0,0,4
2025,20250283,Edward Theuns,19,Stage 19,0,0,0,0,2,0,0,0,2
2025,20250283,Edward Theuns,20,Stage 20,0,0,0,0,0,0,0,0,0
2025,20250283,Edward Theuns,21,Stage 21,0,0,0,0,0,0,0,0,0
2025,20250283,Edward Theuns,22,Final Classifications,0,0,0,0,0,0,0,0,0
2025,20251277,Thomas Gachignard,1,Stage 1,0,0,0,0,0,0,0,0,0
2025,20251277,Thomas Gachignard,2,Stage 2,0,0,0,0,0,0,0,0,0
2025,20251277,Thomas Gachignard,3,Stage 3,0,0,0,0,0,0,0,0,0
2025,20251277,Thomas Gachignard,4,Stage 4,0,0,0,0,8,0,20,0,28
2025,20251277,Thomas Gachignard,5,Stage 5,0,0,0,0,0,0,0,0,0
2025,20251277,Thomas Gachignard,6,Stage 6,0,0,0,0,0,0,0,0,0
2025,20251277,Thomas Gachignard,7,Stage 7,0,0,0,0,0,0,0,0,0
2025,20251277,Thomas Gachignard,8,Stage 8,0,0,0,0,0,0,0,0,0
2025,20251277,Thomas Gachignard,9,Stage 9,0,0,0,0,0,0,0,0,0
2025,20251277,Thomas Gachignard,10,Stage 10,0,0,0,0,0,0,0,0,0
2025,20251277,Thomas Gachignard,11,Stage 11,0,0,0,0,0,0,0,0,0
2025,20251277,Thomas Gachignard,12,Stage 12,0,0,0,0,0,0,0,0,0
2025,20251277,Thomas Gachignard,13,Stage 13,0,0,0,0,0,0,0,0,0
2025,20251277,Thomas Gachignard,14,Stage 14,0,0,0,0,0,0,0,0,0
2025,20251277,Thomas Gachignard,15,Stage 15,0,0,0,0,0,0,0,0,0
2025,20251277,Thomas Gachignard,16,Stage 16,0,0,0,0,0,0,0,0,0
2025,20251277,Thomas Gachignard,17,Stage 17,0,0,0,0,0,0,0,0,0
2025,20251277,Thomas Gachignard,18,Stage 18,0,0,0,0,0,0,0,0,0
2025,20251277,Thomas Gachignard,19,Stage 19,0,0,0,0,0,0,0,0,0
2025,20251277,Thomas Gachignard,20,Stage 20,8,0,0,0,0,0,0,0,8
2025,20251277,Thomas Gachignard,21,Stage 21,0,0,0,0,0,0,0,0,0
2025,20251277,Thomas Gachignard,22,Final Classifications,0,0,0,0,0,0,0,0,0
2025,20250177,Cyril Barthe,1,Stage 1,0,0,0,0,0,0,0,4,4
2025,20250177,Cyril Barthe,2,Stage 2,0,0,0,0,0,0,0,8,8
2025,20250177,Cyril Barthe,3,Stage 3,0,0,0,0,0,0,0,8,8
2025,20250177,Cyril Barthe,4,Stage 4,0,0,0,0,0,0,0,4,4
2025,20250177,Cyril Barthe,5,Stage 5,0,0,0,0,0,0,0,0,0
2025,20250177,Cyril Barthe,6,Stage 6,0,0,0,0,0,0,0,2,2
2025,20250177,Cyril Barthe,7,Stage 7,0,0,0,0,0,0,0,2,2
2025,20250177,Cyril Barthe,8,Stage 8,0,0,0,0,0,0,0,2,2
2025,20250177,Cyril Barthe,9,Stage 9,0,0,0,0,0,0,0,2,2
2025,20250177,Cyril Barthe,10,Stage 10,0,0,0,0,0,0,0,0,0
2025,20250177,Cyril Barthe,11,Stage 11,0,0,0,0,0,0,0,2,2
2025,20250177,Cyril Barthe,12,Stage 12,0,0,0,0,0,0,0,0,0
2025,20250177,Cyril Barthe,13,Stage 13,0,0,0,0,0,0,0,0,0
2025,20250177,Cyril Barthe,14,Stage 14,0,0,0,0,0,0,0,0,0
2025,20250177,Cyril Barthe,15,Stage 15,0,0,0,0,0,0,0,0,0
2025,20250177,Cyril Barthe,16,Stage 16,0,0,0,0,0,0,0,0,0
2025,20250177,Cyril Barthe,17,Stage 17,0,0,0,0,0,0,0,0,0
2025,20250177,Cyril Barthe,18,Stage 18,0,0,0,0,0,0,0,0,0
2025,20250177,Cyril Barthe,19,Stage 19,0,0,0,0,0,0,0,0,0
2025,20250177,Cyril Barthe,20,Stage 20,0,0,0,0,0,0,0,0,0
2025,20250177,Cyril Barthe,21,Stage 21,0,0,0,0,0,0,0,0,0
2025,20250177,Cyril Barthe,22,Final Classifications,0,0,0,0,0,0,0,0,0
2025,20250904,Alexey Lutsenko,1,Stage 1,0,0,0,0,0,0,0,0,0
2025,20250904,Alexey Lutsenko,2,Stage 2,0,0,0,0,0,0,0,0,0
2025,20250904,Alexey Lutsenko,3,Stage 3,0,0,0,0,0,0,0,0,0
2025,20250904,Alexey Lutsenko,4,Stage 4,8,0,0,0,0,0,0,0,8
2025,20250904,Alexey Lutsenko,5,Stage 5,0,0,0,0,0,0,0,0,0
2025,20250904,Alexey Lutsenko,6,Stage 6,0,0,0,0,0,0,0,0,0
2025,20250904,Alexey Lutsenko,7,Stage 7,0,0,0,0,0,0,0,0,0
2025,20250904,Alexey Lutsenko,8,Stage 8,0,0,0,0,0,0,0,0,0
2025,20250904,Alexey Lutsenko,9,Stage 9,0,0,0,0,0,0,0,0,0
2025,20250904,Alexey Lutsenko,10,Stage 10,0,0,0,0,0,0,0,0,0
2025,20250904,Alexey Lutsenko,11,Stage 11,0,0,0,0,0,0,0,0,0
2025,20250904,Alexey Lutsenko,12,Stage 12,0,0,0,0,0,0,0,0,0
2025,20250904,Alexey Lutsenko,13,Stage 13,0,0,0,0,0,0,0,0,0
2025,20250904,Alexey Lutsenko,14,Stage 14,0,0,0,0,0,0,0,0,0
2025,20250904,Alexey Lutsenko,15,Stage 15,0,0,0,0,5,0,20,0,25
2025,20250904,Alexey Lutsenko,16,Stage 16,0,0,0,0,0,0,0,0,0
2025,20250904,Alexey Lutsenko,17,Stage 17,0,0,0,0,0,0,0,0,0
2025,20250904,Alexey Lutsenko,18,Stage 18,0,0,0,0,0,0,0,0,0
2025,20250904,Alexey Lutsenko,19,Stage 19,0,0,0,0,0,0,0,0,0
2025,20250904,Alexey Lutsenko,20,Stage 20,0,0,0,0,0,0,0,0,0
2025,20250904,Alexey Lutsenko,21,Stage 21,0,0,0,0,0,0,0,0,0
2025,20250904,Alexey Lutsenko,22,Final Classifications,0,0,0,0,0,0,0,0,0
2025,20250090,Emanuel Buchmann,1,Stage 1,0,0,0,0,0,0,0,0,0
2025,20250090,Emanuel Buchmann,2,Stage 2,4,7,0,0,0,0,0,0,11
2025,20250090,Emanuel Buchmann,3,Stage 3,0,11,0,0,0,0,0,0,11
2025,20250090,Emanuel Buchmann,4,Stage 4,0,0,0,0,0,0,0,0,0
2025,20250090,Emanuel Buchmann,5,Stage 5,0,0,0,0,0,0,0,0,0
2025,20250090,Emanuel Buchmann,6,Stage 6,0,0,0,0,0,0,0,0,0
2025,20250090,Emanuel Buchmann,7,Stage 7,0,0,0,0,0,0,0,0,0
2025,20250090,Emanuel Buchmann,8,Stage 8,0,0,0,0,0,0,0,0,0
2025,20250090,Emanuel Buchmann,9,Stage 9,0,1,0,0,0,0,0,0,1
2025,20250090,Emanuel Buchmann,10,Stage 10,0,1,0,0,0,0,0,0,1
2025,20250090,Emanuel Buchmann,11,Stage 11,0,1,0,0,0,0,0,0,1
2025,20250090,Emanuel Buchmann,12,Stage 12,0,1,0,0,0,0,0,0,1
2025,20250090,Emanuel Buchmann,13,Stage 13,0,0,0,0,0,0,0,0,0
2025,20250090,Emanuel Buchmann,14,Stage 14,0,0,0,0,0,0,0,0,0
2025,20250090,Emanuel Buchmann,15,Stage 15,0,0,0,0,0,0,0,0,0
2025,20250090,Emanuel Buchmann,16,Stage 16,0,0,0,0,0,0,0,0,0
2025,20250090,Emanuel Buchmann,17,Stage 17,0,0,0,0,0,0,0,0,0
2025,20250090,Emanuel Buchmann,18,Stage 18,0,0,0,0,1,0,0,0,1
2025,20250090,Emanuel Buchmann,19,Stage 19,0,0,0,0,0,0,0,0,0
2025,20250090,Emanuel Buchmann,20,Stage 20,0,0,0,0,0,0,0,0,0
2025,20250090,Emanuel Buchmann,21,Stage 21,0,0,0,0,0,0,0,0,0
2025,20250090,Emanuel Buchmann,22,Final Classifications,0,0,0,0,0,0,0,0,5
2025,20250905,Krists Neilands,1,Stage 1,25,6,0,0,0,0,0,0,31
2025,20250905,Krists Neilands,2,Stage 2,0,0,0,0,0,0,0,0,0
2025,20250905,Krists Neilands,3,Stage 3,0,0,0,0,0,0,0,0,0
2025,20250905,Krists Neilands,4,Stage 4,0,0,0,0,0,0,0,0,0
2025,20250905,Krists Neilands,5,Stage 5,0,0,0,0,0,0,0,0,0
2025,20250905,Krists Neilands,6,Stage 6,0,0,0,0,0,0,0,0,0
2025,20250905,Krists Neilands,7,Stage 7,0,0,0,0,0,0,0,0,0
2025,20250905,Krists Neilands,8,Stage 8,0,0,0,0,0,0,0,0,0
2025,20250905,Krists Neilands,9,Stage 9,0,0,0,0,0,0,0,0,0
2025,20250905,Krists Neilands,10,Stage 10,0,0,0,0,0,0,0,0,0
2025,20250905,Krists Neilands,11,Stage 11,0,0,0,0,0,0,0,0,0
2025,20250905,Krists Neilands,12,Stage 12,0,0,0,0,0,0,0,0,0
2025,20250905,Krists Neilands,13,Stage 13,0,0,0,0,0,0,0,0,0
2025,20250905,Krists Neilands,14,Stage 14,0,0,0,0,0,0,0,0,0
2025,20250905,Krists Neilands,15,Stage 15,0,0,0,0,0,0,0,0,0
2025,20250905,Krists Neilands,16,Stage 16,0,0,0,0,1,0,0,0,1
2025,20250905,Krists Neilands,17,Stage 17,0,0,0,0,0,0,0,0,0
2025,20250905,Krists Neilands,18,Stage 18,0,0,0,0,0,0,0,0,0
2025,20250905,Krists Neilands,19,Stage 19,0,0,0,0,0,0,0,0,0
2025,20250905,Krists Neilands,20,Stage 20,0,0,0,0,0,0,0,0,0
2025,20250905,Krists Neilands,21,Stage 21,0,0,0,0,0,0,0,0,0
2025,20250905,Krists Neilands,22,Final Classifications,0,0,0,0,0,0,0,0,0
2025,20250043,Mathis Le Berre,1,Stage 1,0,0,0,0,0,0,0,0,0
2025,20250043,Mathis Le Berre,2,Stage 2,0,0,0,0,0,0,0,0,0
2025,20250043,Mathis Le Berre,3,Stage 3,0,0,0,0,0,0,0,0,0
2025,20250043,Mathis Le Berre,4,Stage 4,0,0,0,0,0,0,0,0,0
2025,20250043,Mathis Le Berre,5,Stage 5,0,0,0,0,0,0,0,0,0
2025,20250043,Mathis Le Berre,6,Stage 6,0,0,0,0,0,0,0,0,0
2025,20250043,Mathis Le Berre,7,Stage 7,0,0,0,0,0,0,0,2,2
2025,20250043,Mathis Le Berre,8,Stage 8,0,0,0,0,0,0,0,2,2
2025,20250043,Mathis Le Berre,9,Stage 9,0,0,0,0,0,0,0,2,2
2025,20250043,Mathis Le Berre,10,Stage 10,0,0,0,0,0,0,0,0,0
2025,20250043,Mathis Le Berre,11,Stage 11,0,0,0,0,0,0,0,0,0
2025,20250043,Mathis Le Berre,12,Stage 12,0,0,0,0,0,0,0,2,2
2025,20250043,Mathis Le Berre,13,Stage 13,0,0,0,0,0,0,0,0,0
2025,20250043,Mathis Le Berre,14,Stage 14,0,0,0,0,0,0,0,0,0
2025,20250043,Mathis Le Berre,15,Stage 15,0,0,0,0,0,0,0,0,0
2025,20250043,Mathis Le Berre,16,Stage 16,0,0,0,0,0,0,0,0,0
2025,20250043,Mathis Le Berre,17,Stage 17,0,0,0,0,0,0,0,0,0
2025,20250043,Mathis Le Berre,18,Stage 18,0,0,0,0,0,0,0,0,0
2025,20250043,Mathis Le Berre,19,Stage 19,0,0,0,0,0,0,0,0,0
2025,20250043,Mathis Le Berre,20,Stage 20,4,0,0,0,0,0,0,0,4
2025,20250043,Mathis Le Berre,21,Stage 21,0,0,0,0,0,0,0,0,0
2025,20250043,Mathis Le Berre,22,Final Classifications,0,0,0,0,0,0,0,20,20
2025,20250280,Toms Skujiņš,1,Stage 1,0,0,0,0,0,0,0,0,0
2025,20250280,Toms Skujiņš,2,Stage 2,0,0,0,0,0,0,0,0,0
2025,20250280,Toms Skujiņš,3,Stage 3,0,0,0,0,0,0,0,4,4
2025,20250280,Toms Skujiņš,4,Stage 4,0,0,0,0,0,0,0,0,0
2025,20250280,Toms Skujiņš,5,Stage 5,0,0,0,0,0,0,0,0,0
2025,20250280,Toms Skujiņš,6,Stage 6,0,0,0,0,0,0,0,4,4
2025,20250280,Toms Skujiņš,7,Stage 7,0,0,0,0,0,0,0,0,0
2025,20250280,Toms Skujiņš,8,Stage 8,0,0,0,0,0,0,0,8,8
2025,20250280,Toms Skujiņš,9,Stage 9,0,0,0,0,0,0,0,4,4
2025,20250280,Toms Skujiņš,10,Stage 10,0,0,0,0,0,0,0,0,0
2025,20250280,Toms Skujiņš,11,Stage 11,0,0,0,0,0,0,0,0,0
2025,20250280,Toms Skujiņš,12,Stage 12,0,0,0,0,0,0,0,0,0
2025,20250280,Toms Skujiņš,13,Stage 13,0,0,0,0,0,0,0,0,0
2025,20250280,Toms Skujiņš,14,Stage 14,0,0,0,0,0,0,0,0,0
2025,20250280,Toms Skujiņš,15,Stage 15,0,0,0,0,0,0,0,0,0
2025,20250280,Toms Skujiņš,16,Stage 16,0,0,0,0,0,0,0,0,0
2025,20250280,Toms Skujiņš,17,Stage 17,0,0,0,0,0,0,0,8,8
2025,20250280,Toms Skujiņš,18,Stage 18,0,0,0,0,0,0,0,0,0
2025,20250280,Toms Skujiņš,19,Stage 19,0,0,0,0,0,0,0,0,0
2025,20250280,Toms Skujiņš,20,Stage 20,0,0,0,0,0,0,0,0,0
2025,20250280,Toms Skujiņš,21,Stage 21,0,0,0,0,0,0,0,0,0
2025,20250280,Toms Skujiņš,22,Final Classifications,0,0,0,0,0,0,0,0,0
2025,20250119,Clément Berthet,1,Stage 1,0,0,0,0,0,0,0,0,0
2025,20250119,Clément Berthet,2,Stage 2,0,0,0,0,0,0,0,0,0
2025,20250119,Clément Berthet,3,Stage 3,0,0,0,0,0,0,0,0,0
2025,20250119,Clément Berthet,4,Stage 4,0,0,0,0,0,0,0,0,0
2025,20250119,Clément Berthet,5,Stage 5,0,0,0,0,0,0,0,0,0
2025,20250119,Clément Berthet,6,Stage 6,0,0,0,0,0,0,0,0,0
2025,20250119,Clément Berthet,7,Stage 7,0,0,0,0,0,0,0,0,0
2025,20250119,Clément Berthet,8,Stage 8,0,0,0,0,0,0,0,0,0
2025,20250119,Clément Berthet,9,Stage 9,0,0,0,0,0,0,0,0,0
2025,20250119,Clément Berthet,10,Stage 10,0,0,0,0,0,0,0,2,2
2025,20250119,Clément Berthet,11,Stage 11,0,0,0,0,0,0,0,0,0
2025,20250119,Clément Berthet,12,Stage 12,0,0,0,0,0,0,0,0,0
2025,20250119,Clément Berthet,13,Stage 13,0,0,0,0,0,0,0,0,0
2025,20250119,Clément Berthet,14,Stage 14,0,0,0,0,0,0,0,2,2
2025,20250119,Clément Berthet,15,Stage 15,0,0,0,0,0,0,0,0,0
2025,20250119,Clément Berthet,16,Stage 16,0,0,0,0,0,0,0,0,0
2025,20250119,Clément Berthet,17,Stage 17,0,0,0,0,0,0,0,0,0
2025,20250119,Clément Berthet,18,Stage 18,0,0,0,0,0,0,0,0,0
2025,20250119,Clément Berthet,19,Stage 19,12,0,0,0,0,0,0,0,12
2025,20250119,Clément Berthet,20,Stage 20,0,0,0,0,0,0,0,0,0
2025,20250119,Clément Berthet,21,Stage 21,0,0,0,0,0,0,0,0,0
2025,20250119,Clément Berthet,22,Final Classifications,0,0,0,0,0,0,0,0,10
2025,20250233,Vito Braet,1,Stage 1,0,0,0,0,0,0,0,8,8
2025,20250233,Vito Braet,2,Stage 2,0,0,0,0,0,0,0,0,0
2025,20250233,Vito Braet,3,Stage 3,0,0,0,0,0,0,0,0,0
2025,20250233,Vito Braet,4,Stage 4,0,0,0,0,0,0,0,0,0
2025,20250233,Vito Braet,5,Stage 5,0,0,0,0,0,0,0,0,0
2025,20250233,Vito Braet,6,Stage 6,0,0,0,0,0,0,0,0,0
2025,20250233,Vito Braet,7,Stage 7,0,0,0,0,0,0,0,0,0
2025,20250233,Vito Braet,8,Stage 8,0,0,0,0,0,0,0,0,0
2025,20250233,Vito Braet,9,Stage 9,0,0,0,0,0,0,0,0,0
2025,20250233,Vito Braet,10,Stage 10,0,0,0,0,0,0,0,0,0
2025,20250233,Vito Braet,11,Stage 11,0,0,0,0,0,0,0,0,0
2025,20250233,Vito Braet,12,Stage 12,0,0,0,0,0,0,0,0,0
2025,20250233,Vito Braet,13,Stage 13,0,0,0,0,0,0,0,0,0
2025,20250233,Vito Braet,14,Stage 14,0,0,0,0,0,0,0,0,0
2025,20250233,Vito Braet,15,Stage 15,0,0,0,0,0,0,0,0,0
2025,20250233,Vito Braet,16,Stage 16,0,0,0,0,0,0,0,0,0
2025,20250233,Vito Braet,17,Stage 17,16,0,0,0,0,0,0,0,16
2025,20250233,Vito Braet,18,Stage 18,0,0,0,0,0,0,0,0,0
2025,20250233,Vito Braet,19,Stage 19,0,0,0,0,0,0,0,0,0
2025,20250233,Vito Braet,20,Stage 20,0,0,0,0,0,0,0,0,0
2025,20250233,Vito Braet,21,Stage 21,0,0,0,0,2,0,0,0,2
2025,20250233,Vito Braet,22,Final Classifications,0,0,0,0,0,0,0,0,0
2025,20250305,Nelson Oliveira,1,Stage 1,0,0,0,0,0,0,0,0,0
2025,20250305,Nelson Oliveira,2,Stage 2,0,0,0,0,0,0,0,0,0
2025,20250305,Nelson Oliveira,3,Stage 3,0,0,0,0,0,0,0,0,0
2025,20250305,Nelson Oliveira,4,Stage 4,0,0,0,0,0,0,0,0,0
2025,20250305,Nelson Oliveira,5,Stage 5,25,0,0,0,0,0,0,0,25
2025,20250305,Nelson Oliveira,6,Stage 6,0,0,0,0,0,0,0,0,0
2025,20250305,Nelson Oliveira,7,Stage 7,0,0,0,0,0,0,0,0,0
2025,20250305,Nelson Oliveira,8,Stage 8,0,0,0,0,0,0,0,0,0
2025,20250305,Nelson Oliveira,9,Stage 9,0,0,0,0,0,0,0,0,0
2025,20250305,Nelson Oliveira,10,Stage 10,0,0,0,0,0,0,0,0,0
2025,20250305,Nelson Oliveira,11,Stage 11,0,0,0,0,0,0,0,0,0
2025,20250305,Nelson Oliveira,12,Stage 12,0,0,0,0,0,0,0,0,0
2025,20250305,Nelson Oliveira,13,Stage 13,0,0,0,0,0,0,0,0,0
2025,20250305,Nelson Oliveira,14,Stage 14,0,0,0,0,0,0,0,0,0
2025,20250305,Nelson Oliveira,15,Stage 15,0,0,0,0,0,0,0,0,0
2025,20250305,Nelson Oliveira,16,Stage 16,0,0,0,0,0,0,0,0,0
2025,20250305,Nelson Oliveira,17,Stage 17,0,0,0,0,0,0,0,0,0
2025,20250305,Nelson Oliveira,18,Stage 18,0,0,0,0,0,0,0,0,0
2025,20250305,Nelson Oliveira,19,Stage 19,0,0,0,0,0,0,0,0,0
2025,20250305,Nelson Oliveira,20,Stage 20,0,0,0,0,0,0,0,0,0
2025,20250305,Nelson Oliveira,21,Stage 21,0,0,0,0,0,0,0,0,0
2025,20250305,Nelson Oliveira,22,Final Classifications,0,0,0,0,0,0,0,0,0
2025,20250142,Callum Scotson,1,Stage 1,0,0,0,0,0,0,0,0,0
2025,20250142,Callum Scotson,2,Stage 2,0,0,0,0,0,0,0,0,0
2025,20250142,Callum Scotson,3,Stage 3,0,0,0,0,0,0,0,0,0
2025,20250142,Callum Scotson,4,Stage 4,0,0,0,0,0,0,0,0,0
2025,20250142,Callum Scotson,5,Stage 5,0,0,0,0,0,0,0,0,0
2025,20250142,Callum Scotson,6,Stage 6,0,0,0,0,0,0,0,0,0
2025,20250142,Callum Scotson,7,Stage 7,0,0,0,0,0,0,0,0,0
2025,20250142,Callum Scotson,8,Stage 8,0,0,0,0,0,0,0,0,0
2025,20250142,Callum Scotson,9,Stage 9,0,0,0,0,0,0,0,0,0
2025,20250142,Callum Scotson,10,Stage 10,0,0,0,0,0,0,0,2,2
2025,20250142,Callum Scotson,11,Stage 11,0,0,0,0,0,0,0,0,0
2025,20250142,Callum Scotson,12,Stage 12,0,0,0,0,0,0,0,0,0
2025,20250142,Callum Scotson,13,Stage 13,0,0,0,0,0,0,0,0,0
2025,20250142,Callum Scotson,14,Stage 14,8,0,0,0,0,0,0,2,10
2025,20250142,Callum Scotson,15,Stage 15,0,0,0,0,0,0,0,0,0
2025,20250142,Callum Scotson,16,Stage 16,0,0,0,0,0,0,0,0,0
2025,20250142,Callum Scotson,17,Stage 17,0,0,0,0,0,0,0,0,0
2025,20250142,Callum Scotson,18,Stage 18,0,0,0,0,0,0,0,0,0
2025,20250142,Callum Scotson,19,Stage 19,0,0,0,0,0,0,0,0,0
2025,20250142,Callum Scotson,20,Stage 20,0,0,0,0,0,0,0,0,0
2025,20250142,Callum Scotson,21,Stage 21,0,0,0,0,0,0,0,0,0
2025,20250142,Callum Scotson,22,Final Classifications,0,0,0,0,0,0,0,0,10
2025,20251291,Mattéo Vercher,1,Stage 1,0,0,0,0,0,0,20,0,20
2025,20251291,Mattéo Vercher,2,Stage 2,0,0,0,0,0,0,0,0,0
2025,20251291,Mattéo Vercher,3,Stage 3,0,0,0,0,0,0,0,0,0
2025,20251291,Mattéo Vercher,4,Stage 4,0,0,0,0,0,0,0,0,0
2025,20251291,Mattéo Vercher,5,Stage 5,0,0,0,0,0,0,0,0,0
2025,20251291,Mattéo Vercher,6,Stage 6,0,0,0,0,0,0,0,0,0
2025,20251291,Mattéo Vercher,7,Stage 7,0,0,0,0,0,0,0,0,0
2025,20251291,Mattéo Vercher,8,Stage 8,0,0,0,0,0,0,0,0,0
2025,20251291,Mattéo Vercher,9,Stage 9,0,0,0,0,0,0,0,0,0
2025,20251291,Mattéo Vercher,10,Stage 10,0,0,0,0,0,0,0,0,0
2025,20251291,Mattéo Vercher,11,Stage 11,0,0,0,0,0,0,0,0,0
2025,20251291,Mattéo Vercher,12,Stage 12,0,0,0,0,0,0,0,0,0
2025,20251291,Mattéo Vercher,13,Stage 13,0,0,0,0,0,0,0,0,0
2025,20251291,Mattéo Vercher,14,Stage 14,0,0,0,0,0,0,0,0,0
2025,20251291,Mattéo Vercher,15,Stage 15,0,0,0,0,0,0,0,0,0
2025,20251291,Mattéo Vercher,16,Stage 16,0,0,0,0,0,0,0,0,0
2025,20251291,Mattéo Vercher,17,Stage 17,0,0,0,0,0,0,0,0,0
2025,20251291,Mattéo Vercher,18,Stage 18,0,0,0,0,0,0,0,0,0
2025,20251291,Mattéo Vercher,19,Stage 19,0,0,0,0,0,0,0,0,0
2025,20251291,Mattéo Vercher,20,Stage 20,0,0,0,0,0,0,0,0,0
2025,20251291,Mattéo Vercher,21,Stage 21,0,0,0,0,0,0,0,0,0
2025,20251291,Mattéo Vercher,22,Final Classifications,0,0,0,0,0,0,0,0,0
2025,20250225,Connor Swift,1,Stage 1,0,0,0,0,0,0,0,0,0
2025,20250225,Connor Swift,2,Stage 2,0,0,0,0,0,0,0,0,0
2025,20250225,Connor Swift,3,Stage 3,0,0,0,0,0,0,0,0,0
2025,20250225,Connor Swift,4,Stage 4,0,0,0,0,0,0,0,0,0
2025,20250225,Connor Swift,5,Stage 5,0,0,0,0,0,0,0,0,0
2025,20250225,Connor Swift,6,Stage 6,0,0,0,0,0,0,0,0,0
2025,20250225,Connor Swift,7,Stage 7,0,0,0,0,0,0,0,0,0
2025,20250225,Connor Swift,8,Stage 8,0,0,0,0,0,0,0,0,0
2025,20250225,Connor Swift,9,Stage 9,0,0,0,0,0,0,0,0,0
2025,20250225,Connor Swift,10,Stage 10,0,0,0,0,0,0,0,4,4
2025,20250225,Connor Swift,11,Stage 11,0,0,0,0,0,0,0,0,0
2025,20250225,Connor Swift,12,Stage 12,0,0,0,0,0,0,0,0,0
2025,20250225,Connor Swift,13,Stage 13,0,0,0,0,0,0,0,0,0
2025,20250225,Connor Swift,14,Stage 14,0,0,0,0,0,0,0,8,8
2025,20250225,Connor Swift,15,Stage 15,0,0,0,0,0,0,0,0,0
2025,20250225,Connor Swift,16,Stage 16,0,0,0,0,0,0,0,0,0
2025,20250225,Connor Swift,17,Stage 17,0,0,0,0,0,0,0,0,0
2025,20250225,Connor Swift,18,Stage 18,0,0,0,0,0,0,0,0,0
2025,20250225,Connor Swift,19,Stage 19,0,0,0,0,0,0,0,8,8
2025,20250225,Connor Swift,20,Stage 20,0,0,0,0,0,0,0,0,0
2025,20250225,Connor Swift,21,Stage 21,0,0,0,0,0,0,0,0,0
2025,20250225,Connor Swift,22,Final Classifications,0,0,0,0,0,0,0,0,0
2025,20250493,Cees Bol,1,Stage 1,0,0,0,0,0,0,0,0,0
2025,20250493,Cees Bol,2,Stage 2,0,0,0,0,0,0,0,0,0
2025,20250493,Cees Bol,3,Stage 3,0,0,0,0,0,0,0,0,0
2025,20250493,Cees Bol,4,Stage 4,0,0,0,0,0,0,0,0,0
2025,20250493,Cees Bol,5,Stage 5,0,0,0,0,0,0,0,0,0
2025,20250493,Cees Bol,6,Stage 6,0,0,0,0,0,0,0,0,0
2025,20250493,Cees Bol,7,Stage 7,0,0,0,0,0,0,0,0,0
2025,20250493,Cees Bol,8,Stage 8,12,0,0,0,0,0,0,0,12
2025,20250493,Cees Bol,9,Stage 9,4,0,0,0,0,0,0,0,4
2025,20250493,Cees Bol,10,Stage 10,0,0,0,0,0,0,0,0,0
2025,20250493,Cees Bol,11,Stage 11,0,0,0,0,0,0,0,0,0
2025,20250493,Cees Bol,12,Stage 12,0,0,0,0,0,0,0,0,0
2025,20250493,Cees Bol,13,Stage 13,0,0,0,0,0,0,0,0,0
2025,20250493,Cees Bol,14,Stage 14,0,0,0,0,0,0,0,0,0
2025,20250493,Cees Bol,15,Stage 15,0,0,0,0,0,0,0,0,0
2025,20250493,Cees Bol,16,Stage 16,0,0,0,0,0,0,0,0,0
2025,20250493,Cees Bol,17,Stage 17,0,0,0,0,0,0,0,0,0
2025,20250493,Cees Bol,18,Stage 18,0,0,0,0,0,0,0,0,0
2025,20250493,Cees Bol,19,Stage 19,0,0,0,0,0,0,0,0,0
2025,20250493,Cees Bol,20,Stage 20,0,0,0,0,0,0,0,0,0
2025,20250493,Cees Bol,21,Stage 21,0,0,0,0,0,0,0,0,0
2025,20250493,Cees Bol,22,Final Classifications,0,0,0,0,0,0,0,0,0
2025,20250494,Clément Champoussin,1,Stage 1,0,0,0,0,0,0,0,0,0
2025,20250494,Clément Champoussin,2,Stage 2,0,0,0,0,0,0,0,0,0
2025,20250494,Clément Champoussin,3,Stage 3,0,0,0,0,0,0,0,0,0
2025,20250494,Clément Champoussin,4,Stage 4,0,0,0,0,0,0,0,0,0
2025,20250494,Clément Champoussin,5,Stage 5,0,0,0,0,0,0,0,0,0
2025,20250494,Clément Champoussin,6,Stage 6,0,0,0,0,0,0,0,0,0
2025,20250494,Clément Champoussin,7,Stage 7,0,0,0,0,0,0,0,0,0
2025,20250494,Clément Champoussin,8,Stage 8,0,0,0,0,0,0,0,0,0
2025,20250494,Clément Champoussin,9,Stage 9,0,0,0,0,0,0,0,0,0
2025,20250494,Clément Champoussin,10,Stage 10,0,0,0,0,0,0,0,0,0
2025,20250494,Clément Champoussin,11,Stage 11,12,0,0,0,0,0,0,0,12
2025,20250494,Clément Champoussin,12,Stage 12,0,0,0,0,0,0,0,0,0
2025,20250494,Clément Champoussin,13,Stage 13,0,0,0,0,0,0,0,0,0
2025,20250494,Clément Champoussin,14,Stage 14,0,0,0,0,0,0,0,0,0
2025,20250494,Clément Champoussin,15,Stage 15,0,0,0,0,0,0,0,0,0
2025,20250494,Clément Champoussin,16,Stage 16,0,0,0,0,0,0,0,0,0
2025,20250494,Clément Champoussin,17,Stage 17,0,0,0,0,0,0,0,0,0
2025,20250494,Clément Champoussin,18,Stage 18,0,0,0,0,0,0,0,0,0
2025,20250494,Clément Champoussin,19,Stage 19,0,0,0,0,0,0,0,0,0
2025,20250494,Clément Champoussin,20,Stage 20,0,0,0,0,0,0,0,0,0
2025,20250494,Clément Champoussin,21,Stage 21,0,0,0,0,0,0,0,4,4
2025,20250494,Clément Champoussin,22,Final Classifications,0,0,0,0,0,0,0,0,0
2025,20250244,Hugo Page,1,Stage 1,0,0,0,0,0,0,0,8,8
2025,20250244,Hugo Page,2,Stage 2,0,0,0,0,0,0,0,0,0
2025,20250244,Hugo Page,3,Stage 3,0,0,0,0,6,0,0,0,6
2025,20250244,Hugo Page,4,Stage 4,0,0,0,0,0,0,0,0,0
2025,20250244,Hugo Page,5,Stage 5,0,0,0,0,0,0,0,0,0
2025,20250244,Hugo Page,6,Stage 6,0,0,0,0,0,0,0,0,0
2025,20250244,Hugo Page,7,Stage 7,0,0,0,0,0,0,0,0,0
2025,20250244,Hugo Page,8,Stage 8,0,0,0,0,0,0,0,0,0
2025,20250244,Hugo Page,9,Stage 9,0,0,0,0,0,0,0,0,0
2025,20250244,Hugo Page,10,Stage 10,0,0,0,0,0,0,0,0,0
2025,20250244,Hugo Page,11,Stage 11,0,0,0,0,0,0,0,0,0
2025,20250244,Hugo Page,12,Stage 12,0,0,0,0,0,0,0,0,0
2025,20250244,Hugo Page,13,Stage 13,0,0,0,0,0,0,0,0,0
2025,20250244,Hugo Page,14,Stage 14,0,0,0,0,0,0,0,0,0
2025,20250244,Hugo Page,15,Stage 15,0,0,0,0,0,0,0,0,0
2025,20250244,Hugo Page,16,Stage 16,0,0,0,0,0,0,0,0,0
2025,20250244,Hugo Page,17,Stage 17,0,0,0,0,0,0,0,0,0
2025,20250244,Hugo Page,18,Stage 18,0,0,0,0,0,0,0,0,0
2025,20250244,Hugo Page,19,Stage 19,0,0,0,0,0,0,0,0,0
2025,20250244,Hugo Page,20,Stage 20,0,0,0,0,0,0,0,0,0
2025,20250244,Hugo Page,21,Stage 21,0,0,0,0,1,0,0,0,1
2025,20250244,Hugo Page,22,Final Classifications,0,0,0,0,0,0,0,0,0
2025,20250346,Mattia Cattaneo,1,Stage 1,0,0,0,0,1,0,0,0,1
2025,20250346,Mattia Cattaneo,2,Stage 2,0,0,0,0,0,0,0,0,0
2025,20250346,Mattia Cattaneo,3,Stage 3,0,0,0,0,0,0,0,8,8
2025,20250346,Mattia Cattaneo,4,Stage 4,0,0,0,0,0,0,0,0,0
2025,20250346,Mattia Cattaneo,5,Stage 5,0,0,0,0,0,0,0,0,0
2025,20250346,Mattia Cattaneo,6,Stage 6,0,0,0,0,0,0,0,2,2
2025,20250346,Mattia Cattaneo,7,Stage 7,0,0,0,0,0,0,0,4,4
2025,20250346,Mattia Cattaneo,8,Stage 8,0,0,0,0,0,0,0,0,0
2025,20250346,Mattia Cattaneo,9,Stage 9,0,0,0,0,0,0,0,0,0
2025,20250346,Mattia Cattaneo,10,Stage 10,0,0,0,0,0,0,0,0,0
2025,20250346,Mattia Cattaneo,11,Stage 11,0,0,0,0,0,0,0,0,0
2025,20250346,Mattia Cattaneo,12,Stage 12,0,0,0,0,0,0,0,0,0
2025,20250346,Mattia Cattaneo,13,Stage 13,0,0,0,0,0,0,0,0,0
2025,20250346,Mattia Cattaneo,14,Stage 14,0,0,0,0,0,0,0,0,0
2025,20250346,Mattia Cattaneo,15,Stage 15,0,0,0,0,0,0,0,0,0
2025,20250346,Mattia Cattaneo,16,Stage 16,0,0,0,0,0,0,0,0,0
2025,20250346,Mattia Cattaneo,17,Stage 17,0,0,0,0,0,0,0,0,0
2025,20250346,Mattia Cattaneo,18,Stage 18,0,0,0,0,0,0,0,0,0
2025,20250346,Mattia Cattaneo,19,Stage 19,0,0,0,0,0,0,0,0,0
2025,20250346,Mattia Cattaneo,20,Stage 20,0,0,0,0,0,0,0,0,0
2025,20250346,Mattia Cattaneo,21,Stage 21,0,0,0,0,0,0,0,0,0
2025,20250346,Mattia Cattaneo,22,Final Classifications,0,0,0,0,0,0,0,0,0
2025,20250136,Oliver Naesen,1,Stage 1,0,0,0,0,0,0,0,0,0
2025,20250136,Oliver Naesen,2,Stage 2,0,0,0,0,0,0,0,0,0
2025,20250136,Oliver Naesen,3,Stage 3,0,0,0,0,0,0,0,0,0
2025,20250136,Oliver Naesen,4,Stage 4,0,0,0,0,0,0,0,0,0
2025,20250136,Oliver Naesen,5,Stage 5,0,0,0,0,0,0,0,0,0
2025,20250136,Oliver Naesen,6,Stage 6,0,0,0,0,0,0,0,0,0
2025,20250136,Oliver Naesen,7,Stage 7,0,0,0,0,0,0,0,0,0
2025,20250136,Oliver Naesen,8,Stage 8,0,0,0,0,0,0,0,0,0
2025,20250136,Oliver Naesen,9,Stage 9,0,0,0,0,0,0,0,0,0
2025,20250136,Oliver Naesen,10,Stage 10,0,0,0,0,0,0,0,2,2
2025,20250136,Oliver Naesen,11,Stage 11,0,0,0,0,0,0,0,0,0
2025,20250136,Oliver Naesen,12,Stage 12,0,0,0,0,0,0,0,0,0
2025,20250136,Oliver Naesen,13,Stage 13,0,0,0,0,0,0,0,0,0
2025,20250136,Oliver Naesen,14,Stage 14,0,0,0,0,0,0,0,2,2
2025,20250136,Oliver Naesen,15,Stage 15,0,0,0,0,0,0,0,0,0
2025,20250136,Oliver Naesen,16,Stage 16,0,0,0,0,0,0,0,0,0
2025,20250136,Oliver Naesen,17,Stage 17,0,0,0,0,0,0,0,0,0
2025,20250136,Oliver Naesen,18,Stage 18,0,0,0,0,0,0,0,0,0
2025,20250136,Oliver Naesen,19,Stage 19,0,0,0,0,0,0,0,0,0
2025,20250136,Oliver Naesen,20,Stage 20,0,0,0,0,0,0,0,0,0
2025,20250136,Oliver Naesen,21,Stage 21,0,0,0,0,0,0,0,0,0
2025,20250136,Oliver Naesen,22,Final Classifications,0,0,0,0,0,0,0,0,10
2025,20250424,Tim Naberman,1,Stage 1,0,0,0,0,0,0,0,0,0
2025,20250424,Tim Naberman,2,Stage 2,0,0,0,0,0,0,0,0,0
2025,20250424,Tim Naberman,3,Stage 3,0,0,0,0,0,0,0,0,0
2025,20250424,Tim Naberman,4,Stage 4,0,0,0,0,0,0,0,0,0
2025,20250424,Tim Naberman,5,Stage 5,0,0,0,0,0,0,0,0,0
2025,20250424,Tim Naberman,6,Stage 6,0,0,0,0,0,0,0,0,0
2025,20250424,Tim Naberman,7,Stage 7,0,0,0,0,0,0,0,2,2
2025,20250424,Tim Naberman,8,Stage 8,0,0,0,0,0,0,0,0,0
2025,20250424,Tim Naberman,9,Stage 9,0,0,0,0,0,0,0,0,0
2025,20250424,Tim Naberman,10,Stage 10,0,0,0,0,0,0,0,0,0
2025,20250424,Tim Naberman,11,Stage 11,0,0,0,0,0,0,0,0,0
2025,20250424,Tim Naberman,12,Stage 12,0,0,0,0,0,0,0,0,0
2025,20250424,Tim Naberman,13,Stage 13,0,0,0,0,0,0,0,0,0
2025,20250424,Tim Naberman,14,Stage 14,0,0,0,0,0,0,0,0,0
2025,20250424,Tim Naberman,15,Stage 15,0,0,0,0,0,0,0,0,0
2025,20250424,Tim Naberman,16,Stage 16,0,0,0,0,0,0,0,0,0
2025,20250424,Tim Naberman,17,Stage 17,0,0,0,0,0,0,0,2,2
2025,20250424,Tim Naberman,18,Stage 18,0,0,0,0,0,0,0,0,0
2025,20250424,Tim Naberman,19,Stage 19,0,0,0,0,0,0,0,0,0
2025,20250424,Tim Naberman,20,Stage 20,0,0,0,0,0,0,0,4,4
2025,20250424,Tim Naberman,21,Stage 21,0,0,0,0,5,0,0,0,5
2025,20250424,Tim Naberman,22,Final Classifications,0,0,0,0,0,0,0,0,0
2025,20250395,Luka Mezgec,1,Stage 1,0,0,0,0,0,0,0,0,0
2025,20250395,Luka Mezgec,2,Stage 2,0,0,0,0,0,0,0,0,0
2025,20250395,Luka Mezgec,3,Stage 3,0,0,0,0,0,0,0,0,0
2025,20250395,Luka Mezgec,4,Stage 4,0,0,0,0,0,0,0,0,0
2025,20250395,Luka Mezgec,5,Stage 5,0,0,0,0,0,0,0,0,0
2025,20250395,Luka Mezgec,6,Stage 6,0,0,0,0,0,0,0,0,0
2025,20250395,Luka Mezgec,7,Stage 7,0,0,0,0,0,0,0,0,0
2025,20250395,Luka Mezgec,8,Stage 8,0,0,0,0,0,0,0,0,0
2025,20250395,Luka Mezgec,9,Stage 9,0,0,0,0,0,0,0,0,0
2025,20250395,Luka Mezgec,10,Stage 10,0,0,0,0,0,0,0,0,0
2025,20250395,Luka Mezgec,11,Stage 11,0,0,0,0,0,0,0,4,4
2025,20250395,Luka Mezgec,12,Stage 12,0,0,0,0,0,0,0,0,0
2025,20250395,Luka Mezgec,13,Stage 13,0,0,0,0,0,0,0,0,0
2025,20250395,Luka Mezgec,14,Stage 14,0,0,0,0,0,0,0,0,0
2025,20250395,Luka Mezgec,15,Stage 15,0,0,0,0,0,0,0,0,0
2025,20250395,Luka Mezgec,16,Stage 16,0,0,0,0,0,0,0,0,0
2025,20250395,Luka Mezgec,17,Stage 17,0,0,0,0,0,0,0,0,0
2025,20250395,Luka Mezgec,18,Stage 18,0,0,0,0,0,0,0,8,8
2025,20250395,Luka Mezgec,19,Stage 19,0,0,0,0,0,0,0,0,0
2025,20250395,Luka Mezgec,20,Stage 20,0,0,0,0,0,0,0,0,0
2025,20250395,Luka Mezgec,21,Stage 21,0,0,0,0,0,0,0,0,0
2025,20250395,Luka Mezgec,22,Final Classifications,0,0,0,0,0,0,0,0,0
2025,20251393,Magnus Cort,1,Stage 1,0,0,0,0,0,0,0,4,4
2025,20251393,Magnus Cort,2,Stage 2,0,0,0,0,0,0,0,0,0
2025,20251393,Magnus Cort,3,Stage 3,0,0,0,0,0,0,0,0,0
2025,20251393,Magnus Cort,4,Stage 4,0,0,0,0,0,0,0,0,0
2025,20251393,Magnus Cort,5,Stage 5,0,0,0,0,0,0,0,0,0
2025,20251393,Magnus Cort,6,Stage 6,0,0,0,0,0,0,0,0,0
2025,20251393,Magnus Cort,7,Stage 7,0,0,0,0,0,0,0,0,0
2025,20251393,Magnus Cort,8,Stage 8,0,0,0,0,0,0,0,0,0
2025,20251393,Magnus Cort,9,Stage 9,0,0,0,0,0,0,0,0,0
2025,20251393,Magnus Cort,10,Stage 10,0,0,0,0,0,0,0,0,0
2025,20251393,Magnus Cort,11,Stage 11,0,0,0,0,0,0,0,8,8
2025,20251393,Magnus Cort,12,Stage 12,0,0,0,0,0,0,0,0,0
2025,20251393,Magnus Cort,13,Stage 13,0,0,0,0,0,0,0,0,0
2025,20251393,Magnus Cort,14,Stage 14,0,0,0,0,0,0,0,0,0
2025,20251393,Magnus Cort,15,Stage 15,0,0,0,0,0,0,0,0,0
2025,20251393,Magnus Cort,16,Stage 16,0,0,0,0,0,0,0,0,0
2025,20251393,Magnus Cort,17,Stage 17,0,0,0,0,0,0,0,0,0
2025,20251393,Magnus Cort,18,Stage 18,0,0,0,0,0,0,0,0,0
2025,20251393,Magnus Cort,19,Stage 19,0,0,0,0,0,0,0,0,0
2025,20251393,Magnus Cort,20,Stage 20,0,0,0,0,0,0,0,0,0
2025,20251393,Magnus Cort,21,Stage 21,0,0,0,0,0,0,0,0,0
2025,20251393,Magnus Cort,22,Final Classifications,0,0,0,0,0,0,0,0,0
2025,20251397,Markus Hoelgaard,1,Stage 1,0,0,0,0,0,0,0,4,4
2025,20251397,Markus Hoelgaard,2,Stage 2,0,0,0,0,0,0,0,0,0
2025,20251397,Markus Hoelgaard,3,Stage 3,0,0,0,0,0,0,0,0,0
2025,20251397,Markus Hoelgaard,4,Stage 4,0,0,0,0,0,0,0,0,0
2025,20251397,Markus Hoelgaard,5,Stage 5,0,0,0,0,0,0,0,0,0
2025,20251397,Markus Hoelgaard,6,Stage 6,0,0,0,0,0,0,0,0,0
2025,20251397,Markus Hoelgaard,7,Stage 7,0,0,0,0,0,0,0,0,0
2025,20251397,Markus Hoelgaard,8,Stage 8,0,0,0,0,0,0,0,0,0
2025,20251397,Markus Hoelgaard,9,Stage 9,0,0,0,0,0,0,0,0,0
2025,20251397,Markus Hoelgaard,10,Stage 10,0,0,0,0,0,0,0,0,0
2025,20251397,Markus Hoelgaard,11,Stage 11,0,0,0,0,0,0,0,8,8
2025,20251397,Markus Hoelgaard,12,Stage 12,0,0,0,0,0,0,0,0,0
2025,20251397,Markus Hoelgaard,13,Stage 13,0,0,0,0,0,0,0,0,0
2025,20251397,Markus Hoelgaard,14,Stage 14,0,0,0,0,0,0,0,0,0
2025,20251397,Markus Hoelgaard,15,Stage 15,0,0,0,0,0,0,0,0,0
2025,20251397,Markus Hoelgaard,16,Stage 16,0,0,0,0,0,0,0,0,0
2025,20251397,Markus Hoelgaard,17,Stage 17,0,0,0,0,0,0,0,0,0
2025,20251397,Markus Hoelgaard,18,Stage 18,0,0,0,0,0,0,0,0,0
2025,20251397,Markus Hoelgaard,19,Stage 19,0,0,0,0,0,0,0,0,0
2025,20251397,Markus Hoelgaard,20,Stage 20,0,0,0,0,0,0,0,0,0
2025,20251397,Markus Hoelgaard,21,Stage 21,0,0,0,0,0,0,0,0,0
2025,20251397,Markus Hoelgaard,22,Final Classifications,0,0,0,0,0,0,0,0,0
2025,20250382,Luke Durbridge,1,Stage 1,0,0,0,0,0,0,0,0,0
2025,20250382,Luke Durbridge,2,Stage 2,0,0,0,0,0,0,0,0,0
2025,20250382,Luke Durbridge,3,Stage 3,0,0,0,0,0,0,0,0,0
2025,20250382,Luke Durbridge,4,Stage 4,0,0,0,0,0,0,0,0,0
2025,20250382,Luke Durbridge,5,Stage 5,0,0,0,0,0,0,0,0,0
2025,20250382,Luke Durbridge,6,Stage 6,0,0,0,0,0,0,0,0,0
2025,20250382,Luke Durbridge,7,Stage 7,0,0,0,0,0,0,0,0,0
2025,20250382,Luke Durbridge,8,Stage 8,0,0,0,0,0,0,0,0,0
2025,20250382,Luke Durbridge,9,Stage 9,0,0,0,0,0,0,0,0,0
2025,20250382,Luke Durbridge,10,Stage 10,0,0,0,0,0,0,0,0,0
2025,20250382,Luke Durbridge,11,Stage 11,0,0,0,0,0,0,0,4,4
2025,20250382,Luke Durbridge,12,Stage 12,0,0,0,0,0,0,0,0,0
2025,20250382,Luke Durbridge,13,Stage 13,0,0,0,0,0,0,0,0,0
2025,20250382,Luke Durbridge,14,Stage 14,0,0,0,0,0,0,0,0,0
2025,20250382,Luke Durbridge,15,Stage 15,0,0,0,0,0,0,0,0,0
2025,20250382,Luke Durbridge,16,Stage 16,0,0,0,0,0,0,0,0,0
2025,20250382,Luke Durbridge,17,Stage 17,0,0,0,0,0,0,0,0,0
2025,20250382,Luke Durbridge,18,Stage 18,0,0,0,0,0,0,0,8,8
2025,20250382,Luke Durbridge,19,Stage 19,0,0,0,0,0,0,0,0,0
2025,20250382,Luke Durbridge,20,Stage 20,0,0,0,0,0,0,0,0,0
2025,20250382,Luke Durbridge,21,Stage 21,0,0,0,0,0,0,0,0,0
2025,20250382,Luke Durbridge,22,Final Classifications,0,0,0,0,0,0,0,0,0
2025,20250399,Elmar Reinders,1,Stage 1,0,0,0,0,0,0,0,0,0
2025,20250399,Elmar Reinders,2,Stage 2,0,0,0,0,0,0,0,0,0
2025,20250399,Elmar Reinders,3,Stage 3,0,0,0,0,0,0,0,0,0
2025,20250399,Elmar Reinders,4,Stage 4,0,0,0,0,0,0,0,0,0
2025,20250399,Elmar Reinders,5,Stage 5,0,0,0,0,0,0,0,0,0
2025,20250399,Elmar Reinders,6,Stage 6,0,0,0,0,0,0,0,0,0
2025,20250399,Elmar Reinders,7,Stage 7,0,0,0,0,0,0,0,0,0
2025,20250399,Elmar Reinders,8,Stage 8,0,0,0,0,0,0,0,0,0
2025,20250399,Elmar Reinders,9,Stage 9,0,0,0,0,0,0,0,0,0
2025,20250399,Elmar Reinders,10,Stage 10,0,0,0,0,0,0,0,0,0
2025,20250399,Elmar Reinders,11,Stage 11,0,0,0,0,0,0,0,4,4
2025,20250399,Elmar Reinders,12,Stage 12,0,0,0,0,0,0,0,0,0
2025,20250399,Elmar Reinders,13,Stage 13,0,0,0,0,0,0,0,0,0
2025,20250399,Elmar Reinders,14,Stage 14,0,0,0,0,0,0,0,0,0
2025,20250399,Elmar Reinders,15,Stage 15,0,0,0,0,0,0,0,0,0
2025,20250399,Elmar Reinders,16,Stage 16,0,0,0,0,0,0,0,0,0
2025,20250399,Elmar Reinders,17,Stage 17,0,0,0,0,0,0,0,0,0
2025,20250399,Elmar Reinders,18,Stage 18,0,0,0,0,0,0,0,8,8
2025,20250399,Elmar Reinders,19,Stage 19,0,0,0,0,0,0,0,0,0
2025,20250399,Elmar Reinders,20,Stage 20,0,0,0,0,0,0,0,0,0
2025,20250399,Elmar Reinders,21,Stage 21,0,0,0,0,0,0,0,0,0
2025,20250399,Elmar Reinders,22,Final Classifications,0,0,0,0,0,0,0,0,0
2025,20251336,Fabian Lienhard,1,Stage 1,0,0,0,0,0,0,0,8,8
2025,20251336,Fabian Lienhard,2,Stage 2,0,0,0,0,0,0,0,0,0
2025,20251336,Fabian Lienhard,3,Stage 3,0,0,0,0,0,0,0,0,0
2025,20251336,Fabian Lienhard,4,Stage 4,0,0,0,0,0,0,0,0,0
2025,20251336,Fabian Lienhard,5,Stage 5,0,0,0,0,0,0,0,0,0
2025,20251336,Fabian Lienhard,6,Stage 6,0,0,0,0,0,0,0,2,2
2025,20251336,Fabian Lienhard,7,Stage 7,0,0,0,0,0,0,0,0,0
2025,20251336,Fabian Lienhard,8,Stage 8,0,0,0,0,0,0,0,0,0
2025,20251336,Fabian Lienhard,9,Stage 9,0,0,0,0,0,0,0,0,0
2025,20251336,Fabian Lienhard,10,Stage 10,0,0,0,0,0,0,0,0,0
2025,20251336,Fabian Lienhard,11,Stage 11,0,0,0,0,0,0,0,0,0
2025,20251336,Fabian Lienhard,12,Stage 12,0,0,0,0,0,0,0,0,0
2025,20251336,Fabian Lienhard,13,Stage 13,0,0,0,0,0,0,0,0,0
2025,20251336,Fabian Lienhard,14,Stage 14,0,0,0,0,0,0,0,0,0
2025,20251336,Fabian Lienhard,15,Stage 15,0,0,0,0,0,0,0,2,2
2025,20251336,Fabian Lienhard,16,Stage 16,0,0,0,0,0,0,0,0,0
2025,20251336,Fabian Lienhard,17,Stage 17,0,0,0,0,0,0,0,0,0
2025,20251336,Fabian Lienhard,18,Stage 18,0,0,0,0,0,0,0,0,0
2025,20251336,Fabian Lienhard,19,Stage 19,0,0,0,0,0,0,0,0,0
2025,20251336,Fabian Lienhard,20,Stage 20,0,0,0,0,0,0,0,0,0
2025,20251336,Fabian Lienhard,21,Stage 21,0,0,0,0,0,0,0,0,0
2025,20251336,Fabian Lienhard,22,Final Classifications,0,0,0,0,0,0,0,0,0
2025,20250257,Georg Zimmermann,1,Stage 1,0,0,0,0,0,0,0,8,8
2025,20250257,Georg Zimmermann,2,Stage 2,0,0,0,0,0,0,0,0,0
2025,20250257,Georg Zimmermann,3,Stage 3,0,0,0,0,0,0,0,0,0
2025,20250257,Georg Zimmermann,4,Stage 4,0,0,0,0,0,0,0,0,0
2025,20250257,Georg Zimmermann,5,Stage 5,0,0,0,0,0,0,0,0,0
2025,20250257,Georg Zimmermann,6,Stage 6,0,0,0,0,0,0,0,0,0
2025,20250257,Georg Zimmermann,7,Stage 7,0,0,0,0,0,0,0,0,0
2025,20250257,Georg Zimmermann,8,Stage 8,0,0,0,0,3,0,0,0,3
2025,20250257,Georg Zimmermann,9,Stage 9,0,0,0,0,0,0,0,0,0
2025,20250257,Georg Zimmermann,10,Stage 10,0,0,0,0,0,0,0,0,0
2025,20250257,Georg Zimmermann,11,Stage 11,0,0,0,0,0,0,0,0,0
2025,20250257,Georg Zimmermann,12,Stage 12,0,0,0,0,0,0,0,0,0
2025,20250257,Georg Zimmermann,13,Stage 13,0,0,0,0,0,0,0,0,0
2025,20250257,Georg Zimmermann,14,Stage 14,0,0,0,0,0,0,0,0,0
2025,20250257,Georg Zimmermann,15,Stage 15,0,0,0,0,0,0,0,0,0
2025,20250257,Georg Zimmermann,16,Stage 16,0,0,0,0,0,0,0,0,0
2025,20250257,Georg Zimmermann,17,Stage 17,0,0,0,0,0,0,0,0,0
2025,20250257,Georg Zimmermann,18,Stage 18,0,0,0,0,0,0,0,0,0
2025,20250257,Georg Zimmermann,19,Stage 19,0,0,0,0,0,0,0,0,0
2025,20250257,Georg Zimmermann,20,Stage 20,0,0,0,0,0,0,0,0,0
2025,20250257,Georg Zimmermann,21,Stage 21,0,0,0,0,0,0,0,0,0
2025,20250257,Georg Zimmermann,22,Final Classifications,0,0,0,0,0,0,0,0,0
2025,20250256,Roel Van Sintmaartensdijk,1,Stage 1,0,0,0,0,0,0,0,8,8
2025,20250256,Roel Van Sintmaartensdijk,2,Stage 2,0,0,0,0,0,0,0,0,0
2025,20250256,Roel Van Sintmaartensdijk,3,Stage 3,0,0,0,0,0,0,0,0,0
2025,20250256,Roel Van Sintmaartensdijk,4,Stage 4,0,0,0,0,0,0,0,0,0
2025,20250256,Roel Van Sintmaartensdijk,5,Stage 5,0,0,0,0,0,0,0,0,0
2025,20250256,Roel Van Sintmaartensdijk,6,Stage 6,0,0,0,0,0,0,0,0,0
2025,20250256,Roel Van Sintmaartensdijk,7,Stage 7,0,0,0,0,0,0,0,0,0
2025,20250256,Roel Van Sintmaartensdijk,8,Stage 8,0,0,0,0,2,0,0,0,2
2025,20250256,Roel Van Sintmaartensdijk,9,Stage 9,0,0,0,0,0,0,0,0,0
2025,20250256,Roel Van Sintmaartensdijk,10,Stage 10,0,0,0,0,0,0,0,0,0
2025,20250256,Roel Van Sintmaartensdijk,11,Stage 11,0,0,0,0,0,0,0,0,0
2025,20250256,Roel Van Sintmaartensdijk,12,Stage 12,0,0,0,0,0,0,0,0,0
2025,20250256,Roel Van Sintmaartensdijk,13,Stage 13,0,0,0,0,0,0,0,0,0
2025,20250256,Roel Van Sintmaartensdijk,14,Stage 14,0,0,0,0,0,0,0,0,0
2025,20250256,Roel Van Sintmaartensdijk,15,Stage 15,0,0,0,0,0,0,0,0,0
2025,20250256,Roel Van Sintmaartensdijk,16,Stage 16,0,0,0,0,0,0,0,0,0
2025,20250256,Roel Van Sintmaartensdijk,17,Stage 17,0,0,0,0,0,0,0,0,0
2025,20250256,Roel Van Sintmaartensdijk,18,Stage 18,0,0,0,0,0,0,0,0,0
2025,20250256,Roel Van Sintmaartensdijk,19,Stage 19,0,0,0,0,0,0,0,0,0
2025,20250256,Roel Van Sintmaartensdijk,20,Stage 20,0,0,0,0,0,0,0,0,0
2025,20250256,Roel Van Sintmaartensdijk,21,Stage 21,0,0,0,0,0,0,0,0,0
2025,20250256,Roel Van Sintmaartensdijk,22,Final Classifications,0,0,0,0,0,0,0,0,0
2025,20250173,Marijn Van Den Berg,1,Stage 1,0,0,0,0,0,0,0,0,0
2025,20250173,Marijn Van Den Berg,2,Stage 2,0,0,0,0,0,0,0,0,0
2025,20250173,Marijn Van Den Berg,3,Stage 3,0,0,0,0,0,0,0,0,0
2025,20250173,Marijn Van Den Berg,4,Stage 4,0,0,0,0,0,0,0,0,0
2025,20250173,Marijn Van Den Berg,5,Stage 5,0,0,0,0,0,0,0,0,0
2025,20250173,Marijn Van Den Berg,6,Stage 6,0,0,0,0,0,0,0,8,8
2025,20250173,Marijn Van Den Berg,7,Stage 7,0,0,0,0,0,0,0,0,0
2025,20250173,Marijn Van Den Berg,8,Stage 8,0,0,0,0,0,0,0,0,0
2025,20250173,Marijn Van Den Berg,9,Stage 9,0,0,0,0,0,0,0,0,0
2025,20250173,Marijn Van Den Berg,10,Stage 10,0,0,0,0,0,0,0,0,0
2025,20250173,Marijn Van Den Berg,11,Stage 11,0,0,0,0,0,0,0,0,0
2025,20250173,Marijn Van Den Berg,12,Stage 12,0,0,0,0,0,0,0,0,0
2025,20250173,Marijn Van Den Berg,13,Stage 13,0,0,0,0,0,0,0,0,0
2025,20250173,Marijn Van Den Berg,14,Stage 14,0,0,0,0,0,0,0,0,0
2025,20250173,Marijn Van Den Berg,15,Stage 15,0,0,0,0,0,0,0,0,0
2025,20250173,Marijn Van Den Berg,16,Stage 16,0,0,0,0,0,0,0,0,0
2025,20250173,Marijn Van Den Berg,17,Stage 17,0,0,0,0,0,0,0,0,0
2025,20250173,Marijn Van Den Berg,18,Stage 18,0,0,0,0,0,0,0,0,0
2025,20250173,Marijn Van Den Berg,19,Stage 19,0,0,0,0,0,0,0,0,0
2025,20250173,Marijn Van Den Berg,20,Stage 20,0,0,0,0,0,0,0,0,0
2025,20250173,Marijn Van Den Berg,21,Stage 21,0,0,0,0,0,0,0,0,0
2025,20250173,Marijn Van Den Berg,22,Final Classifications,0,0,0,0,0,0,0,0,0
2025,20250250,Jonas Rutsch,1,Stage 1,0,0,0,0,0,0,0,8,8
2025,20250250,Jonas Rutsch,2,Stage 2,0,0,0,0,0,0,0,0,0
2025,20250250,Jonas Rutsch,3,Stage 3,0,0,0,0,0,0,0,0,0
2025,20250250,Jonas Rutsch,4,Stage 4,0,0,0,0,0,0,0,0,0
2025,20250250,Jonas Rutsch,5,Stage 5,0,0,0,0,0,0,0,0,0
2025,20250250,Jonas Rutsch,6,Stage 6,0,0,0,0,0,0,0,0,0
2025,20250250,Jonas Rutsch,7,Stage 7,0,0,0,0,0,0,0,0,0
2025,20250250,Jonas Rutsch,8,Stage 8,0,0,0,0,0,0,0,0,0
2025,20250250,Jonas Rutsch,9,Stage 9,0,0,0,0,0,0,0,0,0
2025,20250250,Jonas Rutsch,10,Stage 10,0,0,0,0,0,0,0,0,0
2025,20250250,Jonas Rutsch,11,Stage 11,0,0,0,0,0,0,0,0,0
2025,20250250,Jonas Rutsch,12,Stage 12,0,0,0,0,0,0,0,0,0
2025,20250250,Jonas Rutsch,13,Stage 13,0,0,0,0,0,0,0,0,0
2025,20250250,Jonas Rutsch,14,Stage 14,0,0,0,0,0,0,0,0,0
2025,20250250,Jonas Rutsch,15,Stage 15,0,0,0,0,0,0,0,0,0
2025,20250250,Jonas Rutsch,16,Stage 16,0,0,0,0,0,0,0,0,0
2025,20250250,Jonas Rutsch,17,Stage 17,0,0,0,0,0,0,0,0,0
2025,20250250,Jonas Rutsch,18,Stage 18,0,0,0,0,0,0,0,0,0
2025,20250250,Jonas Rutsch,19,Stage 19,0,0,0,0,0,0,0,0,0
2025,20250250,Jonas Rutsch,20,Stage 20,0,0,0,0,0,0,0,0,0
2025,20250250,Jonas Rutsch,21,Stage 21,0,0,0,0,0,0,0,0,0
2025,20250250,Jonas Rutsch,22,Final Classifications,0,0,0,0,0,0,0,0,0
2025,20250416,Sean Flynn,1,Stage 1,0,0,0,0,0,0,0,0,0
2025,20250416,Sean Flynn,2,Stage 2,0,0,0,0,0,0,0,0,0
2025,20250416,Sean Flynn,3,Stage 3,0,0,0,0,0,0,0,0,0
2025,20250416,Sean Flynn,4,Stage 4,0,0,0,0,0,0,0,0,0
2025,20250416,Sean Flynn,5,Stage 5,0,0,0,0,0,0,0,0,0
2025,20250416,Sean Flynn,6,Stage 6,0,0,0,0,0,0,0,0,0
2025,20250416,Sean Flynn,7,Stage 7,0,0,0,0,0,0,0,2,2
2025,20250416,Sean Flynn,8,Stage 8,0,0,0,0,0,0,0,0,0
2025,20250416,Sean Flynn,9,Stage 9,0,0,0,0,0,0,0,0,0
2025,20250416,Sean Flynn,10,Stage 10,0,0,0,0,0,0,0,0,0
2025,20250416,Sean Flynn,11,Stage 11,0,0,0,0,0,0,0,0,0
2025,20250416,Sean Flynn,12,Stage 12,0,0,0,0,0,0,0,0,0
2025,20250416,Sean Flynn,13,Stage 13,0,0,0,0,0,0,0,0,0
2025,20250416,Sean Flynn,14,Stage 14,0,0,0,0,0,0,0,0,0
2025,20250416,Sean Flynn,15,Stage 15,0,0,0,0,0,0,0,0,0
2025,20250416,Sean Flynn,16,Stage 16,0,0,0,0,0,0,0,0,0
2025,20250416,Sean Flynn,17,Stage 17,0,0,0,0,0,0,0,2,2
2025,20250416,Sean Flynn,18,Stage 18,0,0,0,0,0,0,0,0,0
2025,20250416,Sean Flynn,19,Stage 19,0,0,0,0,0,0,0,0,0
2025,20250416,Sean Flynn,20,Stage 20,0,0,0,0,0,0,0,4,4
2025,20250416,Sean Flynn,21,Stage 21,0,0,0,0,0,0,0,0,0
2025,20250416,Sean Flynn,22,Final Classifications,0,0,0,0,0,0,0,0,0
2025,20250068,Kamil Gradek,1,Stage 1,0,0,0,0,0,0,0,0,0
2025,20250068,Kamil Gradek,2,Stage 2,0,0,0,0,0,0,0,0,0
2025,20250068,Kamil Gradek,3,Stage 3,0,0,0,0,0,0,0,2,2
2025,20250068,Kamil Gradek,4,Stage 4,0,0,0,0,0,0,0,0,0
2025,20250068,Kamil Gradek,5,Stage 5,0,0,0,0,0,0,0,0,0
2025,20250068,Kamil Gradek,6,Stage 6,0,0,0,0,0,0,0,0,0
2025,20250068,Kamil Gradek,7,Stage 7,0,0,0,0,0,0,0,0,0
2025,20250068,Kamil Gradek,8,Stage 8,0,0,0,0,0,0,0,0,0
2025,20250068,Kamil Gradek,9,Stage 9,0,0,0,0,0,0,0,0,0
2025,20250068,Kamil Gradek,10,Stage 10,0,0,0,0,0,0,0,0,0
2025,20250068,Kamil Gradek,11,Stage 11,0,0,0,0,0,0,0,0,0
2025,20250068,Kamil Gradek,12,Stage 12,0,0,0,0,0,0,0,0,0
2025,20250068,Kamil Gradek,13,Stage 13,0,0,0,0,0,0,0,0,0
2025,20250068,Kamil Gradek,14,Stage 14,0,0,0,0,0,0,0,0,0
2025,20250068,Kamil Gradek,15,Stage 15,0,0,0,0,0,0,0,0,0
2025,20250068,Kamil Gradek,16,Stage 16,0,0,0,0,0,0,0,2,2
2025,20250068,Kamil Gradek,17,Stage 17,0,0,0,0,0,0,0,0,0
2025,20250068,Kamil Gradek,18,Stage 18,0,0,0,0,0,0,0,0,0
2025,20250068,Kamil Gradek,19,Stage 19,0,0,0,0,0,0,0,0,0
2025,20250068,Kamil Gradek,20,Stage 20,0,0,0,0,0,0,0,0,0
2025,20250068,Kamil Gradek,21,Stage 21,0,0,0,0,0,0,0,2,2
2025,20250068,Kamil Gradek,22,Final Classifications,0,0,0,0,0,0,0,0,0
2025,20250078,Robert Stannard,1,Stage 1,0,0,0,0,0,0,0,0,0
2025,20250078,Robert Stannard,2,Stage 2,0,0,0,0,0,0,0,0,0
2025,20250078,Robert Stannard,3,Stage 3,0,0,0,0,0,0,0,2,2
2025,20250078,Robert Stannard,4,Stage 4,0,0,0,0,0,0,0,0,0
2025,20250078,Robert Stannard,5,Stage 5,0,0,0,0,0,0,0,0,0
2025,20250078,Robert Stannard,6,Stage 6,0,0,0,0,0,0,0,0,0
2025,20250078,Robert Stannard,7,Stage 7,0,0,0,0,0,0,0,0,0
2025,20250078,Robert Stannard,8,Stage 8,0,0,0,0,0,0,0,0,0
2025,20250078,Robert Stannard,9,Stage 9,0,0,0,0,0,0,0,0,0
2025,20250078,Robert Stannard,10,Stage 10,0,0,0,0,0,0,0,0,0
2025,20250078,Robert Stannard,11,Stage 11,0,0,0,0,0,0,0,0,0
2025,20250078,Robert Stannard,12,Stage 12,0,0,0,0,0,0,0,0,0
2025,20250078,Robert Stannard,13,Stage 13,0,0,0,0,0,0,0,0,0
2025,20250078,Robert Stannard,14,Stage 14,0,0,0,0,0,0,0,0,0
2025,20250078,Robert Stannard,15,Stage 15,0,0,0,0,0,0,0,0,0
2025,20250078,Robert Stannard,16,Stage 16,0,0,0,0,0,0,0,2,2
2025,20250078,Robert Stannard,17,Stage 17,0,0,0,0,0,0,0,0,0
2025,20250078,Robert Stannard,18,Stage 18,0,0,0,0,0,0,0,0,0
2025,20250078,Robert Stannard,19,Stage 19,0,0,0,0,0,0,0,0,0
2025,20250078,Robert Stannard,20,Stage 20,0,0,0,0,0,0,0,0,0
2025,20250078,Robert Stannard,21,Stage 21,0,0,0,0,0,0,0,2,2
2025,20250078,Robert Stannard,22,Final Classifications,0,0,0,0,0,0,0,0,0
2025,20250069,Jack Haig,1,Stage 1,0,0,0,0,0,0,0,0,0
2025,20250069,Jack Haig,2,Stage 2,0,0,0,0,0,0,0,0,0
2025,20250069,Jack Haig,3,Stage 3,0,0,0,0,0,0,0,2,2
2025,20250069,Jack Haig,4,Stage 4,0,0,0,0,0,0,0,0,0
2025,20250069,Jack Haig,5,Stage 5,0,1,0,0,0,0,0,0,1
2025,20250069,Jack Haig,6,Stage 6,0,1,0,0,0,0,0,0,1
2025,20250069,Jack Haig,7,Stage 7,0,0,0,0,0,0,0,0,0
2025,20250069,Jack Haig,8,Stage 8,0,0,0,0,0,0,0,0,0
2025,20250069,Jack Haig,9,Stage 9,0,0,0,0,0,0,0,0,0
2025,20250069,Jack Haig,10,Stage 10,0,0,0,0,0,0,0,0,0
2025,20250069,Jack Haig,11,Stage 11,0,0,0,0,0,0,0,0,0
2025,20250069,Jack Haig,12,Stage 12,0,0,0,0,0,0,0,0,0
2025,20250069,Jack Haig,13,Stage 13,0,0,0,0,0,0,0,0,0
2025,20250069,Jack Haig,14,Stage 14,0,0,0,0,0,0,0,0,0
2025,20250069,Jack Haig,15,Stage 15,0,0,0,0,0,0,0,0,0
2025,20250069,Jack Haig,16,Stage 16,0,0,0,0,0,0,0,0,0
2025,20250069,Jack Haig,17,Stage 17,0,0,0,0,0,0,0,0,0
2025,20250069,Jack Haig,18,Stage 18,0,0,0,0,0,0,0,0,0
2025,20250069,Jack Haig,19,Stage 19,0,0,0,0,0,0,0,0,0
2025,20250069,Jack Haig,20,Stage 20,0,0,0,0,0,0,0,0,0
2025,20250069,Jack Haig,21,Stage 21,0,0,0,0,0,0,0,0,0
2025,20250069,Jack Haig,22,Final Classifications,0,0,0,0,0,0,0,0,0
2025,20250985,Lennert Van Eetvelt,1,Stage 1,0,0,0,0,0,0,0,0,0
2025,20250985,Lennert Van Eetvelt,2,Stage 2,0,0,0,0,0,0,0,0,0
2025,20250985,Lennert Van Eetvelt,3,Stage 3,0,0,0,0,0,0,0,0,0
2025,20250985,Lennert Van Eetvelt,4,Stage 4,0,0,0,0,0,0,0,0,0
2025,20250985,Lennert Van Eetvelt,5,Stage 5,0,0,0,0,0,0,0,0,0
2025,20250985,Lennert Van Eetvelt,6,Stage 6,0,0,0,0,0,0,0,0,0
2025,20250985,Lennert Van Eetvelt,7,Stage 7,0,0,0,0,0,0,0,0,0
2025,20250985,Lennert Van Eetvelt,8,Stage 8,0,0,0,0,0,0,0,0,0
2025,20250985,Lennert Van Eetvelt,9,Stage 9,0,0,0,0,0,0,0,2,2
2025,20250985,Lennert Van Eetvelt,10,Stage 10,0,0,0,0,0,0,0,0,0
2025,20250985,Lennert Van Eetvelt,11,Stage 11,0,0,0,0,0,0,0,0,0
2025,20250985,Lennert Van Eetvelt,12,Stage 12,0,0,0,0,0,0,0,0,0
2025,20250985,Lennert Van Eetvelt,13,Stage 13,0,0,0,0,0,0,0,0,0
2025,20250985,Lennert Van Eetvelt,14,Stage 14,0,0,0,0,0,0,0,0,0
2025,20250985,Lennert Van Eetvelt,15,Stage 15,0,0,0,0,0,0,0,0,0
2025,20250985,Lennert Van Eetvelt,16,Stage 16,0,0,0,0,0,0,0,0,0
2025,20250985,Lennert Van Eetvelt,17,Stage 17,0,0,0,0,0,0,0,0,0
2025,20250985,Lennert Van Eetvelt,18,Stage 18,0,0,0,0,0,0,0,0,0
2025,20250985,Lennert Van Eetvelt,19,Stage 19,0,0,0,0,0,0,0,0,0
2025,20250985,Lennert Van Eetvelt,20,Stage 20,0,0,0,0,0,0,0,0,0
2025,20250985,Lennert Van Eetvelt,21,Stage 21,0,0,0,0,0,0,0,0,0
2025,20250985,Lennert Van Eetvelt,22,Final Classifications,0,0,0,0,0,0,0,0,0
2025,20251271,Steff Cras,1,Stage 1,0,0,0,0,0,0,0,0,0
2025,20251271,Steff Cras,2,Stage 2,0,0,0,0,0,0,0,0,0
2025,20251271,Steff Cras,3,Stage 3,0,0,0,0,0,0,0,0,0
2025,20251271,Steff Cras,4,Stage 4,0,0,0,0,0,0,0,0,0
2025,20251271,Steff Cras,5,Stage 5,0,2,0,0,0,0,0,0,2
2025,20251271,Steff Cras,6,Stage 6,0,0,0,0,0,0,0,0,0
2025,20251271,Steff Cras,7,Stage 7,0,0,0,0,0,0,0,0,0
2025,20251271,Steff Cras,8,Stage 8,0,0,0,0,0,0,0,0,0
2025,20251271,Steff Cras,9,Stage 9,0,0,0,0,0,0,0,0,0
2025,20251271,Steff Cras,10,Stage 10,0,0,0,0,0,0,0,0,0
2025,20251271,Steff Cras,11,Stage 11,0,0,0,0,0,0,0,0,0
2025,20251271,Steff Cras,12,Stage 12,0,0,0,0,0,0,0,0,0
2025,20251271,Steff Cras,13,Stage 13,0,0,0,0,0,0,0,0,0
2025,20251271,Steff Cras,14,Stage 14,0,0,0,0,0,0,0,0,0
2025,20251271,Steff Cras,15,Stage 15,0,0,0,0,0,0,0,0,0
2025,20251271,Steff Cras,16,Stage 16,0,0,0,0,0,0,0,0,0
2025,20251271,Steff Cras,17,Stage 17,0,0,0,0,0,0,0,0,0
2025,20251271,Steff Cras,18,Stage 18,0,0,0,0,0,0,0,0,0
2025,20251271,Steff Cras,19,Stage 19,0,0,0,0,0,0,0,0,0
2025,20251271,Steff Cras,20,Stage 20,0,0,0,0,0,0,0,0,0
2025,20251271,Steff Cras,21,Stage 21,0,0,0,0,0,0,0,0,0
2025,20251271,Steff Cras,22,Final Classifications,0,0,0,0,0,0,0,0,0
2025,20250903,Matis Louvel,1,Stage 1,0,0,0,0,0,0,0,0,0
2025,20250903,Matis Louvel,2,Stage 2,0,0,0,0,0,0,0,0,0
2025,20250903,Matis Louvel,3,Stage 3,0,0,0,0,0,0,0,0,0
2025,20250903,Matis Louvel,4,Stage 4,0,0,0,0,0,0,0,0,0
2025,20250903,Matis Louvel,5,Stage 5,0,0,0,0,0,0,0,0,0
2025,20250903,Matis Louvel,6,Stage 6,0,0,0,0,0,0,0,0,0
2025,20250903,Matis Louvel,7,Stage 7,0,0,0,0,0,0,0,0,0
2025,20250903,Matis Louvel,8,Stage 8,0,0,0,0,0,0,0,0,0
2025,20250903,Matis Louvel,9,Stage 9,0,0,0,0,0,0,0,0,0
2025,20250903,Matis Louvel,10,Stage 10,0,0,0,0,0,0,0,0,0
2025,20250903,Matis Louvel,11,Stage 11,0,0,0,0,0,0,0,0,0
2025,20250903,Matis Louvel,12,Stage 12,0,0,0,0,0,0,0,0,0
2025,20250903,Matis Louvel,13,Stage 13,0,0,0,0,0,0,0,0,0
2025,20250903,Matis Louvel,14,Stage 14,0,0,0,0,2,0,0,0,2
2025,20250903,Matis Louvel,15,Stage 15,0,0,0,0,0,0,0,0,0
2025,20250903,Matis Louvel,16,Stage 16,0,0,0,0,0,0,0,0,0
2025,20250903,Matis Louvel,17,Stage 17,0,0,0,0,0,0,0,0,0
2025,20250903,Matis Louvel,18,Stage 18,0,0,0,0,0,0,0,0,0
2025,20250903,Matis Louvel,19,Stage 19,0,0,0,0,0,0,0,0,0
2025,20250903,Matis Louvel,20,Stage 20,0,0,0,0,0,0,0,0,0
2025,20250903,Matis Louvel,21,Stage 21,0,0,0,0,0,0,0,0,0
2025,20250903,Matis Louvel,22,Final Classifications,0,0,0,0,0,0,0,0,0
2025,20250974,Sébastien Grignard,1,Stage 1,0,0,0,0,0,0,0,0,0
2025,20250974,Sébastien Grignard,2,Stage 2,0,0,0,0,0,0,0,0,0
2025,20250974,Sébastien Grignard,3,Stage 3,0,0,0,0,0,0,0,0,0
2025,20250974,Sébastien Grignard,4,Stage 4,0,0,0,0,0,0,0,0,0
2025,20250974,Sébastien Grignard,5,Stage 5,0,0,0,0,0,0,0,0,0
2025,20250974,Sébastien Grignard,6,Stage 6,0,0,0,0,0,0,0,0,0
2025,20250974,Sébastien Grignard,7,Stage 7,0,0,0,0,0,0,0,0,0
2025,20250974,Sébastien Grignard,8,Stage 8,0,0,0,0,0,0,0,0,0
2025,20250974,Sébastien Grignard,9,Stage 9,0,0,0,0,0,0,0,2,2
2025,20250974,Sébastien Grignard,10,Stage 10,0,0,0,0,0,0,0,0,0
2025,20250974,Sébastien Grignard,11,Stage 11,0,0,0,0,0,0,0,0,0
2025,20250974,Sébastien Grignard,12,Stage 12,0,0,0,0,0,0,0,0,0
2025,20250974,Sébastien Grignard,13,Stage 13,0,0,0,0,0,0,0,0,0
2025,20250974,Sébastien Grignard,14,Stage 14,0,0,0,0,0,0,0,0,0
2025,20250974,Sébastien Grignard,15,Stage 15,0,0,0,0,0,0,0,0,0
2025,20250974,Sébastien Grignard,16,Stage 16,0,0,0,0,0,0,0,0,0
2025,20250974,Sébastien Grignard,17,Stage 17,0,0,0,0,0,0,0,0,0
2025,20250974,Sébastien Grignard,18,Stage 18,0,0,0,0,0,0,0,0,0
2025,20250974,Sébastien Grignard,19,Stage 19,0,0,0,0,0,0,0,0,0
2025,20250974,Sébastien Grignard,20,Stage 20,0,0,0,0,0,0,0,0,0
2025,20250974,Sébastien Grignard,21,Stage 21,0,0,0,0,0,0,0,0,0
2025,20250974,Sébastien Grignard,22,Final Classifications,0,0,0,0,0,0,0,0,0
2025,20250979,Eduardo Sepúlveda,1,Stage 1,0,0,0,0,0,0,0,0,0
2025,20250979,Eduardo Sepúlveda,2,Stage 2,0,0,0,0,0,0,0,0,0
2025,20250979,Eduardo Sepúlveda,3,Stage 3,0,0,0,0,0,0,0,0,0
2025,20250979,Eduardo Sepúlveda,4,Stage 4,0,0,0,0,0,0,0,0,0
2025,20250979,Eduardo Sepúlveda,5,Stage 5,0,0,0,0,0,0,0,0,0
2025,20250979,Eduardo Sepúlveda,6,Stage 6,0,0,0,0,0,0,0,0,0
2025,20250979,Eduardo Sepúlveda,7,Stage 7,0,0,0,0,0,0,0,0,0
2025,20250979,Eduardo Sepúlveda,8,Stage 8,0,0,0,0,0,0,0,0,0
2025,20250979,Eduardo Sepúlveda,9,Stage 9,0,0,0,0,0,0,0,2,2
2025,20250979,Eduardo Sepúlveda,10,Stage 10,0,0,0,0,0,0,0,0,0
2025,20250979,Eduardo Sepúlveda,11,Stage 11,0,0,0,0,0,0,0,0,0
2025,20250979,Eduardo Sepúlveda,12,Stage 12,0,0,0,0,0,0,0,0,0
2025,20250979,Eduardo Sepúlveda,13,Stage 13,0,0,0,0,0,0,0,0,0
2025,20250979,Eduardo Sepúlveda,14,Stage 14,0,0,0,0,0,0,0,0,0
2025,20250979,Eduardo Sepúlveda,15,Stage 15,0,0,0,0,0,0,0,0,0
2025,20250979,Eduardo Sepúlveda,16,Stage 16,0,0,0,0,0,0,0,0,0
2025,20250979,Eduardo Sepúlveda,17,Stage 17,0,0,0,0,0,0,0,0,0
2025,20250979,Eduardo Sepúlveda,18,Stage 18,0,0,0,0,0,0,0,0,0
2025,20250979,Eduardo Sepúlveda,19,Stage 19,0,0,0,0,0,0,0,0,0
2025,20250979,Eduardo Sepúlveda,20,Stage 20,0,0,0,0,0,0,0,0,0
2025,20250979,Eduardo Sepúlveda,21,Stage 21,0,0,0,0,0,0,0,0,0
2025,20250979,Eduardo Sepúlveda,22,Final Classifications,0,0,0,0,0,0,0,0,0
2025,20250210,Filippo Ganna,1,Stage 1,0,0,0,0,0,0,0,0,0
2025,20250210,Filippo Ganna,2,Stage 2,0,0,0,0,0,0,0,0,0
2025,20250210,Filippo Ganna,3,Stage 3,0,0,0,0,0,0,0,0,0
2025,20250210,Filippo Ganna,4,Stage 4,0,0,0,0,0,0,0,0,0
2025,20250210,Filippo Ganna,5,Stage 5,0,0,0,0,0,0,0,0,0
2025,20250210,Filippo Ganna,6,Stage 6,0,0,0,0,0,0,0,0,0
2025,20250210,Filippo Ganna,7,Stage 7,0,0,0,0,0,0,0,0,0
2025,20250210,Filippo Ganna,8,Stage 8,0,0,0,0,0,0,0,0,0
2025,20250210,Filippo Ganna,9,Stage 9,0,0,0,0,0,0,0,0,0
2025,20250210,Filippo Ganna,10,Stage 10,0,0,0,0,0,0,0,0,0
2025,20250210,Filippo Ganna,11,Stage 11,0,0,0,0,0,0,0,0,0
2025,20250210,Filippo Ganna,12,Stage 12,0,0,0,0,0,0,0,0,0
2025,20250210,Filippo Ganna,13,Stage 13,0,0,0,0,0,0,0,0,0
2025,20250210,Filippo Ganna,14,Stage 14,0,0,0,0,0,0,0,0,0
2025,20250210,Filippo Ganna,15,Stage 15,0,0,0,0,0,0,0,0,0
2025,20250210,Filippo Ganna,16,Stage 16,0,0,0,0,0,0,0,0,0
2025,20250210,Filippo Ganna,17,Stage 17,0,0,0,0,0,0,0,0,0
2025,20250210,Filippo Ganna,18,Stage 18,0,0,0,0,0,0,0,0,0
2025,20250210,Filippo Ganna,19,Stage 19,0,0,0,0,0,0,0,0,0
2025,20250210,Filippo Ganna,20,Stage 20,0,0,0,0,0,0,0,0,0
2025,20250210,Filippo Ganna,21,Stage 21,0,0,0,0,0,0,0,0,0
2025,20250210,Filippo Ganna,22,Final Classifications,0,0,0,0,0,0,0,0,0
2025,20250099,Ion Izagirre,1,Stage 1,0,0,0,0,0,0,0,0,0
2025,20250099,Ion Izagirre,2,Stage 2,0,0,0,0,0,0,0,0,0
2025,20250099,Ion Izagirre,3,Stage 3,0,0,0,0,0,0,0,0,0
2025,20250099,Ion Izagirre,4,Stage 4,0,0,0,0,0,0,0,0,0
2025,20250099,Ion Izagirre,5,Stage 5,0,0,0,0,0,0,0,0,0
2025,20250099,Ion Izagirre,6,Stage 6,0,0,0,0,0,0,0,0,0
2025,20250099,Ion Izagirre,7,Stage 7,0,0,0,0,0,0,0,0,0
2025,20250099,Ion Izagirre,8,Stage 8,0,0,0,0,0,0,0,0,0
2025,20250099,Ion Izagirre,9,Stage 9,0,0,0,0,0,0,0,0,0
2025,20250099,Ion Izagirre,10,Stage 10,0,0,0,0,0,0,0,0,0
2025,20250099,Ion Izagirre,11,Stage 11,0,0,0,0,0,0,0,0,0
2025,20250099,Ion Izagirre,12,Stage 12,0,0,0,0,0,0,0,0,0
2025,20250099,Ion Izagirre,13,Stage 13,0,0,0,0,0,0,0,0,0
2025,20250099,Ion Izagirre,14,Stage 14,0,0,0,0,0,0,0,0,0
2025,20250099,Ion Izagirre,15,Stage 15,0,0,0,0,0,0,0,0,0
2025,20250099,Ion Izagirre,16,Stage 16,0,0,0,0,0,0,0,0,0
2025,20250099,Ion Izagirre,17,Stage 17,0,0,0,0,0,0,0,0,0
2025,20250099,Ion Izagirre,18,Stage 18,0,0,0,0,0,0,0,0,0
2025,20250099,Ion Izagirre,19,Stage 19,0,0,0,0,0,0,0,0,0
2025,20250099,Ion Izagirre,20,Stage 20,0,0,0,0,0,0,0,0,0
2025,20250099,Ion Izagirre,21,Stage 21,0,0,0,0,0,0,0,0,0
2025,20250099,Ion Izagirre,22,Final Classifications,0,0,0,0,0,0,0,0,0
2025,20250121,Stefan Bissegger,1,Stage 1,0,0,0,0,0,0,0,0,0
2025,20250121,Stefan Bissegger,2,Stage 2,0,0,0,0,0,0,0,0,0
2025,20250121,Stefan Bissegger,3,Stage 3,0,0,0,0,0,0,0,0,0
2025,20250121,Stefan Bissegger,4,Stage 4,0,0,0,0,0,0,0,0,0
2025,20250121,Stefan Bissegger,5,Stage 5,0,0,0,0,0,0,0,0,0
2025,20250121,Stefan Bissegger,6,Stage 6,0,0,0,0,0,0,0,0,0
2025,20250121,Stefan Bissegger,7,Stage 7,0,0,0,0,0,0,0,0,0
2025,20250121,Stefan Bissegger,8,Stage 8,0,0,0,0,0,0,0,0,0
2025,20250121,Stefan Bissegger,9,Stage 9,0,0,0,0,0,0,0,0,0
2025,20250121,Stefan Bissegger,10,Stage 10,0,0,0,0,0,0,0,0,0
2025,20250121,Stefan Bissegger,11,Stage 11,0,0,0,0,0,0,0,0,0
2025,20250121,Stefan Bissegger,12,Stage 12,0,0,0,0,0,0,0,0,0
2025,20250121,Stefan Bissegger,13,Stage 13,0,0,0,0,0,0,0,0,0
2025,20250121,Stefan Bissegger,14,Stage 14,0,0,0,0,0,0,0,0,0
2025,20250121,Stefan Bissegger,15,Stage 15,0,0,0,0,0,0,0,0,0
2025,20250121,Stefan Bissegger,16,Stage 16,0,0,0,0,0,0,0,0,0
2025,20250121,Stefan Bissegger,17,Stage 17,0,0,0,0,0,0,0,0,0
2025,20250121,Stefan Bissegger,18,Stage 18,0,0,0,0,0,0,0,0,0
2025,20250121,Stefan Bissegger,19,Stage 19,0,0,0,0,0,0,0,0,0
2025,20250121,Stefan Bissegger,20,Stage 20,0,0,0,0,0,0,0,0,0
2025,20250121,Stefan Bissegger,21,Stage 21,0,0,0,0,0,0,0,0,0
2025,20250121,Stefan Bissegger,22,Final Classifications,0,0,0,0,0,0,0,0,0
2025,20251279,Emilien Jeannière,1,Stage 1,0,0,0,0,0,0,0,0,0
2025,20251279,Emilien Jeannière,2,Stage 2,0,0,0,0,0,0,0,0,0
2025,20251279,Emilien Jeannière,3,Stage 3,0,0,0,0,0,0,0,0,0
2025,20251279,Emilien Jeannière,4,Stage 4,0,0,0,0,0,0,0,0,0
2025,20251279,Emilien Jeannière,5,Stage 5,0,0,0,0,0,0,0,0,0
2025,20251279,Emilien Jeannière,6,Stage 6,0,0,0,0,0,0,0,0,0
2025,20251279,Emilien Jeannière,7,Stage 7,0,0,0,0,0,0,0,0,0
2025,20251279,Emilien Jeannière,8,Stage 8,0,0,0,0,0,0,0,0,0
2025,20251279,Emilien Jeannière,9,Stage 9,0,0,0,0,0,0,0,0,0
2025,20251279,Emilien Jeannière,10,Stage 10,0,0,0,0,0,0,0,0,0
2025,20251279,Emilien Jeannière,11,Stage 11,0,0,0,0,0,0,0,0,0
2025,20251279,Emilien Jeannière,12,Stage 12,0,0,0,0,0,0,0,0,0
2025,20251279,Emilien Jeannière,13,Stage 13,0,0,0,0,0,0,0,0,0
2025,20251279,Emilien Jeannière,14,Stage 14,0,0,0,0,0,0,0,0,0
2025,20251279,Emilien Jeannière,15,Stage 15,0,0,0,0,0,0,0,0,0
2025,20251279,Emilien Jeannière,16,Stage 16,0,0,0,0,0,0,0,0,0
2025,20251279,Emilien Jeannière,17,Stage 17,0,0,0,0,0,0,0,0,0
2025,20251279,Emilien Jeannière,18,Stage 18,0,0,0,0,0,0,0,0,0
2025,20251279,Emilien Jeannière,19,Stage 19,0,0,0,0,0,0,0,0,0
2025,20251279,Emilien Jeannière,20,Stage 20,0,0,0,0,0,0,0,0,0
2025,20251279,Emilien Jeannière,21,Stage 21,0,0,0,0,0,0,0,0,0
2025,20251279,Emilien Jeannière,22,Final Classifications,0,0,0,0,0,0,0,0,0
2025,20250891,Guillaume Boivin,1,Stage 1,0,0,0,0,0,0,0,0,0
2025,20250891,Guillaume Boivin,2,Stage 2,0,0,0,0,0,0,0,0,0
2025,20250891,Guillaume Boivin,3,Stage 3,0,0,0,0,0,0,0,0,0
2025,20250891,Guillaume Boivin,4,Stage 4,0,0,0,0,0,0,0,0,0
2025,20250891,Guillaume Boivin,5,Stage 5,0,0,0,0,0,0,0,0,0
2025,20250891,Guillaume Boivin,6,Stage 6,0,0,0,0,0,0,0,0,0
2025,20250891,Guillaume Boivin,7,Stage 7,0,0,0,0,0,0,0,0,0
2025,20250891,Guillaume Boivin,8,Stage 8,0,0,0,0,0,0,0,0,0
2025,20250891,Guillaume Boivin,9,Stage 9,0,0,0,0,0,0,0,0,0
2025,20250891,Guillaume Boivin,10,Stage 10,0,0,0,0,0,0,0,0,0
2025,20250891,Guillaume Boivin,11,Stage 11,0,0,0,0,0,0,0,0,0
2025,20250891,Guillaume Boivin,12,Stage 12,0,0,0,0,0,0,0,0,0
2025,20250891,Guillaume Boivin,13,Stage 13,0,0,0,0,0,0,0,0,0
2025,20250891,Guillaume Boivin,14,Stage 14,0,0,0,0,0,0,0,0,0
2025,20250891,Guillaume Boivin,15,Stage 15,0,0,0,0,0,0,0,0,0
2025,20250891,Guillaume Boivin,16,Stage 16,0,0,0,0,0,0,0,0,0
2025,20250891,Guillaume Boivin,17,Stage 17,0,0,0,0,0,0,0,0,0
2025,20250891,Guillaume Boivin,18,Stage 18,0,0,0,0,0,0,0,0,0
2025,20250891,Guillaume Boivin,19,Stage 19,0,0,0,0,0,0,0,0,0
2025,20250891,Guillaume Boivin,20,Stage 20,0,0,0,0,0,0,0,0,0
2025,20250891,Guillaume Boivin,21,Stage 21,0,0,0,0,0,0,0,0,0
2025,20250891,Guillaume Boivin,22,Final Classifications,0,0,0,0,0,0,0,0,0
2025,20250968,Jasper De Buyst,1,Stage 1,0,0,0,0,0,0,0,0,0
2025,20250968,Jasper De Buyst,2,Stage 2,0,0,0,0,0,0,0,0,0
2025,20250968,Jasper De Buyst,3,Stage 3,0,0,0,0,0,0,0,0,0
2025,20250968,Jasper De Buyst,4,Stage 4,0,0,0,0,0,0,0,0,0
2025,20250968,Jasper De Buyst,5,Stage 5,0,0,0,0,0,0,0,0,0
2025,20250968,Jasper De Buyst,6,Stage 6,0,0,0,0,0,0,0,0,0
2025,20250968,Jasper De Buyst,7,Stage 7,0,0,0,0,0,0,0,0,0
2025,20250968,Jasper De Buyst,8,Stage 8,0,0,0,0,0,0,0,0,0
2025,20250968,Jasper De Buyst,9,Stage 9,0,0,0,0,0,0,0,0,0
2025,20250968,Jasper De Buyst,10,Stage 10,0,0,0,0,0,0,0,0,0
2025,20250968,Jasper De Buyst,11,Stage 11,0,0,0,0,0,0,0,0,0
2025,20250968,Jasper De Buyst,12,Stage 12,0,0,0,0,0,0,0,0,0
2025,20250968,Jasper De Buyst,13,Stage 13,0,0,0,0,0,0,0,0,0
2025,20250968,Jasper De Buyst,14,Stage 14,0,0,0,0,0,0,0,0,0
2025,20250968,Jasper De Buyst,15,Stage 15,0,0,0,0,0,0,0,0,0
2025,20250968,Jasper De Buyst,16,Stage 16,0,0,0,0,0,0,0,0,0
2025,20250968,Jasper De Buyst,17,Stage 17,0,0,0,0,0,0,0,0,0
2025,20250968,Jasper De Buyst,18,Stage 18,0,0,0,0,0,0,0,0,0
2025,20250968,Jasper De Buyst,19,Stage 19,0,0,0,0,0,0,0,0,0
2025,20250968,Jasper De Buyst,20,Stage 20,0,0,0,0,0,0,0,0,0
2025,20250968,Jasper De Buyst,21,Stage 21,0,0,0,0,0,0,0,0,0
2025,20250968,Jasper De Buyst,22,Final Classifications,0,0,0,0,0,0,0,0,0
