year,rider_id,name,round,round_label,stg,gc,pc,kom,spr,sum,bky,ass,tot
2023,20230985,Tadej Pogačar,1,Stage 1,160,22,6,4,0,0,0,20,212
2023,20230985,Tadej Pogačar,2,Stage 2,160,26,8,8,0,0,0,8,210
2023,20230985,Tadej Pogačar,3,Stage 3,0,26,4,8,0,0,0,8,46
2023,20230985,Tadej Pogačar,4,Stage 4,0,26,0,8,0,0,0,8,42
2023,20230985,Tadej Pogačar,5,Stage 5,80,15,0,0,0,0,0,0,95
2023,20230985,Tadej Pogačar,6,Stage 6,220,26,0,2,0,17,0,0,265
2023,20230985,Tadej Pogačar,7,Stage 7,0,26,0,2,0,0,0,0,28
2023,20230985,Tadej Pogačar,8,Stage 8,60,26,2,2,0,0,0,0,90
2023,20230985,Tadej Pogačar,9,Stage 9,35,26,2,1,0,0,0,0,64
2023,20230985,Tadej Pogačar,10,Stage 10,0,26,2,1,0,0,0,0,29
2023,20230985,Tadej Pogačar,11,Stage 11,4,26,0,1,0,0,0,0,31
2023,20230985,Tadej Pogačar,12,Stage 12,40,26,0,0,0,0,0,0,66
2023,20230985,Tadej Pogačar,13,Stage 13,160,26,2,8,0,20,0,0,216
2023,20230985,Tadej Pogačar,14,Stage 14,180,26,4,6,0,27,0,2,245
2023,20230985,Tadej Pogačar,15,Stage 15,20,26,2,4,0,0,0,2,54
2023,20230985,Tadej Pogačar,16,Stage 16,180,26,2,4,0,0,0,0,212
2023,20230985,Tadej Pogačar,17,Stage 17,0,26,2,2,0,0,0,6,36
2023,20230985,Tadej Pogačar,18,Stage 18,0,26,4,2,0,0,0,6,38
2023,20230985,Tadej Pogačar,19,Stage 19,0,26,4,2,0,0,0,6,38
2023,20230985,Tadej Pogačar,20,Stage 20,220,26,4,2,0,6,0,6,264
2023,20230985,Tadej Pogačar,21,Stage 21,0,26,4,2,20,0,0,6,58
2023,20230985,Tadej Pogačar,22,Final Classifications,0,500,60,40,0,0,0,40,640
2023,20230603,Jonas Vingegaard,1,Stage 1,70,12,0,0,0,0,0,8,90
2023,20230603,Jonas Vingegaard,2,Stage 2,20,15,0,6,0,0,0,12,53
2023,20230603,Jonas Vingegaard,3,Stage 3,0,15,0,6,0,0,0,8,29
2023,20230603,Jonas Vingegaard,4,Stage 4,0,15,0,6,0,0,0,8,29
2023,20230603,Jonas Vingegaard,5,Stage 5,120,26,0,0,0,2,0,8,156
2023,20230603,Jonas Vingegaard,6,Stage 6,180,30,0,0,0,14,0,8,232
2023,20230603,Jonas Vingegaard,7,Stage 7,0,30,0,0,0,0,0,8,38
2023,20230603,Jonas Vingegaard,8,Stage 8,12,30,0,0,0,0,0,10,52
2023,20230603,Jonas Vingegaard,9,Stage 9,30,30,0,0,0,0,0,2,62
2023,20230603,Jonas Vingegaard,10,Stage 10,0,30,0,0,0,0,0,2,32
2023,20230603,Jonas Vingegaard,11,Stage 11,12,30,0,0,0,0,0,2,44
2023,20230603,Jonas Vingegaard,12,Stage 12,20,30,0,0,0,0,0,2,52
2023,20230603,Jonas Vingegaard,13,Stage 13,140,30,0,1,0,15,0,2,188
2023,20230603,Jonas Vingegaard,14,Stage 14,160,30,0,12,0,36,0,4,242
2023,20230603,Jonas Vingegaard,15,Stage 15,16,30,0,6,0,0,0,12,64
2023,20230603,Jonas Vingegaard,16,Stage 16,220,30,0,6,0,0,0,0,256
2023,20230603,Jonas Vingegaard,17,Stage 17,140,30,1,6,0,20,0,8,205
2023,20230603,Jonas Vingegaard,18,Stage 18,0,30,1,6,0,0,0,8,45
2023,20230603,Jonas Vingegaard,19,Stage 19,0,30,0,6,0,0,0,8,44
2023,20230603,Jonas Vingegaard,20,Stage 20,160,30,2,6,1,10,0,8,217
2023,20230603,Jonas Vingegaard,21,Stage 21,0,30,2,6,0,0,0,8,46
2023,20230603,Jonas Vingegaard,22,Final Classifications,0,600,40,80,0,0,0,50,770
2023,20230059,Jasper Philipsen,1,Stage 1,0,0,0,0,3,0,0,0,3
2023,20230059,Jasper Philipsen,2,Stage 2,0,0,0,0,8,0,0,0,8
2023,20230059,Jasper Philipsen,3,Stage 3,220,0,8,0,4,0,0,0,232
2023,20230059,Jasper Philipsen,4,Stage 4,220,0,12,0,20,0,0,0,252
2023,20230059,Jasper Philipsen,5,Stage 5,0,0,12,0,0,0,0,0,12
2023,20230059,Jasper Philipsen,6,Stage 6,0,0,12,0,0,0,0,0,12
2023,20230059,Jasper Philipsen,7,Stage 7,220,0,12,0,12,0,0,0,244
2023,20230059,Jasper Philipsen,8,Stage 8,180,0,12,0,8,0,0,0,200
2023,20230059,Jasper Philipsen,9,Stage 9,0,0,12,0,0,0,0,0,12
2023,20230059,Jasper Philipsen,10,Stage 10,0,0,12,0,0,0,0,0,12
2023,20230059,Jasper Philipsen,11,Stage 11,220,0,12,0,8,0,0,0,240
2023,20230059,Jasper Philipsen,12,Stage 12,0,0,12,0,0,0,0,0,12
2023,20230059,Jasper Philipsen,13,Stage 13,0,0,12,0,0,0,0,0,12
2023,20230059,Jasper Philipsen,14,Stage 14,0,0,12,0,0,0,0,0,12
2023,20230059,Jasper Philipsen,15,Stage 15,0,0,12,0,0,0,0,0,12
2023,20230059,Jasper Philipsen,16,Stage 16,0,0,12,0,0,0,0,0,12
2023,20230059,Jasper Philipsen,17,Stage 17,0,0,12,0,0,0,0,0,12
2023,20230059,Jasper Philipsen,18,Stage 18,140,0,12,0,6,0,0,0,158
2023,20230059,Jasper Philipsen,19,Stage 19,140,0,12,0,2,0,0,0,154
2023,20230059,Jasper Philipsen,20,Stage 20,0,0,12,0,0,0,0,0,12
2023,20230059,Jasper Philipsen,21,Stage 21,180,0,12,0,0,0,0,0,192
2023,20230059,Jasper Philipsen,22,Final Classifications,0,0,120,0,0,0,0,0,120
2023,20230993,Adam Yates,1,Stage 1,220,30,12,0,0,0,0,8,270
2023,20230993,Adam Yates,2,Stage 2,8,30,2,0,0,0,0,6,46
2023,20230993,Adam Yates,3,Stage 3,0,30,0,0,0,0,0,4,34
2023,20230993,Adam Yates,4,Stage 4,0,30,0,0,0,0,0,4,34
2023,20230993,Adam Yates,5,Stage 5,25,16,0,0,0,0,0,0,41
2023,20230993,Adam Yates,6,Stage 6,70,15,0,0,0,0,0,12,97
2023,20230993,Adam Yates,7,Stage 7,0,15,0,0,0,0,0,4,19
2023,20230993,Adam Yates,8,Stage 8,0,16,0,0,0,0,0,4,20
2023,20230993,Adam Yates,9,Stage 9,12,16,0,0,0,0,0,4,32
2023,20230993,Adam Yates,10,Stage 10,0,15,0,0,0,0,0,4,19
2023,20230993,Adam Yates,11,Stage 11,0,15,0,0,0,0,0,4,19
2023,20230993,Adam Yates,12,Stage 12,12,15,0,0,0,0,0,4,31
2023,20230993,Adam Yates,13,Stage 13,60,16,0,0,0,0,0,6,82
2023,20230993,Adam Yates,14,Stage 14,140,16,0,0,0,15,0,10,181
2023,20230993,Adam Yates,15,Stage 15,12,18,0,0,0,0,0,6,36
2023,20230993,Adam Yates,16,Stage 16,95,22,0,0,0,0,0,0,117
2023,20230993,Adam Yates,17,Stage 17,70,22,0,0,0,0,0,8,100
2023,20230993,Adam Yates,18,Stage 18,0,22,0,0,0,0,0,8,30
2023,20230993,Adam Yates,19,Stage 19,0,22,0,0,0,0,0,8,30
2023,20230993,Adam Yates,20,Stage 20,120,22,0,0,0,2,0,16,160
2023,20230993,Adam Yates,21,Stage 21,0,22,0,0,0,0,0,8,30
2023,20230993,Adam Yates,22,Final Classifications,0,400,0,0,0,0,0,40,440
2023,20230870,Simon Yates,1,Stage 1,180,26,8,0,0,0,0,0,214
2023,20230870,Simon Yates,2,Stage 2,12,22,1,0,0,0,0,0,35
2023,20230870,Simon Yates,3,Stage 3,0,22,0,0,0,0,0,0,22
2023,20230870,Simon Yates,4,Stage 4,0,22,0,0,0,0,0,0,22
2023,20230870,Simon Yates,5,Stage 5,35,14,0,0,0,0,0,0,49
2023,20230870,Simon Yates,6,Stage 6,80,18,0,0,0,0,0,0,98
2023,20230870,Simon Yates,7,Stage 7,0,18,0,0,0,0,0,0,18
2023,20230870,Simon Yates,8,Stage 8,0,15,0,0,0,0,0,0,15
2023,20230870,Simon Yates,9,Stage 9,25,15,0,0,0,0,0,0,40
2023,20230870,Simon Yates,10,Stage 10,0,14,0,0,0,0,0,0,14
2023,20230870,Simon Yates,11,Stage 11,0,14,0,0,0,0,0,4,18
2023,20230870,Simon Yates,12,Stage 12,0,14,0,0,0,0,0,0,14
2023,20230870,Simon Yates,13,Stage 13,70,15,0,0,0,0,0,0,85
2023,20230870,Simon Yates,14,Stage 14,70,14,0,0,0,2,0,0,86
2023,20230870,Simon Yates,15,Stage 15,0,13,0,0,0,0,0,0,13
2023,20230870,Simon Yates,16,Stage 16,120,13,0,0,0,0,0,0,133
2023,20230870,Simon Yates,17,Stage 17,180,16,0,0,0,29,0,0,225
2023,20230870,Simon Yates,18,Stage 18,0,16,0,1,0,0,0,0,17
2023,20230870,Simon Yates,19,Stage 19,0,16,0,1,0,0,0,0,17
2023,20230870,Simon Yates,20,Stage 20,140,18,0,1,0,4,0,0,163
2023,20230870,Simon Yates,21,Stage 21,0,18,0,1,0,0,0,2,21
2023,20230870,Simon Yates,22,Final Classifications,0,350,5,30,0,0,0,0,385
2023,20230198,Jai Hindley,1,Stage 1,95,14,0,0,0,0,0,0,109
2023,20230198,Jai Hindley,2,Stage 2,70,13,0,0,0,0,0,0,83
2023,20230198,Jai Hindley,3,Stage 3,0,13,0,0,0,0,0,0,13
2023,20230198,Jai Hindley,4,Stage 4,0,14,0,0,0,0,0,0,14
2023,20230198,Jai Hindley,5,Stage 5,220,30,0,6,0,25,0,0,281
2023,20230198,Jai Hindley,6,Stage 6,110,22,0,1,0,0,0,0,133
2023,20230198,Jai Hindley,7,Stage 7,0,22,0,1,0,0,0,0,23
2023,20230198,Jai Hindley,8,Stage 8,0,22,0,1,0,0,0,0,23
2023,20230198,Jai Hindley,9,Stage 9,8,22,0,0,0,0,0,0,30
2023,20230198,Jai Hindley,10,Stage 10,0,22,0,0,0,0,0,0,22
2023,20230198,Jai Hindley,11,Stage 11,0,22,0,0,0,0,0,0,22
2023,20230198,Jai Hindley,12,Stage 12,0,22,0,0,0,0,0,0,22
2023,20230198,Jai Hindley,13,Stage 13,110,22,0,0,0,6,0,0,138
2023,20230198,Jai Hindley,14,Stage 14,110,18,0,1,0,6,0,0,135
2023,20230198,Jai Hindley,15,Stage 15,0,16,0,0,0,0,0,0,16
2023,20230198,Jai Hindley,16,Stage 16,0,16,0,0,0,0,0,0,16
2023,20230198,Jai Hindley,17,Stage 17,40,14,0,0,0,0,0,0,54
2023,20230198,Jai Hindley,18,Stage 18,0,14,0,0,0,0,0,0,14
2023,20230198,Jai Hindley,19,Stage 19,0,14,0,0,0,0,0,0,14
2023,20230198,Jai Hindley,20,Stage 20,50,14,0,0,0,0,0,0,64
2023,20230198,Jai Hindley,21,Stage 21,0,14,0,0,0,0,0,8,22
2023,20230198,Jai Hindley,22,Final Classifications,0,220,0,15,0,0,0,0,235
2023,20230596,Wout Van Aert,1,Stage 1,50,10,0,0,0,0,0,8,68
2023,20230596,Wout Van Aert,2,Stage 2,180,16,6,0,0,0,0,8,210
2023,20230596,Wout Van Aert,3,Stage 3,120,16,6,0,0,0,0,8,150
2023,20230596,Wout Van Aert,4,Stage 4,70,16,1,0,0,0,0,8,95
2023,20230596,Wout Van Aert,5,Stage 5,0,0,2,0,12,0,20,12,46
2023,20230596,Wout Van Aert,6,Stage 6,0,0,6,0,16,16,20,20,78
2023,20230596,Wout Van Aert,7,Stage 7,0,0,2,0,0,0,0,16,18
2023,20230596,Wout Van Aert,8,Stage 8,160,0,4,0,0,0,0,16,180
2023,20230596,Wout Van Aert,9,Stage 9,0,0,4,0,0,0,0,10,14
2023,20230596,Wout Van Aert,10,Stage 10,0,0,4,0,0,0,0,10,14
2023,20230596,Wout Van Aert,11,Stage 11,70,0,4,0,0,0,0,10,84
2023,20230596,Wout Van Aert,12,Stage 12,0,0,4,0,0,0,0,10,14
2023,20230596,Wout Van Aert,13,Stage 13,0,0,4,0,0,0,0,10,14
2023,20230596,Wout Van Aert,14,Stage 14,16,0,2,0,0,15,0,14,47
2023,20230596,Wout Van Aert,15,Stage 15,180,0,4,2,0,22,0,16,224
2023,20230596,Wout Van Aert,16,Stage 16,160,0,4,2,0,0,0,0,166
2023,20230596,Wout Van Aert,17,Stage 17,0,0,4,1,0,0,0,16,21
2023,20230596,Wout Van Aert,18,Stage 18,0,0,0,0,0,0,0,0,0
2023,20230596,Wout Van Aert,19,Stage 19,0,0,0,0,0,0,0,0,0
2023,20230596,Wout Van Aert,20,Stage 20,0,0,0,0,0,0,0,0,0
2023,20230596,Wout Van Aert,21,Stage 21,0,0,0,0,0,0,0,0,0
2023,20230596,Wout Van Aert,22,Final Classifications,0,0,0,0,0,0,0,0,0
2023,20230123,Pello Bilbao,1,Stage 1,0,0,0,0,0,0,0,0,0
2023,20230123,Pello Bilbao,2,Stage 2,120,1,0,0,0,0,0,4,125
2023,20230123,Pello Bilbao,3,Stage 3,0,4,0,0,0,0,0,8,12
2023,20230123,Pello Bilbao,4,Stage 4,0,3,0,0,0,0,0,6,9
2023,20230123,Pello Bilbao,5,Stage 5,0,3,0,0,0,0,0,0,3
2023,20230123,Pello Bilbao,6,Stage 6,0,8,0,0,0,0,0,2,10
2023,20230123,Pello Bilbao,7,Stage 7,0,7,0,0,0,0,0,2,9
2023,20230123,Pello Bilbao,8,Stage 8,0,9,0,0,0,0,0,2,11
2023,20230123,Pello Bilbao,9,Stage 9,0,10,0,0,0,0,0,10,20
2023,20230123,Pello Bilbao,10,Stage 10,220,16,0,0,8,0,0,8,252
2023,20230123,Pello Bilbao,11,Stage 11,0,16,0,0,0,0,0,10,26
2023,20230123,Pello Bilbao,12,Stage 12,0,16,0,0,0,0,0,8,24
2023,20230123,Pello Bilbao,13,Stage 13,16,14,0,0,0,0,0,4,34
2023,20230123,Pello Bilbao,14,Stage 14,80,13,0,0,0,0,0,0,93
2023,20230123,Pello Bilbao,15,Stage 15,0,14,0,0,0,0,0,8,22
2023,20230123,Pello Bilbao,16,Stage 16,140,14,0,0,0,0,0,0,154
2023,20230123,Pello Bilbao,17,Stage 17,160,15,0,0,0,15,0,0,190
2023,20230123,Pello Bilbao,18,Stage 18,0,15,0,0,0,0,0,0,15
2023,20230123,Pello Bilbao,19,Stage 19,0,15,0,0,0,0,0,10,25
2023,20230123,Pello Bilbao,20,Stage 20,80,15,0,0,0,0,0,0,95
2023,20230123,Pello Bilbao,21,Stage 21,0,15,0,0,0,0,0,0,15
2023,20230123,Pello Bilbao,22,Final Classifications,0,260,10,0,0,0,0,20,290
2023,20230019,Felix Gall,1,Stage 1,0,0,0,0,0,0,0,0,0
2023,20230019,Felix Gall,2,Stage 2,0,0,0,0,0,0,0,0,0
2023,20230019,Felix Gall,3,Stage 3,0,0,0,0,0,0,0,0,0
2023,20230019,Felix Gall,4,Stage 4,0,0,0,0,0,0,0,0,0
2023,20230019,Felix Gall,5,Stage 5,160,0,0,12,1,40,0,0,213
2023,20230019,Felix Gall,6,Stage 6,25,1,0,8,0,0,0,0,34
2023,20230019,Felix Gall,7,Stage 7,0,1,0,8,0,0,0,0,9
2023,20230019,Felix Gall,8,Stage 8,0,3,0,8,0,0,0,0,11
2023,20230019,Felix Gall,9,Stage 9,0,5,0,8,0,0,0,0,13
2023,20230019,Felix Gall,10,Stage 10,0,5,0,8,0,0,0,2,15
2023,20230019,Felix Gall,11,Stage 11,0,5,0,8,0,0,0,0,13
2023,20230019,Felix Gall,12,Stage 12,0,4,0,6,0,0,0,0,10
2023,20230019,Felix Gall,13,Stage 13,30,7,0,2,0,0,0,0,39
2023,20230019,Felix Gall,14,Stage 14,95,12,0,2,0,4,0,0,113
2023,20230019,Felix Gall,15,Stage 15,0,10,0,1,0,0,0,0,11
2023,20230019,Felix Gall,16,Stage 16,35,11,0,1,0,0,0,0,47
2023,20230019,Felix Gall,17,Stage 17,220,13,0,8,0,40,0,0,281
2023,20230019,Felix Gall,18,Stage 18,0,13,0,8,0,0,0,0,21
2023,20230019,Felix Gall,19,Stage 19,0,13,0,8,0,0,0,2,23
2023,20230019,Felix Gall,20,Stage 20,180,13,0,8,0,15,0,0,216
2023,20230019,Felix Gall,21,Stage 21,0,13,0,8,0,0,0,0,21
2023,20230019,Felix Gall,22,Final Classifications,0,200,0,100,0,0,0,0,300
2023,20230505,Carlos Rodríguez,1,Stage 1,35,8,0,0,0,0,0,0,43
2023,20230505,Carlos Rodríguez,2,Stage 2,16,11,0,0,0,0,0,2,29
2023,20230505,Carlos Rodríguez,3,Stage 3,0,12,0,0,0,0,0,2,14
2023,20230505,Carlos Rodríguez,4,Stage 4,0,11,0,0,0,0,0,2,13
2023,20230505,Carlos Rodríguez,5,Stage 5,60,12,0,0,0,0,0,4,76
2023,20230505,Carlos Rodríguez,6,Stage 6,95,16,0,0,0,0,0,4,115
2023,20230505,Carlos Rodríguez,7,Stage 7,4,16,0,0,0,0,0,4,24
2023,20230505,Carlos Rodríguez,8,Stage 8,0,18,0,0,0,0,0,4,22
2023,20230505,Carlos Rodríguez,9,Stage 9,16,18,0,0,0,0,0,4,38
2023,20230505,Carlos Rodríguez,10,Stage 10,0,18,0,0,0,0,0,4,22
2023,20230505,Carlos Rodríguez,11,Stage 11,0,18,0,0,0,0,0,4,22
2023,20230505,Carlos Rodríguez,12,Stage 12,0,18,0,0,0,0,0,4,22
2023,20230505,Carlos Rodríguez,13,Stage 13,50,18,0,0,0,0,0,16,84
2023,20230505,Carlos Rodríguez,14,Stage 14,220,22,0,0,0,20,0,8,270
2023,20230505,Carlos Rodríguez,15,Stage 15,8,22,0,0,0,0,0,4,34
2023,20230505,Carlos Rodríguez,16,Stage 16,40,18,0,0,0,0,0,0,58
2023,20230505,Carlos Rodríguez,17,Stage 17,25,18,0,0,0,0,0,2,45
2023,20230505,Carlos Rodríguez,18,Stage 18,0,18,0,0,0,0,0,2,20
2023,20230505,Carlos Rodríguez,19,Stage 19,0,18,0,0,0,0,0,0,18
2023,20230505,Carlos Rodríguez,20,Stage 20,40,16,0,0,0,0,0,2,58
2023,20230505,Carlos Rodríguez,21,Stage 21,0,16,0,0,0,0,0,2,18
2023,20230505,Carlos Rodríguez,22,Final Classifications,0,300,0,0,0,0,0,30,330
2023,20230933,Mads Pedersen,1,Stage 1,0,0,0,0,5,0,0,0,5
2023,20230933,Mads Pedersen,2,Stage 2,0,0,0,0,3,0,0,0,3
2023,20230933,Mads Pedersen,3,Stage 3,70,0,2,0,8,0,0,0,80
2023,20230933,Mads Pedersen,4,Stage 4,60,0,0,0,8,0,0,0,68
2023,20230933,Mads Pedersen,5,Stage 5,0,0,4,0,16,0,0,8,28
2023,20230933,Mads Pedersen,6,Stage 6,0,0,2,0,0,0,0,0,2
2023,20230933,Mads Pedersen,7,Stage 7,60,0,4,0,5,0,0,0,69
2023,20230933,Mads Pedersen,8,Stage 8,220,0,6,0,0,0,0,0,226
2023,20230933,Mads Pedersen,9,Stage 9,0,0,6,0,0,0,0,0,6
2023,20230933,Mads Pedersen,10,Stage 10,0,0,6,0,0,0,0,0,6
2023,20230933,Mads Pedersen,11,Stage 11,120,0,6,0,0,0,0,0,126
2023,20230933,Mads Pedersen,12,Stage 12,0,0,8,0,20,0,20,0,48
2023,20230933,Mads Pedersen,13,Stage 13,0,0,8,0,0,0,0,0,8
2023,20230933,Mads Pedersen,14,Stage 14,0,0,8,0,0,0,0,0,8
2023,20230933,Mads Pedersen,15,Stage 15,0,0,8,0,0,0,0,0,8
2023,20230933,Mads Pedersen,16,Stage 16,70,0,8,0,0,0,0,0,78
2023,20230933,Mads Pedersen,17,Stage 17,0,0,8,0,0,0,0,0,8
2023,20230933,Mads Pedersen,18,Stage 18,120,0,8,0,0,0,0,0,128
2023,20230933,Mads Pedersen,19,Stage 19,120,0,8,0,20,0,20,0,168
2023,20230933,Mads Pedersen,20,Stage 20,0,0,8,0,20,0,0,0,28
2023,20230933,Mads Pedersen,21,Stage 21,140,0,8,0,0,0,0,0,148
2023,20230933,Mads Pedersen,22,Final Classifications,0,0,100,0,0,0,0,0,100
2023,20230501,Thomas Pidcock,1,Stage 1,0,0,0,0,0,0,0,0,0
2023,20230501,Thomas Pidcock,2,Stage 2,140,4,0,0,0,0,0,2,146
2023,20230501,Thomas Pidcock,3,Stage 3,0,6,0,0,0,0,0,2,8
2023,20230501,Thomas Pidcock,4,Stage 4,0,6,0,0,0,0,0,2,8
2023,20230501,Thomas Pidcock,5,Stage 5,16,8,0,0,0,0,0,4,28
2023,20230501,Thomas Pidcock,6,Stage 6,40,12,0,0,0,0,0,4,56
2023,20230501,Thomas Pidcock,7,Stage 7,20,12,0,0,0,0,0,4,36
2023,20230501,Thomas Pidcock,8,Stage 8,8,12,0,0,0,0,0,4,24
2023,20230501,Thomas Pidcock,9,Stage 9,20,14,0,0,0,0,0,4,38
2023,20230501,Thomas Pidcock,10,Stage 10,0,13,0,0,0,0,0,4,17
2023,20230501,Thomas Pidcock,11,Stage 11,0,13,0,0,0,0,0,4,17
2023,20230501,Thomas Pidcock,12,Stage 12,0,13,0,0,0,0,0,4,17
2023,20230501,Thomas Pidcock,13,Stage 13,120,13,0,0,0,10,0,16,159
2023,20230501,Thomas Pidcock,14,Stage 14,40,10,0,0,0,0,0,18,68
2023,20230501,Thomas Pidcock,15,Stage 15,0,9,0,0,0,0,0,6,15
2023,20230501,Thomas Pidcock,16,Stage 16,0,9,0,0,0,0,0,0,9
2023,20230501,Thomas Pidcock,17,Stage 17,0,5,0,0,0,0,0,2,7
2023,20230501,Thomas Pidcock,18,Stage 18,0,5,0,0,0,0,0,2,7
2023,20230501,Thomas Pidcock,19,Stage 19,60,8,0,0,0,0,0,0,68
2023,20230501,Thomas Pidcock,20,Stage 20,12,8,0,0,0,10,20,2,52
2023,20230501,Thomas Pidcock,21,Stage 21,0,8,0,0,0,0,0,2,10
2023,20230501,Thomas Pidcock,22,Final Classifications,0,120,0,0,0,0,0,30,150
2023,20230587,Sepp Kuss,1,Stage 1,0,0,0,0,0,0,0,8,8
2023,20230587,Sepp Kuss,2,Stage 2,0,0,0,0,0,0,0,12,12
2023,20230587,Sepp Kuss,3,Stage 3,0,0,0,0,0,0,0,8,8
2023,20230587,Sepp Kuss,4,Stage 4,0,0,0,0,0,0,0,8,8
2023,20230587,Sepp Kuss,5,Stage 5,40,5,0,0,0,0,0,12,57
2023,20230587,Sepp Kuss,6,Stage 6,30,11,0,0,0,0,0,20,61
2023,20230587,Sepp Kuss,7,Stage 7,0,11,0,0,0,0,0,16,27
2023,20230587,Sepp Kuss,8,Stage 8,0,11,0,0,0,0,0,18,29
2023,20230587,Sepp Kuss,9,Stage 9,4,12,0,0,0,0,0,10,26
2023,20230587,Sepp Kuss,10,Stage 10,0,11,0,0,0,0,0,10,21
2023,20230587,Sepp Kuss,11,Stage 11,0,11,0,0,0,0,0,10,21
2023,20230587,Sepp Kuss,12,Stage 12,0,10,0,0,0,0,0,10,20
2023,20230587,Sepp Kuss,13,Stage 13,40,11,0,0,0,0,0,10,61
2023,20230587,Sepp Kuss,14,Stage 14,120,15,0,0,0,10,0,14,159
2023,20230587,Sepp Kuss,15,Stage 15,4,15,0,0,0,0,0,20,39
2023,20230587,Sepp Kuss,16,Stage 16,30,15,0,0,0,0,0,0,45
2023,20230587,Sepp Kuss,17,Stage 17,20,12,0,0,0,0,0,16,48
2023,20230587,Sepp Kuss,18,Stage 18,0,12,0,0,0,0,0,16,28
2023,20230587,Sepp Kuss,19,Stage 19,0,12,0,0,0,0,0,16,28
2023,20230587,Sepp Kuss,20,Stage 20,0,9,0,0,0,0,0,18,27
2023,20230587,Sepp Kuss,21,Stage 21,0,9,0,0,0,0,0,16,25
2023,20230587,Sepp Kuss,22,Final Classifications,0,130,0,0,0,0,0,50,180
2023,20230266,Bryan Coquard,1,Stage 1,0,0,0,0,1,0,0,0,1
2023,20230266,Bryan Coquard,2,Stage 2,0,0,0,0,5,0,0,8,13
2023,20230266,Bryan Coquard,3,Stage 3,60,0,0,0,1,0,0,0,61
2023,20230266,Bryan Coquard,4,Stage 4,140,0,4,0,16,0,0,0,160
2023,20230266,Bryan Coquard,5,Stage 5,0,0,8,0,20,0,0,0,28
2023,20230266,Bryan Coquard,6,Stage 6,0,0,8,0,20,0,0,0,28
2023,20230266,Bryan Coquard,7,Stage 7,80,0,8,0,8,0,0,0,96
2023,20230266,Bryan Coquard,8,Stage 8,110,0,8,0,3,0,0,0,121
2023,20230266,Bryan Coquard,9,Stage 9,0,0,8,0,0,0,0,0,8
2023,20230266,Bryan Coquard,10,Stage 10,0,0,8,0,0,0,0,0,8
2023,20230266,Bryan Coquard,11,Stage 11,140,0,8,0,6,0,0,0,154
2023,20230266,Bryan Coquard,12,Stage 12,0,0,6,0,0,0,0,8,14
2023,20230266,Bryan Coquard,13,Stage 13,0,0,6,0,0,0,0,0,6
2023,20230266,Bryan Coquard,14,Stage 14,0,0,6,0,0,0,0,0,6
2023,20230266,Bryan Coquard,15,Stage 15,0,0,6,0,0,0,0,0,6
2023,20230266,Bryan Coquard,16,Stage 16,0,0,6,0,0,0,0,0,6
2023,20230266,Bryan Coquard,17,Stage 17,0,0,6,0,0,0,0,0,6
2023,20230266,Bryan Coquard,18,Stage 18,0,0,6,0,5,0,0,0,11
2023,20230266,Bryan Coquard,19,Stage 19,0,0,6,0,0,0,0,0,6
2023,20230266,Bryan Coquard,20,Stage 20,0,0,6,0,0,0,0,0,6
2023,20230266,Bryan Coquard,21,Stage 21,95,0,6,0,12,0,0,0,113
2023,20230266,Bryan Coquard,22,Final Classifications,0,0,80,0,0,0,0,0,80
2023,20230456,Thibaut Pinot,1,Stage 1,140,18,2,0,0,0,0,2,162
2023,20230456,Thibaut Pinot,2,Stage 2,0,0,0,0,0,0,0,0,0
2023,20230456,Thibaut Pinot,3,Stage 3,0,0,0,0,0,0,0,0,0
2023,20230456,Thibaut Pinot,4,Stage 4,0,0,0,0,0,0,0,0,0
2023,20230456,Thibaut Pinot,5,Stage 5,4,0,0,0,0,0,0,0,4
2023,20230456,Thibaut Pinot,6,Stage 6,4,3,0,0,0,0,0,0,7
2023,20230456,Thibaut Pinot,7,Stage 7,0,3,0,0,0,0,0,0,3
2023,20230456,Thibaut Pinot,8,Stage 8,0,4,0,0,0,0,0,0,4
2023,20230456,Thibaut Pinot,9,Stage 9,0,6,0,0,0,0,0,0,6
2023,20230456,Thibaut Pinot,10,Stage 10,0,6,0,0,0,0,0,0,6
2023,20230456,Thibaut Pinot,11,Stage 11,0,6,0,0,0,0,0,0,6
2023,20230456,Thibaut Pinot,12,Stage 12,110,11,0,0,0,0,20,0,141
2023,20230456,Thibaut Pinot,13,Stage 13,0,10,0,0,0,0,0,0,10
2023,20230456,Thibaut Pinot,14,Stage 14,4,7,0,0,3,8,20,0,42
2023,20230456,Thibaut Pinot,15,Stage 15,110,8,0,0,4,0,0,0,122
2023,20230456,Thibaut Pinot,16,Stage 16,0,8,0,0,0,0,0,0,8
2023,20230456,Thibaut Pinot,17,Stage 17,50,9,0,0,0,0,0,0,59
2023,20230456,Thibaut Pinot,18,Stage 18,0,9,0,0,0,0,0,0,9
2023,20230456,Thibaut Pinot,19,Stage 19,0,9,0,0,0,0,0,0,9
2023,20230456,Thibaut Pinot,20,Stage 20,95,10,0,0,0,15,20,0,140
2023,20230456,Thibaut Pinot,21,Stage 21,0,10,0,0,0,0,0,0,10
2023,20230456,Thibaut Pinot,22,Final Classifications,0,140,0,0,0,0,0,10,150
2023,20230441,David Gaudu,1,Stage 1,60,11,0,0,0,0,0,2,73
2023,20230441,David Gaudu,2,Stage 2,0,9,0,0,0,0,0,0,9
2023,20230441,David Gaudu,3,Stage 3,0,9,0,0,0,0,0,0,9
2023,20230441,David Gaudu,4,Stage 4,0,10,0,0,0,0,0,0,10
2023,20230441,David Gaudu,5,Stage 5,70,11,0,0,0,0,0,0,81
2023,20230441,David Gaudu,6,Stage 6,35,14,0,0,0,0,0,0,49
2023,20230441,David Gaudu,7,Stage 7,0,14,0,0,0,0,0,0,14
2023,20230441,David Gaudu,8,Stage 8,4,14,0,0,0,0,0,0,18
2023,20230441,David Gaudu,9,Stage 9,0,13,0,0,0,0,0,0,13
2023,20230441,David Gaudu,10,Stage 10,0,12,0,0,0,0,0,0,12
2023,20230441,David Gaudu,11,Stage 11,0,12,0,0,0,0,0,0,12
2023,20230441,David Gaudu,12,Stage 12,0,12,0,0,0,0,0,0,12
2023,20230441,David Gaudu,13,Stage 13,20,12,0,0,0,0,0,0,32
2023,20230441,David Gaudu,14,Stage 14,50,11,0,0,0,0,0,0,61
2023,20230441,David Gaudu,15,Stage 15,0,12,0,0,0,0,0,0,12
2023,20230441,David Gaudu,16,Stage 16,60,12,0,0,0,0,0,0,72
2023,20230441,David Gaudu,17,Stage 17,120,11,0,0,0,10,0,0,141
2023,20230441,David Gaudu,18,Stage 18,0,11,0,0,0,0,0,0,11
2023,20230441,David Gaudu,19,Stage 19,0,11,0,0,0,0,0,0,11
2023,20230441,David Gaudu,20,Stage 20,0,12,0,0,0,0,0,0,12
2023,20230441,David Gaudu,21,Stage 21,0,12,0,0,0,0,0,0,12
2023,20230441,David Gaudu,22,Final Classifications,0,180,0,0,0,0,0,10,190
2023,20230851,Dylan Groenewegen,1,Stage 1,0,0,0,0,0,0,0,8,8
2023,20230851,Dylan Groenewegen,2,Stage 2,0,0,0,0,1,0,0,2,3
2023,20230851,Dylan Groenewegen,3,Stage 3,80,0,0,0,0,0,0,2,82
2023,20230851,Dylan Groenewegen,4,Stage 4,30,0,0,0,0,0,0,2,32
2023,20230851,Dylan Groenewegen,5,Stage 5,0,0,0,0,0,0,0,0,0
2023,20230851,Dylan Groenewegen,6,Stage 6,0,0,0,0,0,0,0,0,0
2023,20230851,Dylan Groenewegen,7,Stage 7,120,0,0,0,0,0,0,0,120
2023,20230851,Dylan Groenewegen,8,Stage 8,140,0,0,0,0,0,0,0,140
2023,20230851,Dylan Groenewegen,9,Stage 9,0,0,0,0,0,0,0,0,0
2023,20230851,Dylan Groenewegen,10,Stage 10,0,0,0,0,0,0,0,0,0
2023,20230851,Dylan Groenewegen,11,Stage 11,180,0,1,0,0,0,0,0,181
2023,20230851,Dylan Groenewegen,12,Stage 12,0,0,1,0,0,0,0,0,1
2023,20230851,Dylan Groenewegen,13,Stage 13,0,0,0,0,0,0,0,0,0
2023,20230851,Dylan Groenewegen,14,Stage 14,0,0,0,0,0,0,0,0,0
2023,20230851,Dylan Groenewegen,15,Stage 15,0,0,0,0,0,0,0,0,0
2023,20230851,Dylan Groenewegen,16,Stage 16,0,0,0,0,0,0,0,0,0
2023,20230851,Dylan Groenewegen,17,Stage 17,0,0,0,0,0,0,0,4,4
2023,20230851,Dylan Groenewegen,18,Stage 18,16,0,0,0,0,0,0,0,16
2023,20230851,Dylan Groenewegen,19,Stage 19,30,0,0,0,0,0,0,0,30
2023,20230851,Dylan Groenewegen,20,Stage 20,0,0,0,0,0,0,0,0,0
2023,20230851,Dylan Groenewegen,21,Stage 21,160,0,0,0,0,0,0,0,160
2023,20230851,Dylan Groenewegen,22,Final Classifications,0,0,0,0,0,0,0,0,0
2023,20230920,Giulio Ciccone,1,Stage 1,0,0,0,0,0,0,0,0,0
2023,20230920,Giulio Ciccone,2,Stage 2,50,0,0,0,0,0,0,0,50
2023,20230920,Giulio Ciccone,3,Stage 3,0,1,0,0,0,0,0,0,1
2023,20230920,Giulio Ciccone,4,Stage 4,0,4,0,0,0,0,0,0,4
2023,20230920,Giulio Ciccone,5,Stage 5,180,22,0,8,0,26,0,2,238
2023,20230920,Giulio Ciccone,6,Stage 6,0,0,0,0,0,0,0,0,0
2023,20230920,Giulio Ciccone,7,Stage 7,0,0,0,0,0,0,0,0,0
2023,20230920,Giulio Ciccone,8,Stage 8,0,0,0,0,0,0,0,8,8
2023,20230920,Giulio Ciccone,9,Stage 9,0,0,0,0,0,0,0,0,0
2023,20230920,Giulio Ciccone,10,Stage 10,0,0,0,0,0,0,0,0,0
2023,20230920,Giulio Ciccone,11,Stage 11,0,0,0,0,0,0,0,0,0
2023,20230920,Giulio Ciccone,12,Stage 12,0,0,0,2,0,0,0,0,2
2023,20230920,Giulio Ciccone,13,Stage 13,0,0,0,0,0,0,0,0,0
2023,20230920,Giulio Ciccone,14,Stage 14,0,0,0,4,20,30,20,0,74
2023,20230920,Giulio Ciccone,15,Stage 15,30,0,0,12,1,21,0,0,64
2023,20230920,Giulio Ciccone,16,Stage 16,0,0,0,12,0,0,0,0,12
2023,20230920,Giulio Ciccone,17,Stage 17,0,0,0,12,12,30,0,0,54
2023,20230920,Giulio Ciccone,18,Stage 18,0,0,0,12,0,0,0,0,12
2023,20230920,Giulio Ciccone,19,Stage 19,0,0,0,12,0,0,0,0,12
2023,20230920,Giulio Ciccone,20,Stage 20,0,0,0,12,2,0,20,0,34
2023,20230920,Giulio Ciccone,21,Stage 21,0,0,0,12,0,0,0,0,12
2023,20230920,Giulio Ciccone,22,Final Classifications,0,0,0,120,0,0,0,0,120
2023,20230206,Jordi Meeus,1,Stage 1,0,0,0,0,0,0,0,0,0
2023,20230206,Jordi Meeus,2,Stage 2,0,0,0,0,0,0,0,0,0
2023,20230206,Jordi Meeus,3,Stage 3,95,0,0,0,6,0,0,0,101
2023,20230206,Jordi Meeus,4,Stage 4,25,0,0,0,6,0,0,0,31
2023,20230206,Jordi Meeus,5,Stage 5,0,0,0,0,0,0,0,16,16
2023,20230206,Jordi Meeus,6,Stage 6,0,0,0,0,0,0,0,2,2
2023,20230206,Jordi Meeus,7,Stage 7,110,0,0,0,6,0,0,2,118
2023,20230206,Jordi Meeus,8,Stage 8,0,0,0,0,6,0,0,2,8
2023,20230206,Jordi Meeus,9,Stage 9,0,0,0,0,0,0,0,2,2
2023,20230206,Jordi Meeus,10,Stage 10,0,0,0,0,0,0,0,2,2
2023,20230206,Jordi Meeus,11,Stage 11,50,0,2,0,5,0,0,2,59
2023,20230206,Jordi Meeus,12,Stage 12,0,0,2,0,0,0,0,2,4
2023,20230206,Jordi Meeus,13,Stage 13,0,0,1,0,0,0,0,2,3
2023,20230206,Jordi Meeus,14,Stage 14,0,0,1,0,0,0,0,0,1
2023,20230206,Jordi Meeus,15,Stage 15,0,0,1,0,0,0,0,0,1
2023,20230206,Jordi Meeus,16,Stage 16,0,0,1,0,0,0,0,0,1
2023,20230206,Jordi Meeus,17,Stage 17,0,0,0,0,0,0,0,0,0
2023,20230206,Jordi Meeus,18,Stage 18,95,0,2,0,4,0,0,0,101
2023,20230206,Jordi Meeus,19,Stage 19,0,0,1,0,1,0,0,0,2
2023,20230206,Jordi Meeus,20,Stage 20,0,0,0,0,0,0,0,0,0
2023,20230206,Jordi Meeus,21,Stage 21,220,0,0,0,0,0,0,0,220
2023,20230206,Jordi Meeus,22,Final Classifications,0,0,20,0,0,0,0,0,20
2023,20230122,Phil Bauhaus,1,Stage 1,0,0,0,0,0,0,0,0,0
2023,20230122,Phil Bauhaus,2,Stage 2,0,0,0,0,0,0,0,4,4
2023,20230122,Phil Bauhaus,3,Stage 3,180,0,0,0,0,0,0,4,184
2023,20230122,Phil Bauhaus,4,Stage 4,160,0,0,0,0,0,0,4,164
2023,20230122,Phil Bauhaus,5,Stage 5,0,0,0,0,0,0,0,0,0
2023,20230122,Phil Bauhaus,6,Stage 6,0,0,0,0,0,0,0,2,2
2023,20230122,Phil Bauhaus,7,Stage 7,95,0,0,0,0,0,0,2,97
2023,20230122,Phil Bauhaus,8,Stage 8,0,0,0,0,0,0,0,2,2
2023,20230122,Phil Bauhaus,9,Stage 9,0,0,0,0,0,0,0,10,10
2023,20230122,Phil Bauhaus,10,Stage 10,0,0,0,0,0,0,0,16,16
2023,20230122,Phil Bauhaus,11,Stage 11,160,0,0,0,0,0,0,8,168
2023,20230122,Phil Bauhaus,12,Stage 12,0,0,0,0,0,0,0,8,8
2023,20230122,Phil Bauhaus,13,Stage 13,0,0,0,0,0,0,0,4,4
2023,20230122,Phil Bauhaus,14,Stage 14,0,0,0,0,0,0,0,0,0
2023,20230122,Phil Bauhaus,15,Stage 15,0,0,0,0,0,0,0,8,8
2023,20230122,Phil Bauhaus,16,Stage 16,0,0,0,0,0,0,0,0,0
2023,20230122,Phil Bauhaus,17,Stage 17,0,0,0,0,0,0,0,2,2
2023,20230122,Phil Bauhaus,18,Stage 18,0,0,0,0,0,0,0,0,0
2023,20230122,Phil Bauhaus,19,Stage 19,0,0,0,0,0,0,0,0,0
2023,20230122,Phil Bauhaus,20,Stage 20,0,0,0,0,0,0,0,0,0
2023,20230122,Phil Bauhaus,21,Stage 21,0,0,0,0,0,0,0,0,0
2023,20230122,Phil Bauhaus,22,Final Classifications,0,0,0,0,0,0,0,0,0
2023,20231009,Tobias Halland Johannessen,1,Stage 1,0,0,0,0,0,0,0,0,0
2023,20231009,Tobias Halland Johannessen,2,Stage 2,0,0,0,0,0,0,0,0,0
2023,20231009,Tobias Halland Johannessen,3,Stage 3,0,0,0,0,0,0,0,0,0
2023,20231009,Tobias Halland Johannessen,4,Stage 4,0,0,0,0,0,0,0,0,0
2023,20231009,Tobias Halland Johannessen,5,Stage 5,0,0,0,0,0,0,0,0,0
2023,20231009,Tobias Halland Johannessen,6,Stage 6,160,0,0,6,0,36,20,0,222
2023,20231009,Tobias Halland Johannessen,7,Stage 7,0,0,0,6,0,0,0,0,6
2023,20231009,Tobias Halland Johannessen,8,Stage 8,0,0,0,6,0,0,0,0,6
2023,20231009,Tobias Halland Johannessen,9,Stage 9,0,0,0,6,0,0,0,0,6
2023,20231009,Tobias Halland Johannessen,10,Stage 10,40,0,0,6,0,0,0,0,46
2023,20231009,Tobias Halland Johannessen,11,Stage 11,0,0,0,6,0,0,0,0,6
2023,20231009,Tobias Halland Johannessen,12,Stage 12,120,0,0,8,1,0,20,0,149
2023,20231009,Tobias Halland Johannessen,13,Stage 13,0,0,0,6,0,0,0,0,6
2023,20231009,Tobias Halland Johannessen,14,Stage 14,0,0,0,0,0,0,0,0,0
2023,20231009,Tobias Halland Johannessen,15,Stage 15,0,0,0,0,0,0,0,0,0
2023,20231009,Tobias Halland Johannessen,16,Stage 16,0,0,0,0,0,0,0,0,0
2023,20231009,Tobias Halland Johannessen,17,Stage 17,110,0,0,0,0,4,0,0,114
2023,20231009,Tobias Halland Johannessen,18,Stage 18,0,0,0,0,0,0,0,2,2
2023,20231009,Tobias Halland Johannessen,19,Stage 19,0,0,0,0,0,0,0,0,0
2023,20231009,Tobias Halland Johannessen,20,Stage 20,70,0,0,0,0,0,0,0,70
2023,20231009,Tobias Halland Johannessen,21,Stage 21,0,0,0,0,0,0,0,0,0
2023,20231009,Tobias Halland Johannessen,22,Final Classifications,0,5,0,20,0,0,0,0,25
2023,20230278,Guillaume Martin,1,Stage 1,0,0,0,0,0,0,0,0,0
2023,20230278,Guillaume Martin,2,Stage 2,0,0,0,0,0,0,0,8,8
2023,20230278,Guillaume Martin,3,Stage 3,0,0,0,0,0,0,0,0,0
2023,20230278,Guillaume Martin,4,Stage 4,0,0,0,0,0,0,0,0,0
2023,20230278,Guillaume Martin,5,Stage 5,0,0,0,0,0,0,0,0,0
2023,20230278,Guillaume Martin,6,Stage 6,0,4,0,0,0,0,0,0,4
2023,20230278,Guillaume Martin,7,Stage 7,0,4,0,0,0,0,0,0,4
2023,20230278,Guillaume Martin,8,Stage 8,0,5,0,0,0,0,0,0,5
2023,20230278,Guillaume Martin,9,Stage 9,0,4,0,0,0,0,0,0,4
2023,20230278,Guillaume Martin,10,Stage 10,0,3,0,0,0,0,0,0,3
2023,20230278,Guillaume Martin,11,Stage 11,0,3,0,0,0,0,0,0,3
2023,20230278,Guillaume Martin,12,Stage 12,95,8,0,0,4,0,20,8,135
2023,20230278,Guillaume Martin,13,Stage 13,0,6,0,0,0,0,0,0,6
2023,20230278,Guillaume Martin,14,Stage 14,60,9,0,0,8,0,20,0,97
2023,20230278,Guillaume Martin,15,Stage 15,95,11,0,0,0,0,0,0,106
2023,20230278,Guillaume Martin,16,Stage 16,0,10,0,0,0,0,0,0,10
2023,20230278,Guillaume Martin,17,Stage 17,30,10,0,0,1,0,0,0,41
2023,20230278,Guillaume Martin,18,Stage 18,0,10,0,0,0,0,0,0,10
2023,20230278,Guillaume Martin,19,Stage 19,0,10,0,0,0,0,0,0,10
2023,20230278,Guillaume Martin,20,Stage 20,4,11,0,0,0,0,0,0,15
2023,20230278,Guillaume Martin,21,Stage 21,0,11,0,0,0,0,0,0,11
2023,20230278,Guillaume Martin,22,Final Classifications,0,160,0,0,0,0,0,0,160
2023,20230572,Michael Woods,1,Stage 1,120,16,1,0,0,0,0,0,137
2023,20230572,Michael Woods,2,Stage 2,110,14,4,0,0,0,0,0,128
2023,20230572,Michael Woods,3,Stage 3,0,14,0,0,0,0,0,0,14
2023,20230572,Michael Woods,4,Stage 4,0,13,0,0,0,0,0,0,13
2023,20230572,Michael Woods,5,Stage 5,8,10,0,0,0,0,0,0,18
2023,20230572,Michael Woods,6,Stage 6,0,0,0,0,0,0,0,0,0
2023,20230572,Michael Woods,7,Stage 7,0,0,0,0,0,0,0,0,0
2023,20230572,Michael Woods,8,Stage 8,0,0,0,0,0,0,0,0,0
2023,20230572,Michael Woods,9,Stage 9,220,0,0,2,0,30,20,0,272
2023,20230572,Michael Woods,10,Stage 10,0,0,0,2,0,0,0,0,2
2023,20230572,Michael Woods,11,Stage 11,0,0,0,2,0,0,0,0,2
2023,20230572,Michael Woods,12,Stage 12,0,0,0,1,0,0,0,0,1
2023,20230572,Michael Woods,13,Stage 13,0,0,0,0,0,0,0,0,0
2023,20230572,Michael Woods,14,Stage 14,0,0,0,0,12,10,20,0,42
2023,20230572,Michael Woods,15,Stage 15,0,0,0,0,2,0,0,0,2
2023,20230572,Michael Woods,16,Stage 16,0,0,0,0,0,0,0,0,0
2023,20230572,Michael Woods,17,Stage 17,0,0,0,0,0,0,0,0,0
2023,20230572,Michael Woods,18,Stage 18,0,0,0,0,0,0,0,0,0
2023,20230572,Michael Woods,19,Stage 19,0,0,0,0,0,0,0,0,0
2023,20230572,Michael Woods,20,Stage 20,0,0,0,0,0,0,0,0,0
2023,20230572,Michael Woods,21,Stage 21,0,0,0,0,0,0,0,0,0
2023,20230572,Michael Woods,22,Final Classifications,0,0,0,0,0,0,0,0,0
2023,20230137,Matej Mohorič,1,Stage 1,0,0,0,0,0,0,0,0,0
2023,20230137,Matej Mohorič,2,Stage 2,0,0,0,0,0,0,0,4,4
2023,20230137,Matej Mohorič,3,Stage 3,0,0,0,0,0,0,0,8,8
2023,20230137,Matej Mohorič,4,Stage 4,0,0,0,0,0,0,0,6,6
2023,20230137,Matej Mohorič,5,Stage 5,0,0,0,0,0,0,0,0,0
2023,20230137,Matej Mohorič,6,Stage 6,0,0,0,0,0,0,0,2,2
2023,20230137,Matej Mohorič,7,Stage 7,0,0,0,0,0,0,0,2,2
2023,20230137,Matej Mohorič,8,Stage 8,0,0,0,0,0,0,0,2,2
2023,20230137,Matej Mohorič,9,Stage 9,160,0,0,0,16,20,20,8,224
2023,20230137,Matej Mohorič,10,Stage 10,0,0,0,0,0,0,0,16,16
2023,20230137,Matej Mohorič,11,Stage 11,0,0,0,0,0,0,0,10,10
2023,20230137,Matej Mohorič,12,Stage 12,0,0,0,0,0,0,0,8,8
2023,20230137,Matej Mohorič,13,Stage 13,12,0,0,0,16,0,20,4,52
2023,20230137,Matej Mohorič,14,Stage 14,0,0,0,0,0,0,0,0,0
2023,20230137,Matej Mohorič,15,Stage 15,0,0,0,0,0,0,0,8,8
2023,20230137,Matej Mohorič,16,Stage 16,0,0,0,0,0,0,0,0,0
2023,20230137,Matej Mohorič,17,Stage 17,0,0,0,0,0,0,0,2,2
2023,20230137,Matej Mohorič,18,Stage 18,0,0,0,0,0,0,0,0,0
2023,20230137,Matej Mohorič,19,Stage 19,220,0,0,0,0,0,0,2,222
2023,20230137,Matej Mohorič,20,Stage 20,0,0,0,0,0,0,0,0,0
2023,20230137,Matej Mohorič,21,Stage 21,0,0,0,0,0,0,0,0,0
2023,20230137,Matej Mohorič,22,Final Classifications,0,0,15,0,0,0,0,20,35
2023,20230935,Mattias Skjelmose,1,Stage 1,80,13,0,0,0,0,0,0,93
2023,20230935,Mattias Skjelmose,2,Stage 2,0,10,0,0,0,0,0,0,10
2023,20230935,Mattias Skjelmose,3,Stage 3,0,11,0,0,0,0,0,0,11
2023,20230935,Mattias Skjelmose,4,Stage 4,0,12,0,0,0,0,0,0,12
2023,20230935,Mattias Skjelmose,5,Stage 5,110,13,0,0,0,0,0,8,131
2023,20230935,Mattias Skjelmose,6,Stage 6,0,0,0,0,0,0,0,0,0
2023,20230935,Mattias Skjelmose,7,Stage 7,0,0,0,0,0,0,0,0,0
2023,20230935,Mattias Skjelmose,8,Stage 8,0,2,0,0,0,0,0,8,10
2023,20230935,Mattias Skjelmose,9,Stage 9,0,0,0,0,0,0,0,0,0
2023,20230935,Mattias Skjelmose,10,Stage 10,95,0,0,0,5,0,0,0,100
2023,20230935,Mattias Skjelmose,11,Stage 11,0,0,0,0,0,0,0,0,0
2023,20230935,Mattias Skjelmose,12,Stage 12,0,0,0,0,0,0,0,0,0
2023,20230935,Mattias Skjelmose,13,Stage 13,0,0,0,0,0,0,0,0,0
2023,20230935,Mattias Skjelmose,14,Stage 14,0,0,0,0,0,0,0,0,0
2023,20230935,Mattias Skjelmose,15,Stage 15,80,0,0,0,0,0,0,0,80
2023,20230935,Mattias Skjelmose,16,Stage 16,80,0,0,0,0,0,0,0,80
2023,20230935,Mattias Skjelmose,17,Stage 17,0,0,0,0,4,20,0,0,24
2023,20230935,Mattias Skjelmose,18,Stage 18,0,0,0,0,0,0,0,0,0
2023,20230935,Mattias Skjelmose,19,Stage 19,0,0,0,0,0,0,0,0,0
2023,20230935,Mattias Skjelmose,20,Stage 20,0,0,0,0,8,0,20,0,28
2023,20230935,Mattias Skjelmose,21,Stage 21,0,0,0,0,0,0,0,0,0
2023,20230935,Mattias Skjelmose,22,Final Classifications,0,10,0,5,0,0,0,0,15
2023,20230576,Tiesj Benoot,1,Stage 1,0,0,0,0,0,0,0,8,8
2023,20230576,Tiesj Benoot,2,Stage 2,40,0,0,0,0,0,0,12,52
2023,20230576,Tiesj Benoot,3,Stage 3,0,0,0,0,0,0,0,8,8
2023,20230576,Tiesj Benoot,4,Stage 4,0,0,0,0,0,0,0,8,8
2023,20230576,Tiesj Benoot,5,Stage 5,0,0,0,0,2,0,0,12,14
2023,20230576,Tiesj Benoot,6,Stage 6,0,0,0,0,0,0,0,20,20
2023,20230576,Tiesj Benoot,7,Stage 7,0,0,0,0,0,0,0,16,16
2023,20230576,Tiesj Benoot,8,Stage 8,0,0,0,0,0,0,0,18,18
2023,20230576,Tiesj Benoot,9,Stage 9,0,0,0,0,0,0,0,10,10
2023,20230576,Tiesj Benoot,10,Stage 10,0,0,0,0,0,0,0,10,10
2023,20230576,Tiesj Benoot,11,Stage 11,0,0,0,0,0,0,0,10,10
2023,20230576,Tiesj Benoot,12,Stage 12,140,0,0,0,5,0,20,10,175
2023,20230576,Tiesj Benoot,13,Stage 13,0,0,0,0,0,0,0,10,10
2023,20230576,Tiesj Benoot,14,Stage 14,0,0,0,0,0,0,0,14,14
2023,20230576,Tiesj Benoot,15,Stage 15,0,0,0,0,0,0,0,20,20
2023,20230576,Tiesj Benoot,16,Stage 16,0,0,0,0,0,0,0,0,0
2023,20230576,Tiesj Benoot,17,Stage 17,8,0,0,0,0,0,0,16,24
2023,20230576,Tiesj Benoot,18,Stage 18,0,0,0,0,0,0,0,16,16
2023,20230576,Tiesj Benoot,19,Stage 19,0,0,0,0,5,0,20,16,41
2023,20230576,Tiesj Benoot,20,Stage 20,0,0,0,0,0,0,0,18,18
2023,20230576,Tiesj Benoot,21,Stage 21,0,0,0,0,0,0,0,16,16
2023,20230576,Tiesj Benoot,22,Final Classifications,0,35,0,0,0,0,0,50,85
2023,20230584,Wilco Kelderman,1,Stage 1,30,7,0,0,0,0,0,8,45
2023,20230584,Wilco Kelderman,2,Stage 2,0,8,0,0,0,0,0,12,20
2023,20230584,Wilco Kelderman,3,Stage 3,0,8,0,0,0,0,0,8,16
2023,20230584,Wilco Kelderman,4,Stage 4,0,8,0,0,0,0,0,8,16
2023,20230584,Wilco Kelderman,5,Stage 5,0,6,0,0,0,0,0,12,18
2023,20230584,Wilco Kelderman,6,Stage 6,0,2,0,0,0,0,0,20,22
2023,20230584,Wilco Kelderman,7,Stage 7,0,2,0,0,0,0,0,16,18
2023,20230584,Wilco Kelderman,8,Stage 8,0,0,0,0,0,0,0,18,18
2023,20230584,Wilco Kelderman,9,Stage 9,0,0,0,0,0,0,0,10,10
2023,20230584,Wilco Kelderman,10,Stage 10,0,0,0,0,0,0,0,10,10
2023,20230584,Wilco Kelderman,11,Stage 11,0,0,0,0,0,0,0,10,10
2023,20230584,Wilco Kelderman,12,Stage 12,0,0,0,0,0,0,0,10,10
2023,20230584,Wilco Kelderman,13,Stage 13,0,0,0,0,0,0,0,10,10
2023,20230584,Wilco Kelderman,14,Stage 14,20,0,0,0,0,10,0,14,44
2023,20230584,Wilco Kelderman,15,Stage 15,0,2,0,0,0,0,0,20,22
2023,20230584,Wilco Kelderman,16,Stage 16,0,2,0,0,0,0,0,0,2
2023,20230584,Wilco Kelderman,17,Stage 17,60,3,0,0,0,2,0,16,81
2023,20230584,Wilco Kelderman,18,Stage 18,0,3,0,0,0,0,0,16,19
2023,20230584,Wilco Kelderman,19,Stage 19,0,2,0,0,0,0,0,16,18
2023,20230584,Wilco Kelderman,20,Stage 20,16,3,0,0,0,0,0,18,37
2023,20230584,Wilco Kelderman,21,Stage 21,0,3,0,0,0,0,0,16,19
2023,20230584,Wilco Kelderman,22,Final Classifications,0,70,0,0,0,0,0,50,120
2023,20230320,Neilson Powless,1,Stage 1,0,0,0,12,0,0,0,0,12
2023,20230320,Neilson Powless,2,Stage 2,0,0,0,12,12,0,20,0,44
2023,20230320,Neilson Powless,3,Stage 3,0,0,0,12,16,0,20,0,48
2023,20230320,Neilson Powless,4,Stage 4,0,0,0,12,0,0,0,0,12
2023,20230320,Neilson Powless,5,Stage 5,0,0,0,4,0,0,0,0,4
2023,20230320,Neilson Powless,6,Stage 6,50,0,0,12,3,21,20,0,106
2023,20230320,Neilson Powless,7,Stage 7,0,0,0,12,0,0,0,0,12
2023,20230320,Neilson Powless,8,Stage 8,0,0,0,12,0,0,0,0,12
2023,20230320,Neilson Powless,9,Stage 9,110,0,0,12,5,6,20,0,153
2023,20230320,Neilson Powless,10,Stage 10,0,0,0,12,0,0,0,0,12
2023,20230320,Neilson Powless,11,Stage 11,0,0,0,12,0,0,0,0,12
2023,20230320,Neilson Powless,12,Stage 12,0,0,0,12,0,0,0,0,12
2023,20230320,Neilson Powless,13,Stage 13,0,0,0,12,0,0,0,0,12
2023,20230320,Neilson Powless,14,Stage 14,0,0,0,8,0,10,0,0,18
2023,20230320,Neilson Powless,15,Stage 15,0,0,0,8,0,4,0,0,12
2023,20230320,Neilson Powless,16,Stage 16,0,0,0,8,0,0,0,0,8
2023,20230320,Neilson Powless,17,Stage 17,0,0,0,4,0,0,0,0,4
2023,20230320,Neilson Powless,18,Stage 18,0,0,0,4,0,0,0,0,4
2023,20230320,Neilson Powless,19,Stage 19,0,0,0,4,0,0,0,0,4
2023,20230320,Neilson Powless,20,Stage 20,0,0,0,4,0,0,0,0,4
2023,20230320,Neilson Powless,21,Stage 21,0,0,0,4,0,0,0,0,4
2023,20230320,Neilson Powless,22,Final Classifications,0,0,0,60,0,0,0,0,60
2023,20230497,Michał Kwiatkowski,1,Stage 1,0,0,0,0,0,0,0,0,0
2023,20230497,Michał Kwiatkowski,2,Stage 2,0,0,0,0,0,0,0,2,2
2023,20230497,Michał Kwiatkowski,3,Stage 3,0,0,0,0,0,0,0,2,2
2023,20230497,Michał Kwiatkowski,4,Stage 4,0,0,0,0,0,0,0,2,2
2023,20230497,Michał Kwiatkowski,5,Stage 5,0,0,0,0,0,0,0,4,4
2023,20230497,Michał Kwiatkowski,6,Stage 6,16,0,0,0,1,15,20,4,56
2023,20230497,Michał Kwiatkowski,7,Stage 7,0,0,0,0,0,0,0,4,4
2023,20230497,Michał Kwiatkowski,8,Stage 8,0,0,0,0,0,0,0,4,4
2023,20230497,Michał Kwiatkowski,9,Stage 9,0,0,0,0,0,0,0,4,4
2023,20230497,Michał Kwiatkowski,10,Stage 10,80,0,0,0,3,0,0,4,87
2023,20230497,Michał Kwiatkowski,11,Stage 11,0,0,0,0,0,0,0,4,4
2023,20230497,Michał Kwiatkowski,12,Stage 12,0,0,0,0,0,0,0,4,4
2023,20230497,Michał Kwiatkowski,13,Stage 13,220,0,0,4,4,30,20,8,286
2023,20230497,Michał Kwiatkowski,14,Stage 14,0,0,0,0,0,0,0,18,18
2023,20230497,Michał Kwiatkowski,15,Stage 15,0,0,0,0,0,0,0,6,6
2023,20230497,Michał Kwiatkowski,16,Stage 16,0,0,0,0,0,0,0,0,0
2023,20230497,Michał Kwiatkowski,17,Stage 17,12,0,0,0,0,0,0,2,14
2023,20230497,Michał Kwiatkowski,18,Stage 18,0,0,0,0,0,0,0,2,2
2023,20230497,Michał Kwiatkowski,19,Stage 19,0,0,0,0,0,0,0,0,0
2023,20230497,Michał Kwiatkowski,20,Stage 20,0,0,0,0,0,0,0,2,2
2023,20230497,Michał Kwiatkowski,21,Stage 21,0,0,0,0,4,0,0,2,6
2023,20230497,Michał Kwiatkowski,22,Final Classifications,0,0,0,10,0,0,0,30,40
2023,20230979,Rafał Majka,1,Stage 1,0,0,0,0,0,0,0,24,24
2023,20230979,Rafał Majka,2,Stage 2,0,0,0,0,0,0,0,14,14
2023,20230979,Rafał Majka,3,Stage 3,0,0,0,0,0,0,0,12,12
2023,20230979,Rafał Majka,4,Stage 4,0,0,0,0,0,0,0,12,12
2023,20230979,Rafał Majka,5,Stage 5,0,0,0,0,0,0,0,0,0
2023,20230979,Rafał Majka,6,Stage 6,0,0,0,0,0,0,0,12,12
2023,20230979,Rafał Majka,7,Stage 7,0,0,0,0,0,0,0,4,4
2023,20230979,Rafał Majka,8,Stage 8,0,0,0,0,0,0,0,4,4
2023,20230979,Rafał Majka,9,Stage 9,0,0,0,0,0,0,0,4,4
2023,20230979,Rafał Majka,10,Stage 10,0,0,0,0,0,0,0,4,4
2023,20230979,Rafał Majka,11,Stage 11,0,0,0,0,0,0,0,4,4
2023,20230979,Rafał Majka,12,Stage 12,0,0,0,0,0,0,0,4,4
2023,20230979,Rafał Majka,13,Stage 13,0,0,0,0,0,0,0,6,6
2023,20230979,Rafał Majka,14,Stage 14,30,2,0,0,0,4,0,10,46
2023,20230979,Rafał Majka,15,Stage 15,0,4,0,0,0,0,0,6,10
2023,20230979,Rafał Majka,16,Stage 16,0,4,0,0,0,0,0,0,4
2023,20230979,Rafał Majka,17,Stage 17,80,6,0,0,0,0,0,10,96
2023,20230979,Rafał Majka,18,Stage 18,0,6,0,0,0,0,0,10,16
2023,20230979,Rafał Majka,19,Stage 19,0,5,0,0,0,0,0,10,15
2023,20230979,Rafał Majka,20,Stage 20,60,7,0,0,0,0,0,18,85
2023,20230979,Rafał Majka,21,Stage 21,0,7,0,0,0,0,0,10,17
2023,20230979,Rafał Majka,22,Final Classifications,0,110,0,0,0,0,0,40,150
2023,20230703,Kasper Asgreen,1,Stage 1,0,0,0,0,0,0,0,0,0
2023,20230703,Kasper Asgreen,2,Stage 2,0,0,0,0,0,0,0,0,0
2023,20230703,Kasper Asgreen,3,Stage 3,0,0,0,0,0,0,0,0,0
2023,20230703,Kasper Asgreen,4,Stage 4,0,0,0,0,0,0,0,0,0
2023,20230703,Kasper Asgreen,5,Stage 5,0,0,0,0,4,0,0,0,4
2023,20230703,Kasper Asgreen,6,Stage 6,0,0,0,0,0,0,0,0,0
2023,20230703,Kasper Asgreen,7,Stage 7,0,0,0,0,0,0,0,0,0
2023,20230703,Kasper Asgreen,8,Stage 8,0,0,0,0,0,0,0,0,0
2023,20230703,Kasper Asgreen,9,Stage 9,0,0,0,0,0,0,0,0,0
2023,20230703,Kasper Asgreen,10,Stage 10,0,0,0,0,20,0,0,0,20
2023,20230703,Kasper Asgreen,11,Stage 11,0,0,0,0,0,0,0,0,0
2023,20230703,Kasper Asgreen,12,Stage 12,0,0,0,0,0,0,0,0,0
2023,20230703,Kasper Asgreen,13,Stage 13,0,0,0,0,0,0,20,0,20
2023,20230703,Kasper Asgreen,14,Stage 14,0,0,0,0,0,0,0,0,0
2023,20230703,Kasper Asgreen,15,Stage 15,0,0,0,0,0,0,0,0,0
2023,20230703,Kasper Asgreen,16,Stage 16,25,0,0,0,0,0,0,0,25
2023,20230703,Kasper Asgreen,17,Stage 17,0,0,0,0,0,0,0,0,0
2023,20230703,Kasper Asgreen,18,Stage 18,220,0,0,0,8,0,20,0,248
2023,20230703,Kasper Asgreen,19,Stage 19,180,0,2,0,0,0,0,0,182
2023,20230703,Kasper Asgreen,20,Stage 20,0,0,1,0,0,0,0,0,1
2023,20230703,Kasper Asgreen,21,Stage 21,0,0,1,0,0,0,0,0,1
2023,20230703,Kasper Asgreen,22,Final Classifications,0,0,30,0,0,0,0,0,30
2023,20230131,Mikel Landa,1,Stage 1,40,9,0,0,0,0,0,0,49
2023,20230131,Mikel Landa,2,Stage 2,25,12,0,0,0,0,0,4,41
2023,20230131,Mikel Landa,3,Stage 3,0,10,0,0,0,0,0,8,18
2023,20230131,Mikel Landa,4,Stage 4,0,9,0,0,0,0,0,6,15
2023,20230131,Mikel Landa,5,Stage 5,0,7,0,0,0,0,0,0,7
2023,20230131,Mikel Landa,6,Stage 6,0,10,0,0,0,0,0,2,12
2023,20230131,Mikel Landa,7,Stage 7,0,10,0,0,0,0,0,2,12
2023,20230131,Mikel Landa,8,Stage 8,0,7,0,0,0,0,0,2,9
2023,20230131,Mikel Landa,9,Stage 9,0,7,0,0,0,0,0,10,17
2023,20230131,Mikel Landa,10,Stage 10,0,7,0,0,0,0,0,16,23
2023,20230131,Mikel Landa,11,Stage 11,0,7,0,0,0,0,0,10,17
2023,20230131,Mikel Landa,12,Stage 12,0,5,0,0,0,0,0,8,13
2023,20230131,Mikel Landa,13,Stage 13,0,5,0,0,0,0,0,4,9
2023,20230131,Mikel Landa,14,Stage 14,0,6,0,0,0,6,20,0,32
2023,20230131,Mikel Landa,15,Stage 15,120,7,0,0,0,4,0,8,139
2023,20230131,Mikel Landa,16,Stage 16,0,7,0,0,0,0,0,0,7
2023,20230131,Mikel Landa,17,Stage 17,0,4,0,0,0,0,0,2,6
2023,20230131,Mikel Landa,18,Stage 18,0,4,0,0,0,0,0,0,4
2023,20230131,Mikel Landa,19,Stage 19,0,3,0,0,0,0,0,10,13
2023,20230131,Mikel Landa,20,Stage 20,0,2,0,0,0,0,0,0,2
2023,20230131,Mikel Landa,21,Stage 21,0,2,0,0,0,0,0,0,2
2023,20230131,Mikel Landa,22,Final Classifications,0,60,0,0,0,0,0,20,80
2023,20230588,Christophe Laporte,1,Stage 1,0,0,0,0,0,0,0,8,8
2023,20230588,Christophe Laporte,2,Stage 2,0,0,0,0,0,0,0,12,12
2023,20230588,Christophe Laporte,3,Stage 3,0,0,0,0,0,0,0,8,8
2023,20230588,Christophe Laporte,4,Stage 4,12,0,0,0,0,0,0,8,20
2023,20230588,Christophe Laporte,5,Stage 5,0,0,0,0,0,0,0,12,12
2023,20230588,Christophe Laporte,6,Stage 6,0,0,0,0,0,0,0,20,20
2023,20230588,Christophe Laporte,7,Stage 7,0,0,0,0,0,0,0,16,16
2023,20230588,Christophe Laporte,8,Stage 8,0,0,0,0,0,0,0,18,18
2023,20230588,Christophe Laporte,9,Stage 9,0,0,0,0,0,0,0,10,10
2023,20230588,Christophe Laporte,10,Stage 10,0,0,0,0,0,0,0,10,10
2023,20230588,Christophe Laporte,11,Stage 11,0,0,0,0,0,0,0,10,10
2023,20230588,Christophe Laporte,12,Stage 12,0,0,0,0,0,0,0,10,10
2023,20230588,Christophe Laporte,13,Stage 13,0,0,0,0,0,0,0,10,10
2023,20230588,Christophe Laporte,14,Stage 14,0,0,0,0,0,0,0,14,14
2023,20230588,Christophe Laporte,15,Stage 15,0,0,0,0,0,0,0,20,20
2023,20230588,Christophe Laporte,16,Stage 16,0,0,0,0,0,0,0,0,0
2023,20230588,Christophe Laporte,17,Stage 17,0,0,0,0,0,0,0,16,16
2023,20230588,Christophe Laporte,18,Stage 18,70,0,0,0,0,0,0,16,86
2023,20230588,Christophe Laporte,19,Stage 19,110,0,0,0,0,0,0,16,126
2023,20230588,Christophe Laporte,20,Stage 20,0,0,0,0,0,0,0,18,18
2023,20230588,Christophe Laporte,21,Stage 21,0,0,0,0,0,0,0,16,16
2023,20230588,Christophe Laporte,22,Final Classifications,0,0,0,0,0,0,0,50,50
2023,20230026,Ben O'Connor,1,Stage 1,0,0,0,0,0,0,0,0,0
2023,20230026,Ben O'Connor,2,Stage 2,0,0,0,0,0,0,0,0,0
2023,20230026,Ben O'Connor,3,Stage 3,0,0,0,0,0,0,0,0,0
2023,20230026,Ben O'Connor,4,Stage 4,0,0,0,0,0,0,0,0,0
2023,20230026,Ben O'Connor,5,Stage 5,20,4,0,0,0,0,0,2,26
2023,20230026,Ben O'Connor,6,Stage 6,12,9,0,0,0,0,0,0,21
2023,20230026,Ben O'Connor,7,Stage 7,0,9,0,0,0,0,0,0,9
2023,20230026,Ben O'Connor,8,Stage 8,0,10,0,0,0,0,0,0,10
2023,20230026,Ben O'Connor,9,Stage 9,0,3,0,0,0,0,0,0,3
2023,20230026,Ben O'Connor,10,Stage 10,160,4,0,0,0,0,0,0,164
2023,20230026,Ben O'Connor,11,Stage 11,0,4,0,0,0,0,0,0,4
2023,20230026,Ben O'Connor,12,Stage 12,0,3,0,0,0,0,0,0,3
2023,20230026,Ben O'Connor,13,Stage 13,0,0,0,0,0,0,0,0,0
2023,20230026,Ben O'Connor,14,Stage 14,0,0,0,0,0,0,0,0,0
2023,20230026,Ben O'Connor,15,Stage 15,0,0,0,0,0,0,0,0,0
2023,20230026,Ben O'Connor,16,Stage 16,0,0,0,0,0,0,0,0,0
2023,20230026,Ben O'Connor,17,Stage 17,0,0,0,0,0,2,0,8,10
2023,20230026,Ben O'Connor,18,Stage 18,0,0,0,0,0,0,0,0,0
2023,20230026,Ben O'Connor,19,Stage 19,160,4,0,0,0,0,0,0,164
2023,20230026,Ben O'Connor,20,Stage 20,0,4,0,0,0,0,0,4,8
2023,20230026,Ben O'Connor,21,Stage 21,0,4,0,0,0,0,0,0,4
2023,20230026,Ben O'Connor,22,Final Classifications,0,80,0,0,0,0,0,0,80
2023,20230893,Mathieu Burgaudeau,1,Stage 1,0,0,0,0,0,0,0,0,0
2023,20230893,Mathieu Burgaudeau,2,Stage 2,0,0,0,0,0,0,0,0,0
2023,20230893,Mathieu Burgaudeau,3,Stage 3,0,0,0,0,0,0,0,0,0
2023,20230893,Mathieu Burgaudeau,4,Stage 4,0,0,0,0,0,0,0,0,0
2023,20230893,Mathieu Burgaudeau,5,Stage 5,0,0,0,0,0,0,0,0,0
2023,20230893,Mathieu Burgaudeau,6,Stage 6,0,0,0,0,0,0,0,0,0
2023,20230893,Mathieu Burgaudeau,7,Stage 7,0,0,0,0,0,0,0,0,0
2023,20230893,Mathieu Burgaudeau,8,Stage 8,0,0,0,0,0,0,0,0,0
2023,20230893,Mathieu Burgaudeau,9,Stage 9,70,0,0,0,1,0,20,4,95
2023,20230893,Mathieu Burgaudeau,10,Stage 10,4,0,0,0,0,0,0,0,4
2023,20230893,Mathieu Burgaudeau,11,Stage 11,0,0,0,0,0,0,0,0,0
2023,20230893,Mathieu Burgaudeau,12,Stage 12,180,0,0,0,3,0,20,0,203
2023,20230893,Mathieu Burgaudeau,13,Stage 13,0,0,0,0,0,0,0,0,0
2023,20230893,Mathieu Burgaudeau,14,Stage 14,0,0,0,0,0,0,0,0,0
2023,20230893,Mathieu Burgaudeau,15,Stage 15,160,0,0,0,0,6,0,0,166
2023,20230893,Mathieu Burgaudeau,16,Stage 16,0,0,0,0,0,0,0,0,0
2023,20230893,Mathieu Burgaudeau,17,Stage 17,0,0,0,0,0,0,0,0,0
2023,20230893,Mathieu Burgaudeau,18,Stage 18,0,0,0,0,0,0,0,0,0
2023,20230893,Mathieu Burgaudeau,19,Stage 19,0,0,0,0,0,0,0,0,0
2023,20230893,Mathieu Burgaudeau,20,Stage 20,0,0,0,0,5,0,0,0,5
2023,20230893,Mathieu Burgaudeau,21,Stage 21,0,0,0,0,0,0,0,0,0
2023,20230893,Mathieu Burgaudeau,22,Final Classifications,0,0,0,0,0,0,0,0,0
2023,20230275,Victor Lafay,1,Stage 1,110,15,0,0,0,0,0,0,125
2023,20230275,Victor Lafay,2,Stage 2,220,18,12,0,0,0,0,0,250
2023,20230275,Victor Lafay,3,Stage 3,0,18,12,0,12,0,0,0,42
2023,20230275,Victor Lafay,4,Stage 4,0,18,8,0,0,0,0,0,26
2023,20230275,Victor Lafay,5,Stage 5,0,0,6,0,0,0,0,0,6
2023,20230275,Victor Lafay,6,Stage 6,0,0,4,0,0,0,0,0,4
2023,20230275,Victor Lafay,7,Stage 7,0,0,1,0,0,0,0,0,1
2023,20230275,Victor Lafay,8,Stage 8,0,0,1,0,0,0,0,0,1
2023,20230275,Victor Lafay,9,Stage 9,0,0,1,0,0,0,0,0,1
2023,20230275,Victor Lafay,10,Stage 10,0,0,1,0,0,0,0,0,1
2023,20230275,Victor Lafay,11,Stage 11,0,0,0,0,0,0,0,0,0
2023,20230275,Victor Lafay,12,Stage 12,0,0,0,0,0,0,0,8,8
2023,20230275,Victor Lafay,13,Stage 13,0,0,0,0,0,0,0,0,0
2023,20230275,Victor Lafay,14,Stage 14,0,0,0,0,0,0,0,0,0
2023,20230275,Victor Lafay,15,Stage 15,0,0,0,0,0,0,0,0,0
2023,20230275,Victor Lafay,16,Stage 16,0,0,0,0,0,0,0,0,0
2023,20230275,Victor Lafay,17,Stage 17,0,0,0,0,0,0,0,0,0
2023,20230275,Victor Lafay,18,Stage 18,0,0,0,0,0,0,0,0,0
2023,20230275,Victor Lafay,19,Stage 19,0,0,0,0,0,0,0,0,0
2023,20230275,Victor Lafay,20,Stage 20,0,0,0,0,0,0,0,0,0
2023,20230275,Victor Lafay,21,Stage 21,0,0,0,0,0,0,0,0,0
2023,20230275,Victor Lafay,22,Final Classifications,0,0,0,0,0,0,0,0,0
2023,20230762,Luca Mozzato,1,Stage 1,0,0,0,0,0,0,0,0,0
2023,20230762,Luca Mozzato,2,Stage 2,0,0,0,0,0,0,0,0,0
2023,20230762,Luca Mozzato,3,Stage 3,40,0,0,0,0,0,0,0,40
2023,20230762,Luca Mozzato,4,Stage 4,40,0,0,0,0,0,0,0,40
2023,20230762,Luca Mozzato,5,Stage 5,0,0,0,0,0,0,0,0,0
2023,20230762,Luca Mozzato,6,Stage 6,0,0,0,0,0,0,0,0,0
2023,20230762,Luca Mozzato,7,Stage 7,140,0,0,0,0,0,0,0,140
2023,20230762,Luca Mozzato,8,Stage 8,0,0,0,0,0,0,0,0,0
2023,20230762,Luca Mozzato,9,Stage 9,0,0,0,0,0,0,0,0,0
2023,20230762,Luca Mozzato,10,Stage 10,0,0,0,0,0,0,0,0,0
2023,20230762,Luca Mozzato,11,Stage 11,95,0,0,0,0,0,0,0,95
2023,20230762,Luca Mozzato,12,Stage 12,0,0,0,0,0,0,0,0,0
2023,20230762,Luca Mozzato,13,Stage 13,0,0,0,0,0,0,20,0,20
2023,20230762,Luca Mozzato,14,Stage 14,0,0,0,0,0,0,0,0,0
2023,20230762,Luca Mozzato,15,Stage 15,0,0,0,0,0,0,0,0,0
2023,20230762,Luca Mozzato,16,Stage 16,0,0,0,0,0,0,0,0,0
2023,20230762,Luca Mozzato,17,Stage 17,0,0,0,0,0,0,0,0,0
2023,20230762,Luca Mozzato,18,Stage 18,60,0,0,0,0,0,0,0,60
2023,20230762,Luca Mozzato,19,Stage 19,0,0,0,0,0,0,0,0,0
2023,20230762,Luca Mozzato,20,Stage 20,0,0,0,0,0,0,0,0,0
2023,20230762,Luca Mozzato,21,Stage 21,60,0,0,0,0,0,0,0,60
2023,20230762,Luca Mozzato,22,Final Classifications,0,0,0,0,0,0,0,0,0
2023,20230988,Matteo Trentin,1,Stage 1,0,0,0,0,0,0,0,24,24
2023,20230988,Matteo Trentin,2,Stage 2,0,0,0,0,0,0,0,14,14
2023,20230988,Matteo Trentin,3,Stage 3,0,0,0,0,0,0,0,12,12
2023,20230988,Matteo Trentin,4,Stage 4,0,0,0,0,0,0,0,12,12
2023,20230988,Matteo Trentin,5,Stage 5,0,0,0,0,0,0,0,0,0
2023,20230988,Matteo Trentin,6,Stage 6,0,0,0,0,4,0,0,12,16
2023,20230988,Matteo Trentin,7,Stage 7,0,0,0,0,0,0,0,4,4
2023,20230988,Matteo Trentin,8,Stage 8,0,0,0,0,0,0,0,4,4
2023,20230988,Matteo Trentin,9,Stage 9,0,0,0,0,0,0,0,4,4
2023,20230988,Matteo Trentin,10,Stage 10,0,0,0,0,0,0,0,4,4
2023,20230988,Matteo Trentin,11,Stage 11,8,0,0,0,0,0,0,4,12
2023,20230988,Matteo Trentin,12,Stage 12,0,0,0,0,0,0,0,4,4
2023,20230988,Matteo Trentin,13,Stage 13,0,0,0,0,0,0,0,6,6
2023,20230988,Matteo Trentin,14,Stage 14,0,0,0,0,0,0,0,10,10
2023,20230988,Matteo Trentin,15,Stage 15,0,0,0,0,0,0,0,6,6
2023,20230988,Matteo Trentin,16,Stage 16,0,0,0,0,0,0,0,0,0
2023,20230988,Matteo Trentin,17,Stage 17,0,0,0,0,0,0,0,10,10
2023,20230988,Matteo Trentin,18,Stage 18,80,0,0,0,0,0,0,10,90
2023,20230988,Matteo Trentin,19,Stage 19,70,0,0,0,3,0,20,10,103
2023,20230988,Matteo Trentin,20,Stage 20,0,0,0,0,0,0,0,18,18
2023,20230988,Matteo Trentin,21,Stage 21,35,0,0,0,0,0,0,10,45
2023,20230988,Matteo Trentin,22,Final Classifications,0,0,0,0,0,0,0,40,40
2023,20231139,Mark Cavendish,1,Stage 1,0,0,0,0,2,0,0,0,2
2023,20231139,Mark Cavendish,2,Stage 2,0,0,0,0,2,0,0,0,2
2023,20231139,Mark Cavendish,3,Stage 3,110,0,1,0,3,0,0,0,114
2023,20231139,Mark Cavendish,4,Stage 4,120,0,2,0,5,0,0,0,127
2023,20231139,Mark Cavendish,5,Stage 5,0,0,0,0,0,0,0,0,0
2023,20231139,Mark Cavendish,6,Stage 6,0,0,0,0,0,0,0,0,0
2023,20231139,Mark Cavendish,7,Stage 7,180,0,6,0,2,0,0,0,188
2023,20231139,Mark Cavendish,8,Stage 8,0,0,0,0,4,0,0,0,4
2023,20231139,Mark Cavendish,9,Stage 9,0,0,0,0,0,0,0,0,0
2023,20231139,Mark Cavendish,10,Stage 10,0,0,0,0,0,0,0,0,0
2023,20231139,Mark Cavendish,11,Stage 11,0,0,0,0,0,0,0,0,0
2023,20231139,Mark Cavendish,12,Stage 12,0,0,0,0,0,0,0,0,0
2023,20231139,Mark Cavendish,13,Stage 13,0,0,0,0,0,0,0,0,0
2023,20231139,Mark Cavendish,14,Stage 14,0,0,0,0,0,0,0,0,0
2023,20231139,Mark Cavendish,15,Stage 15,0,0,0,0,0,0,0,0,0
2023,20231139,Mark Cavendish,16,Stage 16,0,0,0,0,0,0,0,0,0
2023,20231139,Mark Cavendish,17,Stage 17,0,0,0,0,0,0,0,0,0
2023,20231139,Mark Cavendish,18,Stage 18,0,0,0,0,0,0,0,0,0
2023,20231139,Mark Cavendish,19,Stage 19,0,0,0,0,0,0,0,0,0
2023,20231139,Mark Cavendish,20,Stage 20,0,0,0,0,0,0,0,0,0
2023,20231139,Mark Cavendish,21,Stage 21,0,0,0,0,0,0,0,0,0
2023,20231139,Mark Cavendish,22,Final Classifications,0,0,0,0,0,0,0,0,0
2023,20230192,Emanuel Buchmann,1,Stage 1,0,0,0,0,0,0,0,0,0
2023,20230192,Emanuel Buchmann,2,Stage 2,35,3,0,0,0,0,0,0,38
2023,20230192,Emanuel Buchmann,3,Stage 3,0,2,0,0,0,0,0,0,2
2023,20230192,Emanuel Buchmann,4,Stage 4,0,5,0,0,0,0,0,0,5
2023,20230192,Emanuel Buchmann,5,Stage 5,140,18,0,1,0,19,0,16,194
2023,20230192,Emanuel Buchmann,6,Stage 6,0,6,0,0,0,0,0,2,8
2023,20230192,Emanuel Buchmann,7,Stage 7,0,6,0,0,0,0,0,2,8
2023,20230192,Emanuel Buchmann,8,Stage 8,0,8,0,0,0,0,0,2,10
2023,20230192,Emanuel Buchmann,9,Stage 9,0,8,0,0,0,0,0,2,10
2023,20230192,Emanuel Buchmann,10,Stage 10,0,8,0,0,0,0,0,2,10
2023,20230192,Emanuel Buchmann,11,Stage 11,0,8,0,0,0,0,0,2,10
2023,20230192,Emanuel Buchmann,12,Stage 12,0,6,0,0,0,0,0,2,8
2023,20230192,Emanuel Buchmann,13,Stage 13,0,4,0,0,0,0,0,2,6
2023,20230192,Emanuel Buchmann,14,Stage 14,35,8,0,0,0,0,0,0,43
2023,20230192,Emanuel Buchmann,15,Stage 15,0,6,0,0,0,0,0,0,6
2023,20230192,Emanuel Buchmann,16,Stage 16,0,6,0,0,0,0,0,0,6
2023,20230192,Emanuel Buchmann,17,Stage 17,0,2,0,0,0,0,0,0,2
2023,20230192,Emanuel Buchmann,18,Stage 18,0,2,0,0,0,0,0,0,2
2023,20230192,Emanuel Buchmann,19,Stage 19,0,1,0,0,0,0,0,0,1
2023,20230192,Emanuel Buchmann,20,Stage 20,0,0,0,0,0,0,0,0,0
2023,20230192,Emanuel Buchmann,21,Stage 21,0,0,0,0,0,0,0,8,8
2023,20230192,Emanuel Buchmann,22,Final Classifications,0,50,0,0,0,0,0,0,50
2023,20230140,Wout Poels,1,Stage 1,0,0,0,0,0,0,0,0,0
2023,20230140,Wout Poels,2,Stage 2,0,0,0,0,0,0,0,4,4
2023,20230140,Wout Poels,3,Stage 3,0,0,0,0,0,0,0,8,8
2023,20230140,Wout Poels,4,Stage 4,0,0,0,0,0,0,0,6,6
2023,20230140,Wout Poels,5,Stage 5,0,0,0,0,0,0,0,0,0
2023,20230140,Wout Poels,6,Stage 6,0,0,0,0,0,0,0,2,2
2023,20230140,Wout Poels,7,Stage 7,0,0,0,0,0,0,0,2,2
2023,20230140,Wout Poels,8,Stage 8,0,0,0,0,0,0,0,2,2
2023,20230140,Wout Poels,9,Stage 9,0,0,0,0,0,0,0,10,10
2023,20230140,Wout Poels,10,Stage 10,0,0,0,0,0,0,0,16,16
2023,20230140,Wout Poels,11,Stage 11,0,0,0,0,0,0,0,10,10
2023,20230140,Wout Poels,12,Stage 12,0,0,0,0,0,0,0,8,8
2023,20230140,Wout Poels,13,Stage 13,0,0,0,0,0,0,0,4,4
2023,20230140,Wout Poels,14,Stage 14,0,0,0,0,5,2,20,0,27
2023,20230140,Wout Poels,15,Stage 15,220,0,0,0,0,15,0,0,235
2023,20230140,Wout Poels,16,Stage 16,0,0,0,0,0,0,0,0,0
2023,20230140,Wout Poels,17,Stage 17,0,0,0,0,0,0,0,2,2
2023,20230140,Wout Poels,18,Stage 18,0,0,0,0,0,0,0,0,0
2023,20230140,Wout Poels,19,Stage 19,0,0,0,0,0,0,0,10,10
2023,20230140,Wout Poels,20,Stage 20,35,0,0,0,0,0,0,0,35
2023,20230140,Wout Poels,21,Stage 21,0,0,0,0,0,0,0,0,0
2023,20230140,Wout Poels,22,Final Classifications,0,20,0,0,0,0,0,20,40
2023,20230523,Biniam Girmay,1,Stage 1,0,0,0,0,0,0,0,0,0
2023,20230523,Biniam Girmay,2,Stage 2,0,0,0,0,4,0,0,0,4
2023,20230523,Biniam Girmay,3,Stage 3,50,0,0,0,5,0,0,0,55
2023,20230523,Biniam Girmay,4,Stage 4,8,0,0,0,1,0,0,0,9
2023,20230523,Biniam Girmay,5,Stage 5,0,0,0,0,0,0,0,0,0
2023,20230523,Biniam Girmay,6,Stage 6,0,0,0,0,0,0,0,0,0
2023,20230523,Biniam Girmay,7,Stage 7,160,0,0,0,16,0,0,0,176
2023,20230523,Biniam Girmay,8,Stage 8,0,0,0,0,1,0,0,0,1
2023,20230523,Biniam Girmay,9,Stage 9,0,0,0,0,0,0,0,0,0
2023,20230523,Biniam Girmay,10,Stage 10,0,0,0,0,0,0,0,4,4
2023,20230523,Biniam Girmay,11,Stage 11,35,0,0,0,4,0,0,0,39
2023,20230523,Biniam Girmay,12,Stage 12,0,0,0,0,0,0,0,0,0
2023,20230523,Biniam Girmay,13,Stage 13,0,0,0,0,0,0,0,0,0
2023,20230523,Biniam Girmay,14,Stage 14,0,0,0,0,0,0,0,0,0
2023,20230523,Biniam Girmay,15,Stage 15,0,0,0,0,0,0,0,0,0
2023,20230523,Biniam Girmay,16,Stage 16,0,0,0,0,0,0,0,0,0
2023,20230523,Biniam Girmay,17,Stage 17,0,0,0,0,0,0,0,0,0
2023,20230523,Biniam Girmay,18,Stage 18,8,0,0,0,0,0,0,0,8
2023,20230523,Biniam Girmay,19,Stage 19,0,0,0,0,0,0,0,0,0
2023,20230523,Biniam Girmay,20,Stage 20,0,0,0,0,0,0,0,0,0
2023,20230523,Biniam Girmay,21,Stage 21,110,0,0,0,0,0,0,0,110
2023,20230523,Biniam Girmay,22,Final Classifications,0,0,0,0,0,0,0,0,0
2023,20230621,Caleb Ewan,1,Stage 1,0,0,0,0,0,0,0,0,0
2023,20230621,Caleb Ewan,2,Stage 2,0,0,0,0,0,0,0,0,0
2023,20230621,Caleb Ewan,3,Stage 3,160,0,0,0,2,0,0,0,162
2023,20230621,Caleb Ewan,4,Stage 4,180,0,6,0,12,0,0,0,198
2023,20230621,Caleb Ewan,5,Stage 5,0,0,1,0,0,0,0,0,1
2023,20230621,Caleb Ewan,6,Stage 6,0,0,1,0,0,0,0,0,1
2023,20230621,Caleb Ewan,7,Stage 7,0,0,0,0,0,0,0,0,0
2023,20230621,Caleb Ewan,8,Stage 8,0,0,0,0,0,0,0,0,0
2023,20230621,Caleb Ewan,9,Stage 9,0,0,0,0,0,0,0,0,0
2023,20230621,Caleb Ewan,10,Stage 10,0,0,0,0,0,0,0,0,0
2023,20230621,Caleb Ewan,11,Stage 11,25,0,0,0,0,0,0,0,25
2023,20230621,Caleb Ewan,12,Stage 12,0,0,0,0,0,0,0,0,0
2023,20230621,Caleb Ewan,13,Stage 13,0,0,0,0,0,0,0,4,4
2023,20230621,Caleb Ewan,14,Stage 14,0,0,0,0,0,0,0,0,0
2023,20230621,Caleb Ewan,15,Stage 15,0,0,0,0,0,0,0,0,0
2023,20230621,Caleb Ewan,16,Stage 16,0,0,0,0,0,0,0,0,0
2023,20230621,Caleb Ewan,17,Stage 17,0,0,0,0,0,0,0,0,0
2023,20230621,Caleb Ewan,18,Stage 18,0,0,0,0,0,0,0,0,0
2023,20230621,Caleb Ewan,19,Stage 19,0,0,0,0,0,0,0,0,0
2023,20230621,Caleb Ewan,20,Stage 20,0,0,0,0,0,0,0,0,0
2023,20230621,Caleb Ewan,21,Stage 21,0,0,0,0,0,0,0,0,0
2023,20230621,Caleb Ewan,22,Final Classifications,0,0,0,0,0,0,0,0,0
2023,20230636,Maxim Van Gils,1,Stage 1,16,4,0,0,0,0,0,0,20
2023,20230636,Maxim Van Gils,2,Stage 2,0,0,0,0,0,0,0,0,0
2023,20230636,Maxim Van Gils,3,Stage 3,0,0,0,0,0,0,0,2,2
2023,20230636,Maxim Van Gils,4,Stage 4,0,0,0,0,0,0,0,4,4
2023,20230636,Maxim Van Gils,5,Stage 5,0,0,0,0,0,0,0,0,0
2023,20230636,Maxim Van Gils,6,Stage 6,0,0,0,0,0,0,0,0,0
2023,20230636,Maxim Van Gils,7,Stage 7,0,0,0,0,0,0,0,0,0
2023,20230636,Maxim Van Gils,8,Stage 8,0,0,0,0,0,0,0,0,0
2023,20230636,Maxim Van Gils,9,Stage 9,0,0,0,0,0,0,0,0,0
2023,20230636,Maxim Van Gils,10,Stage 10,30,0,0,0,0,0,0,0,30
2023,20230636,Maxim Van Gils,11,Stage 11,0,0,0,0,0,0,0,0,0
2023,20230636,Maxim Van Gils,12,Stage 12,50,0,0,0,0,0,0,0,50
2023,20230636,Maxim Van Gils,13,Stage 13,180,0,0,0,0,25,20,0,225
2023,20230636,Maxim Van Gils,14,Stage 14,0,0,0,0,0,0,0,0,0
2023,20230636,Maxim Van Gils,15,Stage 15,0,0,0,0,0,0,0,0,0
2023,20230636,Maxim Van Gils,16,Stage 16,0,0,0,0,0,0,0,0,0
2023,20230636,Maxim Van Gils,17,Stage 17,0,0,0,0,0,0,0,0,0
2023,20230636,Maxim Van Gils,18,Stage 18,0,0,0,0,0,0,0,4,4
2023,20230636,Maxim Van Gils,19,Stage 19,0,0,0,0,0,0,0,0,0
2023,20230636,Maxim Van Gils,20,Stage 20,0,0,0,0,16,0,20,0,36
2023,20230636,Maxim Van Gils,21,Stage 21,0,0,0,0,0,0,0,0,0
2023,20230636,Maxim Van Gils,22,Final Classifications,0,0,0,0,0,0,0,0,0
2023,20231010,Alexander Kristoff,1,Stage 1,0,0,0,0,0,0,0,0,0
2023,20231010,Alexander Kristoff,2,Stage 2,0,0,0,0,0,0,0,0,0
2023,20231010,Alexander Kristoff,3,Stage 3,30,0,0,0,0,0,0,0,30
2023,20231010,Alexander Kristoff,4,Stage 4,95,0,0,0,2,0,0,0,97
2023,20231010,Alexander Kristoff,5,Stage 5,0,0,0,0,0,0,0,0,0
2023,20231010,Alexander Kristoff,6,Stage 6,0,0,0,0,0,0,0,2,2
2023,20231010,Alexander Kristoff,7,Stage 7,70,0,0,0,3,0,0,0,73
2023,20231010,Alexander Kristoff,8,Stage 8,0,0,0,0,0,0,0,0,0
2023,20231010,Alexander Kristoff,9,Stage 9,0,0,0,0,0,0,0,0,0
2023,20231010,Alexander Kristoff,10,Stage 10,0,0,0,0,0,0,0,0,0
2023,20231010,Alexander Kristoff,11,Stage 11,110,0,0,0,0,0,0,0,110
2023,20231010,Alexander Kristoff,12,Stage 12,0,0,0,0,0,0,0,0,0
2023,20231010,Alexander Kristoff,13,Stage 13,0,0,0,0,0,0,0,0,0
2023,20231010,Alexander Kristoff,14,Stage 14,0,0,0,0,0,0,0,0,0
2023,20231010,Alexander Kristoff,15,Stage 15,0,0,0,0,0,0,0,0,0
2023,20231010,Alexander Kristoff,16,Stage 16,0,0,0,0,0,0,0,0,0
2023,20231010,Alexander Kristoff,17,Stage 17,0,0,0,0,0,0,0,0,0
2023,20231010,Alexander Kristoff,18,Stage 18,50,0,0,0,0,0,0,2,52
2023,20231010,Alexander Kristoff,19,Stage 19,0,0,0,0,0,0,0,0,0
2023,20231010,Alexander Kristoff,20,Stage 20,0,0,0,0,0,0,0,0,0
2023,20231010,Alexander Kristoff,21,Stage 21,0,0,0,0,0,0,0,0,0
2023,20231010,Alexander Kristoff,22,Final Classifications,0,0,0,0,0,0,0,0,0
2023,20230650,Matteo Jorgenson,1,Stage 1,0,0,0,0,0,0,0,0,0
2023,20230650,Matteo Jorgenson,2,Stage 2,0,0,0,0,0,0,0,0,0
2023,20230650,Matteo Jorgenson,3,Stage 3,0,0,0,0,0,0,0,0,0
2023,20230650,Matteo Jorgenson,4,Stage 4,0,0,0,0,0,0,0,0,0
2023,20230650,Matteo Jorgenson,5,Stage 5,0,0,0,0,0,2,0,0,2
2023,20230650,Matteo Jorgenson,6,Stage 6,0,0,0,0,0,0,0,0,0
2023,20230650,Matteo Jorgenson,7,Stage 7,0,0,0,0,0,0,0,0,0
2023,20230650,Matteo Jorgenson,8,Stage 8,0,0,0,0,0,0,0,0,0
2023,20230650,Matteo Jorgenson,9,Stage 9,140,0,0,0,4,15,20,0,179
2023,20230650,Matteo Jorgenson,10,Stage 10,0,0,0,0,0,0,0,0,0
2023,20230650,Matteo Jorgenson,11,Stage 11,0,0,0,0,0,0,0,0,0
2023,20230650,Matteo Jorgenson,12,Stage 12,160,0,0,0,2,0,20,0,182
2023,20230650,Matteo Jorgenson,13,Stage 13,0,0,0,0,0,0,0,0,0
2023,20230650,Matteo Jorgenson,14,Stage 14,0,0,0,0,0,0,0,0,0
2023,20230650,Matteo Jorgenson,15,Stage 15,0,0,0,0,0,0,0,0,0
2023,20230650,Matteo Jorgenson,16,Stage 16,0,0,0,0,0,0,0,0,0
2023,20230650,Matteo Jorgenson,17,Stage 17,0,0,0,0,0,0,0,0,0
2023,20230650,Matteo Jorgenson,18,Stage 18,0,0,0,0,0,0,0,0,0
2023,20230650,Matteo Jorgenson,19,Stage 19,0,0,0,0,0,0,0,0,0
2023,20230650,Matteo Jorgenson,20,Stage 20,0,0,0,0,0,0,0,0,0
2023,20230650,Matteo Jorgenson,21,Stage 21,0,0,0,0,0,0,0,0,0
2023,20230650,Matteo Jorgenson,22,Final Classifications,0,0,0,0,0,0,0,0,0
2023,20230742,Warren Barguil,1,Stage 1,0,0,0,0,0,0,0,0,0
2023,20230742,Warren Barguil,2,Stage 2,0,0,0,0,0,0,0,0,0
2023,20230742,Warren Barguil,3,Stage 3,0,0,0,0,0,0,0,0,0
2023,20230742,Warren Barguil,4,Stage 4,0,0,0,0,0,0,0,0,0
2023,20230742,Warren Barguil,5,Stage 5,0,0,0,0,0,0,0,0,0
2023,20230742,Warren Barguil,6,Stage 6,0,0,0,0,0,0,0,0,0
2023,20230742,Warren Barguil,7,Stage 7,0,0,0,0,0,0,0,0,0
2023,20230742,Warren Barguil,8,Stage 8,0,0,0,0,0,0,0,0,0
2023,20230742,Warren Barguil,9,Stage 9,0,0,0,0,0,0,0,0,0
2023,20230742,Warren Barguil,10,Stage 10,70,0,0,0,16,0,0,0,86
2023,20230742,Warren Barguil,11,Stage 11,0,0,0,0,0,0,0,0,0
2023,20230742,Warren Barguil,12,Stage 12,0,0,0,0,0,0,0,0,0
2023,20230742,Warren Barguil,13,Stage 13,0,0,0,0,0,0,0,0,0
2023,20230742,Warren Barguil,14,Stage 14,0,0,0,0,0,0,0,0,0
2023,20230742,Warren Barguil,15,Stage 15,60,0,0,0,0,0,0,0,60
2023,20230742,Warren Barguil,16,Stage 16,0,0,0,0,0,0,0,0,0
2023,20230742,Warren Barguil,17,Stage 17,4,0,0,0,0,0,0,0,4
2023,20230742,Warren Barguil,18,Stage 18,0,0,0,0,0,0,0,0,0
2023,20230742,Warren Barguil,19,Stage 19,0,0,0,0,12,0,20,0,32
2023,20230742,Warren Barguil,20,Stage 20,110,0,0,0,0,6,20,0,136
2023,20230742,Warren Barguil,21,Stage 21,0,0,0,0,0,0,0,0,0
2023,20230742,Warren Barguil,22,Final Classifications,0,45,0,0,0,0,0,0,45
2023,20230489,Jonathan Castroviejo,1,Stage 1,0,0,0,0,0,0,0,0,0
2023,20230489,Jonathan Castroviejo,2,Stage 2,0,0,0,0,0,0,0,2,2
2023,20230489,Jonathan Castroviejo,3,Stage 3,0,0,0,0,0,0,0,2,2
2023,20230489,Jonathan Castroviejo,4,Stage 4,0,0,0,0,0,0,0,2,2
2023,20230489,Jonathan Castroviejo,5,Stage 5,0,0,0,0,0,0,0,4,4
2023,20230489,Jonathan Castroviejo,6,Stage 6,0,0,0,0,0,0,0,4,4
2023,20230489,Jonathan Castroviejo,7,Stage 7,0,0,0,0,0,0,0,4,4
2023,20230489,Jonathan Castroviejo,8,Stage 8,0,1,0,0,0,0,0,4,5
2023,20230489,Jonathan Castroviejo,9,Stage 9,0,2,0,0,0,0,0,4,6
2023,20230489,Jonathan Castroviejo,10,Stage 10,0,2,0,0,0,0,0,4,6
2023,20230489,Jonathan Castroviejo,11,Stage 11,0,2,0,0,0,0,0,4,6
2023,20230489,Jonathan Castroviejo,12,Stage 12,4,2,0,0,0,0,0,4,10
2023,20230489,Jonathan Castroviejo,13,Stage 13,0,3,0,0,0,0,0,16,19
2023,20230489,Jonathan Castroviejo,14,Stage 14,25,5,0,0,0,0,0,18,48
2023,20230489,Jonathan Castroviejo,15,Stage 15,0,5,0,0,0,0,0,6,11
2023,20230489,Jonathan Castroviejo,16,Stage 16,50,5,0,0,0,0,0,0,55
2023,20230489,Jonathan Castroviejo,17,Stage 17,0,8,0,0,0,0,0,2,10
2023,20230489,Jonathan Castroviejo,18,Stage 18,0,8,0,0,0,0,0,2,10
2023,20230489,Jonathan Castroviejo,19,Stage 19,0,7,0,0,0,0,0,0,7
2023,20230489,Jonathan Castroviejo,20,Stage 20,0,6,0,0,0,0,0,2,8
2023,20230489,Jonathan Castroviejo,21,Stage 21,0,6,0,0,0,0,0,2,8
2023,20230489,Jonathan Castroviejo,22,Final Classifications,0,100,0,0,0,0,0,30,130
2023,20230545,Georg Zimmermann,1,Stage 1,0,0,0,6,0,0,0,0,6
2023,20230545,Georg Zimmermann,2,Stage 2,0,0,0,2,0,0,0,0,2
2023,20230545,Georg Zimmermann,3,Stage 3,0,0,0,2,0,0,0,0,2
2023,20230545,Georg Zimmermann,4,Stage 4,0,0,0,2,0,0,0,0,2
2023,20230545,Georg Zimmermann,5,Stage 5,0,0,0,0,0,0,0,0,0
2023,20230545,Georg Zimmermann,6,Stage 6,0,0,0,0,0,0,0,0,0
2023,20230545,Georg Zimmermann,7,Stage 7,0,0,0,0,0,0,0,2,2
2023,20230545,Georg Zimmermann,8,Stage 8,0,0,0,0,0,0,0,0,0
2023,20230545,Georg Zimmermann,9,Stage 9,0,0,0,0,0,0,0,0,0
2023,20230545,Georg Zimmermann,10,Stage 10,180,0,0,0,12,0,0,0,192
2023,20230545,Georg Zimmermann,11,Stage 11,0,0,0,0,0,0,0,0,0
2023,20230545,Georg Zimmermann,12,Stage 12,0,0,0,0,0,0,0,0,0
2023,20230545,Georg Zimmermann,13,Stage 13,35,0,0,0,0,0,20,0,55
2023,20230545,Georg Zimmermann,14,Stage 14,0,0,0,0,0,0,0,0,0
2023,20230545,Georg Zimmermann,15,Stage 15,0,0,0,0,0,0,0,0,0
2023,20230545,Georg Zimmermann,16,Stage 16,0,0,0,0,0,0,0,0,0
2023,20230545,Georg Zimmermann,17,Stage 17,16,0,0,0,0,0,0,0,16
2023,20230545,Georg Zimmermann,18,Stage 18,0,0,0,0,0,0,0,0,0
2023,20230545,Georg Zimmermann,19,Stage 19,50,0,0,0,4,0,20,0,74
2023,20230545,Georg Zimmermann,20,Stage 20,0,0,0,0,0,0,0,0,0
2023,20230545,Georg Zimmermann,21,Stage 21,0,0,0,0,0,0,0,0,0
2023,20230545,Georg Zimmermann,22,Final Classifications,0,0,0,0,0,0,0,0,0
2023,20230602,Nathan Van Hooydonck,1,Stage 1,0,0,0,0,0,0,0,8,8
2023,20230602,Nathan Van Hooydonck,2,Stage 2,0,0,0,0,0,0,0,12,12
2023,20230602,Nathan Van Hooydonck,3,Stage 3,0,0,0,0,0,0,0,8,8
2023,20230602,Nathan Van Hooydonck,4,Stage 4,0,0,0,0,0,0,0,8,8
2023,20230602,Nathan Van Hooydonck,5,Stage 5,0,0,0,0,0,0,0,12,12
2023,20230602,Nathan Van Hooydonck,6,Stage 6,0,0,0,0,0,0,0,20,20
2023,20230602,Nathan Van Hooydonck,7,Stage 7,0,0,0,0,0,0,0,16,16
2023,20230602,Nathan Van Hooydonck,8,Stage 8,0,0,0,0,0,0,0,18,18
2023,20230602,Nathan Van Hooydonck,9,Stage 9,0,0,0,0,0,0,0,10,10
2023,20230602,Nathan Van Hooydonck,10,Stage 10,0,0,0,0,0,0,0,10,10
2023,20230602,Nathan Van Hooydonck,11,Stage 11,0,0,0,0,0,0,0,10,10
2023,20230602,Nathan Van Hooydonck,12,Stage 12,0,0,0,0,0,0,0,10,10
2023,20230602,Nathan Van Hooydonck,13,Stage 13,0,0,0,0,0,0,0,10,10
2023,20230602,Nathan Van Hooydonck,14,Stage 14,0,0,0,0,0,0,0,14,14
2023,20230602,Nathan Van Hooydonck,15,Stage 15,0,0,0,0,0,0,0,20,20
2023,20230602,Nathan Van Hooydonck,16,Stage 16,0,0,0,0,0,0,0,0,0
2023,20230602,Nathan Van Hooydonck,17,Stage 17,0,0,0,0,0,0,0,16,16
2023,20230602,Nathan Van Hooydonck,18,Stage 18,0,0,0,0,0,0,0,16,16
2023,20230602,Nathan Van Hooydonck,19,Stage 19,0,0,0,0,0,0,0,16,16
2023,20230602,Nathan Van Hooydonck,20,Stage 20,0,0,0,0,0,0,0,18,18
2023,20230602,Nathan Van Hooydonck,21,Stage 21,0,0,0,0,16,0,0,16,32
2023,20230602,Nathan Van Hooydonck,22,Final Classifications,0,0,0,0,0,0,0,50,50
2023,20231166,Cees Bol,1,Stage 1,0,0,0,0,0,0,0,0,0
2023,20231166,Cees Bol,2,Stage 2,0,0,0,0,0,0,0,0,0
2023,20231166,Cees Bol,3,Stage 3,0,0,0,0,0,0,0,0,0
2023,20231166,Cees Bol,4,Stage 4,0,0,0,0,0,0,0,0,0
2023,20231166,Cees Bol,5,Stage 5,0,0,0,0,0,0,0,0,0
2023,20231166,Cees Bol,6,Stage 6,0,0,0,0,0,0,0,0,0
2023,20231166,Cees Bol,7,Stage 7,0,0,0,0,0,0,0,4,4
2023,20231166,Cees Bol,8,Stage 8,30,0,0,0,0,0,0,0,30
2023,20231166,Cees Bol,9,Stage 9,0,0,0,0,0,0,0,0,0
2023,20231166,Cees Bol,10,Stage 10,0,0,0,0,0,0,0,0,0
2023,20231166,Cees Bol,11,Stage 11,40,0,0,0,0,0,0,0,40
2023,20231166,Cees Bol,12,Stage 12,0,0,0,0,0,0,0,0,0
2023,20231166,Cees Bol,13,Stage 13,0,0,0,0,0,0,20,0,20
2023,20231166,Cees Bol,14,Stage 14,0,0,0,0,0,0,0,0,0
2023,20231166,Cees Bol,15,Stage 15,0,0,0,0,0,0,0,0,0
2023,20231166,Cees Bol,16,Stage 16,0,0,0,0,0,0,0,0,0
2023,20231166,Cees Bol,17,Stage 17,0,0,0,0,0,0,0,0,0
2023,20231166,Cees Bol,18,Stage 18,110,0,0,0,0,0,0,0,110
2023,20231166,Cees Bol,19,Stage 19,0,0,0,0,0,0,0,0,0
2023,20231166,Cees Bol,20,Stage 20,0,0,0,0,0,0,0,0,0
2023,20231166,Cees Bol,21,Stage 21,120,0,0,0,0,0,0,0,120
2023,20231166,Cees Bol,22,Final Classifications,0,0,0,0,0,0,0,0,0
2023,20230567,Corbin Strong,1,Stage 1,25,6,0,0,0,0,0,0,31
2023,20230567,Corbin Strong,2,Stage 2,0,0,0,0,0,0,0,0,0
2023,20230567,Corbin Strong,3,Stage 3,20,0,0,0,0,0,0,0,20
2023,20230567,Corbin Strong,4,Stage 4,50,0,0,0,0,0,0,0,50
2023,20230567,Corbin Strong,5,Stage 5,0,0,0,0,0,0,0,0,0
2023,20230567,Corbin Strong,6,Stage 6,0,0,0,0,0,0,0,0,0
2023,20230567,Corbin Strong,7,Stage 7,0,0,0,0,4,0,0,0,4
2023,20230567,Corbin Strong,8,Stage 8,70,0,0,0,2,0,0,0,72
2023,20230567,Corbin Strong,9,Stage 9,0,0,0,0,0,0,0,8,8
2023,20230567,Corbin Strong,10,Stage 10,0,0,0,0,0,0,0,0,0
2023,20230567,Corbin Strong,11,Stage 11,30,0,0,0,0,0,0,0,30
2023,20230567,Corbin Strong,12,Stage 12,0,0,0,0,0,0,0,0,0
2023,20230567,Corbin Strong,13,Stage 13,0,0,0,0,0,0,0,0,0
2023,20230567,Corbin Strong,14,Stage 14,0,0,0,0,0,0,0,0,0
2023,20230567,Corbin Strong,15,Stage 15,0,0,0,0,0,0,0,0,0
2023,20230567,Corbin Strong,16,Stage 16,0,0,0,0,0,0,0,0,0
2023,20230567,Corbin Strong,17,Stage 17,0,0,0,0,0,0,0,0,0
2023,20230567,Corbin Strong,18,Stage 18,35,0,0,0,0,0,0,0,35
2023,20230567,Corbin Strong,19,Stage 19,0,0,0,0,0,0,0,0,0
2023,20230567,Corbin Strong,20,Stage 20,0,0,0,0,0,0,0,0,0
2023,20230567,Corbin Strong,21,Stage 21,70,0,0,0,0,0,0,0,70
2023,20230567,Corbin Strong,22,Final Classifications,0,0,0,0,0,0,0,0,0
2023,20230646,Ruben Guerreiro,1,Stage 1,0,0,0,0,0,0,0,0,0
2023,20230646,Ruben Guerreiro,2,Stage 2,0,0,0,0,0,0,0,0,0
2023,20230646,Ruben Guerreiro,3,Stage 3,0,0,0,0,0,0,0,0,0
2023,20230646,Ruben Guerreiro,4,Stage 4,0,0,0,0,0,0,0,0,0
2023,20230646,Ruben Guerreiro,5,Stage 5,0,0,0,0,0,0,0,0,0
2023,20230646,Ruben Guerreiro,6,Stage 6,140,0,0,4,0,39,20,0,203
2023,20230646,Ruben Guerreiro,7,Stage 7,0,0,0,4,0,0,0,0,4
2023,20230646,Ruben Guerreiro,8,Stage 8,0,0,0,4,0,0,0,0,4
2023,20230646,Ruben Guerreiro,9,Stage 9,0,0,0,4,0,0,0,0,4
2023,20230646,Ruben Guerreiro,10,Stage 10,0,0,0,4,0,0,0,0,4
2023,20230646,Ruben Guerreiro,11,Stage 11,0,0,0,4,0,0,0,0,4
2023,20230646,Ruben Guerreiro,12,Stage 12,70,0,0,4,0,0,20,2,96
2023,20230646,Ruben Guerreiro,13,Stage 13,0,0,0,0,0,0,0,0,0
2023,20230646,Ruben Guerreiro,14,Stage 14,0,0,0,0,0,0,0,0,0
2023,20230646,Ruben Guerreiro,15,Stage 15,0,0,0,0,0,0,0,0,0
2023,20230646,Ruben Guerreiro,16,Stage 16,0,0,0,0,0,0,0,0,0
2023,20230646,Ruben Guerreiro,17,Stage 17,0,0,0,0,0,0,0,0,0
2023,20230646,Ruben Guerreiro,18,Stage 18,0,0,0,0,0,0,0,0,0
2023,20230646,Ruben Guerreiro,19,Stage 19,0,0,0,0,0,0,0,0,0
2023,20230646,Ruben Guerreiro,20,Stage 20,0,0,0,0,0,0,0,0,0
2023,20230646,Ruben Guerreiro,21,Stage 21,0,0,0,0,0,0,0,0,0
2023,20230646,Ruben Guerreiro,22,Final Classifications,0,0,0,0,0,0,0,0,0
2023,20230597,Dylan Van Baarle,1,Stage 1,0,0,0,0,0,0,0,8,8
2023,20230597,Dylan Van Baarle,2,Stage 2,0,0,0,0,0,0,0,12,12
2023,20230597,Dylan Van Baarle,3,Stage 3,0,0,0,0,0,0,0,8,8
2023,20230597,Dylan Van Baarle,4,Stage 4,0,0,0,0,0,0,0,8,8
2023,20230597,Dylan Van Baarle,5,Stage 5,0,0,0,0,0,0,0,12,12
2023,20230597,Dylan Van Baarle,6,Stage 6,0,0,0,0,0,0,0,20,20
2023,20230597,Dylan Van Baarle,7,Stage 7,0,0,0,0,0,0,0,16,16
2023,20230597,Dylan Van Baarle,8,Stage 8,0,0,0,0,0,0,0,18,18
2023,20230597,Dylan Van Baarle,9,Stage 9,0,0,0,0,0,0,0,10,10
2023,20230597,Dylan Van Baarle,10,Stage 10,0,0,0,0,0,0,0,10,10
2023,20230597,Dylan Van Baarle,11,Stage 11,0,0,0,0,0,0,0,10,10
2023,20230597,Dylan Van Baarle,12,Stage 12,0,0,0,0,0,0,0,10,10
2023,20230597,Dylan Van Baarle,13,Stage 13,0,0,0,0,0,0,0,10,10
2023,20230597,Dylan Van Baarle,14,Stage 14,0,0,0,0,0,0,0,14,14
2023,20230597,Dylan Van Baarle,15,Stage 15,0,0,0,0,0,0,0,20,20
2023,20230597,Dylan Van Baarle,16,Stage 16,0,0,0,0,0,0,0,0,0
2023,20230597,Dylan Van Baarle,17,Stage 17,0,0,0,0,0,0,0,16,16
2023,20230597,Dylan Van Baarle,18,Stage 18,0,0,0,0,0,0,0,16,16
2023,20230597,Dylan Van Baarle,19,Stage 19,0,0,0,0,0,0,0,16,16
2023,20230597,Dylan Van Baarle,20,Stage 20,0,0,0,0,0,0,0,18,18
2023,20230597,Dylan Van Baarle,21,Stage 21,0,0,0,0,0,0,0,16,16
2023,20230597,Dylan Van Baarle,22,Final Classifications,0,0,0,0,0,0,0,50,50
2023,20230793,Romain Bardet,1,Stage 1,0,0,0,0,0,0,0,0,0
2023,20230793,Romain Bardet,2,Stage 2,95,6,0,0,0,0,0,0,101
2023,20230793,Romain Bardet,3,Stage 3,0,7,0,0,0,0,0,0,7
2023,20230793,Romain Bardet,4,Stage 4,0,7,0,0,0,0,0,0,7
2023,20230793,Romain Bardet,5,Stage 5,12,9,0,0,0,0,0,0,21
2023,20230793,Romain Bardet,6,Stage 6,60,13,0,0,0,0,0,0,73
2023,20230793,Romain Bardet,7,Stage 7,0,13,0,0,0,0,0,0,13
2023,20230793,Romain Bardet,8,Stage 8,25,13,0,0,0,0,0,0,38
2023,20230793,Romain Bardet,9,Stage 9,0,11,0,0,0,0,0,0,11
2023,20230793,Romain Bardet,10,Stage 10,0,10,0,0,0,0,0,0,10
2023,20230793,Romain Bardet,11,Stage 11,0,10,0,0,0,0,0,0,10
2023,20230793,Romain Bardet,12,Stage 12,0,9,0,0,0,0,0,0,9
2023,20230793,Romain Bardet,13,Stage 13,8,9,0,0,0,0,0,0,17
2023,20230793,Romain Bardet,14,Stage 14,0,0,0,0,0,0,0,0,0
2023,20230793,Romain Bardet,15,Stage 15,0,0,0,0,0,0,0,0,0
2023,20230793,Romain Bardet,16,Stage 16,0,0,0,0,0,0,0,0,0
2023,20230793,Romain Bardet,17,Stage 17,0,0,0,0,0,0,0,0,0
2023,20230793,Romain Bardet,18,Stage 18,0,0,0,0,0,0,0,0,0
2023,20230793,Romain Bardet,19,Stage 19,0,0,0,0,0,0,0,0,0
2023,20230793,Romain Bardet,20,Stage 20,0,0,0,0,0,0,0,0,0
2023,20230793,Romain Bardet,21,Stage 21,0,0,0,0,0,0,0,0,0
2023,20230793,Romain Bardet,22,Final Classifications,0,0,0,0,0,0,0,0,0
2023,20230853,Chris Harper,1,Stage 1,0,0,0,0,0,0,0,8,8
2023,20230853,Chris Harper,2,Stage 2,0,0,0,0,0,0,0,2,2
2023,20230853,Chris Harper,3,Stage 3,0,0,0,0,0,0,0,2,2
2023,20230853,Chris Harper,4,Stage 4,0,0,0,0,0,0,0,2,2
2023,20230853,Chris Harper,5,Stage 5,0,0,0,0,0,0,0,0,0
2023,20230853,Chris Harper,6,Stage 6,0,0,0,0,0,0,0,0,0
2023,20230853,Chris Harper,7,Stage 7,0,0,0,0,0,0,0,0,0
2023,20230853,Chris Harper,8,Stage 8,0,0,0,0,0,0,0,0,0
2023,20230853,Chris Harper,9,Stage 9,0,0,0,0,0,0,0,0,0
2023,20230853,Chris Harper,10,Stage 10,0,0,0,0,0,0,0,0,0
2023,20230853,Chris Harper,11,Stage 11,0,0,0,0,0,0,0,4,4
2023,20230853,Chris Harper,12,Stage 12,0,0,0,0,0,0,0,0,0
2023,20230853,Chris Harper,13,Stage 13,4,0,0,0,0,0,0,0,4
2023,20230853,Chris Harper,14,Stage 14,8,3,0,0,0,0,0,0,11
2023,20230853,Chris Harper,15,Stage 15,0,3,0,0,0,0,0,0,3
2023,20230853,Chris Harper,16,Stage 16,0,3,0,0,0,0,0,0,3
2023,20230853,Chris Harper,17,Stage 17,95,7,0,0,3,6,0,4,115
2023,20230853,Chris Harper,18,Stage 18,0,7,0,0,0,0,0,0,7
2023,20230853,Chris Harper,19,Stage 19,0,6,0,0,0,0,0,0,6
2023,20230853,Chris Harper,20,Stage 20,20,5,0,0,0,4,20,0,49
2023,20230853,Chris Harper,21,Stage 21,0,5,0,0,0,0,0,2,7
2023,20230853,Chris Harper,22,Final Classifications,0,90,0,0,0,0,0,0,90
2023,20230994,Jonas Abrahamsen,1,Stage 1,0,0,0,0,0,0,0,0,0
2023,20230994,Jonas Abrahamsen,2,Stage 2,0,0,0,0,0,0,0,0,0
2023,20230994,Jonas Abrahamsen,3,Stage 3,0,0,0,0,0,0,0,0,0
2023,20230994,Jonas Abrahamsen,4,Stage 4,0,0,0,0,0,0,0,0,0
2023,20230994,Jonas Abrahamsen,5,Stage 5,0,0,0,0,0,0,0,0,0
2023,20230994,Jonas Abrahamsen,6,Stage 6,0,0,0,0,0,0,0,2,2
2023,20230994,Jonas Abrahamsen,7,Stage 7,30,0,0,0,0,0,0,0,30
2023,20230994,Jonas Abrahamsen,8,Stage 8,0,0,0,0,0,0,0,0,0
2023,20230994,Jonas Abrahamsen,9,Stage 9,0,0,0,0,20,0,20,0,40
2023,20230994,Jonas Abrahamsen,10,Stage 10,16,0,0,0,0,0,0,0,16
2023,20230994,Jonas Abrahamsen,11,Stage 11,0,0,0,0,0,0,0,0,0
2023,20230994,Jonas Abrahamsen,12,Stage 12,0,0,0,0,0,0,0,0,0
2023,20230994,Jonas Abrahamsen,13,Stage 13,0,0,0,0,0,0,0,0,0
2023,20230994,Jonas Abrahamsen,14,Stage 14,0,0,0,0,0,0,0,0,0
2023,20230994,Jonas Abrahamsen,15,Stage 15,0,0,0,0,12,0,0,0,12
2023,20230994,Jonas Abrahamsen,16,Stage 16,0,0,0,0,0,0,0,0,0
2023,20230994,Jonas Abrahamsen,17,Stage 17,0,0,0,0,0,0,0,0,0
2023,20230994,Jonas Abrahamsen,18,Stage 18,160,0,0,0,20,0,20,0,200
2023,20230994,Jonas Abrahamsen,19,Stage 19,0,0,0,0,0,0,0,0,0
2023,20230994,Jonas Abrahamsen,20,Stage 20,0,0,0,0,0,0,0,0,0
2023,20230994,Jonas Abrahamsen,21,Stage 21,0,0,0,0,0,0,0,0,0
2023,20230994,Jonas Abrahamsen,22,Final Classifications,0,0,0,0,0,0,0,0,0
2023,20230620,Pascal Eenkhoorn,1,Stage 1,0,0,4,8,20,0,20,0,52
2023,20230620,Pascal Eenkhoorn,2,Stage 2,0,0,0,4,0,0,0,0,4
2023,20230620,Pascal Eenkhoorn,3,Stage 3,0,0,0,4,0,0,0,2,6
2023,20230620,Pascal Eenkhoorn,4,Stage 4,0,0,0,4,0,0,0,4,8
2023,20230620,Pascal Eenkhoorn,5,Stage 5,0,0,0,0,0,0,0,0,0
2023,20230620,Pascal Eenkhoorn,6,Stage 6,0,0,0,0,0,0,0,0,0
2023,20230620,Pascal Eenkhoorn,7,Stage 7,0,0,0,0,0,0,0,0,0
2023,20230620,Pascal Eenkhoorn,8,Stage 8,0,0,0,0,0,0,0,0,0
2023,20230620,Pascal Eenkhoorn,9,Stage 9,0,0,0,0,0,0,0,0,0
2023,20230620,Pascal Eenkhoorn,10,Stage 10,25,0,0,0,0,0,0,0,25
2023,20230620,Pascal Eenkhoorn,11,Stage 11,0,0,0,0,0,0,0,0,0
2023,20230620,Pascal Eenkhoorn,12,Stage 12,0,0,0,0,0,0,0,0,0
2023,20230620,Pascal Eenkhoorn,13,Stage 13,0,0,0,0,0,0,0,4,4
2023,20230620,Pascal Eenkhoorn,14,Stage 14,0,0,0,0,0,0,0,0,0
2023,20230620,Pascal Eenkhoorn,15,Stage 15,0,0,0,0,0,0,0,0,0
2023,20230620,Pascal Eenkhoorn,16,Stage 16,0,0,0,0,0,0,0,0,0
2023,20230620,Pascal Eenkhoorn,17,Stage 17,0,0,0,0,0,0,0,0,0
2023,20230620,Pascal Eenkhoorn,18,Stage 18,180,0,0,0,16,0,0,0,196
2023,20230620,Pascal Eenkhoorn,19,Stage 19,0,0,0,0,0,0,0,0,0
2023,20230620,Pascal Eenkhoorn,20,Stage 20,0,0,0,0,0,0,0,0,0
2023,20230620,Pascal Eenkhoorn,21,Stage 21,0,0,0,0,0,0,0,0,0
2023,20230620,Pascal Eenkhoorn,22,Final Classifications,0,0,0,0,0,0,0,0,0
2023,20230568,Dylan Teuns,1,Stage 1,12,3,0,0,0,0,0,0,15
2023,20230568,Dylan Teuns,2,Stage 2,80,7,0,0,0,0,0,0,87
2023,20230568,Dylan Teuns,3,Stage 3,0,0,0,0,0,0,0,0,0
2023,20230568,Dylan Teuns,4,Stage 4,0,1,0,0,0,0,0,0,1
2023,20230568,Dylan Teuns,5,Stage 5,0,0,0,0,0,0,0,0,0
2023,20230568,Dylan Teuns,6,Stage 6,0,0,0,0,0,0,0,0,0
2023,20230568,Dylan Teuns,7,Stage 7,0,0,0,0,0,0,0,0,0
2023,20230568,Dylan Teuns,8,Stage 8,0,0,0,0,0,0,0,0,0
2023,20230568,Dylan Teuns,9,Stage 9,0,0,0,0,0,0,0,8,8
2023,20230568,Dylan Teuns,10,Stage 10,0,0,0,0,0,0,0,0,0
2023,20230568,Dylan Teuns,11,Stage 11,0,0,0,0,0,0,0,0,0
2023,20230568,Dylan Teuns,12,Stage 12,80,0,0,0,8,0,20,0,108
2023,20230568,Dylan Teuns,13,Stage 13,0,0,0,0,0,0,0,0,0
2023,20230568,Dylan Teuns,14,Stage 14,0,0,0,0,0,0,0,0,0
2023,20230568,Dylan Teuns,15,Stage 15,50,0,0,0,0,0,0,0,50
2023,20230568,Dylan Teuns,16,Stage 16,0,0,0,0,0,0,0,0,0
2023,20230568,Dylan Teuns,17,Stage 17,0,0,0,0,0,0,0,0,0
2023,20230568,Dylan Teuns,18,Stage 18,0,0,0,0,0,0,0,0,0
2023,20230568,Dylan Teuns,19,Stage 19,0,0,0,0,0,0,0,0,0
2023,20230568,Dylan Teuns,20,Stage 20,25,0,0,0,0,0,0,0,25
2023,20230568,Dylan Teuns,21,Stage 21,0,0,0,0,0,0,0,0,0
2023,20230568,Dylan Teuns,22,Final Classifications,0,0,0,0,0,0,0,0,0
2023,20230324,James Shaw,1,Stage 1,0,0,0,0,0,0,0,0,0
2023,20230324,James Shaw,2,Stage 2,0,0,0,0,0,0,0,0,0
2023,20230324,James Shaw,3,Stage 3,0,0,0,0,0,0,0,0,0
2023,20230324,James Shaw,4,Stage 4,0,0,0,0,0,0,0,0,0
2023,20230324,James Shaw,5,Stage 5,0,0,0,0,0,0,0,0,0
2023,20230324,James Shaw,6,Stage 6,120,0,0,0,0,22,20,0,162
2023,20230324,James Shaw,7,Stage 7,0,0,0,0,0,0,0,0,0
2023,20230324,James Shaw,8,Stage 8,0,0,0,0,0,0,0,0,0
2023,20230324,James Shaw,9,Stage 9,0,0,0,0,0,0,0,0,0
2023,20230324,James Shaw,10,Stage 10,0,0,0,0,0,0,0,0,0
2023,20230324,James Shaw,11,Stage 11,0,0,0,0,0,0,0,0,0
2023,20230324,James Shaw,12,Stage 12,0,0,0,0,0,0,0,0,0
2023,20230324,James Shaw,13,Stage 13,95,0,0,0,0,4,20,0,119
2023,20230324,James Shaw,14,Stage 14,0,0,0,0,0,0,0,0,0
2023,20230324,James Shaw,15,Stage 15,0,0,0,0,0,0,0,0,0
2023,20230324,James Shaw,16,Stage 16,0,0,0,0,0,0,0,0,0
2023,20230324,James Shaw,17,Stage 17,0,0,0,0,0,0,0,0,0
2023,20230324,James Shaw,18,Stage 18,0,0,0,0,0,0,0,0,0
2023,20230324,James Shaw,19,Stage 19,0,0,0,0,0,0,0,0,0
2023,20230324,James Shaw,20,Stage 20,0,0,0,0,0,0,0,0,0
2023,20230324,James Shaw,21,Stage 21,0,0,0,0,0,0,0,0,0
2023,20230324,James Shaw,22,Final Classifications,0,0,0,0,0,0,0,0,0
2023,20230903,Pierre Latour,1,Stage 1,0,0,0,0,0,0,0,0,0
2023,20230903,Pierre Latour,2,Stage 2,0,0,0,0,0,0,0,0,0
2023,20230903,Pierre Latour,3,Stage 3,0,0,0,0,0,0,0,0,0
2023,20230903,Pierre Latour,4,Stage 4,0,0,0,0,0,0,0,0,0
2023,20230903,Pierre Latour,5,Stage 5,0,0,0,0,0,0,0,0,0
2023,20230903,Pierre Latour,6,Stage 6,0,0,0,0,0,0,0,0,0
2023,20230903,Pierre Latour,7,Stage 7,0,0,0,0,0,0,0,0,0
2023,20230903,Pierre Latour,8,Stage 8,0,0,0,0,0,0,0,0,0
2023,20230903,Pierre Latour,9,Stage 9,180,0,0,0,8,25,20,0,233
2023,20230903,Pierre Latour,10,Stage 10,0,0,0,0,0,0,0,0,0
2023,20230903,Pierre Latour,11,Stage 11,0,0,0,0,0,0,0,0,0
2023,20230903,Pierre Latour,12,Stage 12,0,0,0,0,0,0,0,4,4
2023,20230903,Pierre Latour,13,Stage 13,0,0,0,0,5,0,20,0,25
2023,20230903,Pierre Latour,14,Stage 14,0,0,0,0,0,0,0,0,0
2023,20230903,Pierre Latour,15,Stage 15,0,0,0,0,0,0,0,2,2
2023,20230903,Pierre Latour,16,Stage 16,16,0,0,0,0,0,0,0,16
2023,20230903,Pierre Latour,17,Stage 17,0,0,0,0,0,0,0,0,0
2023,20230903,Pierre Latour,18,Stage 18,0,0,0,0,0,0,0,0,0
2023,20230903,Pierre Latour,19,Stage 19,0,0,0,0,0,0,0,0,0
2023,20230903,Pierre Latour,20,Stage 20,0,0,0,0,0,0,0,0,0
2023,20230903,Pierre Latour,21,Stage 21,0,0,0,0,0,0,0,0,0
2023,20230903,Pierre Latour,22,Final Classifications,0,0,0,0,0,0,0,0,0
2023,20230615,Victor Campenaerts,1,Stage 1,0,0,0,0,0,0,0,0,0
2023,20230615,Victor Campenaerts,2,Stage 2,0,0,0,0,0,0,0,0,0
2023,20230615,Victor Campenaerts,3,Stage 3,0,0,0,0,0,0,0,2,2
2023,20230615,Victor Campenaerts,4,Stage 4,0,0,0,0,0,0,0,4,4
2023,20230615,Victor Campenaerts,5,Stage 5,0,0,0,0,8,0,20,0,28
2023,20230615,Victor Campenaerts,6,Stage 6,0,0,0,0,0,0,0,0,0
2023,20230615,Victor Campenaerts,7,Stage 7,0,0,0,0,0,0,0,0,0
2023,20230615,Victor Campenaerts,8,Stage 8,0,0,0,0,0,0,0,0,0
2023,20230615,Victor Campenaerts,9,Stage 9,40,0,0,0,0,0,20,0,60
2023,20230615,Victor Campenaerts,10,Stage 10,0,0,0,0,0,0,0,0,0
2023,20230615,Victor Campenaerts,11,Stage 11,0,0,0,0,0,0,0,0,0
2023,20230615,Victor Campenaerts,12,Stage 12,60,0,0,0,6,0,20,0,86
2023,20230615,Victor Campenaerts,13,Stage 13,0,0,0,0,0,0,0,4,4
2023,20230615,Victor Campenaerts,14,Stage 14,0,0,0,0,0,0,0,0,0
2023,20230615,Victor Campenaerts,15,Stage 15,0,0,0,0,0,0,0,0,0
2023,20230615,Victor Campenaerts,16,Stage 16,0,0,0,0,0,0,0,0,0
2023,20230615,Victor Campenaerts,17,Stage 17,0,0,0,0,0,0,0,0,0
2023,20230615,Victor Campenaerts,18,Stage 18,20,0,0,0,12,0,20,4,56
2023,20230615,Victor Campenaerts,19,Stage 19,0,0,0,0,16,0,20,0,36
2023,20230615,Victor Campenaerts,20,Stage 20,0,0,0,0,0,0,0,0,0
2023,20230615,Victor Campenaerts,21,Stage 21,0,0,0,0,0,0,0,0,0
2023,20230615,Victor Campenaerts,22,Final Classifications,0,0,0,0,0,0,0,0,0
2023,20230975,Felix Großschartner,1,Stage 1,0,0,0,0,0,0,0,24,24
2023,20230975,Felix Großschartner,2,Stage 2,0,0,0,0,0,0,0,14,14
2023,20230975,Felix Großschartner,3,Stage 3,0,0,0,0,0,0,0,12,12
2023,20230975,Felix Großschartner,4,Stage 4,0,0,0,0,0,0,0,12,12
2023,20230975,Felix Großschartner,5,Stage 5,0,0,0,0,0,0,0,0,0
2023,20230975,Felix Großschartner,6,Stage 6,0,0,0,0,0,0,0,12,12
2023,20230975,Felix Großschartner,7,Stage 7,0,0,0,0,0,0,0,4,4
2023,20230975,Felix Großschartner,8,Stage 8,0,0,0,0,0,0,0,4,4
2023,20230975,Felix Großschartner,9,Stage 9,0,0,0,0,0,0,0,4,4
2023,20230975,Felix Großschartner,10,Stage 10,0,0,0,0,0,0,0,4,4
2023,20230975,Felix Großschartner,11,Stage 11,0,0,0,0,0,0,0,4,4
2023,20230975,Felix Großschartner,12,Stage 12,0,0,0,0,0,0,0,4,4
2023,20230975,Felix Großschartner,13,Stage 13,0,0,0,0,0,0,0,6,6
2023,20230975,Felix Großschartner,14,Stage 14,12,0,0,0,0,0,0,10,22
2023,20230975,Felix Großschartner,15,Stage 15,0,0,0,0,0,0,0,6,6
2023,20230975,Felix Großschartner,16,Stage 16,0,0,0,0,0,0,0,0,0
2023,20230975,Felix Großschartner,17,Stage 17,0,0,0,0,0,0,0,10,10
2023,20230975,Felix Großschartner,18,Stage 18,0,0,0,0,0,0,0,10,10
2023,20230975,Felix Großschartner,19,Stage 19,0,0,0,0,0,0,0,10,10
2023,20230975,Felix Großschartner,20,Stage 20,0,0,0,0,0,0,0,18,18
2023,20230975,Felix Großschartner,21,Stage 21,0,0,0,0,0,0,0,10,10
2023,20230975,Felix Großschartner,22,Final Classifications,0,40,0,0,0,0,0,40,80
2023,20230273,Ion Izagirre,1,Stage 1,0,0,0,0,0,0,0,0,0
2023,20230273,Ion Izagirre,2,Stage 2,0,0,0,0,0,0,0,8,8
2023,20230273,Ion Izagirre,3,Stage 3,0,0,0,0,0,0,0,0,0
2023,20230273,Ion Izagirre,4,Stage 4,0,0,0,0,0,0,0,0,0
2023,20230273,Ion Izagirre,5,Stage 5,0,0,0,0,0,0,0,0,0
2023,20230273,Ion Izagirre,6,Stage 6,0,0,0,0,0,0,0,0,0
2023,20230273,Ion Izagirre,7,Stage 7,0,0,0,0,0,0,0,0,0
2023,20230273,Ion Izagirre,8,Stage 8,0,0,0,0,0,0,0,0,0
2023,20230273,Ion Izagirre,9,Stage 9,0,0,0,0,0,0,0,0,0
2023,20230273,Ion Izagirre,10,Stage 10,0,0,0,0,0,0,0,0,0
2023,20230273,Ion Izagirre,11,Stage 11,0,0,0,0,0,0,0,0,0
2023,20230273,Ion Izagirre,12,Stage 12,220,0,0,0,0,0,20,0,240
2023,20230273,Ion Izagirre,13,Stage 13,0,0,0,0,0,0,0,0,0
2023,20230273,Ion Izagirre,14,Stage 14,0,0,0,0,0,0,0,0,0
2023,20230273,Ion Izagirre,15,Stage 15,0,0,0,0,0,0,0,0,0
2023,20230273,Ion Izagirre,16,Stage 16,0,0,0,0,0,0,0,0,0
2023,20230273,Ion Izagirre,17,Stage 17,0,0,0,0,0,0,0,0,0
2023,20230273,Ion Izagirre,18,Stage 18,0,0,0,0,0,0,0,0,0
2023,20230273,Ion Izagirre,19,Stage 19,0,0,0,0,0,0,0,0,0
2023,20230273,Ion Izagirre,20,Stage 20,0,0,0,0,12,0,0,0,12
2023,20230273,Ion Izagirre,21,Stage 21,0,0,0,0,0,0,0,0,0
2023,20230273,Ion Izagirre,22,Final Classifications,0,0,0,0,0,0,0,0,0
2023,20230907,Peter Sagan,1,Stage 1,0,0,0,0,4,0,0,0,4
2023,20230907,Peter Sagan,2,Stage 2,0,0,0,0,0,0,0,0,0
2023,20230907,Peter Sagan,3,Stage 3,8,0,0,0,0,0,0,0,8
2023,20230907,Peter Sagan,4,Stage 4,35,0,0,0,3,0,0,0,38
2023,20230907,Peter Sagan,5,Stage 5,0,0,0,0,0,0,0,0,0
2023,20230907,Peter Sagan,6,Stage 6,0,0,0,0,0,0,0,0,0
2023,20230907,Peter Sagan,7,Stage 7,16,0,0,0,0,0,0,0,16
2023,20230907,Peter Sagan,8,Stage 8,20,0,0,0,0,0,0,0,20
2023,20230907,Peter Sagan,9,Stage 9,0,0,0,0,0,0,0,4,4
2023,20230907,Peter Sagan,10,Stage 10,0,0,0,0,0,0,0,0,0
2023,20230907,Peter Sagan,11,Stage 11,80,0,0,0,0,0,0,0,80
2023,20230907,Peter Sagan,12,Stage 12,0,0,0,0,0,0,0,4,4
2023,20230907,Peter Sagan,13,Stage 13,0,0,0,0,0,0,0,0,0
2023,20230907,Peter Sagan,14,Stage 14,0,0,0,0,0,0,0,0,0
2023,20230907,Peter Sagan,15,Stage 15,0,0,0,0,0,0,0,2,2
2023,20230907,Peter Sagan,16,Stage 16,0,0,0,0,0,0,0,0,0
2023,20230907,Peter Sagan,17,Stage 17,0,0,0,0,0,0,0,0,0
2023,20230907,Peter Sagan,18,Stage 18,25,0,0,0,0,0,0,0,25
2023,20230907,Peter Sagan,19,Stage 19,0,0,0,0,0,0,0,0,0
2023,20230907,Peter Sagan,20,Stage 20,0,0,0,0,0,0,0,0,0
2023,20230907,Peter Sagan,21,Stage 21,50,0,0,0,0,0,0,0,50
2023,20230907,Peter Sagan,22,Final Classifications,0,0,0,0,0,0,0,0,0
2023,20230013,Clément Berthet,1,Stage 1,0,0,0,0,0,0,0,0,0
2023,20230013,Clément Berthet,2,Stage 2,0,0,0,0,0,0,0,0,0
2023,20230013,Clément Berthet,3,Stage 3,0,0,0,0,0,0,0,0,0
2023,20230013,Clément Berthet,4,Stage 4,0,0,0,0,0,0,0,0,0
2023,20230013,Clément Berthet,5,Stage 5,0,0,0,0,0,0,0,2,2
2023,20230013,Clément Berthet,6,Stage 6,0,0,0,0,0,0,0,0,0
2023,20230013,Clément Berthet,7,Stage 7,0,0,0,0,0,0,0,0,0
2023,20230013,Clément Berthet,8,Stage 8,0,0,0,0,0,0,0,0,0
2023,20230013,Clément Berthet,9,Stage 9,120,0,0,0,2,10,20,0,152
2023,20230013,Clément Berthet,10,Stage 10,12,0,0,0,0,0,0,2,14
2023,20230013,Clément Berthet,11,Stage 11,0,0,0,0,0,0,0,0,0
2023,20230013,Clément Berthet,12,Stage 12,35,0,0,0,0,0,0,0,35
2023,20230013,Clément Berthet,13,Stage 13,0,1,0,0,0,0,0,0,1
2023,20230013,Clément Berthet,14,Stage 14,0,1,0,0,0,0,0,0,1
2023,20230013,Clément Berthet,15,Stage 15,0,1,0,0,0,0,0,0,1
2023,20230013,Clément Berthet,16,Stage 16,0,0,0,0,0,0,0,0,0
2023,20230013,Clément Berthet,17,Stage 17,0,0,0,0,0,0,0,8,8
2023,20230013,Clément Berthet,18,Stage 18,0,0,0,0,0,0,0,0,0
2023,20230013,Clément Berthet,19,Stage 19,0,0,0,0,0,0,0,2,2
2023,20230013,Clément Berthet,20,Stage 20,0,0,0,0,0,0,0,4,4
2023,20230013,Clément Berthet,21,Stage 21,0,0,0,0,0,0,0,0,0
2023,20230013,Clément Berthet,22,Final Classifications,0,30,0,0,0,0,0,0,30
2023,20230128,Jack Haig,1,Stage 1,0,0,0,0,0,0,0,0,0
2023,20230128,Jack Haig,2,Stage 2,30,0,0,0,0,0,0,4,34
2023,20230128,Jack Haig,3,Stage 3,0,0,0,0,0,0,0,8,8
2023,20230128,Jack Haig,4,Stage 4,0,0,0,0,0,0,0,6,6
2023,20230128,Jack Haig,5,Stage 5,50,0,0,0,0,4,0,0,54
2023,20230128,Jack Haig,6,Stage 6,0,0,0,0,0,0,0,2,2
2023,20230128,Jack Haig,7,Stage 7,0,0,0,0,0,0,0,2,2
2023,20230128,Jack Haig,8,Stage 8,0,0,0,0,0,0,0,2,2
2023,20230128,Jack Haig,9,Stage 9,0,0,0,0,0,0,0,10,10
2023,20230128,Jack Haig,10,Stage 10,0,0,0,0,0,0,0,16,16
2023,20230128,Jack Haig,11,Stage 11,0,0,0,0,0,0,0,10,10
2023,20230128,Jack Haig,12,Stage 12,0,0,0,0,0,0,0,8,8
2023,20230128,Jack Haig,13,Stage 13,0,0,0,0,0,0,0,4,4
2023,20230128,Jack Haig,14,Stage 14,0,0,0,0,0,0,0,0,0
2023,20230128,Jack Haig,15,Stage 15,0,0,0,0,0,0,0,8,8
2023,20230128,Jack Haig,16,Stage 16,0,0,0,0,0,0,0,0,0
2023,20230128,Jack Haig,17,Stage 17,0,0,0,0,6,6,0,2,14
2023,20230128,Jack Haig,18,Stage 18,0,0,0,0,0,0,0,0,0
2023,20230128,Jack Haig,19,Stage 19,0,0,0,0,6,0,20,10,36
2023,20230128,Jack Haig,20,Stage 20,0,0,0,0,0,0,0,0,0
2023,20230128,Jack Haig,21,Stage 21,0,0,0,0,0,0,0,0,0
2023,20230128,Jack Haig,22,Final Classifications,0,15,0,0,0,0,0,20,35
2023,20230639,Alex Aranburu,1,Stage 1,20,5,0,0,0,0,0,0,25
2023,20230639,Alex Aranburu,2,Stage 2,0,0,0,0,0,0,0,0,0
2023,20230639,Alex Aranburu,3,Stage 3,0,0,0,0,0,0,0,0,0
2023,20230639,Alex Aranburu,4,Stage 4,0,0,0,0,0,0,0,0,0
2023,20230639,Alex Aranburu,5,Stage 5,0,0,0,0,0,0,0,0,0
2023,20230639,Alex Aranburu,6,Stage 6,0,0,0,0,0,0,0,0,0
2023,20230639,Alex Aranburu,7,Stage 7,0,0,0,0,0,0,0,0,0
2023,20230639,Alex Aranburu,8,Stage 8,40,0,0,0,0,0,0,0,40
2023,20230639,Alex Aranburu,9,Stage 9,0,0,0,0,0,0,0,0,0
2023,20230639,Alex Aranburu,10,Stage 10,35,0,0,0,0,0,0,0,35
2023,20230639,Alex Aranburu,11,Stage 11,0,0,0,0,0,0,0,0,0
2023,20230639,Alex Aranburu,12,Stage 12,0,0,0,0,0,0,0,2,2
2023,20230639,Alex Aranburu,13,Stage 13,0,0,0,0,0,0,0,0,0
2023,20230639,Alex Aranburu,14,Stage 14,0,0,0,0,16,0,20,0,36
2023,20230639,Alex Aranburu,15,Stage 15,40,0,0,0,0,0,0,0,40
2023,20230639,Alex Aranburu,16,Stage 16,0,0,0,0,0,0,0,0,0
2023,20230639,Alex Aranburu,17,Stage 17,0,0,0,0,0,0,0,0,0
2023,20230639,Alex Aranburu,18,Stage 18,30,0,0,0,0,0,0,0,30
2023,20230639,Alex Aranburu,19,Stage 19,0,0,0,0,0,0,0,0,0
2023,20230639,Alex Aranburu,20,Stage 20,0,0,0,0,0,0,0,0,0
2023,20230639,Alex Aranburu,21,Stage 21,16,0,0,0,0,0,0,0,16
2023,20230639,Alex Aranburu,22,Final Classifications,0,0,0,0,0,0,0,0,0
2023,20230499,Daniel Felipe Martínez,1,Stage 1,0,0,0,0,0,0,0,0,0
2023,20230499,Daniel Felipe Martínez,2,Stage 2,0,0,0,0,0,0,0,2,2
2023,20230499,Daniel Felipe Martínez,3,Stage 3,0,0,0,0,0,0,0,2,2
2023,20230499,Daniel Felipe Martínez,4,Stage 4,0,0,0,0,0,0,0,2,2
2023,20230499,Daniel Felipe Martínez,5,Stage 5,95,0,0,2,0,25,0,4,126
2023,20230499,Daniel Felipe Martínez,6,Stage 6,0,0,0,0,0,0,0,4,4
2023,20230499,Daniel Felipe Martínez,7,Stage 7,0,0,0,0,0,0,0,4,4
2023,20230499,Daniel Felipe Martínez,8,Stage 8,0,0,0,0,0,0,0,4,4
2023,20230499,Daniel Felipe Martínez,9,Stage 9,0,0,0,0,0,0,0,4,4
2023,20230499,Daniel Felipe Martínez,10,Stage 10,0,0,0,0,0,0,0,4,4
2023,20230499,Daniel Felipe Martínez,11,Stage 11,0,0,0,0,0,0,0,4,4
2023,20230499,Daniel Felipe Martínez,12,Stage 12,0,0,0,0,0,0,0,4,4
2023,20230499,Daniel Felipe Martínez,13,Stage 13,0,0,0,0,0,0,0,16,16
2023,20230499,Daniel Felipe Martínez,14,Stage 14,0,0,0,0,6,2,20,18,46
2023,20230499,Daniel Felipe Martínez,15,Stage 15,0,0,0,0,0,0,0,0,0
2023,20230499,Daniel Felipe Martínez,16,Stage 16,0,0,0,0,0,0,0,0,0
2023,20230499,Daniel Felipe Martínez,17,Stage 17,0,0,0,0,0,0,0,0,0
2023,20230499,Daniel Felipe Martínez,18,Stage 18,0,0,0,0,0,0,0,0,0
2023,20230499,Daniel Felipe Martínez,19,Stage 19,0,0,0,0,0,0,0,0,0
2023,20230499,Daniel Felipe Martínez,20,Stage 20,0,0,0,0,0,0,0,0,0
2023,20230499,Daniel Felipe Martínez,21,Stage 21,0,0,0,0,0,0,0,0,0
2023,20230499,Daniel Felipe Martínez,22,Final Classifications,0,0,0,0,0,0,0,0,0
2023,20230702,Julian Alaphilippe,1,Stage 1,0,0,0,0,0,0,0,0,0
2023,20230702,Julian Alaphilippe,2,Stage 2,0,0,0,0,0,0,0,0,0
2023,20230702,Julian Alaphilippe,3,Stage 3,0,0,0,0,0,0,0,0,0
2023,20230702,Julian Alaphilippe,4,Stage 4,16,0,0,0,0,0,0,0,16
2023,20230702,Julian Alaphilippe,5,Stage 5,0,0,0,0,0,0,0,0,0
2023,20230702,Julian Alaphilippe,6,Stage 6,0,0,0,0,0,2,20,0,22
2023,20230702,Julian Alaphilippe,7,Stage 7,0,0,0,0,0,0,0,0,0
2023,20230702,Julian Alaphilippe,8,Stage 8,0,0,0,0,0,0,0,0,0
2023,20230702,Julian Alaphilippe,9,Stage 9,0,0,0,0,0,0,0,0,0
2023,20230702,Julian Alaphilippe,10,Stage 10,60,0,0,0,2,0,0,0,62
2023,20230702,Julian Alaphilippe,11,Stage 11,0,0,0,0,0,0,0,0,0
2023,20230702,Julian Alaphilippe,12,Stage 12,0,0,0,0,0,0,0,0,0
2023,20230702,Julian Alaphilippe,13,Stage 13,0,0,0,0,0,0,0,0,0
2023,20230702,Julian Alaphilippe,14,Stage 14,0,0,0,0,0,6,0,0,6
2023,20230702,Julian Alaphilippe,15,Stage 15,0,0,0,0,20,10,20,0,50
2023,20230702,Julian Alaphilippe,16,Stage 16,0,0,0,0,0,0,0,0,0
2023,20230702,Julian Alaphilippe,17,Stage 17,0,0,0,0,20,0,0,0,20
2023,20230702,Julian Alaphilippe,18,Stage 18,0,0,0,0,0,0,0,8,8
2023,20230702,Julian Alaphilippe,19,Stage 19,0,0,0,0,8,0,20,4,32
2023,20230702,Julian Alaphilippe,20,Stage 20,0,0,0,0,6,0,0,0,6
2023,20230702,Julian Alaphilippe,21,Stage 21,0,0,0,0,0,0,0,0,0
2023,20230702,Julian Alaphilippe,22,Final Classifications,0,0,0,0,0,0,0,0,0
2023,20230969,Mikkel Bjerg,1,Stage 1,0,0,0,0,0,0,0,24,24
2023,20230969,Mikkel Bjerg,2,Stage 2,0,0,0,0,0,0,0,14,14
2023,20230969,Mikkel Bjerg,3,Stage 3,0,0,0,0,0,0,0,12,12
2023,20230969,Mikkel Bjerg,4,Stage 4,0,0,0,0,0,0,0,12,12
2023,20230969,Mikkel Bjerg,5,Stage 5,0,0,0,0,0,0,0,0,0
2023,20230969,Mikkel Bjerg,6,Stage 6,0,0,0,0,0,0,0,12,12
2023,20230969,Mikkel Bjerg,7,Stage 7,0,0,0,0,1,0,0,4,5
2023,20230969,Mikkel Bjerg,8,Stage 8,0,0,0,0,0,0,0,4,4
2023,20230969,Mikkel Bjerg,9,Stage 9,0,0,0,0,0,0,0,4,4
2023,20230969,Mikkel Bjerg,10,Stage 10,0,0,0,0,0,0,0,4,4
2023,20230969,Mikkel Bjerg,11,Stage 11,0,0,0,0,0,0,0,4,4
2023,20230969,Mikkel Bjerg,12,Stage 12,0,0,0,0,0,0,0,4,4
2023,20230969,Mikkel Bjerg,13,Stage 13,0,0,0,0,0,0,0,6,6
2023,20230969,Mikkel Bjerg,14,Stage 14,0,0,0,0,0,0,0,10,10
2023,20230969,Mikkel Bjerg,15,Stage 15,0,0,0,0,0,0,0,6,6
2023,20230969,Mikkel Bjerg,16,Stage 16,0,0,0,0,0,0,0,0,0
2023,20230969,Mikkel Bjerg,17,Stage 17,0,0,0,0,0,0,0,10,10
2023,20230969,Mikkel Bjerg,18,Stage 18,0,0,0,0,0,0,0,10,10
2023,20230969,Mikkel Bjerg,19,Stage 19,0,0,0,0,0,0,0,10,10
2023,20230969,Mikkel Bjerg,20,Stage 20,0,0,0,0,0,0,0,18,18
2023,20230969,Mikkel Bjerg,21,Stage 21,0,0,0,0,0,0,0,10,10
2023,20230969,Mikkel Bjerg,22,Final Classifications,0,0,0,0,0,0,0,40,40
2023,20230095,Alexey Lutsenko,1,Stage 1,0,0,0,0,0,0,0,0,0
2023,20230095,Alexey Lutsenko,2,Stage 2,0,0,0,0,0,0,0,0,0
2023,20230095,Alexey Lutsenko,3,Stage 3,0,0,0,0,0,0,0,0,0
2023,20230095,Alexey Lutsenko,4,Stage 4,0,0,0,0,0,0,0,0,0
2023,20230095,Alexey Lutsenko,5,Stage 5,0,0,0,0,0,0,0,0,0
2023,20230095,Alexey Lutsenko,6,Stage 6,0,0,0,0,0,0,0,0,0
2023,20230095,Alexey Lutsenko,7,Stage 7,0,0,0,0,0,0,0,4,4
2023,20230095,Alexey Lutsenko,8,Stage 8,0,0,0,0,0,0,0,0,0
2023,20230095,Alexey Lutsenko,9,Stage 9,95,0,0,0,3,4,20,0,122
2023,20230095,Alexey Lutsenko,10,Stage 10,0,0,0,0,0,0,0,0,0
2023,20230095,Alexey Lutsenko,11,Stage 11,0,0,0,0,0,0,0,0,0
2023,20230095,Alexey Lutsenko,12,Stage 12,0,0,0,0,0,0,0,0,0
2023,20230095,Alexey Lutsenko,13,Stage 13,0,0,0,0,0,0,0,0,0
2023,20230095,Alexey Lutsenko,14,Stage 14,0,0,0,0,1,0,20,0,21
2023,20230095,Alexey Lutsenko,15,Stage 15,0,0,0,0,16,15,20,0,51
2023,20230095,Alexey Lutsenko,16,Stage 16,20,0,0,0,0,0,0,0,20
2023,20230095,Alexey Lutsenko,17,Stage 17,0,0,0,0,0,0,0,0,0
2023,20230095,Alexey Lutsenko,18,Stage 18,0,0,0,0,0,0,0,0,0
2023,20230095,Alexey Lutsenko,19,Stage 19,0,0,0,0,0,0,0,0,0
2023,20230095,Alexey Lutsenko,20,Stage 20,0,0,0,0,0,0,0,0,0
2023,20230095,Alexey Lutsenko,21,Stage 21,0,0,0,0,0,0,0,0,0
2023,20230095,Alexey Lutsenko,22,Final Classifications,0,0,0,0,0,0,0,0,0
2023,20230987,Marc Soler,1,Stage 1,0,0,0,0,0,0,0,24,24
2023,20230987,Marc Soler,2,Stage 2,0,0,0,0,0,0,0,14,14
2023,20230987,Marc Soler,3,Stage 3,0,0,0,0,0,0,0,12,12
2023,20230987,Marc Soler,4,Stage 4,0,0,0,0,0,0,0,12,12
2023,20230987,Marc Soler,5,Stage 5,0,0,0,0,0,0,0,0,0
2023,20230987,Marc Soler,6,Stage 6,0,0,0,0,0,0,0,12,12
2023,20230987,Marc Soler,7,Stage 7,0,0,0,0,0,0,0,4,4
2023,20230987,Marc Soler,8,Stage 8,0,0,0,0,0,0,0,4,4
2023,20230987,Marc Soler,9,Stage 9,0,0,0,0,0,0,0,4,4
2023,20230987,Marc Soler,10,Stage 10,0,0,0,0,0,0,0,4,4
2023,20230987,Marc Soler,11,Stage 11,0,0,0,0,0,0,0,4,4
2023,20230987,Marc Soler,12,Stage 12,0,0,0,0,0,0,0,4,4
2023,20230987,Marc Soler,13,Stage 13,0,0,0,0,0,0,0,6,6
2023,20230987,Marc Soler,14,Stage 14,0,0,0,0,0,0,0,10,10
2023,20230987,Marc Soler,15,Stage 15,0,0,0,0,0,0,0,6,6
2023,20230987,Marc Soler,16,Stage 16,0,0,0,0,0,0,0,0,0
2023,20230987,Marc Soler,17,Stage 17,0,0,0,0,0,0,0,10,10
2023,20230987,Marc Soler,18,Stage 18,0,0,0,0,0,0,0,10,10
2023,20230987,Marc Soler,19,Stage 19,0,0,0,0,0,0,0,10,10
2023,20230987,Marc Soler,20,Stage 20,0,0,0,0,0,0,0,18,18
2023,20230987,Marc Soler,21,Stage 21,0,0,0,0,0,0,0,10,10
2023,20230987,Marc Soler,22,Final Classifications,0,0,0,0,0,0,0,40,40
2023,20230978,Vegard Stake Laengen,1,Stage 1,0,0,0,0,0,0,0,24,24
2023,20230978,Vegard Stake Laengen,2,Stage 2,0,0,0,0,0,0,0,14,14
2023,20230978,Vegard Stake Laengen,3,Stage 3,0,0,0,0,0,0,0,12,12
2023,20230978,Vegard Stake Laengen,4,Stage 4,0,0,0,0,0,0,0,12,12
2023,20230978,Vegard Stake Laengen,5,Stage 5,0,0,0,0,0,0,0,0,0
2023,20230978,Vegard Stake Laengen,6,Stage 6,0,0,0,0,0,0,0,12,12
2023,20230978,Vegard Stake Laengen,7,Stage 7,0,0,0,0,0,0,0,4,4
2023,20230978,Vegard Stake Laengen,8,Stage 8,0,0,0,0,0,0,0,4,4
2023,20230978,Vegard Stake Laengen,9,Stage 9,0,0,0,0,0,0,0,4,4
2023,20230978,Vegard Stake Laengen,10,Stage 10,0,0,0,0,0,0,0,4,4
2023,20230978,Vegard Stake Laengen,11,Stage 11,0,0,0,0,0,0,0,4,4
2023,20230978,Vegard Stake Laengen,12,Stage 12,0,0,0,0,0,0,0,4,4
2023,20230978,Vegard Stake Laengen,13,Stage 13,0,0,0,0,0,0,0,6,6
2023,20230978,Vegard Stake Laengen,14,Stage 14,0,0,0,0,0,0,0,10,10
2023,20230978,Vegard Stake Laengen,15,Stage 15,0,0,0,0,0,0,0,6,6
2023,20230978,Vegard Stake Laengen,16,Stage 16,0,0,0,0,0,0,0,0,0
2023,20230978,Vegard Stake Laengen,17,Stage 17,0,0,0,0,0,0,0,10,10
2023,20230978,Vegard Stake Laengen,18,Stage 18,0,0,0,0,0,0,0,10,10
2023,20230978,Vegard Stake Laengen,19,Stage 19,0,0,0,0,0,0,0,10,10
2023,20230978,Vegard Stake Laengen,20,Stage 20,0,0,0,0,0,0,0,18,18
2023,20230978,Vegard Stake Laengen,21,Stage 21,0,0,0,0,0,0,0,10,10
2023,20230978,Vegard Stake Laengen,22,Final Classifications,0,0,0,0,0,0,0,40,40
2023,20230146,Fred Wright,1,Stage 1,0,0,0,0,0,0,0,0,0
2023,20230146,Fred Wright,2,Stage 2,0,0,0,0,0,0,0,4,4
2023,20230146,Fred Wright,3,Stage 3,0,0,0,0,0,0,0,8,8
2023,20230146,Fred Wright,4,Stage 4,0,0,0,0,0,0,0,6,6
2023,20230146,Fred Wright,5,Stage 5,0,0,0,0,0,0,0,0,0
2023,20230146,Fred Wright,6,Stage 6,0,0,0,0,0,0,0,2,2
2023,20230146,Fred Wright,7,Stage 7,0,0,0,0,0,0,0,2,2
2023,20230146,Fred Wright,8,Stage 8,35,0,0,0,0,0,0,2,37
2023,20230146,Fred Wright,9,Stage 9,0,0,0,0,0,0,0,10,10
2023,20230146,Fred Wright,10,Stage 10,0,0,0,0,0,0,0,16,16
2023,20230146,Fred Wright,11,Stage 11,0,0,0,0,0,0,0,10,10
2023,20230146,Fred Wright,12,Stage 12,0,0,0,0,0,0,0,8,8
2023,20230146,Fred Wright,13,Stage 13,0,0,0,0,2,0,20,4,26
2023,20230146,Fred Wright,14,Stage 14,0,0,0,0,0,0,0,0,0
2023,20230146,Fred Wright,15,Stage 15,0,0,0,0,0,0,0,8,8
2023,20230146,Fred Wright,16,Stage 16,8,0,0,0,0,0,0,0,8
2023,20230146,Fred Wright,17,Stage 17,0,0,0,0,0,0,0,2,2
2023,20230146,Fred Wright,18,Stage 18,0,0,0,0,0,0,0,0,0
2023,20230146,Fred Wright,19,Stage 19,25,0,0,0,0,0,0,10,35
2023,20230146,Fred Wright,20,Stage 20,0,0,0,0,0,0,0,0,0
2023,20230146,Fred Wright,21,Stage 21,4,0,0,0,0,0,0,0,4
2023,20230146,Fred Wright,22,Final Classifications,0,0,0,0,0,0,0,20,20
2023,20230859,Luka Mezgec,1,Stage 1,0,0,0,0,0,0,0,8,8
2023,20230859,Luka Mezgec,2,Stage 2,0,0,0,0,0,0,0,2,2
2023,20230859,Luka Mezgec,3,Stage 3,0,0,0,0,0,0,0,2,2
2023,20230859,Luka Mezgec,4,Stage 4,80,0,0,0,0,0,0,2,82
2023,20230859,Luka Mezgec,5,Stage 5,0,0,0,0,0,0,0,0,0
2023,20230859,Luka Mezgec,6,Stage 6,0,0,0,0,0,0,0,0,0
2023,20230859,Luka Mezgec,7,Stage 7,0,0,0,0,0,0,0,0,0
2023,20230859,Luka Mezgec,8,Stage 8,0,0,0,0,0,0,0,0,0
2023,20230859,Luka Mezgec,9,Stage 9,0,0,0,0,0,0,0,0,0
2023,20230859,Luka Mezgec,10,Stage 10,0,0,0,0,0,0,0,0,0
2023,20230859,Luka Mezgec,11,Stage 11,0,0,0,0,0,0,0,4,4
2023,20230859,Luka Mezgec,12,Stage 12,0,0,0,0,0,0,0,0,0
2023,20230859,Luka Mezgec,13,Stage 13,0,0,0,0,0,0,0,0,0
2023,20230859,Luka Mezgec,14,Stage 14,0,0,0,0,0,0,0,0,0
2023,20230859,Luka Mezgec,15,Stage 15,0,0,0,0,0,0,0,0,0
2023,20230859,Luka Mezgec,16,Stage 16,0,0,0,0,0,0,0,0,0
2023,20230859,Luka Mezgec,17,Stage 17,0,0,0,0,0,0,0,4,4
2023,20230859,Luka Mezgec,18,Stage 18,0,0,0,0,0,0,0,0,0
2023,20230859,Luka Mezgec,19,Stage 19,95,0,0,0,0,0,0,0,95
2023,20230859,Luka Mezgec,20,Stage 20,0,0,0,0,0,0,0,0,0
2023,20230859,Luka Mezgec,21,Stage 21,0,0,0,0,0,0,0,2,2
2023,20230859,Luka Mezgec,22,Final Classifications,0,0,0,0,0,0,0,0,0
2023,20230561,Krists Neilands,1,Stage 1,0,0,0,0,0,0,0,0,0
2023,20230561,Krists Neilands,2,Stage 2,0,0,0,0,0,0,0,0,0
2023,20230561,Krists Neilands,3,Stage 3,0,0,0,0,0,0,0,0,0
2023,20230561,Krists Neilands,4,Stage 4,0,0,0,0,0,0,0,0,0
2023,20230561,Krists Neilands,5,Stage 5,0,0,0,0,0,6,0,0,6
2023,20230561,Krists Neilands,6,Stage 6,0,0,0,0,0,0,20,0,20
2023,20230561,Krists Neilands,7,Stage 7,0,0,0,0,0,0,0,0,0
2023,20230561,Krists Neilands,8,Stage 8,0,0,0,0,0,0,0,0,0
2023,20230561,Krists Neilands,9,Stage 9,0,0,0,0,0,0,0,8,8
2023,20230561,Krists Neilands,10,Stage 10,140,0,0,0,0,0,0,0,140
2023,20230561,Krists Neilands,11,Stage 11,0,0,0,0,0,0,0,0,0
2023,20230561,Krists Neilands,12,Stage 12,0,0,0,0,0,0,0,0,0
2023,20230561,Krists Neilands,13,Stage 13,0,0,0,0,0,0,0,0,0
2023,20230561,Krists Neilands,14,Stage 14,0,0,0,0,0,0,0,0,0
2023,20230561,Krists Neilands,15,Stage 15,0,0,0,0,0,0,0,0,0
2023,20230561,Krists Neilands,16,Stage 16,0,0,0,0,0,0,0,0,0
2023,20230561,Krists Neilands,17,Stage 17,0,0,0,0,16,0,0,0,16
2023,20230561,Krists Neilands,18,Stage 18,0,0,0,0,0,0,0,0,0
2023,20230561,Krists Neilands,19,Stage 19,4,0,0,0,0,0,0,0,4
2023,20230561,Krists Neilands,20,Stage 20,0,0,0,0,3,0,0,0,3
2023,20230561,Krists Neilands,21,Stage 21,0,0,0,0,0,0,0,0,0
2023,20230561,Krists Neilands,22,Final Classifications,0,0,0,0,0,0,0,0,0
2023,20230713,Fabio Jakobsen,1,Stage 1,0,0,0,0,0,0,0,0,0
2023,20230713,Fabio Jakobsen,2,Stage 2,0,0,0,0,0,0,0,0,0
2023,20230713,Fabio Jakobsen,3,Stage 3,140,0,0,0,0,0,0,0,140
2023,20230713,Fabio Jakobsen,4,Stage 4,0,0,0,0,4,0,0,0,4
2023,20230713,Fabio Jakobsen,5,Stage 5,0,0,0,0,0,0,0,0,0
2023,20230713,Fabio Jakobsen,6,Stage 6,0,0,0,0,0,0,0,0,0
2023,20230713,Fabio Jakobsen,7,Stage 7,25,0,0,0,0,0,0,0,25
2023,20230713,Fabio Jakobsen,8,Stage 8,0,0,0,0,0,0,0,0,0
2023,20230713,Fabio Jakobsen,9,Stage 9,0,0,0,0,0,0,0,0,0
2023,20230713,Fabio Jakobsen,10,Stage 10,0,0,0,0,0,0,0,0,0
2023,20230713,Fabio Jakobsen,11,Stage 11,20,0,0,0,0,0,0,0,20
2023,20230713,Fabio Jakobsen,12,Stage 12,0,0,0,0,0,0,0,0,0
2023,20230713,Fabio Jakobsen,13,Stage 13,0,0,0,0,0,0,0,0,0
2023,20230713,Fabio Jakobsen,14,Stage 14,0,0,0,0,0,0,0,0,0
2023,20230713,Fabio Jakobsen,15,Stage 15,0,0,0,0,0,0,0,0,0
2023,20230713,Fabio Jakobsen,16,Stage 16,0,0,0,0,0,0,0,0,0
2023,20230713,Fabio Jakobsen,17,Stage 17,0,0,0,0,0,0,0,0,0
2023,20230713,Fabio Jakobsen,18,Stage 18,0,0,0,0,0,0,0,0,0
2023,20230713,Fabio Jakobsen,19,Stage 19,0,0,0,0,0,0,0,0,0
2023,20230713,Fabio Jakobsen,20,Stage 20,0,0,0,0,0,0,0,0,0
2023,20230713,Fabio Jakobsen,21,Stage 21,0,0,0,0,0,0,0,0,0
2023,20230713,Fabio Jakobsen,22,Final Classifications,0,0,0,0,0,0,0,0,0
2023,20230760,Matis Louvel,1,Stage 1,0,0,0,0,0,0,0,0,0
2023,20230760,Matis Louvel,2,Stage 2,0,0,0,0,0,0,0,0,0
2023,20230760,Matis Louvel,3,Stage 3,0,0,0,0,0,0,0,0,0
2023,20230760,Matis Louvel,4,Stage 4,0,0,0,0,0,0,0,0,0
2023,20230760,Matis Louvel,5,Stage 5,0,0,0,0,0,0,0,0,0
2023,20230760,Matis Louvel,6,Stage 6,0,0,0,0,0,0,20,0,20
2023,20230760,Matis Louvel,7,Stage 7,50,0,0,0,0,0,0,0,50
2023,20230760,Matis Louvel,8,Stage 8,50,0,0,0,0,0,0,0,50
2023,20230760,Matis Louvel,9,Stage 9,0,0,0,0,0,0,0,0,0
2023,20230760,Matis Louvel,10,Stage 10,0,0,0,0,0,0,0,0,0
2023,20230760,Matis Louvel,11,Stage 11,0,0,0,0,20,0,20,0,40
2023,20230760,Matis Louvel,12,Stage 12,0,0,0,0,0,0,0,0,0
2023,20230760,Matis Louvel,13,Stage 13,0,0,0,0,0,0,0,0,0
2023,20230760,Matis Louvel,14,Stage 14,0,0,0,0,0,0,0,0,0
2023,20230760,Matis Louvel,15,Stage 15,0,0,0,0,0,0,0,0,0
2023,20230760,Matis Louvel,16,Stage 16,0,0,0,0,0,0,0,0,0
2023,20230760,Matis Louvel,17,Stage 17,0,0,0,0,0,0,0,0,0
2023,20230760,Matis Louvel,18,Stage 18,0,0,0,0,0,0,0,0,0
2023,20230760,Matis Louvel,19,Stage 19,0,0,0,0,0,0,0,0,0
2023,20230760,Matis Louvel,20,Stage 20,0,0,0,0,0,0,0,0,0
2023,20230760,Matis Louvel,21,Stage 21,20,0,0,0,0,0,0,0,20
2023,20230760,Matis Louvel,22,Final Classifications,0,0,0,0,0,0,0,0,0
2023,20231002,Jonas Gregaard,1,Stage 1,0,0,0,2,6,0,20,0,28
2023,20231002,Jonas Gregaard,2,Stage 2,0,0,0,1,0,0,0,0,1
2023,20231002,Jonas Gregaard,3,Stage 3,0,0,0,0,0,0,0,0,0
2023,20231002,Jonas Gregaard,4,Stage 4,0,0,0,0,0,0,0,0,0
2023,20231002,Jonas Gregaard,5,Stage 5,0,0,0,0,0,0,0,0,0
2023,20231002,Jonas Gregaard,6,Stage 6,0,0,0,0,8,0,20,2,30
2023,20231002,Jonas Gregaard,7,Stage 7,0,0,0,0,0,0,0,0,0
2023,20231002,Jonas Gregaard,8,Stage 8,0,0,0,0,0,0,0,0,0
2023,20231002,Jonas Gregaard,9,Stage 9,80,0,0,0,12,2,20,0,114
2023,20231002,Jonas Gregaard,10,Stage 10,0,0,0,0,0,0,0,0,0
2023,20231002,Jonas Gregaard,11,Stage 11,0,0,0,0,0,0,0,0,0
2023,20231002,Jonas Gregaard,12,Stage 12,0,0,0,0,0,0,0,0,0
2023,20231002,Jonas Gregaard,13,Stage 13,0,0,0,0,0,0,0,0,0
2023,20231002,Jonas Gregaard,14,Stage 14,0,0,0,0,0,0,0,0,0
2023,20231002,Jonas Gregaard,15,Stage 15,0,0,0,0,0,0,0,0,0
2023,20231002,Jonas Gregaard,16,Stage 16,0,0,0,0,0,0,0,0,0
2023,20231002,Jonas Gregaard,17,Stage 17,0,0,0,0,0,0,0,0,0
2023,20231002,Jonas Gregaard,18,Stage 18,0,0,0,0,0,0,0,2,2
2023,20231002,Jonas Gregaard,19,Stage 19,0,0,0,0,0,0,0,0,0
2023,20231002,Jonas Gregaard,20,Stage 20,0,0,0,0,0,0,0,0,0
2023,20231002,Jonas Gregaard,21,Stage 21,0,0,0,0,0,0,0,0,0
2023,20231002,Jonas Gregaard,22,Final Classifications,0,0,0,0,0,0,0,0,0
2023,20230845,Lawson Craddock,1,Stage 1,0,0,0,0,0,0,0,8,8
2023,20230845,Lawson Craddock,2,Stage 2,0,0,0,0,0,0,0,2,2
2023,20230845,Lawson Craddock,3,Stage 3,0,0,0,0,0,0,0,2,2
2023,20230845,Lawson Craddock,4,Stage 4,0,0,0,0,0,0,0,2,2
2023,20230845,Lawson Craddock,5,Stage 5,0,0,0,0,0,0,0,0,0
2023,20230845,Lawson Craddock,6,Stage 6,0,0,0,0,0,0,0,0,0
2023,20230845,Lawson Craddock,7,Stage 7,0,0,0,0,0,0,0,0,0
2023,20230845,Lawson Craddock,8,Stage 8,0,0,0,0,0,0,0,0,0
2023,20230845,Lawson Craddock,9,Stage 9,0,0,0,0,0,0,0,0,0
2023,20230845,Lawson Craddock,10,Stage 10,0,0,0,0,0,0,0,0,0
2023,20230845,Lawson Craddock,11,Stage 11,0,0,0,0,0,0,0,4,4
2023,20230845,Lawson Craddock,12,Stage 12,0,0,0,0,0,0,0,0,0
2023,20230845,Lawson Craddock,13,Stage 13,0,0,0,0,0,0,0,0,0
2023,20230845,Lawson Craddock,14,Stage 14,0,0,0,0,0,0,0,0,0
2023,20230845,Lawson Craddock,15,Stage 15,140,0,0,0,0,8,0,0,148
2023,20230845,Lawson Craddock,16,Stage 16,0,0,0,0,0,0,0,0,0
2023,20230845,Lawson Craddock,17,Stage 17,0,0,0,0,0,2,0,4,6
2023,20230845,Lawson Craddock,18,Stage 18,0,0,0,0,0,0,0,0,0
2023,20230845,Lawson Craddock,19,Stage 19,0,0,0,0,0,0,0,0,0
2023,20230845,Lawson Craddock,20,Stage 20,0,0,0,0,0,0,0,0,0
2023,20230845,Lawson Craddock,21,Stage 21,0,0,0,0,1,0,0,2,3
2023,20230845,Lawson Craddock,22,Final Classifications,0,0,0,0,0,0,0,0,0
2023,20230821,Sam Welsford,1,Stage 1,0,0,0,0,0,0,0,0,0
2023,20230821,Sam Welsford,2,Stage 2,0,0,0,0,6,0,0,0,6
2023,20230821,Sam Welsford,3,Stage 3,35,0,0,0,0,0,0,0,35
2023,20230821,Sam Welsford,4,Stage 4,0,0,0,0,0,0,0,0,0
2023,20230821,Sam Welsford,5,Stage 5,0,0,0,0,0,0,0,0,0
2023,20230821,Sam Welsford,6,Stage 6,0,0,0,0,0,0,0,0,0
2023,20230821,Sam Welsford,7,Stage 7,35,0,0,0,0,0,0,0,35
2023,20230821,Sam Welsford,8,Stage 8,0,0,0,0,0,0,0,0,0
2023,20230821,Sam Welsford,9,Stage 9,0,0,0,0,0,0,0,0,0
2023,20230821,Sam Welsford,10,Stage 10,0,0,0,0,0,0,0,0,0
2023,20230821,Sam Welsford,11,Stage 11,60,0,0,0,0,0,0,0,60
2023,20230821,Sam Welsford,12,Stage 12,0,0,0,0,0,0,0,0,0
2023,20230821,Sam Welsford,13,Stage 13,0,0,0,0,0,0,0,0,0
2023,20230821,Sam Welsford,14,Stage 14,0,0,0,0,0,0,0,0,0
2023,20230821,Sam Welsford,15,Stage 15,0,0,0,0,0,0,0,0,0
2023,20230821,Sam Welsford,16,Stage 16,0,0,0,0,0,0,0,0,0
2023,20230821,Sam Welsford,17,Stage 17,0,0,0,0,0,0,0,0,0
2023,20230821,Sam Welsford,18,Stage 18,4,0,0,0,0,0,0,0,4
2023,20230821,Sam Welsford,19,Stage 19,0,0,0,0,0,0,0,0,0
2023,20230821,Sam Welsford,20,Stage 20,0,0,0,0,0,0,0,0,0
2023,20230821,Sam Welsford,21,Stage 21,30,0,0,0,0,0,0,0,30
2023,20230821,Sam Welsford,22,Final Classifications,0,0,0,0,0,0,0,0,0
2023,20230707,Rémi Cavagna,1,Stage 1,0,0,0,0,0,0,0,0,0
2023,20230707,Rémi Cavagna,2,Stage 2,0,0,0,0,16,0,20,0,36
2023,20230707,Rémi Cavagna,3,Stage 3,0,0,0,0,0,0,0,0,0
2023,20230707,Rémi Cavagna,4,Stage 4,0,0,0,0,0,0,0,0,0
2023,20230707,Rémi Cavagna,5,Stage 5,0,0,0,0,6,0,0,0,6
2023,20230707,Rémi Cavagna,6,Stage 6,0,0,0,0,0,0,0,0,0
2023,20230707,Rémi Cavagna,7,Stage 7,0,0,0,0,0,0,0,0,0
2023,20230707,Rémi Cavagna,8,Stage 8,0,0,0,0,0,0,0,0,0
2023,20230707,Rémi Cavagna,9,Stage 9,0,0,0,0,0,0,0,0,0
2023,20230707,Rémi Cavagna,10,Stage 10,0,0,0,0,0,0,0,0,0
2023,20230707,Rémi Cavagna,11,Stage 11,0,0,0,0,0,0,0,0,0
2023,20230707,Rémi Cavagna,12,Stage 12,0,0,0,0,0,0,0,0,0
2023,20230707,Rémi Cavagna,13,Stage 13,0,0,0,0,0,0,0,0,0
2023,20230707,Rémi Cavagna,14,Stage 14,0,0,0,0,0,0,0,0,0
2023,20230707,Rémi Cavagna,15,Stage 15,0,0,0,0,0,0,0,0,0
2023,20230707,Rémi Cavagna,16,Stage 16,110,0,0,0,0,0,0,0,110
2023,20230707,Rémi Cavagna,17,Stage 17,0,0,0,0,0,0,0,0,0
2023,20230707,Rémi Cavagna,18,Stage 18,0,0,0,0,0,0,0,8,8
2023,20230707,Rémi Cavagna,19,Stage 19,0,0,0,0,0,0,0,4,4
2023,20230707,Rémi Cavagna,20,Stage 20,0,0,0,0,0,0,0,0,0
2023,20230707,Rémi Cavagna,21,Stage 21,0,0,0,0,2,0,0,0,2
2023,20230707,Rémi Cavagna,22,Final Classifications,0,0,0,0,0,0,0,0,0
2023,20230069,Mathieu Van Der Poel,1,Stage 1,0,0,0,0,0,0,0,0,0
2023,20230069,Mathieu Van Der Poel,2,Stage 2,0,0,0,0,0,0,0,0,0
2023,20230069,Mathieu Van Der Poel,3,Stage 3,0,0,0,0,0,0,0,8,8
2023,20230069,Mathieu Van Der Poel,4,Stage 4,0,0,0,0,0,0,0,8,8
2023,20230069,Mathieu Van Der Poel,5,Stage 5,0,0,0,0,0,0,0,0,0
2023,20230069,Mathieu Van Der Poel,6,Stage 6,0,0,0,0,12,4,20,0,36
2023,20230069,Mathieu Van Der Poel,7,Stage 7,0,0,0,0,0,0,0,8,8
2023,20230069,Mathieu Van Der Poel,8,Stage 8,0,0,0,0,0,0,0,4,4
2023,20230069,Mathieu Van Der Poel,9,Stage 9,0,0,0,0,0,0,0,0,0
2023,20230069,Mathieu Van Der Poel,10,Stage 10,0,0,0,0,0,0,0,0,0
2023,20230069,Mathieu Van Der Poel,11,Stage 11,0,0,0,0,0,0,0,8,8
2023,20230069,Mathieu Van Der Poel,12,Stage 12,0,0,0,0,16,0,20,0,36
2023,20230069,Mathieu Van Der Poel,13,Stage 13,0,0,0,0,0,0,0,0,0
2023,20230069,Mathieu Van Der Poel,14,Stage 14,0,0,0,0,0,0,0,0,0
2023,20230069,Mathieu Van Der Poel,15,Stage 15,0,0,0,0,6,0,0,0,6
2023,20230069,Mathieu Van Der Poel,16,Stage 16,0,0,0,0,0,0,0,0,0
2023,20230069,Mathieu Van Der Poel,17,Stage 17,0,0,0,0,0,0,0,0,0
2023,20230069,Mathieu Van Der Poel,18,Stage 18,0,0,0,0,3,0,0,0,3
2023,20230069,Mathieu Van Der Poel,19,Stage 19,40,0,0,0,0,0,0,0,40
2023,20230069,Mathieu Van Der Poel,20,Stage 20,0,0,0,0,4,0,0,0,4
2023,20230069,Mathieu Van Der Poel,21,Stage 21,0,0,0,0,0,0,0,4,4
2023,20230069,Mathieu Van Der Poel,22,Final Classifications,0,0,0,0,0,0,0,0,0
2023,20230213,Danny Van Poppel,1,Stage 1,0,0,0,0,0,0,0,0,0
2023,20230213,Danny Van Poppel,2,Stage 2,0,0,0,0,0,0,0,0,0
2023,20230213,Danny Van Poppel,3,Stage 3,0,0,0,0,0,0,0,0,0
2023,20230213,Danny Van Poppel,4,Stage 4,110,0,0,0,0,0,0,0,110
2023,20230213,Danny Van Poppel,5,Stage 5,0,0,0,0,0,0,0,16,16
2023,20230213,Danny Van Poppel,6,Stage 6,0,0,0,0,0,0,0,2,2
2023,20230213,Danny Van Poppel,7,Stage 7,0,0,0,0,0,0,0,2,2
2023,20230213,Danny Van Poppel,8,Stage 8,0,0,0,0,5,0,0,2,7
2023,20230213,Danny Van Poppel,9,Stage 9,0,0,0,0,0,0,0,2,2
2023,20230213,Danny Van Poppel,10,Stage 10,0,0,0,0,0,0,0,2,2
2023,20230213,Danny Van Poppel,11,Stage 11,0,0,0,0,3,0,0,2,5
2023,20230213,Danny Van Poppel,12,Stage 12,0,0,0,0,0,0,0,2,2
2023,20230213,Danny Van Poppel,13,Stage 13,0,0,0,0,0,0,0,2,2
2023,20230213,Danny Van Poppel,14,Stage 14,0,0,0,0,0,0,0,0,0
2023,20230213,Danny Van Poppel,15,Stage 15,0,0,0,0,0,0,0,0,0
2023,20230213,Danny Van Poppel,16,Stage 16,0,0,0,0,0,0,0,0,0
2023,20230213,Danny Van Poppel,17,Stage 17,0,0,0,0,0,0,0,0,0
2023,20230213,Danny Van Poppel,18,Stage 18,0,0,0,0,0,0,0,0,0
2023,20230213,Danny Van Poppel,19,Stage 19,0,0,0,0,0,0,0,0,0
2023,20230213,Danny Van Poppel,20,Stage 20,0,0,0,0,0,0,0,0,0
2023,20230213,Danny Van Poppel,21,Stage 21,0,0,0,0,0,0,0,8,8
2023,20230213,Danny Van Poppel,22,Final Classifications,0,0,0,0,0,0,0,0,0
2023,20230450,Valentin Madouas,1,Stage 1,4,1,0,0,0,0,0,2,7
2023,20230450,Valentin Madouas,2,Stage 2,0,0,0,0,0,0,0,0,0
2023,20230450,Valentin Madouas,3,Stage 3,0,0,0,0,0,0,0,0,0
2023,20230450,Valentin Madouas,4,Stage 4,0,0,0,0,0,0,0,0,0
2023,20230450,Valentin Madouas,5,Stage 5,30,0,0,0,0,0,0,0,30
2023,20230450,Valentin Madouas,6,Stage 6,0,0,0,0,0,0,0,0,0
2023,20230450,Valentin Madouas,7,Stage 7,0,0,0,0,0,0,0,0,0
2023,20230450,Valentin Madouas,8,Stage 8,0,0,0,0,0,0,0,0,0
2023,20230450,Valentin Madouas,9,Stage 9,0,1,0,0,0,0,0,0,1
2023,20230450,Valentin Madouas,10,Stage 10,0,1,0,0,0,0,0,0,1
2023,20230450,Valentin Madouas,11,Stage 11,0,1,0,0,0,0,0,0,1
2023,20230450,Valentin Madouas,12,Stage 12,0,1,0,0,0,0,0,0,1
2023,20230450,Valentin Madouas,13,Stage 13,0,2,0,0,0,0,0,0,2
2023,20230450,Valentin Madouas,14,Stage 14,0,4,0,0,0,0,0,0,4
2023,20230450,Valentin Madouas,15,Stage 15,0,0,0,0,0,0,0,0,0
2023,20230450,Valentin Madouas,16,Stage 16,0,1,0,0,0,0,0,0,1
2023,20230450,Valentin Madouas,17,Stage 17,35,1,0,0,0,0,0,0,36
2023,20230450,Valentin Madouas,18,Stage 18,0,1,0,0,0,0,0,0,1
2023,20230450,Valentin Madouas,19,Stage 19,0,0,0,0,0,0,0,0,0
2023,20230450,Valentin Madouas,20,Stage 20,0,1,0,0,0,2,0,0,3
2023,20230450,Valentin Madouas,21,Stage 21,0,1,0,0,0,0,0,0,1
2023,20230450,Valentin Madouas,22,Final Classifications,0,55,0,0,0,0,0,10,65
2023,20230756,Simon Guglielmi,1,Stage 1,0,0,0,0,16,0,20,0,36
2023,20230756,Simon Guglielmi,2,Stage 2,0,0,0,0,0,0,0,0,0
2023,20230756,Simon Guglielmi,3,Stage 3,0,0,0,0,0,0,0,0,0
2023,20230756,Simon Guglielmi,4,Stage 4,0,0,0,0,0,0,0,0,0
2023,20230756,Simon Guglielmi,5,Stage 5,0,0,0,0,0,0,0,0,0
2023,20230756,Simon Guglielmi,6,Stage 6,0,0,0,0,0,0,0,0,0
2023,20230756,Simon Guglielmi,7,Stage 7,0,0,0,0,20,0,20,0,40
2023,20230756,Simon Guglielmi,8,Stage 8,0,0,0,0,0,0,0,0,0
2023,20230756,Simon Guglielmi,9,Stage 9,0,0,0,0,0,0,0,0,0
2023,20230756,Simon Guglielmi,10,Stage 10,0,0,0,0,0,0,0,0,0
2023,20230756,Simon Guglielmi,11,Stage 11,0,0,0,0,0,0,0,0,0
2023,20230756,Simon Guglielmi,12,Stage 12,0,0,0,0,0,0,0,0,0
2023,20230756,Simon Guglielmi,13,Stage 13,0,0,0,0,0,0,0,0,0
2023,20230756,Simon Guglielmi,14,Stage 14,0,0,0,0,0,0,0,0,0
2023,20230756,Simon Guglielmi,15,Stage 15,70,0,0,0,0,0,0,0,70
2023,20230756,Simon Guglielmi,16,Stage 16,0,0,0,0,0,0,0,0,0
2023,20230756,Simon Guglielmi,17,Stage 17,0,0,0,0,0,0,0,0,0
2023,20230756,Simon Guglielmi,18,Stage 18,0,0,0,0,0,0,0,0,0
2023,20230756,Simon Guglielmi,19,Stage 19,0,0,0,0,0,0,0,0,0
2023,20230756,Simon Guglielmi,20,Stage 20,8,0,0,0,0,0,0,0,8
2023,20230756,Simon Guglielmi,21,Stage 21,0,0,0,0,0,0,0,0,0
2023,20230756,Simon Guglielmi,22,Final Classifications,0,0,0,0,0,0,0,0,0
2023,20230616,Jasper De Buyst,1,Stage 1,0,0,0,0,0,0,0,0,0
2023,20230616,Jasper De Buyst,2,Stage 2,0,0,0,0,0,0,0,0,0
2023,20230616,Jasper De Buyst,3,Stage 3,0,0,0,0,0,0,0,2,2
2023,20230616,Jasper De Buyst,4,Stage 4,0,0,0,0,0,0,0,4,4
2023,20230616,Jasper De Buyst,5,Stage 5,0,0,0,0,0,0,0,0,0
2023,20230616,Jasper De Buyst,6,Stage 6,0,0,0,0,0,0,0,0,0
2023,20230616,Jasper De Buyst,7,Stage 7,0,0,0,0,0,0,0,0,0
2023,20230616,Jasper De Buyst,8,Stage 8,95,0,0,0,0,0,0,0,95
2023,20230616,Jasper De Buyst,9,Stage 9,0,0,0,0,0,0,0,0,0
2023,20230616,Jasper De Buyst,10,Stage 10,0,0,0,0,0,0,0,0,0
2023,20230616,Jasper De Buyst,11,Stage 11,0,0,0,0,0,0,0,0,0
2023,20230616,Jasper De Buyst,12,Stage 12,0,0,0,0,0,0,0,0,0
2023,20230616,Jasper De Buyst,13,Stage 13,0,0,0,0,0,0,0,4,4
2023,20230616,Jasper De Buyst,14,Stage 14,0,0,0,0,0,0,0,0,0
2023,20230616,Jasper De Buyst,15,Stage 15,0,0,0,0,0,0,0,0,0
2023,20230616,Jasper De Buyst,16,Stage 16,0,0,0,0,0,0,0,0,0
2023,20230616,Jasper De Buyst,17,Stage 17,0,0,0,0,0,0,0,0,0
2023,20230616,Jasper De Buyst,18,Stage 18,40,0,0,0,0,0,0,4,44
2023,20230616,Jasper De Buyst,19,Stage 19,0,0,0,0,0,0,0,0,0
2023,20230616,Jasper De Buyst,20,Stage 20,0,0,0,0,0,0,0,0,0
2023,20230616,Jasper De Buyst,21,Stage 21,0,0,0,0,0,0,0,0,0
2023,20230616,Jasper De Buyst,22,Final Classifications,0,0,0,0,0,0,0,0,0
2023,20230309,Esteban Chaves,1,Stage 1,0,0,0,1,0,0,0,0,1
2023,20230309,Esteban Chaves,2,Stage 2,0,0,0,0,0,0,0,0,0
2023,20230309,Esteban Chaves,3,Stage 3,0,0,0,0,0,0,0,0,0
2023,20230309,Esteban Chaves,4,Stage 4,0,0,0,0,0,0,0,0,0
2023,20230309,Esteban Chaves,5,Stage 5,0,0,0,0,0,0,0,0,0
2023,20230309,Esteban Chaves,6,Stage 6,0,0,0,0,0,0,0,0,0
2023,20230309,Esteban Chaves,7,Stage 7,0,0,0,0,0,0,0,0,0
2023,20230309,Esteban Chaves,8,Stage 8,0,0,0,0,0,0,0,0,0
2023,20230309,Esteban Chaves,9,Stage 9,0,0,0,0,0,0,0,0,0
2023,20230309,Esteban Chaves,10,Stage 10,120,0,0,0,6,0,20,0,146
2023,20230309,Esteban Chaves,11,Stage 11,0,0,0,0,0,0,0,0,0
2023,20230309,Esteban Chaves,12,Stage 12,0,0,0,0,0,0,0,0,0
2023,20230309,Esteban Chaves,13,Stage 13,0,0,0,0,0,0,0,0,0
2023,20230309,Esteban Chaves,14,Stage 14,0,0,0,0,0,0,0,0,0
2023,20230309,Esteban Chaves,15,Stage 15,0,0,0,0,0,0,0,0,0
2023,20230309,Esteban Chaves,16,Stage 16,0,0,0,0,0,0,0,0,0
2023,20230309,Esteban Chaves,17,Stage 17,0,0,0,0,0,0,0,0,0
2023,20230309,Esteban Chaves,18,Stage 18,0,0,0,0,0,0,0,0,0
2023,20230309,Esteban Chaves,19,Stage 19,0,0,0,0,0,0,0,0,0
2023,20230309,Esteban Chaves,20,Stage 20,0,0,0,0,0,0,0,0,0
2023,20230309,Esteban Chaves,21,Stage 21,0,0,0,0,0,0,0,0,0
2023,20230309,Esteban Chaves,22,Final Classifications,0,0,0,0,0,0,0,0,0
2023,20231021,Søren Wærenskjold,1,Stage 1,0,0,0,0,0,0,0,0,0
2023,20231021,Søren Wærenskjold,2,Stage 2,0,0,0,0,0,0,0,0,0
2023,20231021,Søren Wærenskjold,3,Stage 3,25,0,0,0,0,0,0,0,25
2023,20231021,Søren Wærenskjold,4,Stage 4,0,0,0,0,0,0,0,0,0
2023,20231021,Søren Wærenskjold,5,Stage 5,0,0,0,0,0,0,0,0,0
2023,20231021,Søren Wærenskjold,6,Stage 6,0,0,0,0,0,0,0,2,2
2023,20231021,Søren Wærenskjold,7,Stage 7,12,0,0,0,0,0,0,0,12
2023,20231021,Søren Wærenskjold,8,Stage 8,0,0,0,0,0,0,0,0,0
2023,20231021,Søren Wærenskjold,9,Stage 9,0,0,0,0,0,0,0,0,0
2023,20231021,Søren Wærenskjold,10,Stage 10,0,0,0,0,0,0,0,0,0
2023,20231021,Søren Wærenskjold,11,Stage 11,16,0,0,0,0,0,0,0,16
2023,20231021,Søren Wærenskjold,12,Stage 12,0,0,0,0,0,0,0,0,0
2023,20231021,Søren Wærenskjold,13,Stage 13,0,0,0,0,0,0,0,0,0
2023,20231021,Søren Wærenskjold,14,Stage 14,0,0,0,0,0,0,0,0,0
2023,20231021,Søren Wærenskjold,15,Stage 15,0,0,0,0,0,0,0,0,0
2023,20231021,Søren Wærenskjold,16,Stage 16,0,0,0,0,0,0,0,0,0
2023,20231021,Søren Wærenskjold,17,Stage 17,0,0,0,0,0,0,0,0,0
2023,20231021,Søren Wærenskjold,18,Stage 18,0,0,0,0,0,0,0,2,2
2023,20231021,Søren Wærenskjold,19,Stage 19,0,0,0,0,0,0,0,0,0
2023,20231021,Søren Wærenskjold,20,Stage 20,0,0,0,0,0,0,0,0,0
2023,20231021,Søren Wærenskjold,21,Stage 21,80,0,0,0,0,0,0,0,80
2023,20231021,Søren Wærenskjold,22,Final Classifications,0,0,0,0,0,0,0,0,0
2023,20230121,Nikias Arndt,1,Stage 1,0,0,0,0,0,0,0,0,0
2023,20230121,Nikias Arndt,2,Stage 2,0,0,0,0,0,0,0,4,4
2023,20230121,Nikias Arndt,3,Stage 3,0,0,0,0,0,0,0,8,8
2023,20230121,Nikias Arndt,4,Stage 4,0,0,0,0,0,0,0,6,6
2023,20230121,Nikias Arndt,5,Stage 5,0,0,0,0,0,0,0,0,0
2023,20230121,Nikias Arndt,6,Stage 6,0,0,0,0,2,0,0,2,4
2023,20230121,Nikias Arndt,7,Stage 7,0,0,0,0,0,0,0,2,2
2023,20230121,Nikias Arndt,8,Stage 8,0,0,0,0,0,0,0,2,2
2023,20230121,Nikias Arndt,9,Stage 9,0,0,0,0,0,0,0,10,10
2023,20230121,Nikias Arndt,10,Stage 10,0,0,0,0,0,0,0,16,16
2023,20230121,Nikias Arndt,11,Stage 11,0,0,0,0,0,0,0,10,10
2023,20230121,Nikias Arndt,12,Stage 12,0,0,0,0,0,0,0,8,8
2023,20230121,Nikias Arndt,13,Stage 13,0,0,0,0,0,0,0,4,4
2023,20230121,Nikias Arndt,14,Stage 14,0,0,0,0,0,0,0,0,0
2023,20230121,Nikias Arndt,15,Stage 15,0,0,0,0,0,0,0,8,8
2023,20230121,Nikias Arndt,16,Stage 16,0,0,0,0,0,0,0,0,0
2023,20230121,Nikias Arndt,17,Stage 17,0,0,0,0,0,0,0,2,2
2023,20230121,Nikias Arndt,18,Stage 18,12,0,0,0,0,0,0,0,12
2023,20230121,Nikias Arndt,19,Stage 19,0,0,0,0,0,0,0,10,10
2023,20230121,Nikias Arndt,20,Stage 20,0,0,0,0,0,0,0,0,0
2023,20230121,Nikias Arndt,21,Stage 21,0,0,0,0,6,0,0,0,6
2023,20230121,Nikias Arndt,22,Final Classifications,0,0,0,0,0,0,0,20,20
2023,20230488,Egan Bernal,1,Stage 1,0,0,0,0,0,0,0,0,0
2023,20230488,Egan Bernal,2,Stage 2,4,2,0,0,0,0,0,2,8
2023,20230488,Egan Bernal,3,Stage 3,0,3,0,0,0,0,0,2,5
2023,20230488,Egan Bernal,4,Stage 4,0,0,0,0,0,0,0,2,2
2023,20230488,Egan Bernal,5,Stage 5,0,1,0,0,0,0,0,4,5
2023,20230488,Egan Bernal,6,Stage 6,0,0,0,0,0,0,0,4,4
2023,20230488,Egan Bernal,7,Stage 7,0,0,0,0,0,0,0,4,4
2023,20230488,Egan Bernal,8,Stage 8,0,0,0,0,0,0,0,4,4
2023,20230488,Egan Bernal,9,Stage 9,0,0,0,0,0,0,0,4,4
2023,20230488,Egan Bernal,10,Stage 10,0,0,0,0,0,0,0,4,4
2023,20230488,Egan Bernal,11,Stage 11,0,0,0,0,0,0,0,4,4
2023,20230488,Egan Bernal,12,Stage 12,0,0,0,0,0,0,0,4,4
2023,20230488,Egan Bernal,13,Stage 13,0,0,0,0,0,0,0,16,16
2023,20230488,Egan Bernal,14,Stage 14,0,0,0,0,0,0,0,18,18
2023,20230488,Egan Bernal,15,Stage 15,0,0,0,0,0,0,0,6,6
2023,20230488,Egan Bernal,16,Stage 16,0,0,0,0,0,0,0,0,0
2023,20230488,Egan Bernal,17,Stage 17,0,0,0,0,0,0,0,2,2
2023,20230488,Egan Bernal,18,Stage 18,0,0,0,0,0,0,0,2,2
2023,20230488,Egan Bernal,19,Stage 19,0,0,0,0,0,0,0,0,0
2023,20230488,Egan Bernal,20,Stage 20,0,0,0,0,0,0,0,2,2
2023,20230488,Egan Bernal,21,Stage 21,0,0,0,0,0,0,0,2,2
2023,20230488,Egan Bernal,22,Final Classifications,0,0,0,0,0,0,0,30,30
2023,20230802,Nils Eekhoff,1,Stage 1,0,0,0,0,0,0,0,0,0
2023,20230802,Nils Eekhoff,2,Stage 2,0,0,0,0,0,0,0,0,0
2023,20230802,Nils Eekhoff,3,Stage 3,0,0,0,0,0,0,0,0,0
2023,20230802,Nils Eekhoff,4,Stage 4,0,0,0,0,0,0,0,0,0
2023,20230802,Nils Eekhoff,5,Stage 5,0,0,0,0,0,0,0,0,0
2023,20230802,Nils Eekhoff,6,Stage 6,0,0,0,0,0,0,0,0,0
2023,20230802,Nils Eekhoff,7,Stage 7,0,0,0,0,0,0,0,0,0
2023,20230802,Nils Eekhoff,8,Stage 8,120,0,0,0,0,0,0,0,120
2023,20230802,Nils Eekhoff,9,Stage 9,0,0,0,0,0,0,0,0,0
2023,20230802,Nils Eekhoff,10,Stage 10,0,0,0,0,0,0,0,0,0
2023,20230802,Nils Eekhoff,11,Stage 11,0,0,0,0,0,0,0,0,0
2023,20230802,Nils Eekhoff,12,Stage 12,0,0,0,0,0,0,0,0,0
2023,20230802,Nils Eekhoff,13,Stage 13,0,0,0,0,0,0,0,0,0
2023,20230802,Nils Eekhoff,14,Stage 14,0,0,0,0,0,0,0,0,0
2023,20230802,Nils Eekhoff,15,Stage 15,0,0,0,0,0,0,0,0,0
2023,20230802,Nils Eekhoff,16,Stage 16,0,0,0,0,0,0,0,0,0
2023,20230802,Nils Eekhoff,17,Stage 17,0,0,0,0,0,0,0,0,0
2023,20230802,Nils Eekhoff,18,Stage 18,0,0,0,0,2,0,0,0,2
2023,20230802,Nils Eekhoff,19,Stage 19,0,0,0,0,0,0,0,0,0
2023,20230802,Nils Eekhoff,20,Stage 20,0,0,0,0,0,0,0,0,0
2023,20230802,Nils Eekhoff,21,Stage 21,0,0,0,0,0,0,0,0,0
2023,20230802,Nils Eekhoff,22,Final Classifications,0,0,0,0,0,0,0,0,0
2023,20230491,Omar Fraile,1,Stage 1,0,0,0,0,0,0,0,0,0
2023,20230491,Omar Fraile,2,Stage 2,0,0,0,0,0,0,0,2,2
2023,20230491,Omar Fraile,3,Stage 3,0,0,0,0,0,0,0,2,2
2023,20230491,Omar Fraile,4,Stage 4,0,0,0,0,0,0,0,2,2
2023,20230491,Omar Fraile,5,Stage 5,0,0,0,0,0,0,0,4,4
2023,20230491,Omar Fraile,6,Stage 6,0,0,0,0,0,0,0,4,4
2023,20230491,Omar Fraile,7,Stage 7,0,0,0,0,0,0,0,4,4
2023,20230491,Omar Fraile,8,Stage 8,0,0,0,0,0,0,0,4,4
2023,20230491,Omar Fraile,9,Stage 9,0,0,0,0,0,0,0,4,4
2023,20230491,Omar Fraile,10,Stage 10,0,0,0,0,0,0,0,4,4
2023,20230491,Omar Fraile,11,Stage 11,0,0,0,0,1,0,0,4,5
2023,20230491,Omar Fraile,12,Stage 12,0,0,0,0,0,0,0,4,4
2023,20230491,Omar Fraile,13,Stage 13,0,0,0,0,0,0,0,16,16
2023,20230491,Omar Fraile,14,Stage 14,0,0,0,0,0,0,0,18,18
2023,20230491,Omar Fraile,15,Stage 15,0,0,0,0,0,0,0,6,6
2023,20230491,Omar Fraile,16,Stage 16,0,0,0,0,0,0,0,0,0
2023,20230491,Omar Fraile,17,Stage 17,0,0,0,0,0,0,0,2,2
2023,20230491,Omar Fraile,18,Stage 18,0,0,0,0,0,0,0,2,2
2023,20230491,Omar Fraile,19,Stage 19,0,0,0,0,0,0,0,0,0
2023,20230491,Omar Fraile,20,Stage 20,0,0,0,0,0,0,0,2,2
2023,20230491,Omar Fraile,21,Stage 21,0,0,0,0,0,0,0,2,2
2023,20230491,Omar Fraile,22,Final Classifications,0,0,0,0,0,0,0,30,30
2023,20230107,Harold Tejada,1,Stage 1,0,0,0,0,0,0,0,0,0
2023,20230107,Harold Tejada,2,Stage 2,0,0,0,0,0,0,0,0,0
2023,20230107,Harold Tejada,3,Stage 3,0,0,0,0,0,0,0,0,0
2023,20230107,Harold Tejada,4,Stage 4,0,0,0,0,0,0,0,0,0
2023,20230107,Harold Tejada,5,Stage 5,0,0,0,0,0,0,0,0,0
2023,20230107,Harold Tejada,6,Stage 6,0,0,0,0,0,0,0,0,0
2023,20230107,Harold Tejada,7,Stage 7,0,0,0,0,0,0,0,4,4
2023,20230107,Harold Tejada,8,Stage 8,0,0,0,0,0,0,0,0,0
2023,20230107,Harold Tejada,9,Stage 9,0,0,0,0,0,0,0,0,0
2023,20230107,Harold Tejada,10,Stage 10,0,0,0,0,0,0,0,0,0
2023,20230107,Harold Tejada,11,Stage 11,0,0,0,0,0,0,0,0,0
2023,20230107,Harold Tejada,12,Stage 12,0,0,0,0,0,0,0,0,0
2023,20230107,Harold Tejada,13,Stage 13,80,0,0,0,8,2,20,0,110
2023,20230107,Harold Tejada,14,Stage 14,0,0,0,0,0,0,0,0,0
2023,20230107,Harold Tejada,15,Stage 15,0,0,0,0,0,0,0,0,0
2023,20230107,Harold Tejada,16,Stage 16,0,0,0,0,0,0,0,0,0
2023,20230107,Harold Tejada,17,Stage 17,0,0,0,0,0,0,0,0,0
2023,20230107,Harold Tejada,18,Stage 18,0,0,0,0,0,0,0,0,0
2023,20230107,Harold Tejada,19,Stage 19,0,0,0,0,0,0,0,0,0
2023,20230107,Harold Tejada,20,Stage 20,0,0,0,0,0,0,0,0,0
2023,20230107,Harold Tejada,21,Stage 21,0,0,0,0,0,0,0,0,0
2023,20230107,Harold Tejada,22,Final Classifications,0,0,0,0,0,0,0,0,0
2023,20230648,Gorka Izagirre,1,Stage 1,0,0,0,0,0,0,0,0,0
2023,20230648,Gorka Izagirre,2,Stage 2,0,0,0,0,0,0,0,0,0
2023,20230648,Gorka Izagirre,3,Stage 3,0,0,0,0,0,0,0,0,0
2023,20230648,Gorka Izagirre,4,Stage 4,0,0,0,0,0,0,0,0,0
2023,20230648,Gorka Izagirre,5,Stage 5,0,0,0,0,0,0,0,0,0
2023,20230648,Gorka Izagirre,6,Stage 6,0,0,0,0,0,0,20,0,20
2023,20230648,Gorka Izagirre,7,Stage 7,0,0,0,0,0,0,0,0,0
2023,20230648,Gorka Izagirre,8,Stage 8,0,0,0,0,0,0,0,0,0
2023,20230648,Gorka Izagirre,9,Stage 9,50,0,0,0,0,0,20,0,70
2023,20230648,Gorka Izagirre,10,Stage 10,0,0,0,0,0,0,0,0,0
2023,20230648,Gorka Izagirre,11,Stage 11,0,0,0,0,0,0,0,0,0
2023,20230648,Gorka Izagirre,12,Stage 12,0,0,0,0,0,0,0,2,2
2023,20230648,Gorka Izagirre,13,Stage 13,0,0,0,0,0,0,0,0,0
2023,20230648,Gorka Izagirre,14,Stage 14,0,0,0,0,2,0,20,0,22
2023,20230648,Gorka Izagirre,15,Stage 15,0,0,0,0,0,0,0,0,0
2023,20230648,Gorka Izagirre,16,Stage 16,0,0,0,0,0,0,0,0,0
2023,20230648,Gorka Izagirre,17,Stage 17,0,0,0,0,0,0,0,0,0
2023,20230648,Gorka Izagirre,18,Stage 18,0,0,0,0,0,0,0,0,0
2023,20230648,Gorka Izagirre,19,Stage 19,0,0,0,0,0,0,0,0,0
2023,20230648,Gorka Izagirre,20,Stage 20,0,0,0,0,0,0,0,0,0
2023,20230648,Gorka Izagirre,21,Stage 21,0,0,0,0,0,0,0,0,0
2023,20230648,Gorka Izagirre,22,Final Classifications,0,0,0,0,0,0,0,0,0
2023,20230658,Antonio Pedrero,1,Stage 1,0,0,0,0,0,0,0,0,0
2023,20230658,Antonio Pedrero,2,Stage 2,0,0,0,0,0,0,0,0,0
2023,20230658,Antonio Pedrero,3,Stage 3,0,0,0,0,0,0,0,0,0
2023,20230658,Antonio Pedrero,4,Stage 4,0,0,0,0,0,0,0,0,0
2023,20230658,Antonio Pedrero,5,Stage 5,0,0,0,0,0,0,0,0,0
2023,20230658,Antonio Pedrero,6,Stage 6,0,0,0,0,0,0,0,0,0
2023,20230658,Antonio Pedrero,7,Stage 7,0,0,0,0,0,0,0,0,0
2023,20230658,Antonio Pedrero,8,Stage 8,0,0,0,0,0,0,0,0,0
2023,20230658,Antonio Pedrero,9,Stage 9,0,0,0,0,0,0,0,0,0
2023,20230658,Antonio Pedrero,10,Stage 10,110,0,0,0,0,0,0,0,110
2023,20230658,Antonio Pedrero,11,Stage 11,0,0,0,0,0,0,0,0,0
2023,20230658,Antonio Pedrero,12,Stage 12,0,0,0,0,0,0,0,2,2
2023,20230658,Antonio Pedrero,13,Stage 13,0,0,0,0,0,0,0,0,0
2023,20230658,Antonio Pedrero,14,Stage 14,0,0,0,0,0,0,0,0,0
2023,20230658,Antonio Pedrero,15,Stage 15,0,0,0,0,0,0,0,0,0
2023,20230658,Antonio Pedrero,16,Stage 16,0,0,0,0,0,0,0,0,0
2023,20230658,Antonio Pedrero,17,Stage 17,0,0,0,0,0,0,0,0,0
2023,20230658,Antonio Pedrero,18,Stage 18,0,0,0,0,0,0,0,0,0
2023,20230658,Antonio Pedrero,19,Stage 19,0,0,0,0,0,0,0,0,0
2023,20230658,Antonio Pedrero,20,Stage 20,0,0,0,0,0,0,0,0,0
2023,20230658,Antonio Pedrero,21,Stage 21,0,0,0,0,0,0,0,0,0
2023,20230658,Antonio Pedrero,22,Final Classifications,0,0,0,0,0,0,0,0,0
2023,20230301,Alberto Bettiol,1,Stage 1,0,0,0,0,0,0,0,0,0
2023,20230301,Alberto Bettiol,2,Stage 2,0,0,0,0,0,0,0,0,0
2023,20230301,Alberto Bettiol,3,Stage 3,0,0,0,0,0,0,0,0,0
2023,20230301,Alberto Bettiol,4,Stage 4,0,0,0,0,0,0,0,0,0
2023,20230301,Alberto Bettiol,5,Stage 5,0,0,0,0,0,0,0,0,0
2023,20230301,Alberto Bettiol,6,Stage 6,0,0,0,0,0,0,0,0,0
2023,20230301,Alberto Bettiol,7,Stage 7,0,0,0,0,0,0,0,0,0
2023,20230301,Alberto Bettiol,8,Stage 8,0,0,0,0,0,0,0,0,0
2023,20230301,Alberto Bettiol,9,Stage 9,0,0,0,0,0,0,0,0,0
2023,20230301,Alberto Bettiol,10,Stage 10,0,0,0,0,0,0,0,0,0
2023,20230301,Alberto Bettiol,11,Stage 11,0,0,0,0,0,0,0,0,0
2023,20230301,Alberto Bettiol,12,Stage 12,0,0,0,0,0,0,0,0,0
2023,20230301,Alberto Bettiol,13,Stage 13,0,0,0,0,3,0,20,0,23
2023,20230301,Alberto Bettiol,14,Stage 14,0,0,0,0,0,0,0,0,0
2023,20230301,Alberto Bettiol,15,Stage 15,0,0,0,0,0,0,0,0,0
2023,20230301,Alberto Bettiol,16,Stage 16,0,0,0,0,0,0,0,0,0
2023,20230301,Alberto Bettiol,17,Stage 17,0,0,0,0,0,0,0,0,0
2023,20230301,Alberto Bettiol,18,Stage 18,0,0,0,0,0,0,0,0,0
2023,20230301,Alberto Bettiol,19,Stage 19,80,0,0,0,0,0,0,0,80
2023,20230301,Alberto Bettiol,20,Stage 20,0,0,0,0,0,0,0,0,0
2023,20230301,Alberto Bettiol,21,Stage 21,0,0,0,0,8,0,0,0,8
2023,20230301,Alberto Bettiol,22,Final Classifications,0,0,0,0,0,0,0,0,0
2023,20230558,Hugo Houle,1,Stage 1,0,0,0,0,0,0,0,0,0
2023,20230558,Hugo Houle,2,Stage 2,0,0,0,0,0,0,0,0,0
2023,20230558,Hugo Houle,3,Stage 3,4,0,0,0,0,0,0,0,4
2023,20230558,Hugo Houle,4,Stage 4,0,0,0,0,0,0,0,0,0
2023,20230558,Hugo Houle,5,Stage 5,0,0,0,0,0,0,0,0,0
2023,20230558,Hugo Houle,6,Stage 6,0,0,0,0,0,0,0,0,0
2023,20230558,Hugo Houle,7,Stage 7,0,0,0,0,0,0,0,0,0
2023,20230558,Hugo Houle,8,Stage 8,0,0,0,0,0,0,0,0,0
2023,20230558,Hugo Houle,9,Stage 9,0,0,0,0,0,0,0,8,8
2023,20230558,Hugo Houle,10,Stage 10,0,0,0,0,0,0,0,0,0
2023,20230558,Hugo Houle,11,Stage 11,0,0,0,0,0,0,0,0,0
2023,20230558,Hugo Houle,12,Stage 12,0,0,0,0,0,0,0,0,0
2023,20230558,Hugo Houle,13,Stage 13,0,0,0,0,0,0,20,0,20
2023,20230558,Hugo Houle,14,Stage 14,0,0,0,0,4,0,20,0,24
2023,20230558,Hugo Houle,15,Stage 15,35,0,0,0,0,0,0,0,35
2023,20230558,Hugo Houle,16,Stage 16,0,0,0,0,0,0,0,0,0
2023,20230558,Hugo Houle,17,Stage 17,0,0,0,0,0,0,0,0,0
2023,20230558,Hugo Houle,18,Stage 18,0,0,0,0,0,0,0,0,0
2023,20230558,Hugo Houle,19,Stage 19,20,0,0,0,0,0,0,0,20
2023,20230558,Hugo Houle,20,Stage 20,0,0,0,0,0,0,0,0,0
2023,20230558,Hugo Houle,21,Stage 21,0,0,0,0,0,0,0,0,0
2023,20230558,Hugo Houle,22,Final Classifications,0,0,0,0,0,0,0,0,0
2023,20230937,Jasper Stuyven,1,Stage 1,0,0,0,0,0,0,0,0,0
2023,20230937,Jasper Stuyven,2,Stage 2,0,0,0,0,0,0,0,0,0
2023,20230937,Jasper Stuyven,3,Stage 3,0,0,0,0,0,0,0,0,0
2023,20230937,Jasper Stuyven,4,Stage 4,0,0,0,0,0,0,0,0,0
2023,20230937,Jasper Stuyven,5,Stage 5,0,0,0,0,0,0,0,8,8
2023,20230937,Jasper Stuyven,6,Stage 6,0,0,0,0,0,0,0,0,0
2023,20230937,Jasper Stuyven,7,Stage 7,0,0,0,0,0,0,0,0,0
2023,20230937,Jasper Stuyven,8,Stage 8,0,0,0,0,0,0,0,8,8
2023,20230937,Jasper Stuyven,9,Stage 9,0,0,0,0,0,0,0,0,0
2023,20230937,Jasper Stuyven,10,Stage 10,50,0,0,0,0,0,0,0,50
2023,20230937,Jasper Stuyven,11,Stage 11,0,0,0,0,0,0,0,0,0
2023,20230937,Jasper Stuyven,12,Stage 12,25,0,0,0,0,0,0,0,25
2023,20230937,Jasper Stuyven,13,Stage 13,0,0,0,0,0,0,20,0,20
2023,20230937,Jasper Stuyven,14,Stage 14,0,0,0,0,0,0,0,0,0
2023,20230937,Jasper Stuyven,15,Stage 15,0,0,0,0,0,0,0,0,0
2023,20230937,Jasper Stuyven,16,Stage 16,0,0,0,0,0,0,0,0,0
2023,20230937,Jasper Stuyven,17,Stage 17,0,0,0,0,0,0,0,0,0
2023,20230937,Jasper Stuyven,18,Stage 18,0,0,0,0,0,0,0,0,0
2023,20230937,Jasper Stuyven,19,Stage 19,0,0,0,0,0,0,0,0,0
2023,20230937,Jasper Stuyven,20,Stage 20,0,0,0,0,0,0,0,0,0
2023,20230937,Jasper Stuyven,21,Stage 21,0,0,0,0,0,0,0,0,0
2023,20230937,Jasper Stuyven,22,Final Classifications,0,0,0,0,0,0,0,0,0
2023,20230529,Louis Meintjes,1,Stage 1,0,0,0,0,0,0,0,0,0
2023,20230529,Louis Meintjes,2,Stage 2,0,0,0,0,0,0,0,0,0
2023,20230529,Louis Meintjes,3,Stage 3,0,0,0,0,0,0,0,0,0
2023,20230529,Louis Meintjes,4,Stage 4,0,0,0,0,0,0,0,0,0
2023,20230529,Louis Meintjes,5,Stage 5,0,0,0,0,0,0,0,0,0
2023,20230529,Louis Meintjes,6,Stage 6,20,5,0,0,0,0,0,0,25
2023,20230529,Louis Meintjes,7,Stage 7,0,5,0,0,0,0,0,2,7
2023,20230529,Louis Meintjes,8,Stage 8,0,6,0,0,0,0,0,0,6
2023,20230529,Louis Meintjes,9,Stage 9,0,9,0,0,0,0,0,0,9
2023,20230529,Louis Meintjes,10,Stage 10,0,9,0,0,0,0,0,4,13
2023,20230529,Louis Meintjes,11,Stage 11,0,9,0,0,0,0,0,0,9
2023,20230529,Louis Meintjes,12,Stage 12,0,7,0,0,0,0,0,0,7
2023,20230529,Louis Meintjes,13,Stage 13,25,8,0,0,0,0,0,0,33
2023,20230529,Louis Meintjes,14,Stage 14,0,0,0,0,0,0,0,0,0
2023,20230529,Louis Meintjes,15,Stage 15,0,0,0,0,0,0,0,0,0
2023,20230529,Louis Meintjes,16,Stage 16,0,0,0,0,0,0,0,0,0
2023,20230529,Louis Meintjes,17,Stage 17,0,0,0,0,0,0,0,0,0
2023,20230529,Louis Meintjes,18,Stage 18,0,0,0,0,0,0,0,0,0
2023,20230529,Louis Meintjes,19,Stage 19,0,0,0,0,0,0,0,0,0
2023,20230529,Louis Meintjes,20,Stage 20,0,0,0,0,0,0,0,0,0
2023,20230529,Louis Meintjes,21,Stage 21,0,0,0,0,0,0,0,0,0
2023,20230529,Louis Meintjes,22,Final Classifications,0,0,0,0,0,0,0,0,0
2023,20230540,Mike Teunissen,1,Stage 1,0,0,0,0,0,0,0,0,0
2023,20230540,Mike Teunissen,2,Stage 2,0,0,0,0,0,0,0,0,0
2023,20230540,Mike Teunissen,3,Stage 3,16,0,0,0,0,0,0,0,16
2023,20230540,Mike Teunissen,4,Stage 4,4,0,0,0,0,0,0,0,4
2023,20230540,Mike Teunissen,5,Stage 5,0,0,0,0,0,0,0,0,0
2023,20230540,Mike Teunissen,6,Stage 6,0,0,0,0,0,0,0,0,0
2023,20230540,Mike Teunissen,7,Stage 7,40,0,0,0,0,0,0,2,42
2023,20230540,Mike Teunissen,8,Stage 8,0,0,0,0,0,0,0,0,0
2023,20230540,Mike Teunissen,9,Stage 9,0,0,0,0,0,0,0,0,0
2023,20230540,Mike Teunissen,10,Stage 10,0,0,0,0,0,0,0,4,4
2023,20230540,Mike Teunissen,11,Stage 11,0,0,0,0,2,0,0,0,2
2023,20230540,Mike Teunissen,12,Stage 12,0,0,0,0,0,0,0,0,0
2023,20230540,Mike Teunissen,13,Stage 13,0,0,0,0,20,0,20,0,40
2023,20230540,Mike Teunissen,14,Stage 14,0,0,0,0,0,0,0,0,0
2023,20230540,Mike Teunissen,15,Stage 15,0,0,0,0,0,0,0,0,0
2023,20230540,Mike Teunissen,16,Stage 16,0,0,0,0,0,0,0,0,0
2023,20230540,Mike Teunissen,17,Stage 17,0,0,0,0,0,0,0,0,0
2023,20230540,Mike Teunissen,18,Stage 18,0,0,0,0,0,0,0,0,0
2023,20230540,Mike Teunissen,19,Stage 19,0,0,0,0,0,0,0,0,0
2023,20230540,Mike Teunissen,20,Stage 20,0,0,0,0,0,0,0,0,0
2023,20230540,Mike Teunissen,21,Stage 21,0,0,0,0,0,0,0,0,0
2023,20230540,Mike Teunissen,22,Final Classifications,0,0,0,0,0,0,0,0,0
2023,20230895,Steff Cras,1,Stage 1,8,2,0,0,0,0,0,0,10
2023,20230895,Steff Cras,2,Stage 2,60,5,0,0,0,0,0,0,65
2023,20230895,Steff Cras,3,Stage 3,0,5,0,0,0,0,0,0,5
2023,20230895,Steff Cras,4,Stage 4,0,2,0,0,0,0,0,0,2
2023,20230895,Steff Cras,5,Stage 5,0,2,0,0,0,0,0,0,2
2023,20230895,Steff Cras,6,Stage 6,8,7,0,0,0,0,0,0,15
2023,20230895,Steff Cras,7,Stage 7,0,8,0,0,0,0,0,0,8
2023,20230895,Steff Cras,8,Stage 8,0,0,0,0,0,0,0,0,0
2023,20230895,Steff Cras,9,Stage 9,0,0,0,0,0,0,0,0,0
2023,20230895,Steff Cras,10,Stage 10,0,0,0,0,0,0,0,0,0
2023,20230895,Steff Cras,11,Stage 11,0,0,0,0,0,0,0,0,0
2023,20230895,Steff Cras,12,Stage 12,0,0,0,0,0,0,0,0,0
2023,20230895,Steff Cras,13,Stage 13,0,0,0,0,0,0,0,0,0
2023,20230895,Steff Cras,14,Stage 14,0,0,0,0,0,0,0,0,0
2023,20230895,Steff Cras,15,Stage 15,0,0,0,0,0,0,0,0,0
2023,20230895,Steff Cras,16,Stage 16,0,0,0,0,0,0,0,0,0
2023,20230895,Steff Cras,17,Stage 17,0,0,0,0,0,0,0,0,0
2023,20230895,Steff Cras,18,Stage 18,0,0,0,0,0,0,0,0,0
2023,20230895,Steff Cras,19,Stage 19,0,0,0,0,0,0,0,0,0
2023,20230895,Steff Cras,20,Stage 20,0,0,0,0,0,0,0,0,0
2023,20230895,Steff Cras,21,Stage 21,0,0,0,0,0,0,0,0,0
2023,20230895,Steff Cras,22,Final Classifications,0,0,0,0,0,0,0,0,0
2023,20230087,David De La Cruz,1,Stage 1,0,0,0,0,0,0,0,0,0
2023,20230087,David De La Cruz,2,Stage 2,0,0,0,0,0,0,0,0,0
2023,20230087,David De La Cruz,3,Stage 3,0,0,0,0,0,0,0,0,0
2023,20230087,David De La Cruz,4,Stage 4,0,0,0,0,0,0,0,0,0
2023,20230087,David De La Cruz,5,Stage 5,0,0,0,0,0,0,0,0,0
2023,20230087,David De La Cruz,6,Stage 6,0,0,0,0,0,0,0,0,0
2023,20230087,David De La Cruz,7,Stage 7,0,0,0,0,0,0,0,4,4
2023,20230087,David De La Cruz,8,Stage 8,0,0,0,0,0,0,0,0,0
2023,20230087,David De La Cruz,9,Stage 9,60,0,0,0,6,0,20,0,86
2023,20230087,David De La Cruz,10,Stage 10,0,0,0,0,0,0,0,0,0
2023,20230087,David De La Cruz,11,Stage 11,0,0,0,0,0,0,0,0,0
2023,20230087,David De La Cruz,12,Stage 12,0,0,0,0,0,0,0,0,0
2023,20230087,David De La Cruz,13,Stage 13,0,0,0,0,0,0,0,0,0
2023,20230087,David De La Cruz,14,Stage 14,0,0,0,0,0,0,0,0,0
2023,20230087,David De La Cruz,15,Stage 15,0,0,0,0,0,0,0,0,0
2023,20230087,David De La Cruz,16,Stage 16,0,0,0,0,0,0,0,0,0
2023,20230087,David De La Cruz,17,Stage 17,0,0,0,0,0,0,0,0,0
2023,20230087,David De La Cruz,18,Stage 18,0,0,0,0,0,0,0,0,0
2023,20230087,David De La Cruz,19,Stage 19,0,0,0,0,0,0,0,0,0
2023,20230087,David De La Cruz,20,Stage 20,0,0,0,0,0,0,0,0,0
2023,20230087,David De La Cruz,21,Stage 21,0,0,0,0,0,0,0,0,0
2023,20230087,David De La Cruz,22,Final Classifications,0,0,0,0,0,0,0,0,0
2023,20231018,Rasmus Tiller,1,Stage 1,0,0,0,0,0,0,0,0,0
2023,20231018,Rasmus Tiller,2,Stage 2,0,0,0,0,0,0,0,0,0
2023,20231018,Rasmus Tiller,3,Stage 3,0,0,0,0,0,0,0,0,0
2023,20231018,Rasmus Tiller,4,Stage 4,0,0,0,0,0,0,0,0,0
2023,20231018,Rasmus Tiller,5,Stage 5,0,0,0,0,0,0,0,0,0
2023,20231018,Rasmus Tiller,6,Stage 6,0,0,0,0,0,0,0,2,2
2023,20231018,Rasmus Tiller,7,Stage 7,0,0,0,0,0,0,0,0,0
2023,20231018,Rasmus Tiller,8,Stage 8,80,0,0,0,0,0,0,0,80
2023,20231018,Rasmus Tiller,9,Stage 9,0,0,0,0,0,0,0,0,0
2023,20231018,Rasmus Tiller,10,Stage 10,0,0,0,0,0,0,0,0,0
2023,20231018,Rasmus Tiller,11,Stage 11,0,0,0,0,0,0,0,0,0
2023,20231018,Rasmus Tiller,12,Stage 12,0,0,0,0,0,0,0,0,0
2023,20231018,Rasmus Tiller,13,Stage 13,0,0,0,0,0,0,0,0,0
2023,20231018,Rasmus Tiller,14,Stage 14,0,0,0,0,0,0,0,0,0
2023,20231018,Rasmus Tiller,15,Stage 15,0,0,0,0,0,0,0,0,0
2023,20231018,Rasmus Tiller,16,Stage 16,0,0,0,0,0,0,0,0,0
2023,20231018,Rasmus Tiller,17,Stage 17,0,0,0,0,0,0,0,0,0
2023,20231018,Rasmus Tiller,18,Stage 18,0,0,0,0,0,0,0,2,2
2023,20231018,Rasmus Tiller,19,Stage 19,0,0,0,0,0,0,0,0,0
2023,20231018,Rasmus Tiller,20,Stage 20,0,0,0,0,0,0,0,0,0
2023,20231018,Rasmus Tiller,21,Stage 21,0,0,0,0,0,0,0,0,0
2023,20231018,Rasmus Tiller,22,Final Classifications,0,0,0,0,0,0,0,0,0
2023,20230209,Nils Politt,1,Stage 1,0,0,0,0,0,0,0,0,0
2023,20230209,Nils Politt,2,Stage 2,0,0,0,0,0,0,0,0,0
2023,20230209,Nils Politt,3,Stage 3,0,0,0,0,0,0,0,0,0
2023,20230209,Nils Politt,4,Stage 4,0,0,0,0,0,0,0,0,0
2023,20230209,Nils Politt,5,Stage 5,0,0,0,0,0,0,0,16,16
2023,20230209,Nils Politt,6,Stage 6,0,0,0,0,0,0,0,2,2
2023,20230209,Nils Politt,7,Stage 7,0,0,0,0,0,0,0,2,2
2023,20230209,Nils Politt,8,Stage 8,0,0,0,0,0,0,0,2,2
2023,20230209,Nils Politt,9,Stage 9,0,0,0,0,0,0,0,2,2
2023,20230209,Nils Politt,10,Stage 10,0,0,0,0,0,0,0,2,2
2023,20230209,Nils Politt,11,Stage 11,0,0,0,0,0,0,0,2,2
2023,20230209,Nils Politt,12,Stage 12,30,0,0,0,0,0,0,2,32
2023,20230209,Nils Politt,13,Stage 13,0,0,0,0,0,0,0,2,2
2023,20230209,Nils Politt,14,Stage 14,0,0,0,0,0,0,0,0,0
2023,20230209,Nils Politt,15,Stage 15,0,0,0,0,5,0,0,0,5
2023,20230209,Nils Politt,16,Stage 16,0,0,0,0,0,0,0,0,0
2023,20230209,Nils Politt,17,Stage 17,0,0,0,0,0,0,0,0,0
2023,20230209,Nils Politt,18,Stage 18,0,0,0,0,0,0,0,0,0
2023,20230209,Nils Politt,19,Stage 19,0,0,0,0,0,0,0,0,0
2023,20230209,Nils Politt,20,Stage 20,0,0,0,0,0,0,0,0,0
2023,20230209,Nils Politt,21,Stage 21,0,0,0,0,0,0,0,8,8
2023,20230209,Nils Politt,22,Final Classifications,0,0,0,0,0,0,0,0,0
2023,20230196,Marco Haller,1,Stage 1,0,0,0,0,0,0,0,0,0
2023,20230196,Marco Haller,2,Stage 2,0,0,0,0,0,0,0,0,0
2023,20230196,Marco Haller,3,Stage 3,0,0,0,0,0,0,0,0,0
2023,20230196,Marco Haller,4,Stage 4,0,0,0,0,0,0,0,0,0
2023,20230196,Marco Haller,5,Stage 5,0,0,0,0,0,0,0,16,16
2023,20230196,Marco Haller,6,Stage 6,0,0,0,0,0,0,0,2,2
2023,20230196,Marco Haller,7,Stage 7,0,0,0,0,0,0,0,2,2
2023,20230196,Marco Haller,8,Stage 8,0,0,0,0,0,0,0,2,2
2023,20230196,Marco Haller,9,Stage 9,0,0,0,0,0,0,0,2,2
2023,20230196,Marco Haller,10,Stage 10,0,0,0,0,0,0,0,2,2
2023,20230196,Marco Haller,11,Stage 11,0,0,0,0,0,0,0,2,2
2023,20230196,Marco Haller,12,Stage 12,0,0,0,0,0,0,0,2,2
2023,20230196,Marco Haller,13,Stage 13,0,0,0,0,0,0,0,2,2
2023,20230196,Marco Haller,14,Stage 14,0,0,0,0,0,0,0,0,0
2023,20230196,Marco Haller,15,Stage 15,0,0,0,0,0,0,0,0,0
2023,20230196,Marco Haller,16,Stage 16,0,0,0,0,0,0,0,0,0
2023,20230196,Marco Haller,17,Stage 17,0,0,0,0,0,0,0,0,0
2023,20230196,Marco Haller,18,Stage 18,0,0,0,0,0,0,0,0,0
2023,20230196,Marco Haller,19,Stage 19,35,0,0,0,0,0,0,0,35
2023,20230196,Marco Haller,20,Stage 20,0,0,0,0,0,0,0,0,0
2023,20230196,Marco Haller,21,Stage 21,0,0,0,0,0,0,0,8,8
2023,20230196,Marco Haller,22,Final Classifications,0,0,0,0,0,0,0,0,0
2023,20230300,Andrey Amador,1,Stage 1,0,0,0,0,0,0,0,0,0
2023,20230300,Andrey Amador,2,Stage 2,0,0,0,0,0,0,0,0,0
2023,20230300,Andrey Amador,3,Stage 3,0,0,0,0,0,0,0,0,0
2023,20230300,Andrey Amador,4,Stage 4,0,0,0,0,0,0,0,0,0
2023,20230300,Andrey Amador,5,Stage 5,0,0,0,0,0,0,0,0,0
2023,20230300,Andrey Amador,6,Stage 6,0,0,0,0,0,0,0,0,0
2023,20230300,Andrey Amador,7,Stage 7,0,0,0,0,0,0,0,0,0
2023,20230300,Andrey Amador,8,Stage 8,0,0,0,0,0,0,0,0,0
2023,20230300,Andrey Amador,9,Stage 9,0,0,0,0,0,0,0,0,0
2023,20230300,Andrey Amador,10,Stage 10,0,0,0,0,0,0,0,0,0
2023,20230300,Andrey Amador,11,Stage 11,0,0,0,0,16,0,20,0,36
2023,20230300,Andrey Amador,12,Stage 12,0,0,0,0,12,0,20,0,32
2023,20230300,Andrey Amador,13,Stage 13,0,0,0,0,0,0,0,0,0
2023,20230300,Andrey Amador,14,Stage 14,0,0,0,0,0,0,0,0,0
2023,20230300,Andrey Amador,15,Stage 15,0,0,0,0,0,0,0,0,0
2023,20230300,Andrey Amador,16,Stage 16,0,0,0,0,0,0,0,0,0
2023,20230300,Andrey Amador,17,Stage 17,0,0,0,0,0,0,0,0,0
2023,20230300,Andrey Amador,18,Stage 18,0,0,0,0,0,0,0,0,0
2023,20230300,Andrey Amador,19,Stage 19,0,0,0,0,0,0,0,0,0
2023,20230300,Andrey Amador,20,Stage 20,0,0,0,0,0,0,0,0,0
2023,20230300,Andrey Amador,21,Stage 21,0,0,0,0,0,0,0,0,0
2023,20230300,Andrey Amador,22,Final Classifications,0,0,0,0,0,0,0,0,0
2023,20230199,Bob Jungels,1,Stage 1,0,0,0,0,0,0,0,0,0
2023,20230199,Bob Jungels,2,Stage 2,0,0,0,0,0,0,0,0,0
2023,20230199,Bob Jungels,3,Stage 3,0,0,0,0,0,0,0,0,0
2023,20230199,Bob Jungels,4,Stage 4,0,0,0,0,0,0,0,0,0
2023,20230199,Bob Jungels,5,Stage 5,0,0,0,0,0,0,0,16,16
2023,20230199,Bob Jungels,6,Stage 6,0,0,0,0,0,0,0,2,2
2023,20230199,Bob Jungels,7,Stage 7,0,0,0,0,0,0,0,2,2
2023,20230199,Bob Jungels,8,Stage 8,0,0,0,0,0,0,0,2,2
2023,20230199,Bob Jungels,9,Stage 9,0,0,0,0,0,0,0,2,2
2023,20230199,Bob Jungels,10,Stage 10,0,0,0,0,0,0,0,2,2
2023,20230199,Bob Jungels,11,Stage 11,0,0,0,0,0,0,0,2,2
2023,20230199,Bob Jungels,12,Stage 12,0,0,0,0,0,0,0,2,2
2023,20230199,Bob Jungels,13,Stage 13,0,0,0,0,0,0,0,2,2
2023,20230199,Bob Jungels,14,Stage 14,0,0,0,0,0,0,0,0,0
2023,20230199,Bob Jungels,15,Stage 15,0,0,0,0,0,0,0,0,0
2023,20230199,Bob Jungels,16,Stage 16,0,0,0,0,0,0,0,0,0
2023,20230199,Bob Jungels,17,Stage 17,0,0,0,0,0,0,0,0,0
2023,20230199,Bob Jungels,18,Stage 18,0,0,0,0,0,0,0,0,0
2023,20230199,Bob Jungels,19,Stage 19,0,0,0,0,0,0,0,0,0
2023,20230199,Bob Jungels,20,Stage 20,0,0,0,0,0,0,0,0,0
2023,20230199,Bob Jungels,21,Stage 21,0,0,0,0,0,0,0,8,8
2023,20230199,Bob Jungels,22,Final Classifications,0,25,0,0,0,0,0,0,25
2023,20230052,Søren Kragh Andersen,1,Stage 1,0,0,0,0,0,0,0,0,0
2023,20230052,Søren Kragh Andersen,2,Stage 2,0,0,0,0,0,0,0,0,0
2023,20230052,Søren Kragh Andersen,3,Stage 3,0,0,0,0,0,0,0,8,8
2023,20230052,Søren Kragh Andersen,4,Stage 4,20,0,0,0,0,0,0,8,28
2023,20230052,Søren Kragh Andersen,5,Stage 5,0,0,0,0,0,0,0,0,0
2023,20230052,Søren Kragh Andersen,6,Stage 6,0,0,0,0,0,0,0,0,0
2023,20230052,Søren Kragh Andersen,7,Stage 7,0,0,0,0,0,0,0,8,8
2023,20230052,Søren Kragh Andersen,8,Stage 8,0,0,0,0,0,0,0,4,4
2023,20230052,Søren Kragh Andersen,9,Stage 9,0,0,0,0,0,0,0,0,0
2023,20230052,Søren Kragh Andersen,10,Stage 10,0,0,0,0,0,0,0,0,0
2023,20230052,Søren Kragh Andersen,11,Stage 11,0,0,0,0,0,0,0,8,8
2023,20230052,Søren Kragh Andersen,12,Stage 12,0,0,0,0,0,0,0,0,0
2023,20230052,Søren Kragh Andersen,13,Stage 13,0,0,0,0,0,0,0,0,0
2023,20230052,Søren Kragh Andersen,14,Stage 14,0,0,0,0,0,0,0,0,0
2023,20230052,Søren Kragh Andersen,15,Stage 15,0,0,0,0,0,0,0,0,0
2023,20230052,Søren Kragh Andersen,16,Stage 16,0,0,0,0,0,0,0,0,0
2023,20230052,Søren Kragh Andersen,17,Stage 17,0,0,0,0,0,0,0,0,0
2023,20230052,Søren Kragh Andersen,18,Stage 18,0,0,0,0,0,0,0,0,0
2023,20230052,Søren Kragh Andersen,19,Stage 19,0,0,0,0,0,0,0,0,0
2023,20230052,Søren Kragh Andersen,20,Stage 20,0,0,0,0,0,0,0,0,0
2023,20230052,Søren Kragh Andersen,21,Stage 21,0,0,0,0,0,0,0,4,4
2023,20230052,Søren Kragh Andersen,22,Final Classifications,0,0,0,0,0,0,0,0,0
2023,20230025,Oliver Naesen,1,Stage 1,0,0,0,0,0,0,0,0,0
2023,20230025,Oliver Naesen,2,Stage 2,0,0,0,0,0,0,0,0,0
2023,20230025,Oliver Naesen,3,Stage 3,0,0,0,0,0,0,0,0,0
2023,20230025,Oliver Naesen,4,Stage 4,0,0,0,0,0,0,0,0,0
2023,20230025,Oliver Naesen,5,Stage 5,0,0,0,0,0,0,0,2,2
2023,20230025,Oliver Naesen,6,Stage 6,0,0,0,0,5,0,20,0,25
2023,20230025,Oliver Naesen,7,Stage 7,0,0,0,0,0,0,0,0,0
2023,20230025,Oliver Naesen,8,Stage 8,0,0,0,0,0,0,0,0,0
2023,20230025,Oliver Naesen,9,Stage 9,0,0,0,0,0,0,0,0,0
2023,20230025,Oliver Naesen,10,Stage 10,0,0,0,0,0,0,0,2,2
2023,20230025,Oliver Naesen,11,Stage 11,0,0,0,0,0,0,0,0,0
2023,20230025,Oliver Naesen,12,Stage 12,0,0,0,0,0,0,0,0,0
2023,20230025,Oliver Naesen,13,Stage 13,0,0,0,0,0,0,0,0,0
2023,20230025,Oliver Naesen,14,Stage 14,0,0,0,0,0,0,0,0,0
2023,20230025,Oliver Naesen,15,Stage 15,0,0,0,0,0,0,0,0,0
2023,20230025,Oliver Naesen,16,Stage 16,0,0,0,0,0,0,0,0,0
2023,20230025,Oliver Naesen,17,Stage 17,0,0,0,0,0,0,0,8,8
2023,20230025,Oliver Naesen,18,Stage 18,0,0,0,0,0,0,0,0,0
2023,20230025,Oliver Naesen,19,Stage 19,16,0,0,0,0,0,0,2,18
2023,20230025,Oliver Naesen,20,Stage 20,0,0,0,0,0,0,0,4,4
2023,20230025,Oliver Naesen,21,Stage 21,0,0,0,0,0,0,0,0,0
2023,20230025,Oliver Naesen,22,Final Classifications,0,0,0,0,0,0,0,0,0
2023,20230514,Ben Turner,1,Stage 1,0,0,0,0,0,0,0,0,0
2023,20230514,Ben Turner,2,Stage 2,0,0,0,0,0,0,0,2,2
2023,20230514,Ben Turner,3,Stage 3,0,0,0,0,0,0,0,2,2
2023,20230514,Ben Turner,4,Stage 4,0,0,0,0,0,0,0,2,2
2023,20230514,Ben Turner,5,Stage 5,0,0,0,0,0,0,0,4,4
2023,20230514,Ben Turner,6,Stage 6,0,0,0,0,0,0,0,4,4
2023,20230514,Ben Turner,7,Stage 7,0,0,0,0,0,0,0,4,4
2023,20230514,Ben Turner,8,Stage 8,0,0,0,0,0,0,0,4,4
2023,20230514,Ben Turner,9,Stage 9,0,0,0,0,0,0,0,4,4
2023,20230514,Ben Turner,10,Stage 10,0,0,0,0,0,0,0,4,4
2023,20230514,Ben Turner,11,Stage 11,0,0,0,0,0,0,0,4,4
2023,20230514,Ben Turner,12,Stage 12,0,0,0,0,0,0,0,4,4
2023,20230514,Ben Turner,13,Stage 13,0,0,0,0,0,0,0,16,16
2023,20230514,Ben Turner,14,Stage 14,0,0,0,0,0,0,0,0,0
2023,20230514,Ben Turner,15,Stage 15,0,0,0,0,0,0,0,0,0
2023,20230514,Ben Turner,16,Stage 16,0,0,0,0,0,0,0,0,0
2023,20230514,Ben Turner,17,Stage 17,0,0,0,0,0,0,0,0,0
2023,20230514,Ben Turner,18,Stage 18,0,0,0,0,0,0,0,0,0
2023,20230514,Ben Turner,19,Stage 19,0,0,0,0,0,0,0,0,0
2023,20230514,Ben Turner,20,Stage 20,0,0,0,0,0,0,0,0,0
2023,20230514,Ben Turner,21,Stage 21,0,0,0,0,0,0,0,0,0
2023,20230514,Ben Turner,22,Final Classifications,0,0,0,0,0,0,0,0,0
2023,20230911,Anthony Turgis,1,Stage 1,0,0,0,0,0,0,0,0,0
2023,20230911,Anthony Turgis,2,Stage 2,0,0,0,0,0,0,0,0,0
2023,20230911,Anthony Turgis,3,Stage 3,0,0,0,0,0,0,0,0,0
2023,20230911,Anthony Turgis,4,Stage 4,0,0,0,0,0,0,0,0,0
2023,20230911,Anthony Turgis,5,Stage 5,0,0,0,0,0,0,0,0,0
2023,20230911,Anthony Turgis,6,Stage 6,0,0,0,0,0,0,0,0,0
2023,20230911,Anthony Turgis,7,Stage 7,0,0,0,0,0,0,0,0,0
2023,20230911,Anthony Turgis,8,Stage 8,0,0,0,0,16,0,20,0,36
2023,20230911,Anthony Turgis,9,Stage 9,0,0,0,0,0,0,0,4,4
2023,20230911,Anthony Turgis,10,Stage 10,0,0,0,0,0,0,0,0,0
2023,20230911,Anthony Turgis,11,Stage 11,0,0,0,0,0,0,0,0,0
2023,20230911,Anthony Turgis,12,Stage 12,0,0,0,0,0,0,0,4,4
2023,20230911,Anthony Turgis,13,Stage 13,0,0,0,0,0,0,0,0,0
2023,20230911,Anthony Turgis,14,Stage 14,0,0,0,0,0,0,0,0,0
2023,20230911,Anthony Turgis,15,Stage 15,0,0,0,0,0,0,0,2,2
2023,20230911,Anthony Turgis,16,Stage 16,0,0,0,0,0,0,0,0,0
2023,20230911,Anthony Turgis,17,Stage 17,0,0,0,0,0,0,0,0,0
2023,20230911,Anthony Turgis,18,Stage 18,0,0,0,0,0,0,0,0,0
2023,20230911,Anthony Turgis,19,Stage 19,8,0,0,0,0,0,0,0,8
2023,20230911,Anthony Turgis,20,Stage 20,0,0,0,0,0,0,0,0,0
2023,20230911,Anthony Turgis,21,Stage 21,0,0,0,0,0,0,0,0,0
2023,20230911,Anthony Turgis,22,Final Classifications,0,0,0,0,0,0,0,0,0
2023,20230202,Patrick Konrad,1,Stage 1,0,0,0,0,0,0,0,0,0
2023,20230202,Patrick Konrad,2,Stage 2,0,0,0,0,0,0,0,0,0
2023,20230202,Patrick Konrad,3,Stage 3,0,0,0,0,0,0,0,0,0
2023,20230202,Patrick Konrad,4,Stage 4,0,0,0,0,0,0,0,0,0
2023,20230202,Patrick Konrad,5,Stage 5,0,0,0,0,5,0,0,16,21
2023,20230202,Patrick Konrad,6,Stage 6,0,0,0,0,0,0,0,2,2
2023,20230202,Patrick Konrad,7,Stage 7,0,0,0,0,0,0,0,2,2
2023,20230202,Patrick Konrad,8,Stage 8,0,0,0,0,0,0,0,2,2
2023,20230202,Patrick Konrad,9,Stage 9,0,0,0,0,0,0,0,2,2
2023,20230202,Patrick Konrad,10,Stage 10,0,0,0,0,0,0,0,2,2
2023,20230202,Patrick Konrad,11,Stage 11,0,0,0,0,0,0,0,2,2
2023,20230202,Patrick Konrad,12,Stage 12,0,0,0,0,0,0,0,2,2
2023,20230202,Patrick Konrad,13,Stage 13,0,0,0,0,0,0,0,2,2
2023,20230202,Patrick Konrad,14,Stage 14,0,0,0,0,0,0,0,0,0
2023,20230202,Patrick Konrad,15,Stage 15,0,0,0,0,8,0,0,0,8
2023,20230202,Patrick Konrad,16,Stage 16,0,0,0,0,0,0,0,0,0
2023,20230202,Patrick Konrad,17,Stage 17,0,0,0,0,0,0,0,0,0
2023,20230202,Patrick Konrad,18,Stage 18,0,0,0,0,0,0,0,0,0
2023,20230202,Patrick Konrad,19,Stage 19,0,0,0,0,0,0,0,0,0
2023,20230202,Patrick Konrad,20,Stage 20,0,0,0,0,0,0,0,0,0
2023,20230202,Patrick Konrad,21,Stage 21,0,0,0,0,0,0,0,8,8
2023,20230202,Patrick Konrad,22,Final Classifications,0,0,0,0,0,0,0,0,0
2023,20230715,Yves Lampaert,1,Stage 1,0,0,0,0,0,0,0,0,0
2023,20230715,Yves Lampaert,2,Stage 2,0,0,0,0,0,0,0,0,0
2023,20230715,Yves Lampaert,3,Stage 3,0,0,0,0,0,0,0,0,0
2023,20230715,Yves Lampaert,4,Stage 4,0,0,0,0,0,0,0,0,0
2023,20230715,Yves Lampaert,5,Stage 5,0,0,0,0,0,0,0,0,0
2023,20230715,Yves Lampaert,6,Stage 6,0,0,0,0,0,0,0,0,0
2023,20230715,Yves Lampaert,7,Stage 7,0,0,0,0,0,0,0,0,0
2023,20230715,Yves Lampaert,8,Stage 8,0,0,0,0,0,0,0,0,0
2023,20230715,Yves Lampaert,9,Stage 9,0,0,0,0,0,0,0,0,0
2023,20230715,Yves Lampaert,10,Stage 10,0,0,0,0,0,0,0,0,0
2023,20230715,Yves Lampaert,11,Stage 11,0,0,0,0,0,0,0,0,0
2023,20230715,Yves Lampaert,12,Stage 12,0,0,0,0,0,0,0,0,0
2023,20230715,Yves Lampaert,13,Stage 13,0,0,0,0,0,0,0,0,0
2023,20230715,Yves Lampaert,14,Stage 14,0,0,0,0,0,0,0,0,0
2023,20230715,Yves Lampaert,15,Stage 15,0,0,0,0,0,0,0,0,0
2023,20230715,Yves Lampaert,16,Stage 16,0,0,0,0,0,0,0,0,0
2023,20230715,Yves Lampaert,17,Stage 17,0,0,0,0,0,0,0,0,0
2023,20230715,Yves Lampaert,18,Stage 18,0,0,0,0,0,0,0,8,8
2023,20230715,Yves Lampaert,19,Stage 19,0,0,0,0,0,0,0,4,4
2023,20230715,Yves Lampaert,20,Stage 20,0,0,0,0,0,0,0,0,0
2023,20230715,Yves Lampaert,21,Stage 21,40,0,0,0,0,0,0,0,40
2023,20230715,Yves Lampaert,22,Final Classifications,0,0,0,0,0,0,0,0,0
2023,20230890,Edvald Boasson Hagen,1,Stage 1,0,0,0,0,0,0,0,0,0
2023,20230890,Edvald Boasson Hagen,2,Stage 2,0,0,0,0,20,0,20,0,40
2023,20230890,Edvald Boasson Hagen,3,Stage 3,0,0,0,0,0,0,0,0,0
2023,20230890,Edvald Boasson Hagen,4,Stage 4,0,0,0,0,0,0,0,0,0
2023,20230890,Edvald Boasson Hagen,5,Stage 5,0,0,0,0,0,0,0,0,0
2023,20230890,Edvald Boasson Hagen,6,Stage 6,0,0,0,0,0,0,0,0,0
2023,20230890,Edvald Boasson Hagen,7,Stage 7,0,0,0,0,0,0,0,0,0
2023,20230890,Edvald Boasson Hagen,8,Stage 8,0,0,0,0,0,0,0,0,0
2023,20230890,Edvald Boasson Hagen,9,Stage 9,0,0,0,0,0,0,0,4,4
2023,20230890,Edvald Boasson Hagen,10,Stage 10,0,0,0,0,0,0,0,0,0
2023,20230890,Edvald Boasson Hagen,11,Stage 11,0,0,0,0,0,0,0,0,0
2023,20230890,Edvald Boasson Hagen,12,Stage 12,0,0,0,0,0,0,0,4,4
2023,20230890,Edvald Boasson Hagen,13,Stage 13,0,0,0,0,0,0,0,0,0
2023,20230890,Edvald Boasson Hagen,14,Stage 14,0,0,0,0,0,0,0,0,0
2023,20230890,Edvald Boasson Hagen,15,Stage 15,0,0,0,0,0,0,0,2,2
2023,20230890,Edvald Boasson Hagen,16,Stage 16,0,0,0,0,0,0,0,0,0
2023,20230890,Edvald Boasson Hagen,17,Stage 17,0,0,0,0,0,0,0,0,0
2023,20230890,Edvald Boasson Hagen,18,Stage 18,0,0,0,0,0,0,0,0,0
2023,20230890,Edvald Boasson Hagen,19,Stage 19,0,0,0,0,0,0,0,0,0
2023,20230890,Edvald Boasson Hagen,20,Stage 20,0,0,0,0,0,0,0,0,0
2023,20230890,Edvald Boasson Hagen,21,Stage 21,0,0,0,0,0,0,0,0,0
2023,20230890,Edvald Boasson Hagen,22,Final Classifications,0,0,0,0,0,0,0,0,0
2023,20230453,Quentin Pacher,1,Stage 1,0,0,0,0,0,0,0,2,2
2023,20230453,Quentin Pacher,2,Stage 2,0,0,0,0,0,0,0,0,0
2023,20230453,Quentin Pacher,3,Stage 3,0,0,0,0,0,0,0,0,0
2023,20230453,Quentin Pacher,4,Stage 4,0,0,0,0,0,0,0,0,0
2023,20230453,Quentin Pacher,5,Stage 5,0,0,0,0,0,0,0,0,0
2023,20230453,Quentin Pacher,6,Stage 6,0,0,0,0,0,0,0,0,0
2023,20230453,Quentin Pacher,7,Stage 7,0,0,0,0,0,0,0,0,0
2023,20230453,Quentin Pacher,8,Stage 8,16,0,0,0,0,0,0,0,16
2023,20230453,Quentin Pacher,9,Stage 9,0,0,0,0,0,0,0,0,0
2023,20230453,Quentin Pacher,10,Stage 10,0,0,0,0,0,0,0,0,0
2023,20230453,Quentin Pacher,11,Stage 11,0,0,0,0,0,0,0,0,0
2023,20230453,Quentin Pacher,12,Stage 12,0,0,0,0,0,0,0,0,0
2023,20230453,Quentin Pacher,13,Stage 13,0,0,0,0,1,0,20,0,21
2023,20230453,Quentin Pacher,14,Stage 14,0,0,0,0,0,0,0,0,0
2023,20230453,Quentin Pacher,15,Stage 15,0,0,0,0,0,0,0,0,0
2023,20230453,Quentin Pacher,16,Stage 16,0,0,0,0,0,0,0,0,0
2023,20230453,Quentin Pacher,17,Stage 17,0,0,0,0,0,0,0,0,0
2023,20230453,Quentin Pacher,18,Stage 18,0,0,0,0,0,0,0,0,0
2023,20230453,Quentin Pacher,19,Stage 19,0,0,0,0,0,0,0,0,0
2023,20230453,Quentin Pacher,20,Stage 20,0,0,0,0,0,0,0,0,0
2023,20230453,Quentin Pacher,21,Stage 21,0,0,0,0,0,0,0,0,0
2023,20230453,Quentin Pacher,22,Final Classifications,0,0,0,0,0,0,0,10,10
2023,20230045,Silvan Dillier,1,Stage 1,0,0,0,0,0,0,0,0,0
2023,20230045,Silvan Dillier,2,Stage 2,0,0,0,0,0,0,0,0,0
2023,20230045,Silvan Dillier,3,Stage 3,0,0,0,0,0,0,0,8,8
2023,20230045,Silvan Dillier,4,Stage 4,0,0,0,0,0,0,0,8,8
2023,20230045,Silvan Dillier,5,Stage 5,0,0,0,0,0,0,0,0,0
2023,20230045,Silvan Dillier,6,Stage 6,0,0,0,0,0,0,0,0,0
2023,20230045,Silvan Dillier,7,Stage 7,8,0,0,0,0,0,0,8,16
2023,20230045,Silvan Dillier,8,Stage 8,0,0,0,0,0,0,0,4,4
2023,20230045,Silvan Dillier,9,Stage 9,0,0,0,0,0,0,0,0,0
2023,20230045,Silvan Dillier,10,Stage 10,0,0,0,0,0,0,0,0,0
2023,20230045,Silvan Dillier,11,Stage 11,0,0,0,0,0,0,0,8,8
2023,20230045,Silvan Dillier,12,Stage 12,0,0,0,0,0,0,0,0,0
2023,20230045,Silvan Dillier,13,Stage 13,0,0,0,0,0,0,0,0,0
2023,20230045,Silvan Dillier,14,Stage 14,0,0,0,0,0,0,0,0,0
2023,20230045,Silvan Dillier,15,Stage 15,0,0,0,0,0,0,0,0,0
2023,20230045,Silvan Dillier,16,Stage 16,0,0,0,0,0,0,0,0,0
2023,20230045,Silvan Dillier,17,Stage 17,0,0,0,0,0,0,0,0,0
2023,20230045,Silvan Dillier,18,Stage 18,0,0,0,0,0,0,0,0,0
2023,20230045,Silvan Dillier,19,Stage 19,0,0,0,0,0,0,0,0,0
2023,20230045,Silvan Dillier,20,Stage 20,0,0,0,0,0,0,0,0,0
2023,20230045,Silvan Dillier,21,Stage 21,0,0,0,0,0,0,0,4,4
2023,20230045,Silvan Dillier,22,Final Classifications,0,0,0,0,0,0,0,0,0
2023,20230856,Christopher Juul-Jensen,1,Stage 1,0,0,0,0,0,0,0,8,8
2023,20230856,Christopher Juul-Jensen,2,Stage 2,0,0,0,0,0,0,0,2,2
2023,20230856,Christopher Juul-Jensen,3,Stage 3,0,0,0,0,0,0,0,2,2
2023,20230856,Christopher Juul-Jensen,4,Stage 4,0,0,0,0,0,0,0,2,2
2023,20230856,Christopher Juul-Jensen,5,Stage 5,0,0,0,0,3,0,0,0,3
2023,20230856,Christopher Juul-Jensen,6,Stage 6,0,0,0,0,0,0,20,0,20
2023,20230856,Christopher Juul-Jensen,7,Stage 7,0,0,0,0,0,0,0,0,0
2023,20230856,Christopher Juul-Jensen,8,Stage 8,0,0,0,0,0,0,0,0,0
2023,20230856,Christopher Juul-Jensen,9,Stage 9,0,0,0,0,0,0,0,0,0
2023,20230856,Christopher Juul-Jensen,10,Stage 10,0,0,0,0,0,0,0,0,0
2023,20230856,Christopher Juul-Jensen,11,Stage 11,0,0,0,0,0,0,0,4,4
2023,20230856,Christopher Juul-Jensen,12,Stage 12,0,0,0,0,0,0,0,0,0
2023,20230856,Christopher Juul-Jensen,13,Stage 13,0,0,0,0,0,0,0,0,0
2023,20230856,Christopher Juul-Jensen,14,Stage 14,0,0,0,0,0,0,0,0,0
2023,20230856,Christopher Juul-Jensen,15,Stage 15,0,0,0,0,0,0,0,0,0
2023,20230856,Christopher Juul-Jensen,16,Stage 16,0,0,0,0,0,0,0,0,0
2023,20230856,Christopher Juul-Jensen,17,Stage 17,0,0,0,0,0,0,0,4,4
2023,20230856,Christopher Juul-Jensen,18,Stage 18,0,0,0,0,0,0,0,0,0
2023,20230856,Christopher Juul-Jensen,19,Stage 19,0,0,0,0,0,0,0,0,0
2023,20230856,Christopher Juul-Jensen,20,Stage 20,0,0,0,0,0,0,0,0,0
2023,20230856,Christopher Juul-Jensen,21,Stage 21,0,0,0,0,0,0,0,2,2
2023,20230856,Christopher Juul-Jensen,22,Final Classifications,0,0,0,0,0,0,0,0,0
2023,20230519,Lilian Calmejane,1,Stage 1,0,0,0,0,8,0,20,0,28
2023,20230519,Lilian Calmejane,2,Stage 2,0,0,0,0,0,0,0,0,0
2023,20230519,Lilian Calmejane,3,Stage 3,0,0,0,0,0,0,0,0,0
2023,20230519,Lilian Calmejane,4,Stage 4,0,0,0,0,0,0,0,0,0
2023,20230519,Lilian Calmejane,5,Stage 5,0,0,0,0,0,0,0,0,0
2023,20230519,Lilian Calmejane,6,Stage 6,0,0,0,0,0,0,0,0,0
2023,20230519,Lilian Calmejane,7,Stage 7,0,0,0,0,0,0,0,2,2
2023,20230519,Lilian Calmejane,8,Stage 8,0,0,0,0,0,0,0,0,0
2023,20230519,Lilian Calmejane,9,Stage 9,0,0,0,0,0,0,0,0,0
2023,20230519,Lilian Calmejane,10,Stage 10,0,0,0,0,0,0,0,4,4
2023,20230519,Lilian Calmejane,11,Stage 11,0,0,0,0,0,0,0,0,0
2023,20230519,Lilian Calmejane,12,Stage 12,0,0,0,0,0,0,0,0,0
2023,20230519,Lilian Calmejane,13,Stage 13,0,0,0,0,0,0,0,0,0
2023,20230519,Lilian Calmejane,14,Stage 14,0,0,0,0,0,0,0,0,0
2023,20230519,Lilian Calmejane,15,Stage 15,0,0,0,0,0,0,0,0,0
2023,20230519,Lilian Calmejane,16,Stage 16,0,0,0,0,0,0,0,0,0
2023,20230519,Lilian Calmejane,17,Stage 17,0,0,0,0,0,0,0,0,0
2023,20230519,Lilian Calmejane,18,Stage 18,0,0,0,0,0,0,0,0,0
2023,20230519,Lilian Calmejane,19,Stage 19,0,0,0,0,0,0,0,0,0
2023,20230519,Lilian Calmejane,20,Stage 20,0,0,0,0,0,0,0,0,0
2023,20230519,Lilian Calmejane,21,Stage 21,12,0,0,0,0,0,0,0,12
2023,20230519,Lilian Calmejane,22,Final Classifications,0,0,0,0,0,0,0,0,0
2023,20230709,Tim Declercq,1,Stage 1,0,0,0,0,0,0,0,0,0
2023,20230709,Tim Declercq,2,Stage 2,0,0,0,0,0,0,0,0,0
2023,20230709,Tim Declercq,3,Stage 3,0,0,0,0,0,0,0,0,0
2023,20230709,Tim Declercq,4,Stage 4,0,0,0,0,0,0,0,0,0
2023,20230709,Tim Declercq,5,Stage 5,0,0,0,0,0,0,0,0,0
2023,20230709,Tim Declercq,6,Stage 6,0,0,0,0,0,0,0,0,0
2023,20230709,Tim Declercq,7,Stage 7,0,0,0,0,0,0,0,0,0
2023,20230709,Tim Declercq,8,Stage 8,0,0,0,0,12,0,20,0,32
2023,20230709,Tim Declercq,9,Stage 9,0,0,0,0,0,0,0,0,0
2023,20230709,Tim Declercq,10,Stage 10,0,0,0,0,0,0,0,0,0
2023,20230709,Tim Declercq,11,Stage 11,0,0,0,0,0,0,0,0,0
2023,20230709,Tim Declercq,12,Stage 12,0,0,0,0,0,0,0,0,0
2023,20230709,Tim Declercq,13,Stage 13,0,0,0,0,0,0,0,0,0
2023,20230709,Tim Declercq,14,Stage 14,0,0,0,0,0,0,0,0,0
2023,20230709,Tim Declercq,15,Stage 15,0,0,0,0,0,0,0,0,0
2023,20230709,Tim Declercq,16,Stage 16,0,0,0,0,0,0,0,0,0
2023,20230709,Tim Declercq,17,Stage 17,0,0,0,0,0,0,0,0,0
2023,20230709,Tim Declercq,18,Stage 18,0,0,0,0,0,0,0,8,8
2023,20230709,Tim Declercq,19,Stage 19,0,0,0,0,0,0,0,4,4
2023,20230709,Tim Declercq,20,Stage 20,0,0,0,0,0,0,0,0,0
2023,20230709,Tim Declercq,21,Stage 21,0,0,0,0,0,0,0,0,0
2023,20230709,Tim Declercq,22,Final Classifications,0,0,0,0,0,0,0,0,0
2023,20230566,Nick Schultz,1,Stage 1,0,0,0,0,0,0,0,0,0
2023,20230566,Nick Schultz,2,Stage 2,0,0,0,0,0,0,0,0,0
2023,20230566,Nick Schultz,3,Stage 3,0,0,0,0,0,0,0,0,0
2023,20230566,Nick Schultz,4,Stage 4,0,0,0,0,0,0,0,0,0
2023,20230566,Nick Schultz,5,Stage 5,0,0,0,0,0,0,0,0,0
2023,20230566,Nick Schultz,6,Stage 6,0,0,0,0,0,0,0,0,0
2023,20230566,Nick Schultz,7,Stage 7,0,0,0,0,0,0,0,0,0
2023,20230566,Nick Schultz,8,Stage 8,0,0,0,0,0,0,0,0,0
2023,20230566,Nick Schultz,9,Stage 9,0,0,0,0,0,0,0,8,8
2023,20230566,Nick Schultz,10,Stage 10,0,0,0,0,4,0,0,0,4
2023,20230566,Nick Schultz,11,Stage 11,0,0,0,0,0,0,0,0,0
2023,20230566,Nick Schultz,12,Stage 12,0,0,0,0,0,0,0,0,0
2023,20230566,Nick Schultz,13,Stage 13,0,0,0,0,0,0,0,0,0
2023,20230566,Nick Schultz,14,Stage 14,0,0,0,0,0,0,0,0,0
2023,20230566,Nick Schultz,15,Stage 15,0,0,0,0,0,0,0,0,0
2023,20230566,Nick Schultz,16,Stage 16,0,0,0,0,0,0,0,0,0
2023,20230566,Nick Schultz,17,Stage 17,0,0,0,0,0,0,0,0,0
2023,20230566,Nick Schultz,18,Stage 18,0,0,0,0,0,0,0,0,0
2023,20230566,Nick Schultz,19,Stage 19,0,0,0,0,0,0,0,0,0
2023,20230566,Nick Schultz,20,Stage 20,30,0,0,0,0,0,0,0,30
2023,20230566,Nick Schultz,21,Stage 21,0,0,0,0,0,0,0,0,0
2023,20230566,Nick Schultz,22,Final Classifications,0,0,0,0,0,0,0,0,0
2023,20230899,Valentin Ferron,1,Stage 1,0,0,0,0,12,0,20,0,32
2023,20230899,Valentin Ferron,2,Stage 2,0,0,0,0,0,0,0,0,0
2023,20230899,Valentin Ferron,3,Stage 3,0,0,0,0,0,0,0,0,0
2023,20230899,Valentin Ferron,4,Stage 4,0,0,0,0,0,0,0,0,0
2023,20230899,Valentin Ferron,5,Stage 5,0,0,0,0,0,0,0,0,0
2023,20230899,Valentin Ferron,6,Stage 6,0,0,0,0,0,0,0,0,0
2023,20230899,Valentin Ferron,7,Stage 7,0,0,0,0,0,0,0,0,0
2023,20230899,Valentin Ferron,8,Stage 8,0,0,0,0,0,0,0,0,0
2023,20230899,Valentin Ferron,9,Stage 9,0,0,0,0,0,0,0,4,4
2023,20230899,Valentin Ferron,10,Stage 10,0,0,0,0,0,0,0,0,0
2023,20230899,Valentin Ferron,11,Stage 11,0,0,0,0,0,0,0,0,0
2023,20230899,Valentin Ferron,12,Stage 12,0,0,0,0,0,0,0,4,4
2023,20230899,Valentin Ferron,13,Stage 13,0,0,0,0,0,0,0,0,0
2023,20230899,Valentin Ferron,14,Stage 14,0,0,0,0,0,0,0,0,0
2023,20230899,Valentin Ferron,15,Stage 15,0,0,0,0,0,0,0,2,2
2023,20230899,Valentin Ferron,16,Stage 16,0,0,0,0,0,0,0,0,0
2023,20230899,Valentin Ferron,17,Stage 17,0,0,0,0,0,0,0,0,0
2023,20230899,Valentin Ferron,18,Stage 18,0,0,0,0,0,0,0,0,0
2023,20230899,Valentin Ferron,19,Stage 19,0,0,0,0,0,0,0,0,0
2023,20230899,Valentin Ferron,20,Stage 20,0,0,0,0,0,0,0,0,0
2023,20230899,Valentin Ferron,21,Stage 21,0,0,0,0,0,0,0,0,0
2023,20230899,Valentin Ferron,22,Final Classifications,0,0,0,0,0,0,0,0,0
2023,20230764,Laurent Pichon,1,Stage 1,0,0,0,0,0,0,0,0,0
2023,20230764,Laurent Pichon,2,Stage 2,0,0,0,0,0,0,0,0,0
2023,20230764,Laurent Pichon,3,Stage 3,0,0,0,1,20,0,20,0,41
2023,20230764,Laurent Pichon,4,Stage 4,0,0,0,1,0,0,0,0,1
2023,20230764,Laurent Pichon,5,Stage 5,0,0,0,0,0,0,0,0,0
2023,20230764,Laurent Pichon,6,Stage 6,0,0,0,0,0,0,0,0,0
2023,20230764,Laurent Pichon,7,Stage 7,0,0,0,0,0,0,0,0,0
2023,20230764,Laurent Pichon,8,Stage 8,0,0,0,0,0,0,0,0,0
2023,20230764,Laurent Pichon,9,Stage 9,0,0,0,0,0,0,0,0,0
2023,20230764,Laurent Pichon,10,Stage 10,0,0,0,0,0,0,0,0,0
2023,20230764,Laurent Pichon,11,Stage 11,0,0,0,0,0,0,0,0,0
2023,20230764,Laurent Pichon,12,Stage 12,0,0,0,0,0,0,0,0,0
2023,20230764,Laurent Pichon,13,Stage 13,0,0,0,0,0,0,0,0,0
2023,20230764,Laurent Pichon,14,Stage 14,0,0,0,0,0,0,0,0,0
2023,20230764,Laurent Pichon,15,Stage 15,0,0,0,0,0,0,0,0,0
2023,20230764,Laurent Pichon,16,Stage 16,0,0,0,0,0,0,0,0,0
2023,20230764,Laurent Pichon,17,Stage 17,0,0,0,0,0,0,0,0,0
2023,20230764,Laurent Pichon,18,Stage 18,0,0,0,0,0,0,0,0,0
2023,20230764,Laurent Pichon,19,Stage 19,0,0,0,0,0,0,0,0,0
2023,20230764,Laurent Pichon,20,Stage 20,0,0,0,0,0,0,0,0,0
2023,20230764,Laurent Pichon,21,Stage 21,0,0,0,0,0,0,0,0,0
2023,20230764,Laurent Pichon,22,Final Classifications,0,0,0,0,0,0,0,0,0
2023,20230905,Daniel Oss,1,Stage 1,0,0,0,0,0,0,0,0,0
2023,20230905,Daniel Oss,2,Stage 2,0,0,0,0,0,0,0,0,0
2023,20230905,Daniel Oss,3,Stage 3,0,0,0,0,0,0,0,0,0
2023,20230905,Daniel Oss,4,Stage 4,0,0,0,0,0,0,0,0,0
2023,20230905,Daniel Oss,5,Stage 5,0,0,0,0,0,0,0,0,0
2023,20230905,Daniel Oss,6,Stage 6,0,0,0,0,0,0,0,0,0
2023,20230905,Daniel Oss,7,Stage 7,0,0,0,0,0,0,0,0,0
2023,20230905,Daniel Oss,8,Stage 8,0,0,0,0,0,0,0,0,0
2023,20230905,Daniel Oss,9,Stage 9,0,0,0,0,0,0,0,4,4
2023,20230905,Daniel Oss,10,Stage 10,0,0,0,0,0,0,0,0,0
2023,20230905,Daniel Oss,11,Stage 11,0,0,0,0,12,0,20,0,32
2023,20230905,Daniel Oss,12,Stage 12,0,0,0,0,0,0,0,4,4
2023,20230905,Daniel Oss,13,Stage 13,0,0,0,0,0,0,0,0,0
2023,20230905,Daniel Oss,14,Stage 14,0,0,0,0,0,0,0,0,0
2023,20230905,Daniel Oss,15,Stage 15,0,0,0,0,0,0,0,2,2
2023,20230905,Daniel Oss,16,Stage 16,0,0,0,0,0,0,0,0,0
2023,20230905,Daniel Oss,17,Stage 17,0,0,0,0,0,0,0,0,0
2023,20230905,Daniel Oss,18,Stage 18,0,0,0,0,0,0,0,0,0
2023,20230905,Daniel Oss,19,Stage 19,0,0,0,0,0,0,0,0,0
2023,20230905,Daniel Oss,20,Stage 20,0,0,0,0,0,0,0,0,0
2023,20230905,Daniel Oss,21,Stage 21,0,0,0,0,0,0,0,0,0
2023,20230905,Daniel Oss,22,Final Classifications,0,0,0,0,0,0,0,0,0
2023,20230050,Quinten Hermans,1,Stage 1,0,0,0,0,0,0,0,0,0
2023,20230050,Quinten Hermans,2,Stage 2,0,0,0,0,0,0,0,0,0
2023,20230050,Quinten Hermans,3,Stage 3,0,0,0,0,0,0,0,8,8
2023,20230050,Quinten Hermans,4,Stage 4,0,0,0,0,0,0,0,8,8
2023,20230050,Quinten Hermans,5,Stage 5,0,0,0,0,0,0,0,0,0
2023,20230050,Quinten Hermans,6,Stage 6,0,0,0,0,0,0,0,0,0
2023,20230050,Quinten Hermans,7,Stage 7,0,0,0,0,0,0,0,8,8
2023,20230050,Quinten Hermans,8,Stage 8,0,0,0,0,0,0,0,4,4
2023,20230050,Quinten Hermans,9,Stage 9,0,0,0,0,0,0,0,0,0
2023,20230050,Quinten Hermans,10,Stage 10,0,0,0,0,0,0,0,0,0
2023,20230050,Quinten Hermans,11,Stage 11,0,0,0,0,0,0,0,8,8
2023,20230050,Quinten Hermans,12,Stage 12,0,0,0,0,0,0,0,0,0
2023,20230050,Quinten Hermans,13,Stage 13,0,0,0,0,0,0,0,0,0
2023,20230050,Quinten Hermans,14,Stage 14,0,0,0,0,0,0,0,0,0
2023,20230050,Quinten Hermans,15,Stage 15,0,0,0,0,0,0,0,0,0
2023,20230050,Quinten Hermans,16,Stage 16,0,0,0,0,0,0,0,0,0
2023,20230050,Quinten Hermans,17,Stage 17,0,0,0,0,0,0,0,0,0
2023,20230050,Quinten Hermans,18,Stage 18,0,0,0,0,0,0,0,0,0
2023,20230050,Quinten Hermans,19,Stage 19,0,0,0,0,0,0,0,0,0
2023,20230050,Quinten Hermans,20,Stage 20,0,0,0,0,0,0,0,0,0
2023,20230050,Quinten Hermans,21,Stage 21,0,0,0,0,0,0,0,4,4
2023,20230050,Quinten Hermans,22,Final Classifications,0,0,0,0,0,0,0,0,0
2023,20230048,Michael Gogl,1,Stage 1,0,0,0,0,0,0,0,0,0
2023,20230048,Michael Gogl,2,Stage 2,0,0,0,0,0,0,0,0,0
2023,20230048,Michael Gogl,3,Stage 3,0,0,0,0,0,0,0,8,8
2023,20230048,Michael Gogl,4,Stage 4,0,0,0,0,0,0,0,8,8
2023,20230048,Michael Gogl,5,Stage 5,0,0,0,0,0,0,0,0,0
2023,20230048,Michael Gogl,6,Stage 6,0,0,0,0,0,0,0,0,0
2023,20230048,Michael Gogl,7,Stage 7,0,0,0,0,0,0,0,8,8
2023,20230048,Michael Gogl,8,Stage 8,0,0,0,0,0,0,0,4,4
2023,20230048,Michael Gogl,9,Stage 9,0,0,0,0,0,0,0,0,0
2023,20230048,Michael Gogl,10,Stage 10,0,0,0,0,0,0,0,0,0
2023,20230048,Michael Gogl,11,Stage 11,0,0,0,0,0,0,0,8,8
2023,20230048,Michael Gogl,12,Stage 12,0,0,0,0,0,0,0,0,0
2023,20230048,Michael Gogl,13,Stage 13,0,0,0,0,0,0,0,0,0
2023,20230048,Michael Gogl,14,Stage 14,0,0,0,0,0,0,0,0,0
2023,20230048,Michael Gogl,15,Stage 15,0,0,0,0,0,0,0,0,0
2023,20230048,Michael Gogl,16,Stage 16,0,0,0,0,0,0,0,0,0
2023,20230048,Michael Gogl,17,Stage 17,0,0,0,0,0,0,0,0,0
2023,20230048,Michael Gogl,18,Stage 18,0,0,0,0,0,0,0,0,0
2023,20230048,Michael Gogl,19,Stage 19,0,0,0,0,0,0,0,0,0
2023,20230048,Michael Gogl,20,Stage 20,0,0,0,0,0,0,0,0,0
2023,20230048,Michael Gogl,21,Stage 21,0,0,0,0,0,0,0,4,4
2023,20230048,Michael Gogl,22,Final Classifications,0,0,0,0,0,0,0,0,0
2023,20230062,Jonas Rickaert,1,Stage 1,0,0,0,0,0,0,0,0,0
2023,20230062,Jonas Rickaert,2,Stage 2,0,0,0,0,0,0,0,0,0
2023,20230062,Jonas Rickaert,3,Stage 3,0,0,0,0,0,0,0,8,8
2023,20230062,Jonas Rickaert,4,Stage 4,0,0,0,0,0,0,0,8,8
2023,20230062,Jonas Rickaert,5,Stage 5,0,0,0,0,0,0,0,0,0
2023,20230062,Jonas Rickaert,6,Stage 6,0,0,0,0,0,0,0,0,0
2023,20230062,Jonas Rickaert,7,Stage 7,0,0,0,0,0,0,0,8,8
2023,20230062,Jonas Rickaert,8,Stage 8,0,0,0,0,0,0,0,4,4
2023,20230062,Jonas Rickaert,9,Stage 9,0,0,0,0,0,0,0,0,0
2023,20230062,Jonas Rickaert,10,Stage 10,0,0,0,0,0,0,0,0,0
2023,20230062,Jonas Rickaert,11,Stage 11,0,0,0,0,0,0,0,8,8
2023,20230062,Jonas Rickaert,12,Stage 12,0,0,0,0,0,0,0,0,0
2023,20230062,Jonas Rickaert,13,Stage 13,0,0,0,0,0,0,0,0,0
2023,20230062,Jonas Rickaert,14,Stage 14,0,0,0,0,0,0,0,0,0
2023,20230062,Jonas Rickaert,15,Stage 15,0,0,0,0,0,0,0,0,0
2023,20230062,Jonas Rickaert,16,Stage 16,0,0,0,0,0,0,0,0,0
2023,20230062,Jonas Rickaert,17,Stage 17,0,0,0,0,0,0,0,0,0
2023,20230062,Jonas Rickaert,18,Stage 18,0,0,0,0,0,0,0,0,0
2023,20230062,Jonas Rickaert,19,Stage 19,0,0,0,0,0,0,0,0,0
2023,20230062,Jonas Rickaert,20,Stage 20,0,0,0,0,0,0,0,0,0
2023,20230062,Jonas Rickaert,21,Stage 21,0,0,0,0,0,0,0,4,4
2023,20230062,Jonas Rickaert,22,Final Classifications,0,0,0,0,0,0,0,0,0
2023,20230462,Lars Van Den Berg,1,Stage 1,0,0,0,0,0,0,0,2,2
2023,20230462,Lars Van Den Berg,2,Stage 2,0,0,0,0,0,0,0,0,0
2023,20230462,Lars Van Den Berg,3,Stage 3,0,0,0,0,0,0,0,0,0
2023,20230462,Lars Van Den Berg,4,Stage 4,0,0,0,0,0,0,0,0,0
2023,20230462,Lars Van Den Berg,5,Stage 5,0,0,0,0,0,0,0,0,0
2023,20230462,Lars Van Den Berg,6,Stage 6,0,0,0,0,0,0,0,0,0
2023,20230462,Lars Van Den Berg,7,Stage 7,0,0,0,0,0,0,0,0,0
2023,20230462,Lars Van Den Berg,8,Stage 8,0,0,0,0,0,0,0,0,0
2023,20230462,Lars Van Den Berg,9,Stage 9,0,0,0,0,0,0,0,0,0
2023,20230462,Lars Van Den Berg,10,Stage 10,0,0,0,0,0,0,0,0,0
2023,20230462,Lars Van Den Berg,11,Stage 11,0,0,0,0,0,0,0,0,0
2023,20230462,Lars Van Den Berg,12,Stage 12,16,0,0,0,0,0,0,0,16
2023,20230462,Lars Van Den Berg,13,Stage 13,0,0,0,0,0,0,0,0,0
2023,20230462,Lars Van Den Berg,14,Stage 14,0,0,0,0,0,0,0,0,0
2023,20230462,Lars Van Den Berg,15,Stage 15,0,0,0,0,0,0,0,0,0
2023,20230462,Lars Van Den Berg,16,Stage 16,0,0,0,0,0,0,0,0,0
2023,20230462,Lars Van Den Berg,17,Stage 17,0,0,0,0,0,0,0,0,0
2023,20230462,Lars Van Den Berg,18,Stage 18,0,0,0,0,0,0,0,0,0
2023,20230462,Lars Van Den Berg,19,Stage 19,12,0,0,0,0,0,0,0,12
2023,20230462,Lars Van Den Berg,20,Stage 20,0,0,0,0,0,0,0,0,0
2023,20230462,Lars Van Den Berg,21,Stage 21,0,0,0,0,0,0,0,0,0
2023,20230462,Lars Van Den Berg,22,Final Classifications,0,0,0,0,0,0,0,10,10
2023,20230751,Anthony Delaplace,1,Stage 1,0,0,0,0,0,0,0,0,0
2023,20230751,Anthony Delaplace,2,Stage 2,0,0,0,0,0,0,0,0,0
2023,20230751,Anthony Delaplace,3,Stage 3,0,0,0,0,0,0,0,0,0
2023,20230751,Anthony Delaplace,4,Stage 4,0,0,0,0,0,0,0,0,0
2023,20230751,Anthony Delaplace,5,Stage 5,0,0,0,0,0,0,0,0,0
2023,20230751,Anthony Delaplace,6,Stage 6,0,0,0,0,0,0,0,0,0
2023,20230751,Anthony Delaplace,7,Stage 7,0,0,0,0,0,0,0,0,0
2023,20230751,Anthony Delaplace,8,Stage 8,0,0,0,0,20,0,20,0,40
2023,20230751,Anthony Delaplace,9,Stage 9,0,0,0,0,0,0,0,0,0
2023,20230751,Anthony Delaplace,10,Stage 10,0,0,0,0,0,0,0,0,0
2023,20230751,Anthony Delaplace,11,Stage 11,0,0,0,0,0,0,0,0,0
2023,20230751,Anthony Delaplace,12,Stage 12,0,0,0,0,0,0,0,0,0
2023,20230751,Anthony Delaplace,13,Stage 13,0,0,0,0,0,0,0,0,0
2023,20230751,Anthony Delaplace,14,Stage 14,0,0,0,0,0,0,0,0,0
2023,20230751,Anthony Delaplace,15,Stage 15,0,0,0,0,0,0,0,0,0
2023,20230751,Anthony Delaplace,16,Stage 16,0,0,0,0,0,0,0,0,0
2023,20230751,Anthony Delaplace,17,Stage 17,0,0,0,0,0,0,0,0,0
2023,20230751,Anthony Delaplace,18,Stage 18,0,0,0,0,0,0,0,0,0
2023,20230751,Anthony Delaplace,19,Stage 19,0,0,0,0,0,0,0,0,0
2023,20230751,Anthony Delaplace,20,Stage 20,0,0,0,0,0,0,0,0,0
2023,20230751,Anthony Delaplace,21,Stage 21,0,0,0,0,0,0,0,0,0
2023,20230751,Anthony Delaplace,22,Final Classifications,0,0,0,0,0,0,0,0,0
2023,20230017,Benoît Cosnefroy,1,Stage 1,0,0,0,0,0,0,0,0,0
2023,20230017,Benoît Cosnefroy,2,Stage 2,0,0,0,0,0,0,0,0,0
2023,20230017,Benoît Cosnefroy,3,Stage 3,0,0,0,0,0,0,0,0,0
2023,20230017,Benoît Cosnefroy,4,Stage 4,0,0,0,0,0,0,0,0,0
2023,20230017,Benoît Cosnefroy,5,Stage 5,0,0,0,0,0,0,0,2,2
2023,20230017,Benoît Cosnefroy,6,Stage 6,0,0,0,0,0,0,20,0,20
2023,20230017,Benoît Cosnefroy,7,Stage 7,0,0,0,0,0,0,0,0,0
2023,20230017,Benoît Cosnefroy,8,Stage 8,0,0,0,0,0,0,0,0,0
2023,20230017,Benoît Cosnefroy,9,Stage 9,0,0,0,0,0,0,0,0,0
2023,20230017,Benoît Cosnefroy,10,Stage 10,0,0,0,0,0,0,0,2,2
2023,20230017,Benoît Cosnefroy,11,Stage 11,0,0,0,0,0,0,0,0,0
2023,20230017,Benoît Cosnefroy,12,Stage 12,0,0,0,0,0,0,0,0,0
2023,20230017,Benoît Cosnefroy,13,Stage 13,0,0,0,0,0,0,0,0,0
2023,20230017,Benoît Cosnefroy,14,Stage 14,0,0,0,0,0,0,0,0,0
2023,20230017,Benoît Cosnefroy,15,Stage 15,0,0,0,0,0,0,0,0,0
2023,20230017,Benoît Cosnefroy,16,Stage 16,0,0,0,0,0,0,0,0,0
2023,20230017,Benoît Cosnefroy,17,Stage 17,0,0,0,0,0,0,0,8,8
2023,20230017,Benoît Cosnefroy,18,Stage 18,0,0,0,0,0,0,0,0,0
2023,20230017,Benoît Cosnefroy,19,Stage 19,0,0,0,0,0,0,0,2,2
2023,20230017,Benoît Cosnefroy,20,Stage 20,0,0,0,0,0,0,0,4,4
2023,20230017,Benoît Cosnefroy,21,Stage 21,0,0,0,0,0,0,0,0,0
2023,20230017,Benoît Cosnefroy,22,Final Classifications,0,0,0,0,0,0,0,0,0
2023,20230718,Michael Mørkøv,1,Stage 1,0,0,0,0,0,0,0,0,0
2023,20230718,Michael Mørkøv,2,Stage 2,0,0,0,0,0,0,0,0,0
2023,20230718,Michael Mørkøv,3,Stage 3,0,0,0,0,0,0,0,0,0
2023,20230718,Michael Mørkøv,4,Stage 4,0,0,0,0,0,0,0,0,0
2023,20230718,Michael Mørkøv,5,Stage 5,0,0,0,0,0,0,0,0,0
2023,20230718,Michael Mørkøv,6,Stage 6,0,0,0,0,0,0,0,0,0
2023,20230718,Michael Mørkøv,7,Stage 7,0,0,0,0,0,0,0,0,0
2023,20230718,Michael Mørkøv,8,Stage 8,0,0,0,0,0,0,0,0,0
2023,20230718,Michael Mørkøv,9,Stage 9,0,0,0,0,0,0,0,0,0
2023,20230718,Michael Mørkøv,10,Stage 10,0,0,0,0,0,0,0,0,0
2023,20230718,Michael Mørkøv,11,Stage 11,0,0,0,0,0,0,0,0,0
2023,20230718,Michael Mørkøv,12,Stage 12,0,0,0,0,0,0,0,0,0
2023,20230718,Michael Mørkøv,13,Stage 13,0,0,0,0,0,0,0,0,0
2023,20230718,Michael Mørkøv,14,Stage 14,0,0,0,0,0,0,0,0,0
2023,20230718,Michael Mørkøv,15,Stage 15,0,0,0,0,0,0,0,0,0
2023,20230718,Michael Mørkøv,16,Stage 16,0,0,0,0,0,0,0,0,0
2023,20230718,Michael Mørkøv,17,Stage 17,0,0,0,0,0,0,0,0,0
2023,20230718,Michael Mørkøv,18,Stage 18,0,0,0,0,0,0,0,8,8
2023,20230718,Michael Mørkøv,19,Stage 19,0,0,0,0,0,0,0,4,4
2023,20230718,Michael Mørkøv,20,Stage 20,0,0,0,0,0,0,0,0,0
2023,20230718,Michael Mørkøv,21,Stage 21,25,0,0,0,0,0,0,0,25
2023,20230718,Michael Mørkøv,22,Final Classifications,0,0,0,0,0,0,0,0,0
2023,20230998,Anthon Charmig,1,Stage 1,0,0,0,0,0,0,0,0,0
2023,20230998,Anthon Charmig,2,Stage 2,0,0,0,0,0,0,0,0,0
2023,20230998,Anthon Charmig,3,Stage 3,0,0,0,0,0,0,0,0,0
2023,20230998,Anthon Charmig,4,Stage 4,0,0,0,0,0,0,0,0,0
2023,20230998,Anthon Charmig,5,Stage 5,0,0,0,0,0,0,0,0,0
2023,20230998,Anthon Charmig,6,Stage 6,0,0,0,0,0,0,0,2,2
2023,20230998,Anthon Charmig,7,Stage 7,0,0,0,0,0,0,0,0,0
2023,20230998,Anthon Charmig,8,Stage 8,0,0,0,0,0,0,0,0,0
2023,20230998,Anthon Charmig,9,Stage 9,0,0,0,0,0,0,0,0,0
2023,20230998,Anthon Charmig,10,Stage 10,0,0,0,0,0,0,0,0,0
2023,20230998,Anthon Charmig,11,Stage 11,0,0,0,0,0,0,0,0,0
2023,20230998,Anthon Charmig,12,Stage 12,0,0,0,0,0,0,0,0,0
2023,20230998,Anthon Charmig,13,Stage 13,0,0,0,0,12,0,20,0,32
2023,20230998,Anthon Charmig,14,Stage 14,0,0,0,0,0,0,0,0,0
2023,20230998,Anthon Charmig,15,Stage 15,0,0,0,0,0,0,0,0,0
2023,20230998,Anthon Charmig,16,Stage 16,0,0,0,0,0,0,0,0,0
2023,20230998,Anthon Charmig,17,Stage 17,0,0,0,0,0,0,0,0,0
2023,20230998,Anthon Charmig,18,Stage 18,0,0,0,0,0,0,0,2,2
2023,20230998,Anthon Charmig,19,Stage 19,0,0,0,0,0,0,0,0,0
2023,20230998,Anthon Charmig,20,Stage 20,0,0,0,0,0,0,0,0,0
2023,20230998,Anthon Charmig,21,Stage 21,0,0,0,0,0,0,0,0,0
2023,20230998,Anthon Charmig,22,Final Classifications,0,0,0,0,0,0,0,0,0
2023,20230065,Ramon Sinkeldam,1,Stage 1,0,0,0,0,0,0,0,0,0
2023,20230065,Ramon Sinkeldam,2,Stage 2,0,0,0,0,0,0,0,0,0
2023,20230065,Ramon Sinkeldam,3,Stage 3,0,0,0,0,0,0,0,8,8
2023,20230065,Ramon Sinkeldam,4,Stage 4,0,0,0,0,0,0,0,8,8
2023,20230065,Ramon Sinkeldam,5,Stage 5,0,0,0,0,0,0,0,0,0
2023,20230065,Ramon Sinkeldam,6,Stage 6,0,0,0,0,0,0,0,0,0
2023,20230065,Ramon Sinkeldam,7,Stage 7,0,0,0,0,0,0,0,8,8
2023,20230065,Ramon Sinkeldam,8,Stage 8,0,0,0,0,0,0,0,4,4
2023,20230065,Ramon Sinkeldam,9,Stage 9,0,0,0,0,0,0,0,0,0
2023,20230065,Ramon Sinkeldam,10,Stage 10,0,0,0,0,0,0,0,0,0
2023,20230065,Ramon Sinkeldam,11,Stage 11,0,0,0,0,0,0,0,8,8
2023,20230065,Ramon Sinkeldam,12,Stage 12,0,0,0,0,0,0,0,0,0
2023,20230065,Ramon Sinkeldam,13,Stage 13,0,0,0,0,0,0,0,0,0
2023,20230065,Ramon Sinkeldam,14,Stage 14,0,0,0,0,0,0,0,0,0
2023,20230065,Ramon Sinkeldam,15,Stage 15,0,0,0,0,0,0,0,0,0
2023,20230065,Ramon Sinkeldam,16,Stage 16,0,0,0,0,0,0,0,0,0
2023,20230065,Ramon Sinkeldam,17,Stage 17,0,0,0,0,0,0,0,0,0
2023,20230065,Ramon Sinkeldam,18,Stage 18,0,0,0,0,0,0,0,0,0
2023,20230065,Ramon Sinkeldam,19,Stage 19,0,0,0,0,0,0,0,0,0
2023,20230065,Ramon Sinkeldam,20,Stage 20,0,0,0,0,0,0,0,0,0
2023,20230065,Ramon Sinkeldam,21,Stage 21,0,0,0,0,0,0,0,0,0
2023,20230065,Ramon Sinkeldam,22,Final Classifications,0,0,0,0,0,0,0,0,0
2023,20230446,Stefan Küng,1,Stage 1,0,0,0,0,0,0,0,2,2
2023,20230446,Stefan Küng,2,Stage 2,0,0,0,0,0,0,0,0,0
2023,20230446,Stefan Küng,3,Stage 3,0,0,0,0,0,0,0,0,0
2023,20230446,Stefan Küng,4,Stage 4,0,0,0,0,0,0,0,0,0
2023,20230446,Stefan Küng,5,Stage 5,0,0,0,0,0,0,0,0,0
2023,20230446,Stefan Küng,6,Stage 6,0,0,0,0,0,0,0,0,0
2023,20230446,Stefan Küng,7,Stage 7,0,0,0,0,0,0,0,0,0
2023,20230446,Stefan Küng,8,Stage 8,0,0,0,0,0,0,0,0,0
2023,20230446,Stefan Küng,9,Stage 9,0,0,0,0,0,0,0,0,0
2023,20230446,Stefan Küng,10,Stage 10,8,0,0,0,0,0,0,0,8
2023,20230446,Stefan Küng,11,Stage 11,0,0,0,0,0,0,0,0,0
2023,20230446,Stefan Küng,12,Stage 12,0,0,0,0,0,0,0,0,0
2023,20230446,Stefan Küng,13,Stage 13,0,0,0,0,0,0,0,0,0
2023,20230446,Stefan Küng,14,Stage 14,0,0,0,0,0,0,0,0,0
2023,20230446,Stefan Küng,15,Stage 15,0,0,0,0,0,0,0,0,0
2023,20230446,Stefan Küng,16,Stage 16,12,0,0,0,0,0,0,0,12
2023,20230446,Stefan Küng,17,Stage 17,0,0,0,0,2,0,0,0,2
2023,20230446,Stefan Küng,18,Stage 18,0,0,0,0,0,0,0,0,0
2023,20230446,Stefan Küng,19,Stage 19,0,0,0,0,0,0,0,0,0
2023,20230446,Stefan Küng,20,Stage 20,0,0,0,0,0,0,0,0,0
2023,20230446,Stefan Küng,21,Stage 21,0,0,0,0,0,0,0,0,0
2023,20230446,Stefan Küng,22,Final Classifications,0,0,0,0,0,0,0,10,10
2023,20230326,Rigoberto Urán,1,Stage 1,0,0,0,0,0,0,0,0,0
2023,20230326,Rigoberto Urán,2,Stage 2,0,0,0,0,0,0,0,0,0
2023,20230326,Rigoberto Urán,3,Stage 3,0,0,0,0,0,0,0,0,0
2023,20230326,Rigoberto Urán,4,Stage 4,0,0,0,0,0,0,0,0,0
2023,20230326,Rigoberto Urán,5,Stage 5,0,0,0,0,0,0,0,0,0
2023,20230326,Rigoberto Urán,6,Stage 6,0,0,0,0,0,0,0,0,0
2023,20230326,Rigoberto Urán,7,Stage 7,0,0,0,0,0,0,0,0,0
2023,20230326,Rigoberto Urán,8,Stage 8,0,0,0,0,0,0,0,0,0
2023,20230326,Rigoberto Urán,9,Stage 9,0,0,0,0,0,0,0,0,0
2023,20230326,Rigoberto Urán,10,Stage 10,0,0,0,0,0,0,0,0,0
2023,20230326,Rigoberto Urán,11,Stage 11,0,0,0,0,0,0,0,0,0
2023,20230326,Rigoberto Urán,12,Stage 12,0,0,0,0,0,0,0,0,0
2023,20230326,Rigoberto Urán,13,Stage 13,0,0,0,0,0,0,0,0,0
2023,20230326,Rigoberto Urán,14,Stage 14,0,0,0,0,0,0,0,0,0
2023,20230326,Rigoberto Urán,15,Stage 15,25,0,0,0,0,6,0,0,31
2023,20230326,Rigoberto Urán,16,Stage 16,0,0,0,0,0,0,0,0,0
2023,20230326,Rigoberto Urán,17,Stage 17,0,0,0,0,0,0,0,0,0
2023,20230326,Rigoberto Urán,18,Stage 18,0,0,0,0,0,0,0,0,0
2023,20230326,Rigoberto Urán,19,Stage 19,0,0,0,0,0,0,0,0,0
2023,20230326,Rigoberto Urán,20,Stage 20,0,0,0,0,0,0,0,0,0
2023,20230326,Rigoberto Urán,21,Stage 21,0,0,0,0,0,0,0,0,0
2023,20230326,Rigoberto Urán,22,Final Classifications,0,0,0,0,0,0,0,0,0
2023,20230547,Guillaume Boivin,1,Stage 1,0,0,0,0,0,0,0,0,0
2023,20230547,Guillaume Boivin,2,Stage 2,0,0,0,0,0,0,0,0,0
2023,20230547,Guillaume Boivin,3,Stage 3,0,0,0,0,0,0,0,0,0
2023,20230547,Guillaume Boivin,4,Stage 4,0,0,0,0,0,0,0,0,0
2023,20230547,Guillaume Boivin,5,Stage 5,0,0,0,0,0,0,0,0,0
2023,20230547,Guillaume Boivin,6,Stage 6,0,0,0,0,0,0,0,0,0
2023,20230547,Guillaume Boivin,7,Stage 7,0,0,0,0,0,0,0,0,0
2023,20230547,Guillaume Boivin,8,Stage 8,0,0,0,0,0,0,0,0,0
2023,20230547,Guillaume Boivin,9,Stage 9,0,0,0,0,0,0,20,8,28
2023,20230547,Guillaume Boivin,10,Stage 10,0,0,0,0,0,0,0,0,0
2023,20230547,Guillaume Boivin,11,Stage 11,0,0,0,0,0,0,0,0,0
2023,20230547,Guillaume Boivin,12,Stage 12,0,0,0,0,0,0,0,0,0
2023,20230547,Guillaume Boivin,13,Stage 13,0,0,0,0,0,0,0,0,0
2023,20230547,Guillaume Boivin,14,Stage 14,0,0,0,0,0,0,0,0,0
2023,20230547,Guillaume Boivin,15,Stage 15,0,0,0,0,0,0,0,0,0
2023,20230547,Guillaume Boivin,16,Stage 16,0,0,0,0,0,0,0,0,0
2023,20230547,Guillaume Boivin,17,Stage 17,0,0,0,0,0,0,0,0,0
2023,20230547,Guillaume Boivin,18,Stage 18,0,0,0,0,0,0,0,0,0
2023,20230547,Guillaume Boivin,19,Stage 19,0,0,0,0,0,0,0,0,0
2023,20230547,Guillaume Boivin,20,Stage 20,0,0,0,0,0,0,0,0,0
2023,20230547,Guillaume Boivin,21,Stage 21,0,0,0,0,0,0,0,0,0
2023,20230547,Guillaume Boivin,22,Final Classifications,0,0,0,0,0,0,0,0,0
2023,20230927,Alex Kirsch,1,Stage 1,0,0,0,0,0,0,0,0,0
2023,20230927,Alex Kirsch,2,Stage 2,0,0,0,0,0,0,0,0,0
2023,20230927,Alex Kirsch,3,Stage 3,12,0,0,0,0,0,0,0,12
2023,20230927,Alex Kirsch,4,Stage 4,0,0,0,0,0,0,0,0,0
2023,20230927,Alex Kirsch,5,Stage 5,0,0,0,0,0,0,0,8,8
2023,20230927,Alex Kirsch,6,Stage 6,0,0,0,0,0,0,0,0,0
2023,20230927,Alex Kirsch,7,Stage 7,0,0,0,0,0,0,0,0,0
2023,20230927,Alex Kirsch,8,Stage 8,0,0,0,0,0,0,0,8,8
2023,20230927,Alex Kirsch,9,Stage 9,0,0,0,0,0,0,0,0,0
2023,20230927,Alex Kirsch,10,Stage 10,0,0,0,0,0,0,0,0,0
2023,20230927,Alex Kirsch,11,Stage 11,0,0,0,0,0,0,0,0,0
2023,20230927,Alex Kirsch,12,Stage 12,0,0,0,0,0,0,0,0,0
2023,20230927,Alex Kirsch,13,Stage 13,0,0,0,0,0,0,0,0,0
2023,20230927,Alex Kirsch,14,Stage 14,0,0,0,0,0,0,0,0,0
2023,20230927,Alex Kirsch,15,Stage 15,0,0,0,0,0,0,0,0,0
2023,20230927,Alex Kirsch,16,Stage 16,0,0,0,0,0,0,0,0,0
2023,20230927,Alex Kirsch,17,Stage 17,0,0,0,0,0,0,0,0,0
2023,20230927,Alex Kirsch,18,Stage 18,0,0,0,0,0,0,0,0,0
2023,20230927,Alex Kirsch,19,Stage 19,0,0,0,0,0,0,0,0,0
2023,20230927,Alex Kirsch,20,Stage 20,0,0,0,0,0,0,0,0,0
2023,20230927,Alex Kirsch,21,Stage 21,0,0,0,0,0,0,0,0,0
2023,20230927,Alex Kirsch,22,Final Classifications,0,0,0,0,0,0,0,0,0
2023,20230657,Nelson Oliveira,1,Stage 1,0,0,0,0,0,0,0,0,0
2023,20230657,Nelson Oliveira,2,Stage 2,0,0,0,0,0,0,0,0,0
2023,20230657,Nelson Oliveira,3,Stage 3,0,0,0,0,0,0,0,0,0
2023,20230657,Nelson Oliveira,4,Stage 4,0,0,0,0,0,0,0,0,0
2023,20230657,Nelson Oliveira,5,Stage 5,0,0,0,0,0,0,0,0,0
2023,20230657,Nelson Oliveira,6,Stage 6,0,0,0,0,0,0,0,0,0
2023,20230657,Nelson Oliveira,7,Stage 7,0,0,0,0,0,0,0,0,0
2023,20230657,Nelson Oliveira,8,Stage 8,0,0,0,0,0,0,0,0,0
2023,20230657,Nelson Oliveira,9,Stage 9,0,0,0,0,0,0,0,0,0
2023,20230657,Nelson Oliveira,10,Stage 10,0,0,0,0,0,0,0,0,0
2023,20230657,Nelson Oliveira,11,Stage 11,0,0,0,0,0,0,0,0,0
2023,20230657,Nelson Oliveira,12,Stage 12,0,0,0,0,0,0,0,2,2
2023,20230657,Nelson Oliveira,13,Stage 13,0,0,0,0,6,0,20,0,26
2023,20230657,Nelson Oliveira,14,Stage 14,0,0,0,0,0,0,0,0,0
2023,20230657,Nelson Oliveira,15,Stage 15,0,0,0,0,0,0,0,0,0
2023,20230657,Nelson Oliveira,16,Stage 16,0,0,0,0,0,0,0,0,0
2023,20230657,Nelson Oliveira,17,Stage 17,0,0,0,0,0,0,0,0,0
2023,20230657,Nelson Oliveira,18,Stage 18,0,0,0,0,0,0,0,0,0
2023,20230657,Nelson Oliveira,19,Stage 19,0,0,0,0,0,0,0,0,0
2023,20230657,Nelson Oliveira,20,Stage 20,0,0,0,0,0,0,0,0,0
2023,20230657,Nelson Oliveira,21,Stage 21,0,0,0,0,0,0,0,0,0
2023,20230657,Nelson Oliveira,22,Final Classifications,0,0,0,0,0,0,0,0,0
2023,20230534,Adrien Petit,1,Stage 1,0,0,0,0,0,0,0,0,0
2023,20230534,Adrien Petit,2,Stage 2,0,0,0,0,0,0,0,0,0
2023,20230534,Adrien Petit,3,Stage 3,0,0,0,0,0,0,0,0,0
2023,20230534,Adrien Petit,4,Stage 4,0,0,0,0,0,0,0,0,0
2023,20230534,Adrien Petit,5,Stage 5,0,0,0,0,0,0,0,0,0
2023,20230534,Adrien Petit,6,Stage 6,0,0,0,0,0,0,0,0,0
2023,20230534,Adrien Petit,7,Stage 7,0,0,0,0,0,0,0,2,2
2023,20230534,Adrien Petit,8,Stage 8,0,0,0,0,0,0,0,0,0
2023,20230534,Adrien Petit,9,Stage 9,0,0,0,0,0,0,0,0,0
2023,20230534,Adrien Petit,10,Stage 10,0,0,0,0,0,0,0,4,4
2023,20230534,Adrien Petit,11,Stage 11,0,0,0,0,0,0,0,0,0
2023,20230534,Adrien Petit,12,Stage 12,0,0,0,0,0,0,0,0,0
2023,20230534,Adrien Petit,13,Stage 13,0,0,0,0,0,0,20,0,20
2023,20230534,Adrien Petit,14,Stage 14,0,0,0,0,0,0,0,0,0
2023,20230534,Adrien Petit,15,Stage 15,0,0,0,0,0,0,0,0,0
2023,20230534,Adrien Petit,16,Stage 16,0,0,0,0,0,0,0,0,0
2023,20230534,Adrien Petit,17,Stage 17,0,0,0,0,0,0,0,0,0
2023,20230534,Adrien Petit,18,Stage 18,0,0,0,0,0,0,0,0,0
2023,20230534,Adrien Petit,19,Stage 19,0,0,0,0,0,0,0,0,0
2023,20230534,Adrien Petit,20,Stage 20,0,0,0,0,0,0,0,0,0
2023,20230534,Adrien Petit,21,Stage 21,0,0,0,0,0,0,0,0,0
2023,20230534,Adrien Petit,22,Final Classifications,0,0,0,0,0,0,0,0,0
2023,20230442,Kevin Geniets,1,Stage 1,0,0,0,0,0,0,0,2,2
2023,20230442,Kevin Geniets,2,Stage 2,0,0,0,0,0,0,0,0,0
2023,20230442,Kevin Geniets,3,Stage 3,0,0,0,0,0,0,0,0,0
2023,20230442,Kevin Geniets,4,Stage 4,0,0,0,0,0,0,0,0,0
2023,20230442,Kevin Geniets,5,Stage 5,0,0,0,0,0,0,0,0,0
2023,20230442,Kevin Geniets,6,Stage 6,0,0,0,0,0,0,0,0,0
2023,20230442,Kevin Geniets,7,Stage 7,0,0,0,0,0,0,0,0,0
2023,20230442,Kevin Geniets,8,Stage 8,0,0,0,0,0,0,0,0,0
2023,20230442,Kevin Geniets,9,Stage 9,0,0,0,0,0,0,0,0,0
2023,20230442,Kevin Geniets,10,Stage 10,0,0,0,0,0,0,0,0,0
2023,20230442,Kevin Geniets,11,Stage 11,0,0,0,0,0,0,0,0,0
2023,20230442,Kevin Geniets,12,Stage 12,8,0,0,0,0,0,0,0,8
2023,20230442,Kevin Geniets,13,Stage 13,0,0,0,0,0,0,0,0,0
2023,20230442,Kevin Geniets,14,Stage 14,0,0,0,0,0,0,0,0,0
2023,20230442,Kevin Geniets,15,Stage 15,0,0,0,0,0,0,0,0,0
2023,20230442,Kevin Geniets,16,Stage 16,0,0,0,0,0,0,0,0,0
2023,20230442,Kevin Geniets,17,Stage 17,0,0,0,0,0,0,0,0,0
2023,20230442,Kevin Geniets,18,Stage 18,0,0,0,0,0,0,0,0,0
2023,20230442,Kevin Geniets,19,Stage 19,0,0,0,0,0,0,0,0,0
2023,20230442,Kevin Geniets,20,Stage 20,0,0,0,0,0,0,0,0,0
2023,20230442,Kevin Geniets,21,Stage 21,0,0,0,0,5,0,0,0,5
2023,20230442,Kevin Geniets,22,Final Classifications,0,0,0,0,0,0,0,10,10
2023,20230848,Luke Durbridge,1,Stage 1,0,0,0,0,0,0,0,8,8
2023,20230848,Luke Durbridge,2,Stage 2,0,0,0,0,0,0,0,2,2
2023,20230848,Luke Durbridge,3,Stage 3,0,0,0,0,0,0,0,2,2
2023,20230848,Luke Durbridge,4,Stage 4,0,0,0,0,0,0,0,2,2
2023,20230848,Luke Durbridge,5,Stage 5,0,0,0,0,0,0,0,0,0
2023,20230848,Luke Durbridge,6,Stage 6,0,0,0,0,0,0,0,0,0
2023,20230848,Luke Durbridge,7,Stage 7,0,0,0,0,0,0,0,0,0
2023,20230848,Luke Durbridge,8,Stage 8,0,0,0,0,0,0,0,0,0
2023,20230848,Luke Durbridge,9,Stage 9,0,0,0,0,0,0,0,0,0
2023,20230848,Luke Durbridge,10,Stage 10,0,0,0,0,0,0,0,0,0
2023,20230848,Luke Durbridge,11,Stage 11,0,0,0,0,0,0,0,4,4
2023,20230848,Luke Durbridge,12,Stage 12,0,0,0,0,0,0,0,0,0
2023,20230848,Luke Durbridge,13,Stage 13,0,0,0,0,0,0,0,0,0
2023,20230848,Luke Durbridge,14,Stage 14,0,0,0,0,0,0,0,0,0
2023,20230848,Luke Durbridge,15,Stage 15,0,0,0,0,0,0,0,0,0
2023,20230848,Luke Durbridge,16,Stage 16,0,0,0,0,0,0,0,0,0
2023,20230848,Luke Durbridge,17,Stage 17,0,0,0,0,0,0,0,4,4
2023,20230848,Luke Durbridge,18,Stage 18,0,0,0,0,0,0,0,0,0
2023,20230848,Luke Durbridge,19,Stage 19,0,0,0,0,0,0,0,0,0
2023,20230848,Luke Durbridge,20,Stage 20,0,0,0,0,0,0,0,0,0
2023,20230848,Luke Durbridge,21,Stage 21,0,0,0,0,0,0,0,2,2
2023,20230848,Luke Durbridge,22,Final Classifications,0,0,0,0,0,0,0,0,0
2023,20230865,Elmar Reinders,1,Stage 1,0,0,0,0,0,0,0,8,8
2023,20230865,Elmar Reinders,2,Stage 2,0,0,0,0,0,0,0,2,2
2023,20230865,Elmar Reinders,3,Stage 3,0,0,0,0,0,0,0,2,2
2023,20230865,Elmar Reinders,4,Stage 4,0,0,0,0,0,0,0,2,2
2023,20230865,Elmar Reinders,5,Stage 5,0,0,0,0,0,0,0,0,0
2023,20230865,Elmar Reinders,6,Stage 6,0,0,0,0,0,0,0,0,0
2023,20230865,Elmar Reinders,7,Stage 7,0,0,0,0,0,0,0,0,0
2023,20230865,Elmar Reinders,8,Stage 8,0,0,0,0,0,0,0,0,0
2023,20230865,Elmar Reinders,9,Stage 9,0,0,0,0,0,0,0,0,0
2023,20230865,Elmar Reinders,10,Stage 10,0,0,0,0,0,0,0,0,0
2023,20230865,Elmar Reinders,11,Stage 11,0,0,0,0,0,0,0,4,4
2023,20230865,Elmar Reinders,12,Stage 12,0,0,0,0,0,0,0,0,0
2023,20230865,Elmar Reinders,13,Stage 13,0,0,0,0,0,0,0,0,0
2023,20230865,Elmar Reinders,14,Stage 14,0,0,0,0,0,0,0,0,0
2023,20230865,Elmar Reinders,15,Stage 15,0,0,0,0,0,0,0,0,0
2023,20230865,Elmar Reinders,16,Stage 16,0,0,0,0,0,0,0,0,0
2023,20230865,Elmar Reinders,17,Stage 17,0,0,0,0,0,0,0,4,4
2023,20230865,Elmar Reinders,18,Stage 18,0,0,0,0,0,0,0,0,0
2023,20230865,Elmar Reinders,19,Stage 19,0,0,0,0,0,0,0,0,0
2023,20230865,Elmar Reinders,20,Stage 20,0,0,0,0,0,0,0,0,0
2023,20230865,Elmar Reinders,21,Stage 21,0,0,0,0,0,0,0,2,2
2023,20230865,Elmar Reinders,22,Final Classifications,0,0,0,0,0,0,0,0,0
2023,20230280,Anthony Perez,1,Stage 1,0,0,0,0,0,0,0,0,0
2023,20230280,Anthony Perez,2,Stage 2,0,0,0,0,0,0,0,8,8
2023,20230280,Anthony Perez,3,Stage 3,0,0,0,0,0,0,0,0,0
2023,20230280,Anthony Perez,4,Stage 4,0,0,0,0,0,0,0,0,0
2023,20230280,Anthony Perez,5,Stage 5,0,0,0,0,0,0,0,0,0
2023,20230280,Anthony Perez,6,Stage 6,0,0,0,0,6,0,0,0,6
2023,20230280,Anthony Perez,7,Stage 7,0,0,0,0,0,0,0,0,0
2023,20230280,Anthony Perez,8,Stage 8,0,0,0,0,0,0,0,0,0
2023,20230280,Anthony Perez,9,Stage 9,0,0,0,0,0,0,0,0,0
2023,20230280,Anthony Perez,10,Stage 10,0,0,0,0,1,0,0,0,1
2023,20230280,Anthony Perez,11,Stage 11,0,0,0,0,0,0,0,0,0
2023,20230280,Anthony Perez,12,Stage 12,0,0,0,0,0,0,0,8,8
2023,20230280,Anthony Perez,13,Stage 13,0,0,0,0,0,0,0,0,0
2023,20230280,Anthony Perez,14,Stage 14,0,0,0,0,0,0,0,0,0
2023,20230280,Anthony Perez,15,Stage 15,0,0,0,0,0,0,0,0,0
2023,20230280,Anthony Perez,16,Stage 16,0,0,0,0,0,0,0,0,0
2023,20230280,Anthony Perez,17,Stage 17,0,0,0,0,0,0,0,0,0
2023,20230280,Anthony Perez,18,Stage 18,0,0,0,0,0,0,0,0,0
2023,20230280,Anthony Perez,19,Stage 19,0,0,0,0,0,0,0,0,0
2023,20230280,Anthony Perez,20,Stage 20,0,0,0,0,0,0,0,0,0
2023,20230280,Anthony Perez,21,Stage 21,0,0,0,0,0,0,0,0,0
2023,20230280,Anthony Perez,22,Final Classifications,0,0,0,0,0,0,0,0,0
2023,20230310,Magnus Cort,1,Stage 1,0,0,0,0,0,0,0,0,0
2023,20230310,Magnus Cort,2,Stage 2,0,0,0,0,0,0,0,0,0
2023,20230310,Magnus Cort,3,Stage 3,0,0,0,0,0,0,0,0,0
2023,20230310,Magnus Cort,4,Stage 4,0,0,0,0,0,0,0,0,0
2023,20230310,Magnus Cort,5,Stage 5,0,0,0,0,0,0,0,0,0
2023,20230310,Magnus Cort,6,Stage 6,0,0,0,0,0,0,0,0,0
2023,20230310,Magnus Cort,7,Stage 7,0,0,0,0,0,0,0,0,0
2023,20230310,Magnus Cort,8,Stage 8,0,0,0,0,0,0,0,0,0
2023,20230310,Magnus Cort,9,Stage 9,0,0,0,0,0,0,0,0,0
2023,20230310,Magnus Cort,10,Stage 10,20,0,0,0,0,0,0,0,20
2023,20230310,Magnus Cort,11,Stage 11,0,0,0,0,0,0,0,0,0
2023,20230310,Magnus Cort,12,Stage 12,0,0,0,0,0,0,0,0,0
2023,20230310,Magnus Cort,13,Stage 13,0,0,0,0,0,0,0,0,0
2023,20230310,Magnus Cort,14,Stage 14,0,0,0,0,0,0,0,0,0
2023,20230310,Magnus Cort,15,Stage 15,0,0,0,0,0,0,0,0,0
2023,20230310,Magnus Cort,16,Stage 16,0,0,0,0,0,0,0,0,0
2023,20230310,Magnus Cort,17,Stage 17,0,0,0,0,0,0,0,0,0
2023,20230310,Magnus Cort,18,Stage 18,0,0,0,0,0,0,0,0,0
2023,20230310,Magnus Cort,19,Stage 19,0,0,0,0,0,0,0,0,0
2023,20230310,Magnus Cort,20,Stage 20,0,0,0,0,0,0,0,0,0
2023,20230310,Magnus Cort,21,Stage 21,0,0,0,0,0,0,0,0,0
2023,20230310,Magnus Cort,22,Final Classifications,0,0,0,0,0,0,0,0,0
2023,20230289,Axel Zingle,1,Stage 1,0,0,0,0,0,0,0,0,0
2023,20230289,Axel Zingle,2,Stage 2,0,0,0,0,0,0,0,8,8
2023,20230289,Axel Zingle,3,Stage 3,0,0,0,0,0,0,0,0,0
2023,20230289,Axel Zingle,4,Stage 4,0,0,0,0,0,0,0,0,0
2023,20230289,Axel Zingle,5,Stage 5,0,0,0,0,0,0,0,0,0
2023,20230289,Axel Zingle,6,Stage 6,0,0,0,0,0,0,0,0,0
2023,20230289,Axel Zingle,7,Stage 7,0,0,0,0,0,0,0,0,0
2023,20230289,Axel Zingle,8,Stage 8,0,0,0,0,0,0,0,0,0
2023,20230289,Axel Zingle,9,Stage 9,0,0,0,0,0,0,0,0,0
2023,20230289,Axel Zingle,10,Stage 10,0,0,0,0,0,0,0,0,0
2023,20230289,Axel Zingle,11,Stage 11,0,0,0,0,0,0,0,0,0
2023,20230289,Axel Zingle,12,Stage 12,0,0,0,0,0,0,0,8,8
2023,20230289,Axel Zingle,13,Stage 13,0,0,0,0,0,0,0,0,0
2023,20230289,Axel Zingle,14,Stage 14,0,0,0,0,0,0,0,0,0
2023,20230289,Axel Zingle,15,Stage 15,0,0,0,0,0,0,0,0,0
2023,20230289,Axel Zingle,16,Stage 16,0,0,0,0,0,0,0,0,0
2023,20230289,Axel Zingle,17,Stage 17,0,0,0,0,0,0,0,0,0
2023,20230289,Axel Zingle,18,Stage 18,0,0,0,0,0,0,0,0,0
2023,20230289,Axel Zingle,19,Stage 19,0,0,0,0,0,0,0,0,0
2023,20230289,Axel Zingle,20,Stage 20,0,0,0,0,0,0,0,0,0
2023,20230289,Axel Zingle,21,Stage 21,0,0,0,0,3,0,0,0,3
2023,20230289,Axel Zingle,22,Final Classifications,0,0,0,0,0,0,0,0,0
2023,20230027,Aurélien Paret-Peintre,1,Stage 1,0,0,0,0,0,0,0,0,0
2023,20230027,Aurélien Paret-Peintre,2,Stage 2,0,0,0,0,0,0,0,0,0
2023,20230027,Aurélien Paret-Peintre,3,Stage 3,0,0,0,0,0,0,0,0,0
2023,20230027,Aurélien Paret-Peintre,4,Stage 4,0,0,0,0,0,0,0,0,0
2023,20230027,Aurélien Paret-Peintre,5,Stage 5,0,0,0,0,0,0,0,2,2
2023,20230027,Aurélien Paret-Peintre,6,Stage 6,0,0,0,0,0,0,0,0,0
2023,20230027,Aurélien Paret-Peintre,7,Stage 7,0,0,0,0,0,0,0,0,0
2023,20230027,Aurélien Paret-Peintre,8,Stage 8,0,0,0,0,0,0,0,0,0
2023,20230027,Aurélien Paret-Peintre,9,Stage 9,0,0,0,0,0,0,0,0,0
2023,20230027,Aurélien Paret-Peintre,10,Stage 10,0,0,0,0,0,0,0,2,2
2023,20230027,Aurélien Paret-Peintre,11,Stage 11,0,0,0,0,0,0,0,0,0
2023,20230027,Aurélien Paret-Peintre,12,Stage 12,0,0,0,0,0,0,0,0,0
2023,20230027,Aurélien Paret-Peintre,13,Stage 13,0,0,0,0,0,0,0,0,0
2023,20230027,Aurélien Paret-Peintre,14,Stage 14,0,0,0,0,0,0,0,0,0
2023,20230027,Aurélien Paret-Peintre,15,Stage 15,0,0,0,0,0,0,0,0,0
2023,20230027,Aurélien Paret-Peintre,16,Stage 16,0,0,0,0,0,0,0,0,0
2023,20230027,Aurélien Paret-Peintre,17,Stage 17,0,0,0,0,0,0,0,8,8
2023,20230027,Aurélien Paret-Peintre,18,Stage 18,0,0,0,0,0,0,0,0,0
2023,20230027,Aurélien Paret-Peintre,19,Stage 19,0,0,0,0,0,0,0,2,2
2023,20230027,Aurélien Paret-Peintre,20,Stage 20,0,0,0,0,0,0,0,4,4
2023,20230027,Aurélien Paret-Peintre,21,Stage 21,0,0,0,0,0,0,0,0,0
2023,20230027,Aurélien Paret-Peintre,22,Final Classifications,0,0,0,0,0,0,0,0,0
2023,20230018,Stan Dewulf,1,Stage 1,0,0,0,0,0,0,0,0,0
2023,20230018,Stan Dewulf,2,Stage 2,0,0,0,0,0,0,0,0,0
2023,20230018,Stan Dewulf,3,Stage 3,0,0,0,0,0,0,0,0,0
2023,20230018,Stan Dewulf,4,Stage 4,0,0,0,0,0,0,0,0,0
2023,20230018,Stan Dewulf,5,Stage 5,0,0,0,0,0,0,0,2,2
2023,20230018,Stan Dewulf,6,Stage 6,0,0,0,0,0,0,0,0,0
2023,20230018,Stan Dewulf,7,Stage 7,0,0,0,0,0,0,0,0,0
2023,20230018,Stan Dewulf,8,Stage 8,0,0,0,0,0,0,0,0,0
2023,20230018,Stan Dewulf,9,Stage 9,0,0,0,0,0,0,0,0,0
2023,20230018,Stan Dewulf,10,Stage 10,0,0,0,0,0,0,0,2,2
2023,20230018,Stan Dewulf,11,Stage 11,0,0,0,0,0,0,0,0,0
2023,20230018,Stan Dewulf,12,Stage 12,0,0,0,0,0,0,0,0,0
2023,20230018,Stan Dewulf,13,Stage 13,0,0,0,0,0,0,0,0,0
2023,20230018,Stan Dewulf,14,Stage 14,0,0,0,0,0,0,0,0,0
2023,20230018,Stan Dewulf,15,Stage 15,0,0,0,0,0,0,0,0,0
2023,20230018,Stan Dewulf,16,Stage 16,0,0,0,0,0,0,0,0,0
2023,20230018,Stan Dewulf,17,Stage 17,0,0,0,0,0,0,0,8,8
2023,20230018,Stan Dewulf,18,Stage 18,0,0,0,0,0,0,0,0,0
2023,20230018,Stan Dewulf,19,Stage 19,0,0,0,0,0,0,0,2,2
2023,20230018,Stan Dewulf,20,Stage 20,0,0,0,0,0,0,0,4,4
2023,20230018,Stan Dewulf,21,Stage 21,0,0,0,0,0,0,0,0,0
2023,20230018,Stan Dewulf,22,Final Classifications,0,0,0,0,0,0,0,0,0
2023,20230029,Nans Peters,1,Stage 1,0,0,0,0,0,0,0,0,0
2023,20230029,Nans Peters,2,Stage 2,0,0,0,0,0,0,0,0,0
2023,20230029,Nans Peters,3,Stage 3,0,0,0,0,0,0,0,0,0
2023,20230029,Nans Peters,4,Stage 4,0,0,0,0,0,0,0,0,0
2023,20230029,Nans Peters,5,Stage 5,0,0,0,0,0,0,0,2,2
2023,20230029,Nans Peters,6,Stage 6,0,0,0,0,0,0,0,0,0
2023,20230029,Nans Peters,7,Stage 7,0,0,0,0,0,0,0,0,0
2023,20230029,Nans Peters,8,Stage 8,0,0,0,0,0,0,0,0,0
2023,20230029,Nans Peters,9,Stage 9,0,0,0,0,0,0,0,0,0
2023,20230029,Nans Peters,10,Stage 10,0,0,0,0,0,0,0,2,2
2023,20230029,Nans Peters,11,Stage 11,0,0,0,0,0,0,0,0,0
2023,20230029,Nans Peters,12,Stage 12,0,0,0,0,0,0,0,0,0
2023,20230029,Nans Peters,13,Stage 13,0,0,0,0,0,0,0,0,0
2023,20230029,Nans Peters,14,Stage 14,0,0,0,0,0,0,0,0,0
2023,20230029,Nans Peters,15,Stage 15,0,0,0,0,0,0,0,0,0
2023,20230029,Nans Peters,16,Stage 16,0,0,0,0,0,0,0,0,0
2023,20230029,Nans Peters,17,Stage 17,0,0,0,0,0,0,0,8,8
2023,20230029,Nans Peters,18,Stage 18,0,0,0,0,0,0,0,0,0
2023,20230029,Nans Peters,19,Stage 19,0,0,0,0,0,0,0,2,2
2023,20230029,Nans Peters,20,Stage 20,0,0,0,0,0,0,0,4,4
2023,20230029,Nans Peters,21,Stage 21,0,0,0,0,0,0,0,0,0
2023,20230029,Nans Peters,22,Final Classifications,0,0,0,0,0,0,0,0,0
2023,20230270,Simon Geschke,1,Stage 1,0,0,0,0,0,0,0,0,0
2023,20230270,Simon Geschke,2,Stage 2,0,0,0,0,0,0,0,8,8
2023,20230270,Simon Geschke,3,Stage 3,0,0,0,0,0,0,0,0,0
2023,20230270,Simon Geschke,4,Stage 4,0,0,0,0,0,0,0,0,0
2023,20230270,Simon Geschke,5,Stage 5,0,0,0,0,0,0,0,0,0
2023,20230270,Simon Geschke,6,Stage 6,0,0,0,0,0,0,0,0,0
2023,20230270,Simon Geschke,7,Stage 7,0,0,0,0,0,0,0,0,0
2023,20230270,Simon Geschke,8,Stage 8,0,0,0,0,0,0,0,0,0
2023,20230270,Simon Geschke,9,Stage 9,0,0,0,0,0,0,0,0,0
2023,20230270,Simon Geschke,10,Stage 10,0,0,0,0,0,0,0,0,0
2023,20230270,Simon Geschke,11,Stage 11,0,0,0,0,0,0,0,0,0
2023,20230270,Simon Geschke,12,Stage 12,0,0,0,0,0,0,0,8,8
2023,20230270,Simon Geschke,13,Stage 13,0,0,0,0,0,0,0,0,0
2023,20230270,Simon Geschke,14,Stage 14,0,0,0,0,0,0,0,0,0
2023,20230270,Simon Geschke,15,Stage 15,0,0,0,0,0,0,0,0,0
2023,20230270,Simon Geschke,16,Stage 16,0,0,0,0,0,0,0,0,0
2023,20230270,Simon Geschke,17,Stage 17,0,0,0,0,0,0,0,0,0
2023,20230270,Simon Geschke,18,Stage 18,0,0,0,0,0,0,0,0,0
2023,20230270,Simon Geschke,19,Stage 19,0,0,0,0,0,0,0,0,0
2023,20230270,Simon Geschke,20,Stage 20,0,0,0,0,0,0,0,0,0
2023,20230270,Simon Geschke,21,Stage 21,0,0,0,0,0,0,0,0,0
2023,20230270,Simon Geschke,22,Final Classifications,0,0,0,0,0,0,0,0,0
2023,20230929,Juan Pedro López,1,Stage 1,0,0,0,0,0,0,0,0,0
2023,20230929,Juan Pedro López,2,Stage 2,0,0,0,0,0,0,0,0,0
2023,20230929,Juan Pedro López,3,Stage 3,0,0,0,0,0,0,0,0,0
2023,20230929,Juan Pedro López,4,Stage 4,0,0,0,0,0,0,0,0,0
2023,20230929,Juan Pedro López,5,Stage 5,0,0,0,0,0,0,0,8,8
2023,20230929,Juan Pedro López,6,Stage 6,0,0,0,0,0,0,0,0,0
2023,20230929,Juan Pedro López,7,Stage 7,0,0,0,0,0,0,0,0,0
2023,20230929,Juan Pedro López,8,Stage 8,0,0,0,0,0,0,0,8,8
2023,20230929,Juan Pedro López,9,Stage 9,0,0,0,0,0,0,0,0,0
2023,20230929,Juan Pedro López,10,Stage 10,0,0,0,0,0,0,0,0,0
2023,20230929,Juan Pedro López,11,Stage 11,0,0,0,0,0,0,0,0,0
2023,20230929,Juan Pedro López,12,Stage 12,0,0,0,0,0,0,0,0,0
2023,20230929,Juan Pedro López,13,Stage 13,0,0,0,0,0,0,0,0,0
2023,20230929,Juan Pedro López,14,Stage 14,0,0,0,0,0,0,0,0,0
2023,20230929,Juan Pedro López,15,Stage 15,0,0,0,0,0,0,0,0,0
2023,20230929,Juan Pedro López,16,Stage 16,0,0,0,0,0,0,0,0,0
2023,20230929,Juan Pedro López,17,Stage 17,0,0,0,0,0,0,0,0,0
2023,20230929,Juan Pedro López,18,Stage 18,0,0,0,0,0,0,0,0,0
2023,20230929,Juan Pedro López,19,Stage 19,0,0,0,0,0,0,0,0,0
2023,20230929,Juan Pedro López,20,Stage 20,0,0,0,0,0,0,0,0,0
2023,20230929,Juan Pedro López,21,Stage 21,0,0,0,0,0,0,0,0,0
2023,20230929,Juan Pedro López,22,Final Classifications,0,0,0,0,0,0,0,0,0
2023,20230934,Quinn Simmons,1,Stage 1,0,0,0,0,0,0,0,0,0
2023,20230934,Quinn Simmons,2,Stage 2,0,0,0,0,0,0,0,0,0
2023,20230934,Quinn Simmons,3,Stage 3,0,0,0,0,0,0,0,0,0
2023,20230934,Quinn Simmons,4,Stage 4,0,0,0,0,0,0,0,0,0
2023,20230934,Quinn Simmons,5,Stage 5,0,0,0,0,0,0,0,8,8
2023,20230934,Quinn Simmons,6,Stage 6,0,0,0,0,0,0,0,0,0
2023,20230934,Quinn Simmons,7,Stage 7,0,0,0,0,0,0,0,0,0
2023,20230934,Quinn Simmons,8,Stage 8,0,0,0,0,0,0,0,8,8
2023,20230934,Quinn Simmons,9,Stage 9,0,0,0,0,0,0,0,0,0
2023,20230934,Quinn Simmons,10,Stage 10,0,0,0,0,0,0,0,0,0
2023,20230934,Quinn Simmons,11,Stage 11,0,0,0,0,0,0,0,0,0
2023,20230934,Quinn Simmons,12,Stage 12,0,0,0,0,0,0,0,0,0
2023,20230934,Quinn Simmons,13,Stage 13,0,0,0,0,0,0,0,0,0
2023,20230934,Quinn Simmons,14,Stage 14,0,0,0,0,0,0,0,0,0
2023,20230934,Quinn Simmons,15,Stage 15,0,0,0,0,0,0,0,0,0
2023,20230934,Quinn Simmons,16,Stage 16,0,0,0,0,0,0,0,0,0
2023,20230934,Quinn Simmons,17,Stage 17,0,0,0,0,0,0,0,0,0
2023,20230934,Quinn Simmons,18,Stage 18,0,0,0,0,0,0,0,0,0
2023,20230934,Quinn Simmons,19,Stage 19,0,0,0,0,0,0,0,0,0
2023,20230934,Quinn Simmons,20,Stage 20,0,0,0,0,0,0,0,0,0
2023,20230934,Quinn Simmons,21,Stage 21,0,0,0,0,0,0,0,0,0
2023,20230934,Quinn Simmons,22,Final Classifications,0,0,0,0,0,0,0,0,0
2023,20230282,Alexis Renard,1,Stage 1,0,0,0,0,0,0,0,0,0
2023,20230282,Alexis Renard,2,Stage 2,0,0,0,0,0,0,0,8,8
2023,20230282,Alexis Renard,3,Stage 3,0,0,0,0,0,0,0,0,0
2023,20230282,Alexis Renard,4,Stage 4,0,0,0,0,0,0,0,0,0
2023,20230282,Alexis Renard,5,Stage 5,0,0,0,0,0,0,0,0,0
2023,20230282,Alexis Renard,6,Stage 6,0,0,0,0,0,0,0,0,0
2023,20230282,Alexis Renard,7,Stage 7,0,0,0,0,0,0,0,0,0
2023,20230282,Alexis Renard,8,Stage 8,0,0,0,0,0,0,0,0,0
2023,20230282,Alexis Renard,9,Stage 9,0,0,0,0,0,0,0,0,0
2023,20230282,Alexis Renard,10,Stage 10,0,0,0,0,0,0,0,0,0
2023,20230282,Alexis Renard,11,Stage 11,0,0,0,0,0,0,0,0,0
2023,20230282,Alexis Renard,12,Stage 12,0,0,0,0,0,0,0,8,8
2023,20230282,Alexis Renard,13,Stage 13,0,0,0,0,0,0,0,0,0
2023,20230282,Alexis Renard,14,Stage 14,0,0,0,0,0,0,0,0,0
2023,20230282,Alexis Renard,15,Stage 15,0,0,0,0,0,0,0,0,0
2023,20230282,Alexis Renard,16,Stage 16,0,0,0,0,0,0,0,0,0
2023,20230282,Alexis Renard,17,Stage 17,0,0,0,0,0,0,0,0,0
2023,20230282,Alexis Renard,18,Stage 18,0,0,0,0,0,0,0,0,0
2023,20230282,Alexis Renard,19,Stage 19,0,0,0,0,0,0,0,0,0
2023,20230282,Alexis Renard,20,Stage 20,0,0,0,0,0,0,0,0,0
2023,20230282,Alexis Renard,21,Stage 21,0,0,0,0,0,0,0,0,0
2023,20230282,Alexis Renard,22,Final Classifications,0,0,0,0,0,0,0,0,0
2023,20230922,Tony Gallopin,1,Stage 1,0,0,0,0,0,0,0,0,0
2023,20230922,Tony Gallopin,2,Stage 2,0,0,0,0,0,0,0,0,0
2023,20230922,Tony Gallopin,3,Stage 3,0,0,0,0,0,0,0,0,0
2023,20230922,Tony Gallopin,4,Stage 4,0,0,0,0,0,0,0,0,0
2023,20230922,Tony Gallopin,5,Stage 5,0,0,0,0,0,0,0,8,8
2023,20230922,Tony Gallopin,6,Stage 6,0,0,0,0,0,0,0,0,0
2023,20230922,Tony Gallopin,7,Stage 7,0,0,0,0,0,0,0,0,0
2023,20230922,Tony Gallopin,8,Stage 8,0,0,0,0,0,0,0,8,8
2023,20230922,Tony Gallopin,9,Stage 9,0,0,0,0,0,0,0,0,0
2023,20230922,Tony Gallopin,10,Stage 10,0,0,0,0,0,0,0,0,0
2023,20230922,Tony Gallopin,11,Stage 11,0,0,0,0,0,0,0,0,0
2023,20230922,Tony Gallopin,12,Stage 12,0,0,0,0,0,0,0,0,0
2023,20230922,Tony Gallopin,13,Stage 13,0,0,0,0,0,0,0,0,0
2023,20230922,Tony Gallopin,14,Stage 14,0,0,0,0,0,0,0,0,0
2023,20230922,Tony Gallopin,15,Stage 15,0,0,0,0,0,0,0,0,0
2023,20230922,Tony Gallopin,16,Stage 16,0,0,0,0,0,0,0,0,0
2023,20230922,Tony Gallopin,17,Stage 17,0,0,0,0,0,0,0,0,0
2023,20230922,Tony Gallopin,18,Stage 18,0,0,0,0,0,0,0,0,0
2023,20230922,Tony Gallopin,19,Stage 19,0,0,0,0,0,0,0,0,0
2023,20230922,Tony Gallopin,20,Stage 20,0,0,0,0,0,0,0,0,0
2023,20230922,Tony Gallopin,21,Stage 21,0,0,0,0,0,0,0,0,0
2023,20230922,Tony Gallopin,22,Final Classifications,0,0,0,0,0,0,0,0,0
2023,20230622,Frederik Frison,1,Stage 1,0,0,0,0,0,0,0,0,0
2023,20230622,Frederik Frison,2,Stage 2,0,0,0,0,0,0,0,0,0
2023,20230622,Frederik Frison,3,Stage 3,0,0,0,0,0,0,0,2,2
2023,20230622,Frederik Frison,4,Stage 4,0,0,0,0,0,0,0,4,4
2023,20230622,Frederik Frison,5,Stage 5,0,0,0,0,0,0,0,0,0
2023,20230622,Frederik Frison,6,Stage 6,0,0,0,0,0,0,0,0,0
2023,20230622,Frederik Frison,7,Stage 7,0,0,0,0,0,0,0,0,0
2023,20230622,Frederik Frison,8,Stage 8,0,0,0,0,0,0,0,0,0
2023,20230622,Frederik Frison,9,Stage 9,0,0,0,0,0,0,0,0,0
2023,20230622,Frederik Frison,10,Stage 10,0,0,0,0,0,0,0,0,0
2023,20230622,Frederik Frison,11,Stage 11,0,0,0,0,0,0,0,0,0
2023,20230622,Frederik Frison,12,Stage 12,0,0,0,0,0,0,0,0,0
2023,20230622,Frederik Frison,13,Stage 13,0,0,0,0,0,0,0,4,4
2023,20230622,Frederik Frison,14,Stage 14,0,0,0,0,0,0,0,0,0
2023,20230622,Frederik Frison,15,Stage 15,0,0,0,0,0,0,0,0,0
2023,20230622,Frederik Frison,16,Stage 16,0,0,0,0,0,0,0,0,0
2023,20230622,Frederik Frison,17,Stage 17,0,0,0,0,0,0,0,0,0
2023,20230622,Frederik Frison,18,Stage 18,0,0,0,0,0,0,0,4,4
2023,20230622,Frederik Frison,19,Stage 19,0,0,0,0,0,0,0,0,0
2023,20230622,Frederik Frison,20,Stage 20,0,0,0,0,0,0,0,0,0
2023,20230622,Frederik Frison,21,Stage 21,0,0,0,0,0,0,0,0,0
2023,20230622,Frederik Frison,22,Final Classifications,0,0,0,0,0,0,0,0,0
2023,20230638,Florian Vermeersch,1,Stage 1,0,0,0,0,0,0,0,0,0
2023,20230638,Florian Vermeersch,2,Stage 2,0,0,0,0,0,0,0,0,0
2023,20230638,Florian Vermeersch,3,Stage 3,0,0,0,0,0,0,0,2,2
2023,20230638,Florian Vermeersch,4,Stage 4,0,0,0,0,0,0,0,4,4
2023,20230638,Florian Vermeersch,5,Stage 5,0,0,0,0,0,0,0,0,0
2023,20230638,Florian Vermeersch,6,Stage 6,0,0,0,0,0,0,0,0,0
2023,20230638,Florian Vermeersch,7,Stage 7,0,0,0,0,0,0,0,0,0
2023,20230638,Florian Vermeersch,8,Stage 8,0,0,0,0,0,0,0,0,0
2023,20230638,Florian Vermeersch,9,Stage 9,0,0,0,0,0,0,0,0,0
2023,20230638,Florian Vermeersch,10,Stage 10,0,0,0,0,0,0,0,0,0
2023,20230638,Florian Vermeersch,11,Stage 11,0,0,0,0,0,0,0,0,0
2023,20230638,Florian Vermeersch,12,Stage 12,0,0,0,0,0,0,0,0,0
2023,20230638,Florian Vermeersch,13,Stage 13,0,0,0,0,0,0,0,4,4
2023,20230638,Florian Vermeersch,14,Stage 14,0,0,0,0,0,0,0,0,0
2023,20230638,Florian Vermeersch,15,Stage 15,0,0,0,0,0,0,0,0,0
2023,20230638,Florian Vermeersch,16,Stage 16,0,0,0,0,0,0,0,0,0
2023,20230638,Florian Vermeersch,17,Stage 17,0,0,0,0,0,0,0,0,0
2023,20230638,Florian Vermeersch,18,Stage 18,0,0,0,0,0,0,0,4,4
2023,20230638,Florian Vermeersch,19,Stage 19,0,0,0,0,0,0,0,0,0
2023,20230638,Florian Vermeersch,20,Stage 20,0,0,0,0,0,0,0,0,0
2023,20230638,Florian Vermeersch,21,Stage 21,0,0,0,0,0,0,0,0,0
2023,20230638,Florian Vermeersch,22,Final Classifications,0,0,0,0,0,0,0,0,0
2023,20230089,Yevgeniy Fedorov,1,Stage 1,0,0,0,0,0,0,0,0,0
2023,20230089,Yevgeniy Fedorov,2,Stage 2,0,0,0,0,0,0,0,0,0
2023,20230089,Yevgeniy Fedorov,3,Stage 3,0,0,0,0,0,0,0,0,0
2023,20230089,Yevgeniy Fedorov,4,Stage 4,0,0,0,0,0,0,0,0,0
2023,20230089,Yevgeniy Fedorov,5,Stage 5,0,0,0,0,0,0,0,0,0
2023,20230089,Yevgeniy Fedorov,6,Stage 6,0,0,0,0,0,0,0,0,0
2023,20230089,Yevgeniy Fedorov,7,Stage 7,0,0,0,0,0,0,0,4,4
2023,20230089,Yevgeniy Fedorov,8,Stage 8,0,0,0,0,0,0,0,0,0
2023,20230089,Yevgeniy Fedorov,9,Stage 9,0,0,0,0,0,0,0,0,0
2023,20230089,Yevgeniy Fedorov,10,Stage 10,0,0,0,0,0,0,0,0,0
2023,20230089,Yevgeniy Fedorov,11,Stage 11,0,0,0,0,0,0,0,0,0
2023,20230089,Yevgeniy Fedorov,12,Stage 12,0,0,0,0,0,0,0,0,0
2023,20230089,Yevgeniy Fedorov,13,Stage 13,0,0,0,0,0,0,0,0,0
2023,20230089,Yevgeniy Fedorov,14,Stage 14,0,0,0,0,0,0,0,0,0
2023,20230089,Yevgeniy Fedorov,15,Stage 15,0,0,0,0,0,0,0,0,0
2023,20230089,Yevgeniy Fedorov,16,Stage 16,0,0,0,0,0,0,0,0,0
2023,20230089,Yevgeniy Fedorov,17,Stage 17,0,0,0,0,0,0,0,0,0
2023,20230089,Yevgeniy Fedorov,18,Stage 18,0,0,0,0,0,0,0,0,0
2023,20230089,Yevgeniy Fedorov,19,Stage 19,0,0,0,0,0,0,0,0,0
2023,20230089,Yevgeniy Fedorov,20,Stage 20,0,0,0,0,0,0,0,0,0
2023,20230089,Yevgeniy Fedorov,21,Stage 21,8,0,0,0,0,0,0,0,8
2023,20230089,Yevgeniy Fedorov,22,Final Classifications,0,0,0,0,0,0,0,0,0
2023,20230448,Olivier Le Gac,1,Stage 1,0,0,0,0,0,0,0,2,2
2023,20230448,Olivier Le Gac,2,Stage 2,0,0,0,0,0,0,0,0,0
2023,20230448,Olivier Le Gac,3,Stage 3,0,0,0,0,0,0,0,0,0
2023,20230448,Olivier Le Gac,4,Stage 4,0,0,0,0,0,0,0,0,0
2023,20230448,Olivier Le Gac,5,Stage 5,0,0,0,0,0,0,0,0,0
2023,20230448,Olivier Le Gac,6,Stage 6,0,0,0,0,0,0,0,0,0
2023,20230448,Olivier Le Gac,7,Stage 7,0,0,0,0,0,0,0,0,0
2023,20230448,Olivier Le Gac,8,Stage 8,0,0,0,0,0,0,0,0,0
2023,20230448,Olivier Le Gac,9,Stage 9,0,0,0,0,0,0,0,0,0
2023,20230448,Olivier Le Gac,10,Stage 10,0,0,0,0,0,0,0,0,0
2023,20230448,Olivier Le Gac,11,Stage 11,0,0,0,0,0,0,0,0,0
2023,20230448,Olivier Le Gac,12,Stage 12,0,0,0,0,0,0,0,0,0
2023,20230448,Olivier Le Gac,13,Stage 13,0,0,0,0,0,0,0,0,0
2023,20230448,Olivier Le Gac,14,Stage 14,0,0,0,0,0,0,0,0,0
2023,20230448,Olivier Le Gac,15,Stage 15,0,0,0,0,0,0,0,0,0
2023,20230448,Olivier Le Gac,16,Stage 16,0,0,0,0,0,0,0,0,0
2023,20230448,Olivier Le Gac,17,Stage 17,0,0,0,0,0,0,0,0,0
2023,20230448,Olivier Le Gac,18,Stage 18,0,0,0,0,0,0,0,0,0
2023,20230448,Olivier Le Gac,19,Stage 19,0,0,0,0,0,0,0,0,0
2023,20230448,Olivier Le Gac,20,Stage 20,0,0,0,0,0,0,0,0,0
2023,20230448,Olivier Le Gac,21,Stage 21,0,0,0,0,0,0,0,0,0
2023,20230448,Olivier Le Gac,22,Final Classifications,0,0,0,0,0,0,0,10,10
2023,20230710,Dries Devenyns,1,Stage 1,0,0,0,0,0,0,0,0,0
2023,20230710,Dries Devenyns,2,Stage 2,0,0,0,0,0,0,0,0,0
2023,20230710,Dries Devenyns,3,Stage 3,0,0,0,0,0,0,0,0,0
2023,20230710,Dries Devenyns,4,Stage 4,0,0,0,0,0,0,0,0,0
2023,20230710,Dries Devenyns,5,Stage 5,0,0,0,0,0,0,0,0,0
2023,20230710,Dries Devenyns,6,Stage 6,0,0,0,0,0,0,0,0,0
2023,20230710,Dries Devenyns,7,Stage 7,0,0,0,0,0,0,0,0,0
2023,20230710,Dries Devenyns,8,Stage 8,0,0,0,0,0,0,0,0,0
2023,20230710,Dries Devenyns,9,Stage 9,0,0,0,0,0,0,0,0,0
2023,20230710,Dries Devenyns,10,Stage 10,0,0,0,0,0,0,0,0,0
2023,20230710,Dries Devenyns,11,Stage 11,0,0,0,0,0,0,0,0,0
2023,20230710,Dries Devenyns,12,Stage 12,0,0,0,0,0,0,0,0,0
2023,20230710,Dries Devenyns,13,Stage 13,0,0,0,0,0,0,0,0,0
2023,20230710,Dries Devenyns,14,Stage 14,0,0,0,0,0,0,0,0,0
2023,20230710,Dries Devenyns,15,Stage 15,0,0,0,0,0,0,0,0,0
2023,20230710,Dries Devenyns,16,Stage 16,0,0,0,0,0,0,0,0,0
2023,20230710,Dries Devenyns,17,Stage 17,0,0,0,0,0,0,0,0,0
2023,20230710,Dries Devenyns,18,Stage 18,0,0,0,0,0,0,0,8,8
2023,20230710,Dries Devenyns,19,Stage 19,0,0,0,0,0,0,0,4,4
2023,20230710,Dries Devenyns,20,Stage 20,0,0,0,0,0,0,0,0,0
2023,20230710,Dries Devenyns,21,Stage 21,0,0,0,0,0,0,0,0,0
2023,20230710,Dries Devenyns,22,Final Classifications,0,0,0,0,0,0,0,0,0
2023,20230520,Rui Costa,1,Stage 1,0,0,0,0,0,0,0,0,0
2023,20230520,Rui Costa,2,Stage 2,0,0,0,0,0,0,0,0,0
2023,20230520,Rui Costa,3,Stage 3,0,0,0,0,0,0,0,0,0
2023,20230520,Rui Costa,4,Stage 4,0,0,0,0,0,0,0,0,0
2023,20230520,Rui Costa,5,Stage 5,0,0,0,0,0,0,0,0,0
2023,20230520,Rui Costa,6,Stage 6,0,0,0,0,0,0,0,0,0
2023,20230520,Rui Costa,7,Stage 7,0,0,0,0,0,0,0,2,2
2023,20230520,Rui Costa,8,Stage 8,0,0,0,0,0,0,0,0,0
2023,20230520,Rui Costa,9,Stage 9,0,0,0,0,0,0,0,0,0
2023,20230520,Rui Costa,10,Stage 10,0,0,0,0,0,0,0,4,4
2023,20230520,Rui Costa,11,Stage 11,0,0,0,0,0,0,0,0,0
2023,20230520,Rui Costa,12,Stage 12,0,0,0,0,0,0,0,0,0
2023,20230520,Rui Costa,13,Stage 13,0,0,0,0,0,0,0,0,0
2023,20230520,Rui Costa,14,Stage 14,0,0,0,0,0,0,0,0,0
2023,20230520,Rui Costa,15,Stage 15,0,0,0,0,0,0,0,0,0
2023,20230520,Rui Costa,16,Stage 16,4,0,0,0,0,0,0,0,4
2023,20230520,Rui Costa,17,Stage 17,0,0,0,0,0,0,0,0,0
2023,20230520,Rui Costa,18,Stage 18,0,0,0,0,0,0,0,0,0
2023,20230520,Rui Costa,19,Stage 19,0,0,0,0,0,0,0,0,0
2023,20230520,Rui Costa,20,Stage 20,0,0,0,0,0,0,0,0,0
2023,20230520,Rui Costa,21,Stage 21,0,0,0,0,0,0,0,0,0
2023,20230520,Rui Costa,22,Final Classifications,0,0,0,0,0,0,0,0,0
2023,20230655,Gregor Mühlberger,1,Stage 1,0,0,0,0,0,0,0,0,0
2023,20230655,Gregor Mühlberger,2,Stage 2,0,0,0,0,0,0,0,0,0
2023,20230655,Gregor Mühlberger,3,Stage 3,0,0,0,0,0,0,0,0,0
2023,20230655,Gregor Mühlberger,4,Stage 4,0,0,0,0,0,0,0,0,0
2023,20230655,Gregor Mühlberger,5,Stage 5,0,0,0,0,0,0,0,0,0
2023,20230655,Gregor Mühlberger,6,Stage 6,0,0,0,0,0,0,0,0,0
2023,20230655,Gregor Mühlberger,7,Stage 7,0,0,0,0,0,0,0,0,0
2023,20230655,Gregor Mühlberger,8,Stage 8,0,0,0,0,0,0,0,0,0
2023,20230655,Gregor Mühlberger,9,Stage 9,0,0,0,0,0,0,0,0,0
2023,20230655,Gregor Mühlberger,10,Stage 10,0,0,0,0,0,0,0,0,0
2023,20230655,Gregor Mühlberger,11,Stage 11,0,0,0,0,0,0,0,0,0
2023,20230655,Gregor Mühlberger,12,Stage 12,0,0,0,0,0,0,0,2,2
2023,20230655,Gregor Mühlberger,13,Stage 13,0,0,0,0,0,0,0,0,0
2023,20230655,Gregor Mühlberger,14,Stage 14,0,0,0,0,0,0,0,0,0
2023,20230655,Gregor Mühlberger,15,Stage 15,0,0,0,0,0,0,0,0,0
2023,20230655,Gregor Mühlberger,16,Stage 16,0,0,0,0,0,0,0,0,0
2023,20230655,Gregor Mühlberger,17,Stage 17,0,0,0,0,8,0,0,0,8
2023,20230655,Gregor Mühlberger,18,Stage 18,0,0,0,0,0,0,0,0,0
2023,20230655,Gregor Mühlberger,19,Stage 19,0,0,0,0,0,0,0,0,0
2023,20230655,Gregor Mühlberger,20,Stage 20,0,0,0,0,0,0,0,0,0
2023,20230655,Gregor Mühlberger,21,Stage 21,0,0,0,0,0,0,0,0,0
2023,20230655,Gregor Mühlberger,22,Final Classifications,0,0,0,0,0,0,0,0,0
2023,20230548,Simon Clarke,1,Stage 1,0,0,0,0,0,0,0,0,0
2023,20230548,Simon Clarke,2,Stage 2,0,0,0,0,0,0,0,0,0
2023,20230548,Simon Clarke,3,Stage 3,0,0,0,0,0,0,0,0,0
2023,20230548,Simon Clarke,4,Stage 4,0,0,0,0,0,0,0,0,0
2023,20230548,Simon Clarke,5,Stage 5,0,0,0,0,0,0,0,0,0
2023,20230548,Simon Clarke,6,Stage 6,0,0,0,0,0,0,0,0,0
2023,20230548,Simon Clarke,7,Stage 7,0,0,0,0,0,0,0,0,0
2023,20230548,Simon Clarke,8,Stage 8,0,0,0,0,0,0,0,0,0
2023,20230548,Simon Clarke,9,Stage 9,0,0,0,0,0,0,0,8,8
2023,20230548,Simon Clarke,10,Stage 10,0,0,0,0,0,0,0,0,0
2023,20230548,Simon Clarke,11,Stage 11,0,0,0,0,0,0,0,0,0
2023,20230548,Simon Clarke,12,Stage 12,0,0,0,0,0,0,0,0,0
2023,20230548,Simon Clarke,13,Stage 13,0,0,0,0,0,0,0,0,0
2023,20230548,Simon Clarke,14,Stage 14,0,0,0,0,0,0,0,0,0
2023,20230548,Simon Clarke,15,Stage 15,0,0,0,0,0,0,0,0,0
2023,20230548,Simon Clarke,16,Stage 16,0,0,0,0,0,0,0,0,0
2023,20230548,Simon Clarke,17,Stage 17,0,0,0,0,0,0,0,0,0
2023,20230548,Simon Clarke,18,Stage 18,0,0,0,0,0,0,0,0,0
2023,20230548,Simon Clarke,19,Stage 19,0,0,0,0,0,0,0,0,0
2023,20230548,Simon Clarke,20,Stage 20,0,0,0,0,0,0,0,0,0
2023,20230548,Simon Clarke,21,Stage 21,0,0,0,0,0,0,0,0,0
2023,20230548,Simon Clarke,22,Final Classifications,0,0,0,0,0,0,0,0,0
2023,20231019,Torstein Træen,1,Stage 1,0,0,0,0,0,0,0,0,0
2023,20231019,Torstein Træen,2,Stage 2,0,0,0,0,0,0,0,0,0
2023,20231019,Torstein Træen,3,Stage 3,0,0,0,0,0,0,0,0,0
2023,20231019,Torstein Træen,4,Stage 4,0,0,0,0,0,0,0,0,0
2023,20231019,Torstein Træen,5,Stage 5,0,0,0,0,0,0,0,0,0
2023,20231019,Torstein Træen,6,Stage 6,0,0,0,0,0,0,0,2,2
2023,20231019,Torstein Træen,7,Stage 7,0,0,0,0,0,0,0,0,0
2023,20231019,Torstein Træen,8,Stage 8,0,0,0,0,0,0,0,0,0
2023,20231019,Torstein Træen,9,Stage 9,0,0,0,0,0,0,0,0,0
2023,20231019,Torstein Træen,10,Stage 10,0,0,0,0,0,0,0,0,0
2023,20231019,Torstein Træen,11,Stage 11,0,0,0,0,0,0,0,0,0
2023,20231019,Torstein Træen,12,Stage 12,0,0,0,0,0,0,0,0,0
2023,20231019,Torstein Træen,13,Stage 13,0,0,0,0,0,0,0,0,0
2023,20231019,Torstein Træen,14,Stage 14,0,0,0,0,0,0,0,0,0
2023,20231019,Torstein Træen,15,Stage 15,0,0,0,0,3,0,0,0,3
2023,20231019,Torstein Træen,16,Stage 16,0,0,0,0,0,0,0,0,0
2023,20231019,Torstein Træen,17,Stage 17,0,0,0,0,0,0,0,0,0
2023,20231019,Torstein Træen,18,Stage 18,0,0,0,0,0,0,0,2,2
2023,20231019,Torstein Træen,19,Stage 19,0,0,0,0,0,0,0,0,0
2023,20231019,Torstein Træen,20,Stage 20,0,0,0,0,0,0,0,0,0
2023,20231019,Torstein Træen,21,Stage 21,0,0,0,0,0,0,0,0,0
2023,20231019,Torstein Træen,22,Final Classifications,0,0,0,0,0,0,0,0,0
2023,20230538,Dion Smith,1,Stage 1,0,0,0,0,0,0,0,0,0
2023,20230538,Dion Smith,2,Stage 2,0,0,0,0,0,0,0,0,0
2023,20230538,Dion Smith,3,Stage 3,0,0,0,0,0,0,0,0,0
2023,20230538,Dion Smith,4,Stage 4,0,0,0,0,0,0,0,0,0
2023,20230538,Dion Smith,5,Stage 5,0,0,0,0,0,0,0,0,0
2023,20230538,Dion Smith,6,Stage 6,0,0,0,0,0,0,0,0,0
2023,20230538,Dion Smith,7,Stage 7,0,0,0,0,0,0,0,2,2
2023,20230538,Dion Smith,8,Stage 8,0,0,0,0,0,0,0,0,0
2023,20230538,Dion Smith,9,Stage 9,0,0,0,0,0,0,0,0,0
2023,20230538,Dion Smith,10,Stage 10,0,0,0,0,0,0,0,4,4
2023,20230538,Dion Smith,11,Stage 11,0,0,0,0,0,0,0,0,0
2023,20230538,Dion Smith,12,Stage 12,0,0,0,0,0,0,0,0,0
2023,20230538,Dion Smith,13,Stage 13,0,0,0,0,0,0,0,0,0
2023,20230538,Dion Smith,14,Stage 14,0,0,0,0,0,0,0,0,0
2023,20230538,Dion Smith,15,Stage 15,0,0,0,0,0,0,0,0,0
2023,20230538,Dion Smith,16,Stage 16,0,0,0,0,0,0,0,0,0
2023,20230538,Dion Smith,17,Stage 17,0,0,0,0,0,0,0,0,0
2023,20230538,Dion Smith,18,Stage 18,0,0,0,0,0,0,0,0,0
2023,20230538,Dion Smith,19,Stage 19,0,0,0,0,0,0,0,0,0
2023,20230538,Dion Smith,20,Stage 20,0,0,0,0,0,0,0,0,0
2023,20230538,Dion Smith,21,Stage 21,0,0,0,0,0,0,0,0,0
2023,20230538,Dion Smith,22,Final Classifications,0,0,0,0,0,0,0,0,0
2023,20230624,Jacopo Guarnieri,1,Stage 1,0,0,0,0,0,0,0,0,0
2023,20230624,Jacopo Guarnieri,2,Stage 2,0,0,0,0,0,0,0,0,0
2023,20230624,Jacopo Guarnieri,3,Stage 3,0,0,0,0,0,0,0,2,2
2023,20230624,Jacopo Guarnieri,4,Stage 4,0,0,0,0,0,0,0,4,4
2023,20230624,Jacopo Guarnieri,5,Stage 5,0,0,0,0,0,0,0,0,0
2023,20230624,Jacopo Guarnieri,6,Stage 6,0,0,0,0,0,0,0,0,0
2023,20230624,Jacopo Guarnieri,7,Stage 7,0,0,0,0,0,0,0,0,0
2023,20230624,Jacopo Guarnieri,8,Stage 8,0,0,0,0,0,0,0,0,0
2023,20230624,Jacopo Guarnieri,9,Stage 9,0,0,0,0,0,0,0,0,0
2023,20230624,Jacopo Guarnieri,10,Stage 10,0,0,0,0,0,0,0,0,0
2023,20230624,Jacopo Guarnieri,11,Stage 11,0,0,0,0,0,0,0,0,0
2023,20230624,Jacopo Guarnieri,12,Stage 12,0,0,0,0,0,0,0,0,0
2023,20230624,Jacopo Guarnieri,13,Stage 13,0,0,0,0,0,0,0,0,0
2023,20230624,Jacopo Guarnieri,14,Stage 14,0,0,0,0,0,0,0,0,0
2023,20230624,Jacopo Guarnieri,15,Stage 15,0,0,0,0,0,0,0,0,0
2023,20230624,Jacopo Guarnieri,16,Stage 16,0,0,0,0,0,0,0,0,0
2023,20230624,Jacopo Guarnieri,17,Stage 17,0,0,0,0,0,0,0,0,0
2023,20230624,Jacopo Guarnieri,18,Stage 18,0,0,0,0,0,0,0,0,0
2023,20230624,Jacopo Guarnieri,19,Stage 19,0,0,0,0,0,0,0,0,0
2023,20230624,Jacopo Guarnieri,20,Stage 20,0,0,0,0,0,0,0,0,0
2023,20230624,Jacopo Guarnieri,21,Stage 21,0,0,0,0,0,0,0,0,0
2023,20230624,Jacopo Guarnieri,22,Final Classifications,0,0,0,0,0,0,0,0,0
2023,20230820,Kevin Vermaerke,1,Stage 1,0,0,0,0,0,0,0,0,0
2023,20230820,Kevin Vermaerke,2,Stage 2,0,0,0,0,0,0,0,0,0
2023,20230820,Kevin Vermaerke,3,Stage 3,0,0,0,0,0,0,0,0,0
2023,20230820,Kevin Vermaerke,4,Stage 4,0,0,0,0,0,0,0,0,0
2023,20230820,Kevin Vermaerke,5,Stage 5,0,0,0,0,0,0,0,0,0
2023,20230820,Kevin Vermaerke,6,Stage 6,0,0,0,0,0,0,0,0,0
2023,20230820,Kevin Vermaerke,7,Stage 7,0,0,0,0,0,0,0,0,0
2023,20230820,Kevin Vermaerke,8,Stage 8,0,0,0,0,0,0,0,0,0
2023,20230820,Kevin Vermaerke,9,Stage 9,0,0,0,0,0,0,0,0,0
2023,20230820,Kevin Vermaerke,10,Stage 10,0,0,0,0,0,0,0,0,0
2023,20230820,Kevin Vermaerke,11,Stage 11,0,0,0,0,0,0,0,0,0
2023,20230820,Kevin Vermaerke,12,Stage 12,0,0,0,0,0,0,0,0,0
2023,20230820,Kevin Vermaerke,13,Stage 13,0,0,0,0,0,0,0,0,0
2023,20230820,Kevin Vermaerke,14,Stage 14,0,0,0,0,0,0,0,0,0
2023,20230820,Kevin Vermaerke,15,Stage 15,0,0,0,0,0,0,0,0,0
2023,20230820,Kevin Vermaerke,16,Stage 16,0,0,0,0,0,0,0,0,0
2023,20230820,Kevin Vermaerke,17,Stage 17,0,0,0,0,5,0,0,0,5
2023,20230820,Kevin Vermaerke,18,Stage 18,0,0,0,0,0,0,0,0,0
2023,20230820,Kevin Vermaerke,19,Stage 19,0,0,0,0,0,0,0,0,0
2023,20230820,Kevin Vermaerke,20,Stage 20,0,0,0,0,0,0,0,0,0
2023,20230820,Kevin Vermaerke,21,Stage 21,0,0,0,0,0,0,0,0,0
2023,20230820,Kevin Vermaerke,22,Final Classifications,0,0,0,0,0,0,0,0,0
2023,20230097,Gianni Moscon,1,Stage 1,0,0,0,0,0,0,0,0,0
2023,20230097,Gianni Moscon,2,Stage 2,0,0,0,0,0,0,0,0,0
2023,20230097,Gianni Moscon,3,Stage 3,0,0,0,0,0,0,0,0,0
2023,20230097,Gianni Moscon,4,Stage 4,0,0,0,0,0,0,0,0,0
2023,20230097,Gianni Moscon,5,Stage 5,0,0,0,0,0,0,0,0,0
2023,20230097,Gianni Moscon,6,Stage 6,0,0,0,0,0,0,0,0,0
2023,20230097,Gianni Moscon,7,Stage 7,0,0,0,0,0,0,0,4,4
2023,20230097,Gianni Moscon,8,Stage 8,0,0,0,0,0,0,0,0,0
2023,20230097,Gianni Moscon,9,Stage 9,0,0,0,0,0,0,0,0,0
2023,20230097,Gianni Moscon,10,Stage 10,0,0,0,0,0,0,0,0,0
2023,20230097,Gianni Moscon,11,Stage 11,0,0,0,0,0,0,0,0,0
2023,20230097,Gianni Moscon,12,Stage 12,0,0,0,0,0,0,0,0,0
2023,20230097,Gianni Moscon,13,Stage 13,0,0,0,0,0,0,0,0,0
2023,20230097,Gianni Moscon,14,Stage 14,0,0,0,0,0,0,0,0,0
2023,20230097,Gianni Moscon,15,Stage 15,0,0,0,0,0,0,0,0,0
2023,20230097,Gianni Moscon,16,Stage 16,0,0,0,0,0,0,0,0,0
2023,20230097,Gianni Moscon,17,Stage 17,0,0,0,0,0,0,0,0,0
2023,20230097,Gianni Moscon,18,Stage 18,0,0,0,0,0,0,0,0,0
2023,20230097,Gianni Moscon,19,Stage 19,0,0,0,0,0,0,0,0,0
2023,20230097,Gianni Moscon,20,Stage 20,0,0,0,0,0,0,0,0,0
2023,20230097,Gianni Moscon,21,Stage 21,0,0,0,0,0,0,0,0,0
2023,20230097,Gianni Moscon,22,Final Classifications,0,0,0,0,0,0,0,0,0
2023,20230744,Jenthe Biermans,1,Stage 1,0,0,0,0,0,0,0,0,0
2023,20230744,Jenthe Biermans,2,Stage 2,0,0,0,0,0,0,0,0,0
2023,20230744,Jenthe Biermans,3,Stage 3,0,0,0,0,0,0,0,0,0
2023,20230744,Jenthe Biermans,4,Stage 4,0,0,0,0,0,0,0,0,0
2023,20230744,Jenthe Biermans,5,Stage 5,0,0,0,0,0,0,0,0,0
2023,20230744,Jenthe Biermans,6,Stage 6,0,0,0,0,0,0,0,0,0
2023,20230744,Jenthe Biermans,7,Stage 7,0,0,0,0,0,0,0,0,0
2023,20230744,Jenthe Biermans,8,Stage 8,0,0,0,0,0,0,0,0,0
2023,20230744,Jenthe Biermans,9,Stage 9,0,0,0,0,0,0,0,0,0
2023,20230744,Jenthe Biermans,10,Stage 10,0,0,0,0,0,0,0,0,0
2023,20230744,Jenthe Biermans,11,Stage 11,0,0,0,0,0,0,0,0,0
2023,20230744,Jenthe Biermans,12,Stage 12,0,0,0,0,0,0,0,0,0
2023,20230744,Jenthe Biermans,13,Stage 13,0,0,0,0,0,0,0,0,0
2023,20230744,Jenthe Biermans,14,Stage 14,0,0,0,0,0,0,0,0,0
2023,20230744,Jenthe Biermans,15,Stage 15,0,0,0,0,0,0,0,0,0
2023,20230744,Jenthe Biermans,16,Stage 16,0,0,0,0,0,0,0,0,0
2023,20230744,Jenthe Biermans,17,Stage 17,0,0,0,0,0,0,0,0,0
2023,20230744,Jenthe Biermans,18,Stage 18,0,0,0,0,1,0,0,0,1
2023,20230744,Jenthe Biermans,19,Stage 19,0,0,0,0,0,0,0,0,0
2023,20230744,Jenthe Biermans,20,Stage 20,0,0,0,0,0,0,0,0,0
2023,20230744,Jenthe Biermans,21,Stage 21,0,0,0,0,0,0,0,0,0
2023,20230744,Jenthe Biermans,22,Final Classifications,0,0,0,0,0,0,0,0,0
2023,20230653,Enric Mas,1,Stage 1,0,0,0,0,0,0,0,0,0
2023,20230653,Enric Mas,2,Stage 2,0,0,0,0,0,0,0,0,0
2023,20230653,Enric Mas,3,Stage 3,0,0,0,0,0,0,0,0,0
2023,20230653,Enric Mas,4,Stage 4,0,0,0,0,0,0,0,0,0
2023,20230653,Enric Mas,5,Stage 5,0,0,0,0,0,0,0,0,0
2023,20230653,Enric Mas,6,Stage 6,0,0,0,0,0,0,0,0,0
2023,20230653,Enric Mas,7,Stage 7,0,0,0,0,0,0,0,0,0
2023,20230653,Enric Mas,8,Stage 8,0,0,0,0,0,0,0,0,0
2023,20230653,Enric Mas,9,Stage 9,0,0,0,0,0,0,0,0,0
2023,20230653,Enric Mas,10,Stage 10,0,0,0,0,0,0,0,0,0
2023,20230653,Enric Mas,11,Stage 11,0,0,0,0,0,0,0,0,0
2023,20230653,Enric Mas,12,Stage 12,0,0,0,0,0,0,0,0,0
2023,20230653,Enric Mas,13,Stage 13,0,0,0,0,0,0,0,0,0
2023,20230653,Enric Mas,14,Stage 14,0,0,0,0,0,0,0,0,0
2023,20230653,Enric Mas,15,Stage 15,0,0,0,0,0,0,0,0,0
2023,20230653,Enric Mas,16,Stage 16,0,0,0,0,0,0,0,0,0
2023,20230653,Enric Mas,17,Stage 17,0,0,0,0,0,0,0,0,0
2023,20230653,Enric Mas,18,Stage 18,0,0,0,0,0,0,0,0,0
2023,20230653,Enric Mas,19,Stage 19,0,0,0,0,0,0,0,0,0
2023,20230653,Enric Mas,20,Stage 20,0,0,0,0,0,0,0,0,0
2023,20230653,Enric Mas,21,Stage 21,0,0,0,0,0,0,0,0,0
2023,20230653,Enric Mas,22,Final Classifications,0,0,0,0,0,0,0,0,0
2023,20230305,Richard Carapaz,1,Stage 1,0,0,0,0,0,0,0,0,0
2023,20230305,Richard Carapaz,2,Stage 2,0,0,0,0,0,0,0,0,0
2023,20230305,Richard Carapaz,3,Stage 3,0,0,0,0,0,0,0,0,0
2023,20230305,Richard Carapaz,4,Stage 4,0,0,0,0,0,0,0,0,0
2023,20230305,Richard Carapaz,5,Stage 5,0,0,0,0,0,0,0,0,0
2023,20230305,Richard Carapaz,6,Stage 6,0,0,0,0,0,0,0,0,0
2023,20230305,Richard Carapaz,7,Stage 7,0,0,0,0,0,0,0,0,0
2023,20230305,Richard Carapaz,8,Stage 8,0,0,0,0,0,0,0,0,0
2023,20230305,Richard Carapaz,9,Stage 9,0,0,0,0,0,0,0,0,0
2023,20230305,Richard Carapaz,10,Stage 10,0,0,0,0,0,0,0,0,0
2023,20230305,Richard Carapaz,11,Stage 11,0,0,0,0,0,0,0,0,0
2023,20230305,Richard Carapaz,12,Stage 12,0,0,0,0,0,0,0,0,0
2023,20230305,Richard Carapaz,13,Stage 13,0,0,0,0,0,0,0,0,0
2023,20230305,Richard Carapaz,14,Stage 14,0,0,0,0,0,0,0,0,0
2023,20230305,Richard Carapaz,15,Stage 15,0,0,0,0,0,0,0,0,0
2023,20230305,Richard Carapaz,16,Stage 16,0,0,0,0,0,0,0,0,0
2023,20230305,Richard Carapaz,17,Stage 17,0,0,0,0,0,0,0,0,0
2023,20230305,Richard Carapaz,18,Stage 18,0,0,0,0,0,0,0,0,0
2023,20230305,Richard Carapaz,19,Stage 19,0,0,0,0,0,0,0,0,0
2023,20230305,Richard Carapaz,20,Stage 20,0,0,0,0,0,0,0,0,0
2023,20230305,Richard Carapaz,21,Stage 21,0,0,0,0,0,0,0,0,0
2023,20230305,Richard Carapaz,22,Final Classifications,0,0,0,0,0,0,0,0,0
2023,20230104,Luis León Sánchez,1,Stage 1,0,0,0,0,0,0,0,0,0
2023,20230104,Luis León Sánchez,2,Stage 2,0,0,0,0,0,0,0,0,0
2023,20230104,Luis León Sánchez,3,Stage 3,0,0,0,0,0,0,0,0,0
2023,20230104,Luis León Sánchez,4,Stage 4,0,0,0,0,0,0,0,0,0
2023,20230104,Luis León Sánchez,5,Stage 5,0,0,0,0,0,0,0,0,0
2023,20230104,Luis León Sánchez,6,Stage 6,0,0,0,0,0,0,0,0,0
2023,20230104,Luis León Sánchez,7,Stage 7,0,0,0,0,0,0,0,0,0
2023,20230104,Luis León Sánchez,8,Stage 8,0,0,0,0,0,0,0,0,0
2023,20230104,Luis León Sánchez,9,Stage 9,0,0,0,0,0,0,0,0,0
2023,20230104,Luis León Sánchez,10,Stage 10,0,0,0,0,0,0,0,0,0
2023,20230104,Luis León Sánchez,11,Stage 11,0,0,0,0,0,0,0,0,0
2023,20230104,Luis León Sánchez,12,Stage 12,0,0,0,0,0,0,0,0,0
2023,20230104,Luis León Sánchez,13,Stage 13,0,0,0,0,0,0,0,0,0
2023,20230104,Luis León Sánchez,14,Stage 14,0,0,0,0,0,0,0,0,0
2023,20230104,Luis León Sánchez,15,Stage 15,0,0,0,0,0,0,0,0,0
2023,20230104,Luis León Sánchez,16,Stage 16,0,0,0,0,0,0,0,0,0
2023,20230104,Luis León Sánchez,17,Stage 17,0,0,0,0,0,0,0,0,0
2023,20230104,Luis León Sánchez,18,Stage 18,0,0,0,0,0,0,0,0,0
2023,20230104,Luis León Sánchez,19,Stage 19,0,0,0,0,0,0,0,0,0
2023,20230104,Luis León Sánchez,20,Stage 20,0,0,0,0,0,0,0,0,0
2023,20230104,Luis León Sánchez,21,Stage 21,0,0,0,0,0,0,0,0,0
2023,20230104,Luis León Sánchez,22,Final Classifications,0,0,0,0,0,0,0,0,0
2023,20230748,Clément Champoussin,1,Stage 1,0,0,0,0,0,0,0,0,0
2023,20230748,Clément Champoussin,2,Stage 2,0,0,0,0,0,0,0,0,0
2023,20230748,Clément Champoussin,3,Stage 3,0,0,0,0,0,0,0,0,0
2023,20230748,Clément Champoussin,4,Stage 4,0,0,0,0,0,0,0,0,0
2023,20230748,Clément Champoussin,5,Stage 5,0,0,0,0,0,0,0,0,0
2023,20230748,Clément Champoussin,6,Stage 6,0,0,0,0,0,0,0,0,0
2023,20230748,Clément Champoussin,7,Stage 7,0,0,0,0,0,0,0,0,0
2023,20230748,Clément Champoussin,8,Stage 8,0,0,0,0,0,0,0,0,0
2023,20230748,Clément Champoussin,9,Stage 9,0,0,0,0,0,0,0,0,0
2023,20230748,Clément Champoussin,10,Stage 10,0,0,0,0,0,0,0,0,0
2023,20230748,Clément Champoussin,11,Stage 11,0,0,0,0,0,0,0,0,0
2023,20230748,Clément Champoussin,12,Stage 12,0,0,0,0,0,0,0,0,0
2023,20230748,Clément Champoussin,13,Stage 13,0,0,0,0,0,0,0,0,0
2023,20230748,Clément Champoussin,14,Stage 14,0,0,0,0,0,0,0,0,0
2023,20230748,Clément Champoussin,15,Stage 15,0,0,0,0,0,0,0,0,0
2023,20230748,Clément Champoussin,16,Stage 16,0,0,0,0,0,0,0,0,0
2023,20230748,Clément Champoussin,17,Stage 17,0,0,0,0,0,0,0,0,0
2023,20230748,Clément Champoussin,18,Stage 18,0,0,0,0,0,0,0,0,0
2023,20230748,Clément Champoussin,19,Stage 19,0,0,0,0,0,0,0,0,0
2023,20230748,Clément Champoussin,20,Stage 20,0,0,0,0,0,0,0,0,0
2023,20230748,Clément Champoussin,21,Stage 21,0,0,0,0,0,0,0,0,0
2023,20230748,Clément Champoussin,22,Final Classifications,0,0,0,0,0,0,0,0,0
2023,20230799,John Degenkolb,1,Stage 1,0,0,0,0,0,0,0,0,0
2023,20230799,John Degenkolb,2,Stage 2,0,0,0,0,0,0,0,0,0
2023,20230799,John Degenkolb,3,Stage 3,0,0,0,0,0,0,0,0,0
2023,20230799,John Degenkolb,4,Stage 4,0,0,0,0,0,0,0,0,0
2023,20230799,John Degenkolb,5,Stage 5,0,0,0,0,0,0,0,0,0
2023,20230799,John Degenkolb,6,Stage 6,0,0,0,0,0,0,0,0,0
2023,20230799,John Degenkolb,7,Stage 7,0,0,0,0,0,0,0,0,0
2023,20230799,John Degenkolb,8,Stage 8,0,0,0,0,0,0,0,0,0
2023,20230799,John Degenkolb,9,Stage 9,0,0,0,0,0,0,0,0,0
2023,20230799,John Degenkolb,10,Stage 10,0,0,0,0,0,0,0,0,0
2023,20230799,John Degenkolb,11,Stage 11,0,0,0,0,0,0,0,0,0
2023,20230799,John Degenkolb,12,Stage 12,0,0,0,0,0,0,0,0,0
2023,20230799,John Degenkolb,13,Stage 13,0,0,0,0,0,0,0,0,0
2023,20230799,John Degenkolb,14,Stage 14,0,0,0,0,0,0,0,0,0
2023,20230799,John Degenkolb,15,Stage 15,0,0,0,0,0,0,0,0,0
2023,20230799,John Degenkolb,16,Stage 16,0,0,0,0,0,0,0,0,0
2023,20230799,John Degenkolb,17,Stage 17,0,0,0,0,0,0,0,0,0
2023,20230799,John Degenkolb,18,Stage 18,0,0,0,0,0,0,0,0,0
2023,20230799,John Degenkolb,19,Stage 19,0,0,0,0,0,0,0,0,0
2023,20230799,John Degenkolb,20,Stage 20,0,0,0,0,0,0,0,0,0
2023,20230799,John Degenkolb,21,Stage 21,0,0,0,0,0,0,0,0,0
2023,20230799,John Degenkolb,22,Final Classifications,0,0,0,0,0,0,0,0,0
2023,20230804,Chris Hamilton,1,Stage 1,0,0,0,0,0,0,0,0,0
2023,20230804,Chris Hamilton,2,Stage 2,0,0,0,0,0,0,0,0,0
2023,20230804,Chris Hamilton,3,Stage 3,0,0,0,0,0,0,0,0,0
2023,20230804,Chris Hamilton,4,Stage 4,0,0,0,0,0,0,0,0,0
2023,20230804,Chris Hamilton,5,Stage 5,0,0,0,0,0,0,0,0,0
2023,20230804,Chris Hamilton,6,Stage 6,0,0,0,0,0,0,0,0,0
2023,20230804,Chris Hamilton,7,Stage 7,0,0,0,0,0,0,0,0,0
2023,20230804,Chris Hamilton,8,Stage 8,0,0,0,0,0,0,0,0,0
2023,20230804,Chris Hamilton,9,Stage 9,0,0,0,0,0,0,0,0,0
2023,20230804,Chris Hamilton,10,Stage 10,0,0,0,0,0,0,0,0,0
2023,20230804,Chris Hamilton,11,Stage 11,0,0,0,0,0,0,0,0,0
2023,20230804,Chris Hamilton,12,Stage 12,0,0,0,0,0,0,0,0,0
2023,20230804,Chris Hamilton,13,Stage 13,0,0,0,0,0,0,0,0,0
2023,20230804,Chris Hamilton,14,Stage 14,0,0,0,0,0,0,0,0,0
2023,20230804,Chris Hamilton,15,Stage 15,0,0,0,0,0,0,0,0,0
2023,20230804,Chris Hamilton,16,Stage 16,0,0,0,0,0,0,0,0,0
2023,20230804,Chris Hamilton,17,Stage 17,0,0,0,0,0,0,0,0,0
2023,20230804,Chris Hamilton,18,Stage 18,0,0,0,0,0,0,0,0,0
2023,20230804,Chris Hamilton,19,Stage 19,0,0,0,0,0,0,0,0,0
2023,20230804,Chris Hamilton,20,Stage 20,0,0,0,0,0,0,0,0,0
2023,20230804,Chris Hamilton,21,Stage 21,0,0,0,0,0,0,0,0,0
2023,20230804,Chris Hamilton,22,Final Classifications,0,0,0,0,0,0,0,0,0
2023,20230800,Matthew Dinham,1,Stage 1,0,0,0,0,0,0,0,0,0
2023,20230800,Matthew Dinham,2,Stage 2,0,0,0,0,0,0,0,0,0
2023,20230800,Matthew Dinham,3,Stage 3,0,0,0,0,0,0,0,0,0
2023,20230800,Matthew Dinham,4,Stage 4,0,0,0,0,0,0,0,0,0
2023,20230800,Matthew Dinham,5,Stage 5,0,0,0,0,0,0,0,0,0
2023,20230800,Matthew Dinham,6,Stage 6,0,0,0,0,0,0,0,0,0
2023,20230800,Matthew Dinham,7,Stage 7,0,0,0,0,0,0,0,0,0
2023,20230800,Matthew Dinham,8,Stage 8,0,0,0,0,0,0,0,0,0
2023,20230800,Matthew Dinham,9,Stage 9,0,0,0,0,0,0,0,0,0
2023,20230800,Matthew Dinham,10,Stage 10,0,0,0,0,0,0,0,0,0
2023,20230800,Matthew Dinham,11,Stage 11,0,0,0,0,0,0,0,0,0
2023,20230800,Matthew Dinham,12,Stage 12,0,0,0,0,0,0,0,0,0
2023,20230800,Matthew Dinham,13,Stage 13,0,0,0,0,0,0,0,0,0
2023,20230800,Matthew Dinham,14,Stage 14,0,0,0,0,0,0,0,0,0
2023,20230800,Matthew Dinham,15,Stage 15,0,0,0,0,0,0,0,0,0
2023,20230800,Matthew Dinham,16,Stage 16,0,0,0,0,0,0,0,0,0
2023,20230800,Matthew Dinham,17,Stage 17,0,0,0,0,0,0,0,0,0
2023,20230800,Matthew Dinham,18,Stage 18,0,0,0,0,0,0,0,0,0
2023,20230800,Matthew Dinham,19,Stage 19,0,0,0,0,0,0,0,0,0
2023,20230800,Matthew Dinham,20,Stage 20,0,0,0,0,0,0,0,0,0
2023,20230800,Matthew Dinham,21,Stage 21,0,0,0,0,0,0,0,0,0
2023,20230800,Matthew Dinham,22,Final Classifications,0,0,0,0,0,0,0,0,0
2023,20230801,Alex Edmondson,1,Stage 1,0,0,0,0,0,0,0,0,0
2023,20230801,Alex Edmondson,2,Stage 2,0,0,0,0,0,0,0,0,0
2023,20230801,Alex Edmondson,3,Stage 3,0,0,0,0,0,0,0,0,0
2023,20230801,Alex Edmondson,4,Stage 4,0,0,0,0,0,0,0,0,0
2023,20230801,Alex Edmondson,5,Stage 5,0,0,0,0,0,0,0,0,0
2023,20230801,Alex Edmondson,6,Stage 6,0,0,0,0,0,0,0,0,0
2023,20230801,Alex Edmondson,7,Stage 7,0,0,0,0,0,0,0,0,0
2023,20230801,Alex Edmondson,8,Stage 8,0,0,0,0,0,0,0,0,0
2023,20230801,Alex Edmondson,9,Stage 9,0,0,0,0,0,0,0,0,0
2023,20230801,Alex Edmondson,10,Stage 10,0,0,0,0,0,0,0,0,0
2023,20230801,Alex Edmondson,11,Stage 11,0,0,0,0,0,0,0,0,0
2023,20230801,Alex Edmondson,12,Stage 12,0,0,0,0,0,0,0,0,0
2023,20230801,Alex Edmondson,13,Stage 13,0,0,0,0,0,0,0,0,0
2023,20230801,Alex Edmondson,14,Stage 14,0,0,0,0,0,0,0,0,0
2023,20230801,Alex Edmondson,15,Stage 15,0,0,0,0,0,0,0,0,0
2023,20230801,Alex Edmondson,16,Stage 16,0,0,0,0,0,0,0,0,0
2023,20230801,Alex Edmondson,17,Stage 17,0,0,0,0,0,0,0,0,0
2023,20230801,Alex Edmondson,18,Stage 18,0,0,0,0,0,0,0,0,0
2023,20230801,Alex Edmondson,19,Stage 19,0,0,0,0,0,0,0,0,0
2023,20230801,Alex Edmondson,20,Stage 20,0,0,0,0,0,0,0,0,0
2023,20230801,Alex Edmondson,21,Stage 21,0,0,0,0,0,0,0,0,0
2023,20230801,Alex Edmondson,22,Final Classifications,0,0,0,0,0,0,0,0,0
2024,20240488,Tadej Pogačar,1,Stage 1,140,18,2,0,0,0,0,0,160
2024,20240488,Tadej Pogačar,2,Stage 2,30,30,0,0,0,0,0,4,64
2024,20240488,Tadej Pogačar,3,Stage 3,0,26,0,0,0,0,0,4,30
2024,20240488,Tadej Pogačar,4,Stage 4,220,30,1,8,0,30,0,10,299
2024,20240488,Tadej Pogačar,5,Stage 5,0,30,0,8,0,0,0,8,46
2024,20240488,Tadej Pogačar,6,Stage 6,0,30,0,8,0,0,0,8,46
2024,20240488,Tadej Pogačar,7,Stage 7,180,30,0,8,0,0,0,0,218
2024,20240488,Tadej Pogačar,8,Stage 8,35,30,0,8,0,0,0,8,81
2024,20240488,Tadej Pogačar,9,Stage 9,0,30,0,8,0,0,0,8,46
2024,20240488,Tadej Pogačar,10,Stage 10,0,30,0,8,0,0,0,8,46
2024,20240488,Tadej Pogačar,11,Stage 11,180,30,0,12,0,15,0,8,245
2024,20240488,Tadej Pogačar,12,Stage 12,0,30,0,12,0,0,0,8,50
2024,20240488,Tadej Pogačar,13,Stage 13,70,30,0,12,0,0,0,8,120
2024,20240488,Tadej Pogačar,14,Stage 14,220,30,0,12,0,30,0,8,300
2024,20240488,Tadej Pogačar,15,Stage 15,220,30,1,12,0,30,0,8,301
2024,20240488,Tadej Pogačar,16,Stage 16,0,30,1,12,0,0,0,8,51
2024,20240488,Tadej Pogačar,17,Stage 17,0,30,1,12,0,0,0,8,51
2024,20240488,Tadej Pogačar,18,Stage 18,0,30,0,12,0,0,0,8,50
2024,20240488,Tadej Pogačar,19,Stage 19,220,30,1,8,0,15,0,8,282
2024,20240488,Tadej Pogačar,20,Stage 20,220,30,2,8,0,15,0,8,283
2024,20240488,Tadej Pogačar,21,Stage 21,220,30,4,8,0,0,0,0,262
2024,20240488,Tadej Pogačar,22,Final Classifications,0,600,60,100,0,0,0,50,810
2024,20240461,Jonas Vingegaard,1,Stage 1,20,5,0,0,0,0,0,8,33
2024,20240461,Jonas Vingegaard,2,Stage 2,35,22,0,0,0,0,0,0,57
2024,20240461,Jonas Vingegaard,3,Stage 3,0,18,0,0,0,0,0,0,18
2024,20240461,Jonas Vingegaard,4,Stage 4,120,22,0,4,0,25,0,0,171
2024,20240461,Jonas Vingegaard,5,Stage 5,0,22,0,4,0,0,0,0,26
2024,20240461,Jonas Vingegaard,6,Stage 6,0,22,0,4,0,0,0,0,26
2024,20240461,Jonas Vingegaard,7,Stage 7,140,22,0,4,0,0,0,0,166
2024,20240461,Jonas Vingegaard,8,Stage 8,0,22,0,4,0,0,0,0,26
2024,20240461,Jonas Vingegaard,9,Stage 9,0,22,0,4,0,0,0,0,26
2024,20240461,Jonas Vingegaard,10,Stage 10,0,22,0,4,0,0,0,0,26
2024,20240461,Jonas Vingegaard,11,Stage 11,220,22,0,6,0,10,0,0,258
2024,20240461,Jonas Vingegaard,12,Stage 12,0,22,0,6,0,0,0,4,32
2024,20240461,Jonas Vingegaard,13,Stage 13,0,22,0,6,0,0,0,4,32
2024,20240461,Jonas Vingegaard,14,Stage 14,180,26,0,8,0,25,0,2,241
2024,20240461,Jonas Vingegaard,15,Stage 15,180,26,0,8,0,25,0,4,243
2024,20240461,Jonas Vingegaard,16,Stage 16,0,26,0,8,0,0,0,4,38
2024,20240461,Jonas Vingegaard,17,Stage 17,0,26,0,8,0,0,0,4,38
2024,20240461,Jonas Vingegaard,18,Stage 18,0,26,0,8,0,0,0,4,38
2024,20240461,Jonas Vingegaard,19,Stage 19,110,26,0,6,0,0,0,8,150
2024,20240461,Jonas Vingegaard,20,Stage 20,180,26,0,6,0,10,0,4,226
2024,20240461,Jonas Vingegaard,21,Stage 21,180,26,0,6,0,0,0,0,212
2024,20240461,Jonas Vingegaard,22,Final Classifications,0,500,5,80,0,0,0,40,620
2024,20240376,Remco Evenepoel,1,Stage 1,80,13,0,0,0,0,0,0,93
2024,20240376,Remco Evenepoel,2,Stage 2,40,26,0,0,0,0,0,0,66
2024,20240376,Remco Evenepoel,3,Stage 3,0,22,0,0,0,0,0,0,22
2024,20240376,Remco Evenepoel,4,Stage 4,180,26,0,2,0,20,0,2,230
2024,20240376,Remco Evenepoel,5,Stage 5,0,26,0,2,0,0,0,2,30
2024,20240376,Remco Evenepoel,6,Stage 6,0,26,0,2,0,0,0,2,30
2024,20240376,Remco Evenepoel,7,Stage 7,220,26,0,2,0,0,0,0,248
2024,20240376,Remco Evenepoel,8,Stage 8,60,26,0,2,0,0,0,4,92
2024,20240376,Remco Evenepoel,9,Stage 9,0,26,0,2,0,0,0,4,32
2024,20240376,Remco Evenepoel,10,Stage 10,0,26,0,2,0,0,0,4,32
2024,20240376,Remco Evenepoel,11,Stage 11,160,26,0,4,0,4,0,4,198
2024,20240376,Remco Evenepoel,12,Stage 12,0,26,0,4,0,0,0,4,34
2024,20240376,Remco Evenepoel,13,Stage 13,0,26,0,4,0,0,0,4,34
2024,20240376,Remco Evenepoel,14,Stage 14,160,22,0,4,0,20,0,4,210
2024,20240376,Remco Evenepoel,15,Stage 15,160,22,0,6,0,20,0,2,210
2024,20240376,Remco Evenepoel,16,Stage 16,0,22,0,6,0,0,0,2,30
2024,20240376,Remco Evenepoel,17,Stage 17,0,22,0,6,0,0,0,2,30
2024,20240376,Remco Evenepoel,18,Stage 18,0,22,0,6,0,0,0,0,28
2024,20240376,Remco Evenepoel,19,Stage 19,120,22,0,2,0,2,0,2,148
2024,20240376,Remco Evenepoel,20,Stage 20,140,22,0,2,0,4,0,0,168
2024,20240376,Remco Evenepoel,21,Stage 21,160,22,0,2,0,0,0,0,184
2024,20240376,Remco Evenepoel,22,Final Classifications,0,400,20,40,0,0,0,30,470
2024,20240491,João Almeida,1,Stage 1,0,0,0,0,0,0,0,0,0
2024,20240491,João Almeida,2,Stage 2,0,0,0,0,0,0,0,12,12
2024,20240491,João Almeida,3,Stage 3,0,0,0,0,0,0,0,8,8
2024,20240491,João Almeida,4,Stage 4,80,13,0,0,0,6,0,26,125
2024,20240491,João Almeida,5,Stage 5,0,13,0,0,0,0,0,16,29
2024,20240491,João Almeida,6,Stage 6,0,13,0,0,0,0,0,16,29
2024,20240491,João Almeida,7,Stage 7,80,15,0,0,0,0,0,0,95
2024,20240491,João Almeida,8,Stage 8,0,15,0,0,0,0,0,16,31
2024,20240491,João Almeida,9,Stage 9,0,15,0,0,0,0,0,16,31
2024,20240491,João Almeida,10,Stage 10,0,15,0,0,0,0,0,16,31
2024,20240491,João Almeida,11,Stage 11,110,16,0,0,0,0,0,20,146
2024,20240491,João Almeida,12,Stage 12,0,18,0,0,0,0,0,16,34
2024,20240491,João Almeida,13,Stage 13,0,18,0,0,0,0,0,16,34
2024,20240491,João Almeida,14,Stage 14,40,18,0,0,0,0,0,24,82
2024,20240491,João Almeida,15,Stage 15,120,18,0,0,0,10,0,24,172
2024,20240491,João Almeida,16,Stage 16,0,18,0,0,0,0,0,16,34
2024,20240491,João Almeida,17,Stage 17,0,18,0,0,0,0,0,16,34
2024,20240491,João Almeida,18,Stage 18,0,18,0,0,0,0,0,16,34
2024,20240491,João Almeida,19,Stage 19,95,18,0,0,0,0,0,24,137
2024,20240491,João Almeida,20,Stage 20,110,18,0,0,0,0,0,24,152
2024,20240491,João Almeida,21,Stage 21,120,18,0,0,0,0,0,0,138
2024,20240491,João Almeida,22,Final Classifications,0,350,0,0,0,0,0,50,400
2024,20240294,Biniam Girmay,1,Stage 1,0,0,0,0,0,0,0,0,0
2024,20240294,Biniam Girmay,2,Stage 2,0,0,0,0,0,0,0,0,0
2024,20240294,Biniam Girmay,3,Stage 3,220,0,8,0,5,0,0,0,233
2024,20240294,Biniam Girmay,4,Stage 4,0,0,8,0,16,0,0,0,24
2024,20240294,Biniam Girmay,5,Stage 5,70,0,12,0,6,0,0,0,88
2024,20240294,Biniam Girmay,6,Stage 6,180,0,12,0,16,0,0,0,208
2024,20240294,Biniam Girmay,7,Stage 7,0,0,12,0,0,0,0,0,12
2024,20240294,Biniam Girmay,8,Stage 8,220,0,12,0,16,0,0,0,248
2024,20240294,Biniam Girmay,9,Stage 9,70,0,12,0,0,0,0,0,82
2024,20240294,Biniam Girmay,10,Stage 10,180,0,12,0,8,0,0,0,200
2024,20240294,Biniam Girmay,11,Stage 11,0,0,12,0,0,0,0,0,12
2024,20240294,Biniam Girmay,12,Stage 12,220,0,12,0,6,0,0,0,238
2024,20240294,Biniam Girmay,13,Stage 13,140,0,12,0,0,0,0,0,152
2024,20240294,Biniam Girmay,14,Stage 14,0,0,12,0,2,0,0,0,14
2024,20240294,Biniam Girmay,15,Stage 15,0,0,12,0,12,0,0,0,24
2024,20240294,Biniam Girmay,16,Stage 16,0,0,12,0,8,0,0,0,20
2024,20240294,Biniam Girmay,17,Stage 17,0,0,12,0,6,0,0,0,18
2024,20240294,Biniam Girmay,18,Stage 18,0,0,12,0,0,0,0,0,12
2024,20240294,Biniam Girmay,19,Stage 19,0,0,12,0,0,0,0,0,12
2024,20240294,Biniam Girmay,20,Stage 20,0,0,12,0,0,0,0,0,12
2024,20240294,Biniam Girmay,21,Stage 21,0,0,12,0,0,0,0,0,12
2024,20240294,Biniam Girmay,22,Final Classifications,0,0,120,0,0,0,0,0,120
2024,20240001,Jasper Philipsen,1,Stage 1,0,0,0,0,2,0,0,0,2
2024,20240001,Jasper Philipsen,2,Stage 2,0,0,0,0,0,0,0,0,0
2024,20240001,Jasper Philipsen,3,Stage 3,0,0,0,0,16,0,0,0,16
2024,20240001,Jasper Philipsen,4,Stage 4,0,0,0,0,8,0,0,0,8
2024,20240001,Jasper Philipsen,5,Stage 5,180,0,4,0,5,0,0,0,189
2024,20240001,Jasper Philipsen,6,Stage 6,0,0,4,0,20,0,0,0,24
2024,20240001,Jasper Philipsen,7,Stage 7,0,0,4,0,0,0,0,0,4
2024,20240001,Jasper Philipsen,8,Stage 8,180,0,8,0,8,0,0,0,196
2024,20240001,Jasper Philipsen,9,Stage 9,0,0,8,0,0,0,0,0,8
2024,20240001,Jasper Philipsen,10,Stage 10,220,0,8,0,12,0,0,0,240
2024,20240001,Jasper Philipsen,11,Stage 11,0,0,8,0,0,0,0,0,8
2024,20240001,Jasper Philipsen,12,Stage 12,140,0,8,0,5,0,0,0,153
2024,20240001,Jasper Philipsen,13,Stage 13,220,0,8,0,0,0,0,0,228
2024,20240001,Jasper Philipsen,14,Stage 14,0,0,8,0,1,0,0,0,9
2024,20240001,Jasper Philipsen,15,Stage 15,0,0,8,0,0,0,0,0,8
2024,20240001,Jasper Philipsen,16,Stage 16,220,0,8,0,16,0,0,0,244
2024,20240001,Jasper Philipsen,17,Stage 17,0,0,8,0,5,0,0,0,13
2024,20240001,Jasper Philipsen,18,Stage 18,0,0,8,0,0,0,0,0,8
2024,20240001,Jasper Philipsen,19,Stage 19,0,0,8,0,0,0,0,0,8
2024,20240001,Jasper Philipsen,20,Stage 20,0,0,8,0,0,0,0,0,8
2024,20240001,Jasper Philipsen,21,Stage 21,0,0,8,0,0,0,0,0,8
2024,20240001,Jasper Philipsen,22,Final Classifications,0,0,100,0,0,0,0,0,100
2024,20240489,Adam Yates,1,Stage 1,0,0,0,0,0,0,0,0,0
2024,20240489,Adam Yates,2,Stage 2,0,0,0,0,0,0,0,12,12
2024,20240489,Adam Yates,3,Stage 3,0,0,0,0,0,0,0,8,8
2024,20240489,Adam Yates,4,Stage 4,30,8,0,0,0,0,0,26,64
2024,20240489,Adam Yates,5,Stage 5,0,8,0,0,0,0,0,16,24
2024,20240489,Adam Yates,6,Stage 6,0,8,0,0,0,0,0,16,24
2024,20240489,Adam Yates,7,Stage 7,0,10,0,0,0,0,0,0,10
2024,20240489,Adam Yates,8,Stage 8,0,10,0,0,0,0,0,16,26
2024,20240489,Adam Yates,9,Stage 9,0,9,0,0,0,0,0,16,25
2024,20240489,Adam Yates,10,Stage 10,0,10,0,0,0,0,0,16,26
2024,20240489,Adam Yates,11,Stage 11,95,13,0,0,0,0,0,20,128
2024,20240489,Adam Yates,12,Stage 12,0,13,0,0,0,0,0,16,29
2024,20240489,Adam Yates,13,Stage 13,0,14,0,0,0,0,0,16,30
2024,20240489,Adam Yates,14,Stage 14,95,14,0,0,0,4,0,24,137
2024,20240489,Adam Yates,15,Stage 15,110,14,0,0,0,6,0,24,154
2024,20240489,Adam Yates,16,Stage 16,0,14,0,0,0,0,0,16,30
2024,20240489,Adam Yates,17,Stage 17,0,14,0,0,0,0,0,16,30
2024,20240489,Adam Yates,18,Stage 18,0,14,0,0,0,0,0,16,30
2024,20240489,Adam Yates,19,Stage 19,50,14,0,0,0,0,0,24,88
2024,20240489,Adam Yates,20,Stage 20,70,15,0,0,0,0,0,24,109
2024,20240489,Adam Yates,21,Stage 21,60,15,0,0,0,0,0,0,75
2024,20240489,Adam Yates,22,Final Classifications,0,260,0,0,0,0,0,50,310
2024,20240466,Matteo Jorgenson,1,Stage 1,0,0,0,0,0,0,0,8,8
2024,20240466,Matteo Jorgenson,2,Stage 2,0,7,0,0,0,0,0,2,9
2024,20240466,Matteo Jorgenson,3,Stage 3,0,8,0,0,0,0,0,0,8
2024,20240466,Matteo Jorgenson,4,Stage 4,40,10,0,0,0,0,0,2,52
2024,20240466,Matteo Jorgenson,5,Stage 5,0,10,0,0,0,0,0,2,12
2024,20240466,Matteo Jorgenson,6,Stage 6,0,10,0,0,0,0,0,2,12
2024,20240466,Matteo Jorgenson,7,Stage 7,95,12,0,0,0,0,0,0,107
2024,20240466,Matteo Jorgenson,8,Stage 8,0,12,0,0,0,0,0,2,14
2024,20240466,Matteo Jorgenson,9,Stage 9,0,11,0,0,0,0,0,2,13
2024,20240466,Matteo Jorgenson,10,Stage 10,0,11,0,0,0,0,0,2,13
2024,20240466,Matteo Jorgenson,11,Stage 11,20,9,0,0,0,0,0,10,39
2024,20240466,Matteo Jorgenson,12,Stage 12,4,9,0,0,0,0,0,6,19
2024,20240466,Matteo Jorgenson,13,Stage 13,0,11,0,0,0,0,0,6,17
2024,20240466,Matteo Jorgenson,14,Stage 14,70,11,0,0,0,0,0,10,91
2024,20240466,Matteo Jorgenson,15,Stage 15,16,9,0,0,0,0,0,12,37
2024,20240466,Matteo Jorgenson,16,Stage 16,0,9,0,0,0,0,0,8,17
2024,20240466,Matteo Jorgenson,17,Stage 17,0,9,0,0,0,0,0,8,17
2024,20240466,Matteo Jorgenson,18,Stage 18,0,7,0,0,0,0,0,8,15
2024,20240466,Matteo Jorgenson,19,Stage 19,180,12,0,4,0,60,20,8,284
2024,20240466,Matteo Jorgenson,20,Stage 20,95,13,0,4,0,0,0,12,124
2024,20240466,Matteo Jorgenson,21,Stage 21,140,13,0,4,0,0,0,0,157
2024,20240466,Matteo Jorgenson,22,Final Classifications,0,200,0,60,0,0,0,40,300
2024,20240377,Mikel Landa,1,Stage 1,0,0,0,0,0,0,0,0,0
2024,20240377,Mikel Landa,2,Stage 2,0,0,0,0,0,0,0,4,4
2024,20240377,Mikel Landa,3,Stage 3,0,1,0,0,0,0,0,2,3
2024,20240377,Mikel Landa,4,Stage 4,95,14,0,0,0,4,0,10,123
2024,20240377,Mikel Landa,5,Stage 5,0,14,0,0,0,0,0,6,20
2024,20240377,Mikel Landa,6,Stage 6,0,14,0,0,0,0,0,6,20
2024,20240377,Mikel Landa,7,Stage 7,0,13,0,0,0,0,0,0,13
2024,20240377,Mikel Landa,8,Stage 8,0,13,0,0,0,0,0,8,21
2024,20240377,Mikel Landa,9,Stage 9,0,13,0,0,0,0,0,8,21
2024,20240377,Mikel Landa,10,Stage 10,0,13,0,0,0,0,0,8,21
2024,20240377,Mikel Landa,11,Stage 11,80,14,0,0,0,0,0,10,104
2024,20240377,Mikel Landa,12,Stage 12,0,14,0,0,0,0,0,8,22
2024,20240377,Mikel Landa,13,Stage 13,0,15,0,0,0,0,0,8,23
2024,20240377,Mikel Landa,14,Stage 14,50,15,0,0,0,0,0,8,73
2024,20240377,Mikel Landa,15,Stage 15,140,16,0,0,0,15,0,6,177
2024,20240377,Mikel Landa,16,Stage 16,0,16,0,0,0,0,0,4,20
2024,20240377,Mikel Landa,17,Stage 17,0,16,0,0,0,0,0,4,20
2024,20240377,Mikel Landa,18,Stage 18,0,16,0,0,0,0,0,2,18
2024,20240377,Mikel Landa,19,Stage 19,80,16,0,0,0,0,0,4,100
2024,20240377,Mikel Landa,20,Stage 20,80,16,0,0,0,0,0,2,98
2024,20240377,Mikel Landa,21,Stage 21,95,16,0,0,0,0,0,0,111
2024,20240377,Mikel Landa,22,Final Classifications,0,300,0,0,0,0,0,30,330
2024,20240208,Richard Carapaz,1,Stage 1,0,0,0,0,0,0,0,0,0
2024,20240208,Richard Carapaz,2,Stage 2,60,18,0,0,0,0,0,0,78
2024,20240208,Richard Carapaz,3,Stage 3,30,30,0,0,0,0,0,0,60
2024,20240208,Richard Carapaz,4,Stage 4,0,0,0,0,0,0,0,0,0
2024,20240208,Richard Carapaz,5,Stage 5,0,0,0,0,0,0,0,0,0
2024,20240208,Richard Carapaz,6,Stage 6,0,0,0,0,0,0,0,0,0
2024,20240208,Richard Carapaz,7,Stage 7,0,0,0,0,0,0,0,0,0
2024,20240208,Richard Carapaz,8,Stage 8,0,0,0,0,0,0,0,0,0
2024,20240208,Richard Carapaz,9,Stage 9,0,0,0,0,0,0,0,0,0
2024,20240208,Richard Carapaz,10,Stage 10,0,0,0,0,0,0,0,0,0
2024,20240208,Richard Carapaz,11,Stage 11,0,0,0,0,6,0,20,0,26
2024,20240208,Richard Carapaz,12,Stage 12,0,0,0,0,0,0,0,0,0
2024,20240208,Richard Carapaz,13,Stage 13,0,0,0,0,0,0,0,0,0
2024,20240208,Richard Carapaz,14,Stage 14,30,0,0,0,0,0,0,0,30
2024,20240208,Richard Carapaz,15,Stage 15,70,1,0,0,0,22,20,0,103
2024,20240208,Richard Carapaz,16,Stage 16,0,0,0,0,0,0,0,0,0
2024,20240208,Richard Carapaz,17,Stage 17,220,3,0,1,0,15,0,0,239
2024,20240208,Richard Carapaz,18,Stage 18,0,4,0,2,0,0,0,0,6
2024,20240208,Richard Carapaz,19,Stage 19,140,4,0,12,0,64,20,0,240
2024,20240208,Richard Carapaz,20,Stage 20,160,6,0,12,6,36,20,0,240
2024,20240208,Richard Carapaz,21,Stage 21,0,4,0,12,0,0,0,0,16
2024,20240208,Richard Carapaz,22,Final Classifications,0,80,0,120,0,0,0,0,200
2024,20240462,Wout Van Aert,1,Stage 1,160,22,6,0,0,0,0,4,192
2024,20240462,Wout Van Aert,2,Stage 2,0,0,0,0,0,0,0,2,2
2024,20240462,Wout Van Aert,3,Stage 3,0,0,0,0,0,0,0,0,0
2024,20240462,Wout Van Aert,4,Stage 4,0,0,0,0,0,0,0,2,2
2024,20240462,Wout Van Aert,5,Stage 5,0,0,0,0,0,0,0,2,2
2024,20240462,Wout Van Aert,6,Stage 6,110,0,0,0,0,0,0,2,112
2024,20240462,Wout Van Aert,7,Stage 7,0,0,0,0,0,0,0,0,0
2024,20240462,Wout Van Aert,8,Stage 8,0,0,0,0,0,0,0,2,2
2024,20240462,Wout Van Aert,9,Stage 9,0,0,0,0,0,0,0,2,2
2024,20240462,Wout Van Aert,10,Stage 10,140,0,0,0,0,0,0,2,142
2024,20240462,Wout Van Aert,11,Stage 11,0,0,0,0,0,0,0,10,10
2024,20240462,Wout Van Aert,12,Stage 12,180,0,0,0,0,0,0,2,182
2024,20240462,Wout Van Aert,13,Stage 13,180,0,0,0,0,0,0,2,182
2024,20240462,Wout Van Aert,14,Stage 14,0,0,0,0,0,0,0,10,10
2024,20240462,Wout Van Aert,15,Stage 15,0,0,0,0,0,0,0,12,12
2024,20240462,Wout Van Aert,16,Stage 16,120,0,0,0,0,0,0,8,128
2024,20240462,Wout Van Aert,17,Stage 17,0,0,0,0,0,0,0,8,8
2024,20240462,Wout Van Aert,18,Stage 18,70,0,1,0,8,0,0,8,87
2024,20240462,Wout Van Aert,19,Stage 19,0,0,0,0,0,0,0,12,12
2024,20240462,Wout Van Aert,20,Stage 20,0,0,0,0,0,0,0,12,12
2024,20240462,Wout Van Aert,21,Stage 21,0,0,0,0,0,0,0,0,0
2024,20240462,Wout Van Aert,22,Final Classifications,0,0,15,0,0,0,0,40,40
2024,20240263,Carlos Rodríguez,1,Stage 1,0,0,0,0,0,0,0,2,2
2024,20240263,Carlos Rodríguez,2,Stage 2,8,8,0,0,0,0,0,2,18
2024,20240263,Carlos Rodríguez,3,Stage 3,0,10,0,0,0,0,0,2,12
2024,20240263,Carlos Rodríguez,4,Stage 4,110,15,0,0,0,15,0,4,144
2024,20240263,Carlos Rodríguez,5,Stage 5,0,15,0,0,0,0,0,4,19
2024,20240263,Carlos Rodríguez,6,Stage 6,0,15,0,0,0,0,0,4,19
2024,20240263,Carlos Rodríguez,7,Stage 7,16,14,0,0,0,0,0,0,30
2024,20240263,Carlos Rodríguez,8,Stage 8,0,14,0,0,0,0,0,0,14
2024,20240263,Carlos Rodríguez,9,Stage 9,0,14,0,0,0,0,0,6,20
2024,20240263,Carlos Rodríguez,10,Stage 10,0,14,0,0,0,0,0,2,16
2024,20240263,Carlos Rodríguez,11,Stage 11,70,15,0,1,0,2,0,2,90
2024,20240263,Carlos Rodríguez,12,Stage 12,0,16,0,1,0,0,0,2,19
2024,20240263,Carlos Rodríguez,13,Stage 13,0,16,0,1,0,0,0,2,19
2024,20240263,Carlos Rodríguez,14,Stage 14,140,16,0,1,0,15,0,0,172
2024,20240263,Carlos Rodríguez,15,Stage 15,80,15,0,0,0,2,0,0,97
2024,20240263,Carlos Rodríguez,16,Stage 16,0,15,0,0,0,0,0,0,15
2024,20240263,Carlos Rodríguez,17,Stage 17,0,15,0,0,0,0,0,0,15
2024,20240263,Carlos Rodríguez,18,Stage 18,0,15,0,0,0,0,0,4,19
2024,20240263,Carlos Rodríguez,19,Stage 19,35,15,0,0,0,0,0,0,50
2024,20240263,Carlos Rodríguez,20,Stage 20,25,14,0,0,0,0,0,2,41
2024,20240263,Carlos Rodríguez,21,Stage 21,16,14,0,0,0,0,0,0,30
2024,20240263,Carlos Rodríguez,22,Final Classifications,0,220,0,0,0,0,0,20,240
2024,20240653,Pascal Ackermann,1,Stage 1,0,0,0,0,0,0,0,0,0
2024,20240653,Pascal Ackermann,2,Stage 2,0,0,0,0,0,0,0,0,0
2024,20240653,Pascal Ackermann,3,Stage 3,25,0,0,0,0,0,0,0,25
2024,20240653,Pascal Ackermann,4,Stage 4,0,0,0,0,0,0,0,0,0
2024,20240653,Pascal Ackermann,5,Stage 5,110,0,0,0,0,0,0,0,110
2024,20240653,Pascal Ackermann,6,Stage 6,70,0,0,0,0,0,0,0,70
2024,20240653,Pascal Ackermann,7,Stage 7,0,0,0,0,0,0,0,0,0
2024,20240653,Pascal Ackermann,8,Stage 8,140,0,0,0,0,0,0,0,140
2024,20240653,Pascal Ackermann,9,Stage 9,20,0,0,0,0,0,0,2,22
2024,20240653,Pascal Ackermann,10,Stage 10,160,0,0,0,0,0,0,0,160
2024,20240653,Pascal Ackermann,11,Stage 11,0,0,0,0,0,0,0,0,0
2024,20240653,Pascal Ackermann,12,Stage 12,160,0,0,0,0,0,0,0,160
2024,20240653,Pascal Ackermann,13,Stage 13,160,0,0,0,0,0,0,0,160
2024,20240653,Pascal Ackermann,14,Stage 14,0,0,0,0,0,0,0,0,0
2024,20240653,Pascal Ackermann,15,Stage 15,0,0,0,0,0,0,0,0,0
2024,20240653,Pascal Ackermann,16,Stage 16,110,0,0,0,0,0,0,0,110
2024,20240653,Pascal Ackermann,17,Stage 17,0,0,0,0,0,0,0,0,0
2024,20240653,Pascal Ackermann,18,Stage 18,0,0,0,0,0,0,0,0,0
2024,20240653,Pascal Ackermann,19,Stage 19,0,0,0,0,0,0,0,0,0
2024,20240653,Pascal Ackermann,20,Stage 20,0,0,0,0,0,0,0,0,0
2024,20240653,Pascal Ackermann,21,Stage 21,0,0,0,0,0,0,0,0,0
2024,20240653,Pascal Ackermann,22,Final Classifications,0,0,0,0,0,0,0,0,0
2024,20240651,Derek Gee,1,Stage 1,16,4,0,0,0,0,0,0,20
2024,20240651,Derek Gee,2,Stage 2,0,0,0,0,0,0,0,0,0
2024,20240651,Derek Gee,3,Stage 3,0,0,0,0,0,0,0,0,0
2024,20240651,Derek Gee,4,Stage 4,16,0,0,0,0,0,0,0,16
2024,20240651,Derek Gee,5,Stage 5,0,0,0,0,0,0,0,0,0
2024,20240651,Derek Gee,6,Stage 6,0,0,0,0,0,0,0,0,0
2024,20240651,Derek Gee,7,Stage 7,30,7,0,0,0,0,0,0,37
2024,20240651,Derek Gee,8,Stage 8,0,7,0,0,0,0,0,0,7
2024,20240651,Derek Gee,9,Stage 9,160,12,0,0,0,0,20,0,192
2024,20240651,Derek Gee,10,Stage 10,0,12,0,0,0,0,0,2,14
2024,20240651,Derek Gee,11,Stage 11,40,10,0,0,0,0,0,0,50
2024,20240651,Derek Gee,12,Stage 12,0,10,0,0,0,0,0,2,12
2024,20240651,Derek Gee,13,Stage 13,0,12,0,0,0,0,0,2,14
2024,20240651,Derek Gee,14,Stage 14,60,12,0,0,0,0,0,0,72
2024,20240651,Derek Gee,15,Stage 15,40,12,0,0,0,0,0,0,52
2024,20240651,Derek Gee,16,Stage 16,0,12,0,0,0,0,0,0,12
2024,20240651,Derek Gee,17,Stage 17,0,12,0,0,0,0,0,0,12
2024,20240651,Derek Gee,18,Stage 18,0,12,0,0,0,0,0,0,12
2024,20240651,Derek Gee,19,Stage 19,60,13,0,0,0,0,0,0,73
2024,20240651,Derek Gee,20,Stage 20,40,12,0,0,0,0,0,0,52
2024,20240651,Derek Gee,21,Stage 21,110,12,0,0,0,0,0,0,122
2024,20240651,Derek Gee,22,Final Classifications,0,180,0,0,0,0,0,0,180
2024,20240678,Arnaud De Lie,1,Stage 1,0,0,0,0,0,0,0,0,0
2024,20240678,Arnaud De Lie,2,Stage 2,0,0,0,0,0,0,0,0,0
2024,20240678,Arnaud De Lie,3,Stage 3,160,0,0,0,0,0,0,0,160
2024,20240678,Arnaud De Lie,4,Stage 4,0,0,0,0,0,0,0,0,0
2024,20240678,Arnaud De Lie,5,Stage 5,140,0,0,0,0,0,0,0,140
2024,20240678,Arnaud De Lie,6,Stage 6,120,0,0,0,5,0,0,0,125
2024,20240678,Arnaud De Lie,7,Stage 7,0,0,0,0,0,0,0,0,0
2024,20240678,Arnaud De Lie,8,Stage 8,160,0,4,0,3,0,0,0,167
2024,20240678,Arnaud De Lie,9,Stage 9,0,0,2,0,0,0,0,0,2
2024,20240678,Arnaud De Lie,10,Stage 10,16,0,0,0,1,0,0,0,17
2024,20240678,Arnaud De Lie,11,Stage 11,0,0,0,0,0,0,0,0,0
2024,20240678,Arnaud De Lie,12,Stage 12,120,0,1,0,0,0,0,0,121
2024,20240678,Arnaud De Lie,13,Stage 13,0,0,1,0,6,0,0,0,7
2024,20240678,Arnaud De Lie,14,Stage 14,0,0,4,0,16,0,0,0,20
2024,20240678,Arnaud De Lie,15,Stage 15,0,0,4,0,0,0,0,0,4
2024,20240678,Arnaud De Lie,16,Stage 16,0,0,2,0,6,0,0,0,8
2024,20240678,Arnaud De Lie,17,Stage 17,0,0,2,0,3,0,0,0,5
2024,20240678,Arnaud De Lie,18,Stage 18,0,0,2,0,0,0,0,8,10
2024,20240678,Arnaud De Lie,19,Stage 19,0,0,2,0,0,0,0,0,2
2024,20240678,Arnaud De Lie,20,Stage 20,0,0,1,0,0,0,0,0,1
2024,20240678,Arnaud De Lie,21,Stage 21,0,0,1,0,0,0,0,0,1
2024,20240678,Arnaud De Lie,22,Final Classifications,0,0,30,0,0,0,0,0,30
2024,20240320,Giulio Ciccone,1,Stage 1,0,0,0,0,0,0,0,0,0
2024,20240320,Giulio Ciccone,2,Stage 2,25,11,0,0,0,0,0,0,36
2024,20240320,Giulio Ciccone,3,Stage 3,0,7,0,0,0,0,0,0,7
2024,20240320,Giulio Ciccone,4,Stage 4,70,12,0,0,0,0,0,0,82
2024,20240320,Giulio Ciccone,5,Stage 5,0,12,0,0,0,0,0,0,12
2024,20240320,Giulio Ciccone,6,Stage 6,0,12,0,0,0,0,0,0,12
2024,20240320,Giulio Ciccone,7,Stage 7,0,8,0,0,0,0,0,0,8
2024,20240320,Giulio Ciccone,8,Stage 8,0,8,0,0,0,0,0,0,8
2024,20240320,Giulio Ciccone,9,Stage 9,0,7,0,0,0,0,0,0,7
2024,20240320,Giulio Ciccone,10,Stage 10,0,8,0,0,0,0,0,0,8
2024,20240320,Giulio Ciccone,11,Stage 11,120,11,0,0,0,0,0,0,131
2024,20240320,Giulio Ciccone,12,Stage 12,0,11,0,0,0,0,0,0,11
2024,20240320,Giulio Ciccone,13,Stage 13,0,13,0,0,0,0,0,0,13
2024,20240320,Giulio Ciccone,14,Stage 14,120,13,0,0,0,10,0,0,143
2024,20240320,Giulio Ciccone,15,Stage 15,35,13,0,0,0,0,0,0,48
2024,20240320,Giulio Ciccone,16,Stage 16,0,13,0,0,0,0,0,0,13
2024,20240320,Giulio Ciccone,17,Stage 17,0,13,0,0,0,0,0,0,13
2024,20240320,Giulio Ciccone,18,Stage 18,0,13,0,0,0,0,0,0,13
2024,20240320,Giulio Ciccone,19,Stage 19,16,11,0,0,0,0,0,0,27
2024,20240320,Giulio Ciccone,20,Stage 20,35,11,0,0,0,0,0,0,46
2024,20240320,Giulio Ciccone,21,Stage 21,0,10,0,0,0,0,0,0,10
2024,20240320,Giulio Ciccone,22,Final Classifications,0,140,0,0,0,0,0,0,150
2024,20240091,Santiago Buitrago,1,Stage 1,0,0,0,0,0,0,0,0,0
2024,20240091,Santiago Buitrago,2,Stage 2,0,0,0,0,0,0,0,0,0
2024,20240091,Santiago Buitrago,3,Stage 3,0,0,0,0,0,0,0,0,0
2024,20240091,Santiago Buitrago,4,Stage 4,60,6,0,0,0,0,0,0,66
2024,20240091,Santiago Buitrago,5,Stage 5,0,6,0,0,0,0,0,0,6
2024,20240091,Santiago Buitrago,6,Stage 6,0,6,0,0,0,0,0,0,6
2024,20240091,Santiago Buitrago,7,Stage 7,0,6,0,0,0,0,0,0,6
2024,20240091,Santiago Buitrago,8,Stage 8,8,6,0,0,0,0,0,0,14
2024,20240091,Santiago Buitrago,9,Stage 9,0,6,0,0,0,0,0,0,6
2024,20240091,Santiago Buitrago,10,Stage 10,0,7,0,0,0,0,0,0,7
2024,20240091,Santiago Buitrago,11,Stage 11,50,7,0,0,0,0,0,0,57
2024,20240091,Santiago Buitrago,12,Stage 12,0,7,0,0,0,0,0,0,7
2024,20240091,Santiago Buitrago,13,Stage 13,0,9,0,0,0,0,0,0,9
2024,20240091,Santiago Buitrago,14,Stage 14,110,9,0,0,0,6,0,0,125
2024,20240091,Santiago Buitrago,15,Stage 15,95,11,0,0,0,4,0,0,110
2024,20240091,Santiago Buitrago,16,Stage 16,0,11,0,0,0,0,0,4,15
2024,20240091,Santiago Buitrago,17,Stage 17,0,11,0,0,0,0,0,0,11
2024,20240091,Santiago Buitrago,18,Stage 18,0,11,0,0,0,0,0,0,11
2024,20240091,Santiago Buitrago,19,Stage 19,30,10,0,0,0,0,0,0,40
2024,20240091,Santiago Buitrago,20,Stage 20,30,10,0,0,0,0,0,0,40
2024,20240091,Santiago Buitrago,21,Stage 21,70,11,0,0,0,0,0,0,81
2024,20240091,Santiago Buitrago,22,Final Classifications,0,160,0,0,0,0,0,0,160
2024,20240434,Simon Yates,1,Stage 1,0,0,0,0,0,0,0,0,0
2024,20240434,Simon Yates,2,Stage 2,0,1,0,0,0,0,0,0,1
2024,20240434,Simon Yates,3,Stage 3,0,9,0,0,0,0,0,0,9
2024,20240434,Simon Yates,4,Stage 4,0,2,0,0,0,0,0,0,2
2024,20240434,Simon Yates,5,Stage 5,0,2,0,0,0,0,0,0,2
2024,20240434,Simon Yates,6,Stage 6,0,1,0,0,0,0,0,8,9
2024,20240434,Simon Yates,7,Stage 7,8,4,0,0,0,0,0,0,12
2024,20240434,Simon Yates,8,Stage 8,0,4,0,0,0,0,0,0,4
2024,20240434,Simon Yates,9,Stage 9,0,0,0,0,0,0,0,0,0
2024,20240434,Simon Yates,10,Stage 10,0,0,0,0,0,0,0,0,0
2024,20240434,Simon Yates,11,Stage 11,35,0,0,0,0,0,0,0,35
2024,20240434,Simon Yates,12,Stage 12,0,0,0,0,0,0,0,0,0
2024,20240434,Simon Yates,13,Stage 13,0,0,0,0,0,0,0,0,0
2024,20240434,Simon Yates,14,Stage 14,35,4,0,0,0,0,0,0,39
2024,20240434,Simon Yates,15,Stage 15,12,7,0,0,0,0,20,0,39
2024,20240434,Simon Yates,16,Stage 16,0,7,0,0,0,0,0,0,7
2024,20240434,Simon Yates,17,Stage 17,180,8,0,0,0,10,0,0,198
2024,20240434,Simon Yates,18,Stage 18,0,6,0,0,0,0,0,0,6
2024,20240434,Simon Yates,19,Stage 19,160,9,0,0,0,14,20,0,203
2024,20240434,Simon Yates,20,Stage 20,0,9,0,0,0,0,0,0,9
2024,20240434,Simon Yates,21,Stage 21,40,9,0,0,0,0,0,0,49
2024,20240434,Simon Yates,22,Final Classifications,0,130,0,0,0,0,0,0,130
2024,20240148,Bryan Coquard,1,Stage 1,0,0,0,0,0,0,0,0,0
2024,20240148,Bryan Coquard,2,Stage 2,0,0,0,0,0,0,0,0,0
2024,20240148,Bryan Coquard,3,Stage 3,60,0,0,0,12,0,0,0,72
2024,20240148,Bryan Coquard,4,Stage 4,0,0,2,0,12,0,0,0,14
2024,20240148,Bryan Coquard,5,Stage 5,35,0,1,0,4,0,0,0,40
2024,20240148,Bryan Coquard,6,Stage 6,50,0,2,0,6,0,0,0,58
2024,20240148,Bryan Coquard,7,Stage 7,0,0,2,0,0,0,0,0,2
2024,20240148,Bryan Coquard,8,Stage 8,0,0,2,0,6,0,0,0,8
2024,20240148,Bryan Coquard,9,Stage 9,0,0,1,0,0,0,0,0,1
2024,20240148,Bryan Coquard,10,Stage 10,35,0,1,0,3,0,0,0,39
2024,20240148,Bryan Coquard,11,Stage 11,0,0,1,0,0,0,0,0,1
2024,20240148,Bryan Coquard,12,Stage 12,80,0,2,0,4,0,0,0,86
2024,20240148,Bryan Coquard,13,Stage 13,80,0,2,0,0,0,0,0,82
2024,20240148,Bryan Coquard,14,Stage 14,0,0,6,0,20,0,0,0,26
2024,20240148,Bryan Coquard,15,Stage 15,0,0,6,0,0,0,0,0,6
2024,20240148,Bryan Coquard,16,Stage 16,95,0,6,0,20,0,0,0,121
2024,20240148,Bryan Coquard,17,Stage 17,0,0,6,0,4,0,0,0,10
2024,20240148,Bryan Coquard,18,Stage 18,0,0,6,0,0,0,0,0,6
2024,20240148,Bryan Coquard,19,Stage 19,0,0,6,0,20,0,0,0,26
2024,20240148,Bryan Coquard,20,Stage 20,0,0,6,0,0,0,0,0,6
2024,20240148,Bryan Coquard,21,Stage 21,0,0,6,0,0,0,0,0,6
2024,20240148,Bryan Coquard,22,Final Classifications,0,0,80,0,0,0,0,0,80
2024,20240820,Anthony Turgis,1,Stage 1,0,0,0,0,0,0,0,0,0
2024,20240820,Anthony Turgis,2,Stage 2,0,0,0,0,0,0,0,0,0
2024,20240820,Anthony Turgis,3,Stage 3,40,0,0,0,0,0,0,0,40
2024,20240820,Anthony Turgis,4,Stage 4,0,0,0,0,0,0,0,0,0
2024,20240820,Anthony Turgis,5,Stage 5,30,0,0,0,0,0,0,0,30
2024,20240820,Anthony Turgis,6,Stage 6,12,0,0,0,0,0,0,0,12
2024,20240820,Anthony Turgis,7,Stage 7,0,0,0,0,0,0,0,0,0
2024,20240820,Anthony Turgis,8,Stage 8,95,0,0,0,1,0,0,0,96
2024,20240820,Anthony Turgis,9,Stage 9,220,0,4,0,20,0,20,0,264
2024,20240820,Anthony Turgis,10,Stage 10,4,0,4,0,0,0,0,0,8
2024,20240820,Anthony Turgis,11,Stage 11,0,0,6,0,20,0,0,0,26
2024,20240820,Anthony Turgis,12,Stage 12,16,0,6,0,20,0,20,0,62
2024,20240820,Anthony Turgis,13,Stage 13,0,0,6,0,0,0,0,0,6
2024,20240820,Anthony Turgis,14,Stage 14,0,0,2,0,0,0,0,0,2
2024,20240820,Anthony Turgis,15,Stage 15,0,0,2,0,0,0,0,0,2
2024,20240820,Anthony Turgis,16,Stage 16,0,0,4,0,12,0,0,0,16
2024,20240820,Anthony Turgis,17,Stage 17,0,0,4,0,2,0,0,0,6
2024,20240820,Anthony Turgis,18,Stage 18,0,0,4,0,0,0,0,4,8
2024,20240820,Anthony Turgis,19,Stage 19,0,0,4,0,16,0,0,0,20
2024,20240820,Anthony Turgis,20,Stage 20,0,0,4,0,0,0,0,0,4
2024,20240820,Anthony Turgis,21,Stage 21,0,0,2,0,0,0,0,0,2
2024,20240820,Anthony Turgis,22,Final Classifications,0,0,40,0,0,0,0,0,40
2024,20240116,Primož Roglič,1,Stage 1,0,0,0,0,0,0,0,0,0
2024,20240116,Primož Roglič,2,Stage 2,0,2,0,0,0,0,0,0,2
2024,20240116,Primož Roglič,3,Stage 3,0,4,0,0,0,0,0,0,4
2024,20240116,Primož Roglič,4,Stage 4,140,16,0,0,0,2,0,0,158
2024,20240116,Primož Roglič,5,Stage 5,0,16,0,0,0,0,0,0,16
2024,20240116,Primož Roglič,6,Stage 6,0,16,0,0,0,0,0,0,16
2024,20240116,Primož Roglič,7,Stage 7,160,18,0,0,0,0,0,0,178
2024,20240116,Primož Roglič,8,Stage 8,0,18,0,0,0,0,0,2,20
2024,20240116,Primož Roglič,9,Stage 9,0,18,0,0,0,0,0,0,18
2024,20240116,Primož Roglič,10,Stage 10,0,18,0,0,0,0,0,0,18
2024,20240116,Primož Roglič,11,Stage 11,140,18,0,0,0,6,0,0,164
2024,20240116,Primož Roglič,12,Stage 12,0,15,0,0,0,0,0,0,15
2024,20240116,Primož Roglič,13,Stage 13,0,0,0,0,0,0,0,0,0
2024,20240116,Primož Roglič,14,Stage 14,0,0,0,0,0,0,0,0,0
2024,20240116,Primož Roglič,15,Stage 15,0,0,0,0,0,0,0,0,0
2024,20240116,Primož Roglič,16,Stage 16,0,0,0,0,0,0,0,0,0
2024,20240116,Primož Roglič,17,Stage 17,0,0,0,0,0,0,0,0,0
2024,20240116,Primož Roglič,18,Stage 18,0,0,0,0,0,0,0,0,0
2024,20240116,Primož Roglič,19,Stage 19,0,0,0,0,0,0,0,0,0
2024,20240116,Primož Roglič,20,Stage 20,0,0,0,0,0,0,0,0,0
2024,20240116,Primož Roglič,21,Stage 21,0,0,0,0,0,0,0,0,0
2024,20240116,Primož Roglič,22,Final Classifications,0,0,0,0,0,0,0,0,0
2024,20240876,Jonas Abrahamsen,1,Stage 1,0,0,0,12,16,0,20,0,48
2024,20240876,Jonas Abrahamsen,2,Stage 2,180,0,12,12,20,0,20,0,244
2024,20240876,Jonas Abrahamsen,3,Stage 3,0,0,12,12,4,0,0,0,28
2024,20240876,Jonas Abrahamsen,4,Stage 4,0,0,12,12,6,0,0,0,30
2024,20240876,Jonas Abrahamsen,5,Stage 5,0,0,6,12,0,0,0,2,20
2024,20240876,Jonas Abrahamsen,6,Stage 6,0,0,6,12,0,0,0,0,18
2024,20240876,Jonas Abrahamsen,7,Stage 7,0,0,6,12,0,0,0,0,18
2024,20240876,Jonas Abrahamsen,8,Stage 8,0,0,6,12,20,0,20,0,58
2024,20240876,Jonas Abrahamsen,9,Stage 9,0,0,6,12,0,0,0,0,18
2024,20240876,Jonas Abrahamsen,10,Stage 10,0,0,6,12,0,0,0,0,18
2024,20240876,Jonas Abrahamsen,11,Stage 11,0,0,4,8,0,0,0,0,12
2024,20240876,Jonas Abrahamsen,12,Stage 12,0,0,4,8,16,0,20,0,48
2024,20240876,Jonas Abrahamsen,13,Stage 13,0,0,4,8,4,0,0,0,16
2024,20240876,Jonas Abrahamsen,14,Stage 14,0,0,1,6,0,0,0,0,7
2024,20240876,Jonas Abrahamsen,15,Stage 15,0,0,0,4,0,0,0,0,4
2024,20240876,Jonas Abrahamsen,16,Stage 16,0,0,0,4,0,0,0,2,6
2024,20240876,Jonas Abrahamsen,17,Stage 17,0,0,0,4,0,0,0,0,4
2024,20240876,Jonas Abrahamsen,18,Stage 18,0,0,0,1,0,0,0,0,1
2024,20240876,Jonas Abrahamsen,19,Stage 19,0,0,0,0,8,0,0,0,8
2024,20240876,Jonas Abrahamsen,20,Stage 20,0,0,0,0,0,0,0,0,0
2024,20240876,Jonas Abrahamsen,21,Stage 21,0,0,0,0,0,0,0,0,0
2024,20240876,Jonas Abrahamsen,22,Final Classifications,0,0,10,15,0,0,0,0,0
2024,20240095,Phil Bauhaus,1,Stage 1,0,0,0,0,0,0,0,0,0
2024,20240095,Phil Bauhaus,2,Stage 2,0,0,0,0,0,0,0,0,0
2024,20240095,Phil Bauhaus,3,Stage 3,110,0,0,0,0,0,0,0,110
2024,20240095,Phil Bauhaus,4,Stage 4,0,0,0,0,0,0,0,0,0
2024,20240095,Phil Bauhaus,5,Stage 5,0,0,0,0,0,0,0,0,0
2024,20240095,Phil Bauhaus,6,Stage 6,140,0,0,0,0,0,0,0,140
2024,20240095,Phil Bauhaus,7,Stage 7,0,0,0,0,0,0,0,0,0
2024,20240095,Phil Bauhaus,8,Stage 8,0,0,0,0,0,0,0,0,0
2024,20240095,Phil Bauhaus,9,Stage 9,0,0,0,0,0,0,0,0,0
2024,20240095,Phil Bauhaus,10,Stage 10,80,0,0,0,0,0,0,0,80
2024,20240095,Phil Bauhaus,11,Stage 11,0,0,0,0,0,0,0,0,0
2024,20240095,Phil Bauhaus,12,Stage 12,95,0,0,0,0,0,0,0,95
2024,20240095,Phil Bauhaus,13,Stage 13,0,0,0,0,0,0,0,0,0
2024,20240095,Phil Bauhaus,14,Stage 14,0,0,0,0,0,0,0,0,0
2024,20240095,Phil Bauhaus,15,Stage 15,0,0,0,0,0,0,0,0,0
2024,20240095,Phil Bauhaus,16,Stage 16,180,0,0,0,0,0,0,0,180
2024,20240095,Phil Bauhaus,17,Stage 17,0,0,0,0,0,0,0,0,0
2024,20240095,Phil Bauhaus,18,Stage 18,0,0,0,0,0,0,0,0,0
2024,20240095,Phil Bauhaus,19,Stage 19,0,0,0,0,0,0,0,0,0
2024,20240095,Phil Bauhaus,20,Stage 20,0,0,0,0,0,0,0,0,0
2024,20240095,Phil Bauhaus,21,Stage 21,0,0,0,0,0,0,0,0,0
2024,20240095,Phil Bauhaus,22,Final Classifications,0,0,0,0,0,0,0,0,0
2024,20240353,Fernando Gaviria,1,Stage 1,0,0,0,0,0,0,0,0,0
2024,20240353,Fernando Gaviria,2,Stage 2,0,0,0,0,0,0,0,8,8
2024,20240353,Fernando Gaviria,3,Stage 3,180,0,2,0,6,0,0,8,196
2024,20240353,Fernando Gaviria,4,Stage 4,0,0,0,0,0,0,0,0,0
2024,20240353,Fernando Gaviria,5,Stage 5,50,0,0,0,1,0,0,0,51
2024,20240353,Fernando Gaviria,6,Stage 6,160,0,1,0,0,0,0,0,161
2024,20240353,Fernando Gaviria,7,Stage 7,0,0,1,0,0,0,0,0,1
2024,20240353,Fernando Gaviria,8,Stage 8,0,0,0,0,0,0,0,0,0
2024,20240353,Fernando Gaviria,9,Stage 9,0,0,0,0,0,0,0,0,0
2024,20240353,Fernando Gaviria,10,Stage 10,120,0,2,0,6,0,0,0,128
2024,20240353,Fernando Gaviria,11,Stage 11,0,0,2,0,0,0,0,0,2
2024,20240353,Fernando Gaviria,12,Stage 12,20,0,0,0,0,0,0,0,20
2024,20240353,Fernando Gaviria,13,Stage 13,0,0,0,0,0,0,0,0,0
2024,20240353,Fernando Gaviria,14,Stage 14,0,0,0,0,0,0,0,0,0
2024,20240353,Fernando Gaviria,15,Stage 15,0,0,0,0,0,0,0,0,0
2024,20240353,Fernando Gaviria,16,Stage 16,30,0,0,0,4,0,0,0,34
2024,20240353,Fernando Gaviria,17,Stage 17,0,0,0,0,0,0,0,2,2
2024,20240353,Fernando Gaviria,18,Stage 18,0,0,0,0,0,0,0,0,0
2024,20240353,Fernando Gaviria,19,Stage 19,0,0,0,0,0,0,0,0,0
2024,20240353,Fernando Gaviria,20,Stage 20,0,0,0,0,0,0,0,0,0
2024,20240353,Fernando Gaviria,21,Stage 21,0,0,0,0,0,0,0,0,0
2024,20240353,Fernando Gaviria,22,Final Classifications,0,0,0,0,0,0,0,0,0
2024,20240868,Alexander Kristoff,1,Stage 1,0,0,0,0,0,0,0,0,0
2024,20240868,Alexander Kristoff,2,Stage 2,0,0,0,0,0,0,0,4,4
2024,20240868,Alexander Kristoff,3,Stage 3,0,0,0,0,0,0,0,0,0
2024,20240868,Alexander Kristoff,4,Stage 4,0,0,0,0,0,0,0,0,0
2024,20240868,Alexander Kristoff,5,Stage 5,160,0,0,0,0,0,0,0,160
2024,20240868,Alexander Kristoff,6,Stage 6,80,0,0,0,0,0,0,0,80
2024,20240868,Alexander Kristoff,7,Stage 7,0,0,0,0,0,0,0,0,0
2024,20240868,Alexander Kristoff,8,Stage 8,40,0,0,0,0,0,0,0,40
2024,20240868,Alexander Kristoff,9,Stage 9,0,0,0,0,0,0,0,0,0
2024,20240868,Alexander Kristoff,10,Stage 10,20,0,0,0,0,0,0,0,20
2024,20240868,Alexander Kristoff,11,Stage 11,0,0,0,0,0,0,0,0,0
2024,20240868,Alexander Kristoff,12,Stage 12,110,0,0,0,0,0,0,0,110
2024,20240868,Alexander Kristoff,13,Stage 13,0,0,0,0,0,0,0,0,0
2024,20240868,Alexander Kristoff,14,Stage 14,0,0,0,0,0,0,0,0,0
2024,20240868,Alexander Kristoff,15,Stage 15,0,0,0,0,0,0,0,0,0
2024,20240868,Alexander Kristoff,16,Stage 16,160,0,0,0,0,0,0,0,160
2024,20240868,Alexander Kristoff,17,Stage 17,0,0,0,0,0,0,0,0,0
2024,20240868,Alexander Kristoff,18,Stage 18,0,0,0,0,0,0,0,0,0
2024,20240868,Alexander Kristoff,19,Stage 19,0,0,0,0,0,0,0,0,0
2024,20240868,Alexander Kristoff,20,Stage 20,0,0,0,0,0,0,0,0,0
2024,20240868,Alexander Kristoff,21,Stage 21,0,0,0,0,0,0,0,0,0
2024,20240868,Alexander Kristoff,22,Final Classifications,0,0,0,0,0,0,0,0,0
2024,20240493,Juan Ayuso,1,Stage 1,0,0,0,0,0,0,0,0,0
2024,20240493,Juan Ayuso,2,Stage 2,0,3,0,0,0,0,0,12,15
2024,20240493,Juan Ayuso,3,Stage 3,0,2,0,0,0,0,0,8,10
2024,20240493,Juan Ayuso,4,Stage 4,160,18,0,0,0,10,0,24,212
2024,20240493,Juan Ayuso,5,Stage 5,0,18,0,0,0,0,0,16,34
2024,20240493,Juan Ayuso,6,Stage 6,0,18,0,0,0,0,0,16,34
2024,20240493,Juan Ayuso,7,Stage 7,25,16,0,0,0,0,0,0,41
2024,20240493,Juan Ayuso,8,Stage 8,0,16,0,0,0,0,0,16,32
2024,20240493,Juan Ayuso,9,Stage 9,0,16,0,0,0,0,0,16,32
2024,20240493,Juan Ayuso,10,Stage 10,0,16,0,0,0,0,0,16,32
2024,20240493,Juan Ayuso,11,Stage 11,25,12,0,0,0,0,0,20,57
2024,20240493,Juan Ayuso,12,Stage 12,0,12,0,0,0,0,0,16,28
2024,20240493,Juan Ayuso,13,Stage 13,0,0,0,0,0,0,0,16,16
2024,20240493,Juan Ayuso,14,Stage 14,0,0,0,0,0,0,0,0,0
2024,20240493,Juan Ayuso,15,Stage 15,0,0,0,0,0,0,0,0,0
2024,20240493,Juan Ayuso,16,Stage 16,0,0,0,0,0,0,0,0,0
2024,20240493,Juan Ayuso,17,Stage 17,0,0,0,0,0,0,0,0,0
2024,20240493,Juan Ayuso,18,Stage 18,0,0,0,0,0,0,0,0,0
2024,20240493,Juan Ayuso,19,Stage 19,0,0,0,0,0,0,0,0,0
2024,20240493,Juan Ayuso,20,Stage 20,0,0,0,0,0,0,0,0,0
2024,20240493,Juan Ayuso,21,Stage 21,0,0,0,0,0,0,0,0,0
2024,20240493,Juan Ayuso,22,Final Classifications,0,0,0,0,0,0,0,0,0
2024,20240435,Dylan Groenewegen,1,Stage 1,0,0,0,0,0,0,0,0,0
2024,20240435,Dylan Groenewegen,2,Stage 2,0,0,0,0,0,0,0,0,0
2024,20240435,Dylan Groenewegen,3,Stage 3,120,0,0,0,0,0,0,0,120
2024,20240435,Dylan Groenewegen,4,Stage 4,0,0,0,0,0,0,0,0,0
2024,20240435,Dylan Groenewegen,5,Stage 5,40,0,0,0,0,0,0,0,40
2024,20240435,Dylan Groenewegen,6,Stage 6,220,0,0,0,0,0,0,0,220
2024,20240435,Dylan Groenewegen,7,Stage 7,0,0,0,0,0,0,0,0,0
2024,20240435,Dylan Groenewegen,8,Stage 8,0,0,0,0,0,0,0,0,0
2024,20240435,Dylan Groenewegen,9,Stage 9,0,0,0,0,0,0,0,0,0
2024,20240435,Dylan Groenewegen,10,Stage 10,70,0,0,0,0,0,0,0,70
2024,20240435,Dylan Groenewegen,11,Stage 11,0,0,0,0,0,0,0,0,0
2024,20240435,Dylan Groenewegen,12,Stage 12,70,0,0,0,0,0,0,0,70
2024,20240435,Dylan Groenewegen,13,Stage 13,0,0,0,0,0,0,0,0,0
2024,20240435,Dylan Groenewegen,14,Stage 14,0,0,0,0,0,0,0,0,0
2024,20240435,Dylan Groenewegen,15,Stage 15,0,0,0,0,0,0,0,0,0
2024,20240435,Dylan Groenewegen,16,Stage 16,8,0,0,0,0,0,0,0,8
2024,20240435,Dylan Groenewegen,17,Stage 17,0,0,0,0,0,0,0,4,4
2024,20240435,Dylan Groenewegen,18,Stage 18,0,0,0,0,0,0,0,0,0
2024,20240435,Dylan Groenewegen,19,Stage 19,0,0,0,0,0,0,0,2,2
2024,20240435,Dylan Groenewegen,20,Stage 20,0,0,0,0,0,0,0,0,0
2024,20240435,Dylan Groenewegen,21,Stage 21,0,0,0,0,0,0,0,0,0
2024,20240435,Dylan Groenewegen,22,Final Classifications,0,0,0,0,0,0,0,0,0
2024,20240347,Enric Mas,1,Stage 1,0,0,0,0,0,0,0,0,0
2024,20240347,Enric Mas,2,Stage 2,4,10,0,0,0,0,0,8,22
2024,20240347,Enric Mas,3,Stage 3,0,5,0,0,0,0,0,12,17
2024,20240347,Enric Mas,4,Stage 4,0,1,0,0,0,0,0,0,1
2024,20240347,Enric Mas,5,Stage 5,0,1,0,0,0,0,0,0,1
2024,20240347,Enric Mas,6,Stage 6,0,2,0,0,0,0,0,2,4
2024,20240347,Enric Mas,7,Stage 7,0,1,0,0,0,0,0,0,1
2024,20240347,Enric Mas,8,Stage 8,0,1,0,0,0,0,0,0,1
2024,20240347,Enric Mas,9,Stage 9,0,2,0,0,0,0,0,0,2
2024,20240347,Enric Mas,10,Stage 10,0,3,0,0,0,0,0,0,3
2024,20240347,Enric Mas,11,Stage 11,0,1,0,0,0,0,0,0,1
2024,20240347,Enric Mas,12,Stage 12,0,1,0,0,0,0,0,0,1
2024,20240347,Enric Mas,13,Stage 13,0,0,0,0,0,0,0,0,0
2024,20240347,Enric Mas,14,Stage 14,0,0,0,0,0,0,0,0,0
2024,20240347,Enric Mas,15,Stage 15,25,0,0,0,0,10,20,0,49
2024,20240347,Enric Mas,16,Stage 16,0,0,0,0,0,0,0,0,0
2024,20240347,Enric Mas,17,Stage 17,160,0,0,0,0,6,0,0,166
2024,20240347,Enric Mas,18,Stage 18,0,0,0,0,0,0,0,0,0
2024,20240347,Enric Mas,19,Stage 19,40,1,0,0,0,0,0,0,41
2024,20240347,Enric Mas,20,Stage 20,120,1,0,0,1,14,20,0,156
2024,20240347,Enric Mas,21,Stage 21,0,2,0,0,0,0,0,0,2
2024,20240347,Enric Mas,22,Final Classifications,0,60,0,10,0,0,0,0,60
2024,20240175,Felix Gall,1,Stage 1,0,0,0,0,0,0,0,0,0
2024,20240175,Felix Gall,2,Stage 2,16,4,0,0,0,0,0,0,20
2024,20240175,Felix Gall,3,Stage 3,0,3,0,0,0,0,0,0,3
2024,20240175,Felix Gall,4,Stage 4,50,9,0,0,0,0,0,0,59
2024,20240175,Felix Gall,5,Stage 5,0,9,0,0,0,0,0,0,9
2024,20240175,Felix Gall,6,Stage 6,0,9,0,0,0,0,0,0,9
2024,20240175,Felix Gall,7,Stage 7,0,3,0,0,0,0,0,0,3
2024,20240175,Felix Gall,8,Stage 8,0,3,0,0,0,0,0,0,3
2024,20240175,Felix Gall,9,Stage 9,0,4,0,0,0,0,0,0,4
2024,20240175,Felix Gall,10,Stage 10,0,5,0,0,0,0,0,0,5
2024,20240175,Felix Gall,11,Stage 11,60,8,0,0,0,0,0,0,68
2024,20240175,Felix Gall,12,Stage 12,0,8,0,0,0,0,0,0,8
2024,20240175,Felix Gall,13,Stage 13,0,10,0,0,0,0,0,0,10
2024,20240175,Felix Gall,14,Stage 14,80,10,0,0,0,2,0,0,92
2024,20240175,Felix Gall,15,Stage 15,60,10,0,0,0,0,0,0,70
2024,20240175,Felix Gall,16,Stage 16,0,10,0,0,0,0,0,0,10
2024,20240175,Felix Gall,17,Stage 17,0,10,0,0,0,0,0,0,10
2024,20240175,Felix Gall,18,Stage 18,0,10,0,0,0,0,0,0,10
2024,20240175,Felix Gall,19,Stage 19,0,7,0,0,0,0,0,0,7
2024,20240175,Felix Gall,20,Stage 20,0,8,0,0,0,0,0,0,8
2024,20240175,Felix Gall,21,Stage 21,0,7,0,0,0,0,0,0,7
2024,20240175,Felix Gall,22,Final Classifications,0,110,0,0,0,0,0,0,110
2024,20240348,Alex Aranburu,1,Stage 1,110,15,0,0,0,0,0,0,125
2024,20240348,Alex Aranburu,2,Stage 2,0,0,0,0,0,0,0,8,8
2024,20240348,Alex Aranburu,3,Stage 3,0,0,0,0,0,0,0,12,12
2024,20240348,Alex Aranburu,4,Stage 4,0,0,0,0,0,0,0,0,0
2024,20240348,Alex Aranburu,5,Stage 5,0,0,0,0,0,0,0,0,0
2024,20240348,Alex Aranburu,6,Stage 6,0,0,0,0,0,0,0,2,2
2024,20240348,Alex Aranburu,7,Stage 7,0,0,0,0,0,0,0,0,0
2024,20240348,Alex Aranburu,8,Stage 8,70,0,0,0,0,0,0,0,70
2024,20240348,Alex Aranburu,9,Stage 9,140,0,0,0,5,0,20,0,165
2024,20240348,Alex Aranburu,10,Stage 10,0,0,0,0,0,0,0,0,0
2024,20240348,Alex Aranburu,11,Stage 11,0,0,0,0,0,0,0,0,0
2024,20240348,Alex Aranburu,12,Stage 12,0,0,0,0,0,0,0,0,0
2024,20240348,Alex Aranburu,13,Stage 13,0,0,0,0,0,0,0,0,0
2024,20240348,Alex Aranburu,14,Stage 14,0,0,0,0,0,0,0,0,0
2024,20240348,Alex Aranburu,15,Stage 15,0,0,0,0,0,6,20,0,26
2024,20240348,Alex Aranburu,16,Stage 16,0,0,0,0,0,0,0,0,0
2024,20240348,Alex Aranburu,17,Stage 17,60,0,0,0,0,0,0,2,62
2024,20240348,Alex Aranburu,18,Stage 18,30,0,0,0,3,0,0,0,33
2024,20240348,Alex Aranburu,19,Stage 19,0,0,0,0,0,0,0,0,0
2024,20240348,Alex Aranburu,20,Stage 20,0,0,0,0,0,0,0,0,0
2024,20240348,Alex Aranburu,21,Stage 21,0,0,0,0,0,0,0,0,0
2024,20240348,Alex Aranburu,22,Final Classifications,0,0,0,0,0,0,0,0,0
2024,20240692,Victor Campenaerts,1,Stage 1,30,7,0,0,0,0,0,0,37
2024,20240692,Victor Campenaerts,2,Stage 2,0,0,0,0,0,0,0,0,0
2024,20240692,Victor Campenaerts,3,Stage 3,0,0,0,0,0,0,0,2,2
2024,20240692,Victor Campenaerts,4,Stage 4,0,0,0,0,0,0,0,0,0
2024,20240692,Victor Campenaerts,5,Stage 5,0,0,0,0,0,0,0,0,0
2024,20240692,Victor Campenaerts,6,Stage 6,0,0,0,0,0,0,0,0,0
2024,20240692,Victor Campenaerts,7,Stage 7,120,0,0,0,0,0,0,0,120
2024,20240692,Victor Campenaerts,8,Stage 8,0,0,0,0,0,0,0,2,2
2024,20240692,Victor Campenaerts,9,Stage 9,0,0,0,0,0,0,0,0,0
2024,20240692,Victor Campenaerts,10,Stage 10,0,0,0,0,0,0,0,0,0
2024,20240692,Victor Campenaerts,11,Stage 11,0,0,0,0,0,0,0,0,0
2024,20240692,Victor Campenaerts,12,Stage 12,0,0,0,0,0,0,0,0,0
2024,20240692,Victor Campenaerts,13,Stage 13,0,0,0,0,0,0,0,0,0
2024,20240692,Victor Campenaerts,14,Stage 14,0,0,0,0,0,0,20,0,20
2024,20240692,Victor Campenaerts,15,Stage 15,0,0,0,0,0,0,0,0,0
2024,20240692,Victor Campenaerts,16,Stage 16,0,0,0,0,0,0,0,0,0
2024,20240692,Victor Campenaerts,17,Stage 17,0,0,0,0,0,0,0,0,0
2024,20240692,Victor Campenaerts,18,Stage 18,220,0,0,0,2,0,0,0,222
2024,20240692,Victor Campenaerts,19,Stage 19,0,0,0,0,0,0,0,0,0
2024,20240692,Victor Campenaerts,20,Stage 20,0,0,0,0,0,0,0,0,0
2024,20240692,Victor Campenaerts,21,Stage 21,35,0,0,0,0,0,0,0,35
2024,20240692,Victor Campenaerts,22,Final Classifications,0,0,0,0,0,0,0,0,0
2024,20240471,Wilco Kelderman,1,Stage 1,0,0,0,0,0,0,0,8,8
2024,20240471,Wilco Kelderman,2,Stage 2,0,0,0,0,0,0,0,2,2
2024,20240471,Wilco Kelderman,3,Stage 3,0,0,0,0,0,0,0,0,0
2024,20240471,Wilco Kelderman,4,Stage 4,0,0,0,0,0,0,0,2,2
2024,20240471,Wilco Kelderman,5,Stage 5,0,0,0,0,0,0,0,2,2
2024,20240471,Wilco Kelderman,6,Stage 6,0,0,0,0,0,0,0,2,2
2024,20240471,Wilco Kelderman,7,Stage 7,0,0,0,0,0,0,0,0,0
2024,20240471,Wilco Kelderman,8,Stage 8,0,0,0,0,0,0,0,2,2
2024,20240471,Wilco Kelderman,9,Stage 9,0,0,0,0,0,0,0,2,2
2024,20240471,Wilco Kelderman,10,Stage 10,0,0,0,0,0,0,0,2,2
2024,20240471,Wilco Kelderman,11,Stage 11,4,0,0,0,0,0,0,10,14
2024,20240471,Wilco Kelderman,12,Stage 12,0,0,0,0,0,0,0,6,6
2024,20240471,Wilco Kelderman,13,Stage 13,0,0,0,0,0,0,0,6,6
2024,20240471,Wilco Kelderman,14,Stage 14,0,0,0,0,0,0,0,10,10
2024,20240471,Wilco Kelderman,15,Stage 15,0,0,0,0,0,0,0,12,12
2024,20240471,Wilco Kelderman,16,Stage 16,0,0,0,0,0,0,0,8,8
2024,20240471,Wilco Kelderman,17,Stage 17,0,0,0,0,0,0,0,8,8
2024,20240471,Wilco Kelderman,18,Stage 18,0,0,0,0,0,0,0,8,8
2024,20240471,Wilco Kelderman,19,Stage 19,70,0,0,0,5,40,20,12,147
2024,20240471,Wilco Kelderman,20,Stage 20,16,0,0,1,12,4,20,12,65
2024,20240471,Wilco Kelderman,21,Stage 21,0,0,0,1,0,0,0,0,1
2024,20240471,Wilco Kelderman,22,Final Classifications,0,50,0,30,0,0,0,40,120
2024,20240274,Laurens De Plus,1,Stage 1,0,0,0,0,0,0,0,2,2
2024,20240274,Laurens De Plus,2,Stage 2,0,0,0,0,0,0,0,2,2
2024,20240274,Laurens De Plus,3,Stage 3,0,0,0,0,0,0,0,2,2
2024,20240274,Laurens De Plus,4,Stage 4,0,0,0,0,0,0,0,4,4
2024,20240274,Laurens De Plus,5,Stage 5,0,0,0,0,0,0,0,4,4
2024,20240274,Laurens De Plus,6,Stage 6,0,0,0,0,0,0,0,4,4
2024,20240274,Laurens De Plus,7,Stage 7,0,0,0,0,0,0,0,0,0
2024,20240274,Laurens De Plus,8,Stage 8,0,0,0,0,0,0,0,0,0
2024,20240274,Laurens De Plus,9,Stage 9,0,0,0,0,0,0,0,6,6
2024,20240274,Laurens De Plus,10,Stage 10,0,0,0,0,0,0,0,2,2
2024,20240274,Laurens De Plus,11,Stage 11,0,0,0,0,0,0,0,2,2
2024,20240274,Laurens De Plus,12,Stage 12,0,0,0,0,0,0,0,2,2
2024,20240274,Laurens De Plus,13,Stage 13,0,1,0,0,0,0,0,2,3
2024,20240274,Laurens De Plus,14,Stage 14,0,2,0,0,0,0,0,0,2
2024,20240274,Laurens De Plus,15,Stage 15,30,4,0,0,0,17,20,0,56
2024,20240274,Laurens De Plus,16,Stage 16,0,4,0,0,0,0,0,0,4
2024,20240274,Laurens De Plus,17,Stage 17,140,6,0,0,0,4,0,0,150
2024,20240274,Laurens De Plus,18,Stage 18,0,5,0,0,0,0,0,4,9
2024,20240274,Laurens De Plus,19,Stage 19,12,5,0,0,0,0,0,0,17
2024,20240274,Laurens De Plus,20,Stage 20,20,5,0,0,0,0,0,2,27
2024,20240274,Laurens De Plus,21,Stage 21,0,6,0,0,0,0,0,0,6
2024,20240274,Laurens De Plus,22,Final Classifications,0,100,0,0,0,0,0,20,120
2024,20240205,Ben Healy,1,Stage 1,0,0,0,0,0,0,0,0,0
2024,20240205,Ben Healy,2,Stage 2,0,0,0,0,0,0,0,0,0
2024,20240205,Ben Healy,3,Stage 3,0,0,0,0,0,0,0,8,8
2024,20240205,Ben Healy,4,Stage 4,0,0,0,0,0,0,0,0,0
2024,20240205,Ben Healy,5,Stage 5,0,0,0,0,0,0,0,0,0
2024,20240205,Ben Healy,6,Stage 6,0,0,0,0,0,0,0,0,0
2024,20240205,Ben Healy,7,Stage 7,70,0,0,0,0,0,0,0,70
2024,20240205,Ben Healy,8,Stage 8,0,0,0,0,0,0,0,0,0
2024,20240205,Ben Healy,9,Stage 9,120,1,0,0,1,0,20,0,142
2024,20240205,Ben Healy,10,Stage 10,0,2,0,0,0,0,0,0,2
2024,20240205,Ben Healy,11,Stage 11,16,5,0,0,0,0,20,0,41
2024,20240205,Ben Healy,12,Stage 12,0,5,0,0,0,0,0,0,5
2024,20240205,Ben Healy,13,Stage 13,0,7,0,0,0,0,0,0,7
2024,20240205,Ben Healy,14,Stage 14,20,7,0,0,0,15,20,0,62
2024,20240205,Ben Healy,15,Stage 15,8,8,0,0,0,4,20,0,40
2024,20240205,Ben Healy,16,Stage 16,0,8,0,0,0,0,0,0,8
2024,20240205,Ben Healy,17,Stage 17,0,4,0,0,0,0,0,8,12
2024,20240205,Ben Healy,18,Stage 18,0,2,0,0,0,0,0,0,2
2024,20240205,Ben Healy,19,Stage 19,0,0,0,0,0,0,0,0,0
2024,20240205,Ben Healy,20,Stage 20,0,0,0,0,0,0,0,2,2
2024,20240205,Ben Healy,21,Stage 21,0,0,0,0,0,0,0,0,0
2024,20240205,Ben Healy,22,Final Classifications,0,20,0,0,0,0,0,0,20
2024,20240403,Romain Bardet,1,Stage 1,220,30,8,2,0,0,0,16,276
2024,20240403,Romain Bardet,2,Stage 2,0,16,1,2,0,0,0,0,19
2024,20240403,Romain Bardet,3,Stage 3,0,16,0,2,0,0,0,0,18
2024,20240403,Romain Bardet,4,Stage 4,0,0,0,0,0,0,0,0,0
2024,20240403,Romain Bardet,5,Stage 5,0,0,0,0,0,0,0,0,0
2024,20240403,Romain Bardet,6,Stage 6,0,0,0,0,0,0,0,0,0
2024,20240403,Romain Bardet,7,Stage 7,0,0,0,0,0,0,0,0,0
2024,20240403,Romain Bardet,8,Stage 8,0,0,0,0,0,0,0,0,0
2024,20240403,Romain Bardet,9,Stage 9,0,0,0,0,0,0,0,0,0
2024,20240403,Romain Bardet,10,Stage 10,0,0,0,0,0,0,0,0,0
2024,20240403,Romain Bardet,11,Stage 11,0,0,0,0,0,0,0,0,0
2024,20240403,Romain Bardet,12,Stage 12,0,0,0,0,0,0,0,0,0
2024,20240403,Romain Bardet,13,Stage 13,0,0,0,0,0,0,0,0,0
2024,20240403,Romain Bardet,14,Stage 14,0,0,0,0,0,0,0,0,0
2024,20240403,Romain Bardet,15,Stage 15,0,0,0,0,0,6,0,0,6
2024,20240403,Romain Bardet,16,Stage 16,0,0,0,0,0,0,0,0,0
2024,20240403,Romain Bardet,17,Stage 17,0,0,0,0,0,0,0,0,0
2024,20240403,Romain Bardet,18,Stage 18,0,0,0,0,0,0,0,0,0
2024,20240403,Romain Bardet,19,Stage 19,4,0,0,0,0,0,0,0,4
2024,20240403,Romain Bardet,20,Stage 20,60,0,0,0,8,0,20,0,88
2024,20240403,Romain Bardet,21,Stage 21,0,0,0,0,0,0,0,0,0
2024,20240403,Romain Bardet,22,Final Classifications,0,5,0,0,0,0,0,0,5
2024,20240502,Marc Soler,1,Stage 1,0,0,0,0,0,0,0,0,0
2024,20240502,Marc Soler,2,Stage 2,0,0,0,0,0,0,0,12,12
2024,20240502,Marc Soler,3,Stage 3,0,0,0,0,0,0,0,8,8
2024,20240502,Marc Soler,4,Stage 4,0,0,0,0,0,0,0,26,26
2024,20240502,Marc Soler,5,Stage 5,0,0,0,0,0,0,0,16,16
2024,20240502,Marc Soler,6,Stage 6,0,0,0,0,0,0,0,16,16
2024,20240502,Marc Soler,7,Stage 7,0,0,0,0,0,0,0,0,0
2024,20240502,Marc Soler,8,Stage 8,0,0,0,0,0,0,0,16,16
2024,20240502,Marc Soler,9,Stage 9,0,0,0,0,0,0,0,16,16
2024,20240502,Marc Soler,10,Stage 10,0,0,0,0,0,0,0,16,16
2024,20240502,Marc Soler,11,Stage 11,0,0,0,0,0,0,0,20,20
2024,20240502,Marc Soler,12,Stage 12,0,0,0,0,0,0,0,16,16
2024,20240502,Marc Soler,13,Stage 13,0,0,0,0,0,0,0,16,16
2024,20240502,Marc Soler,14,Stage 14,0,0,0,0,0,0,0,24,24
2024,20240502,Marc Soler,15,Stage 15,0,0,0,0,0,4,0,24,28
2024,20240502,Marc Soler,16,Stage 16,0,0,0,0,0,0,0,16,16
2024,20240502,Marc Soler,17,Stage 17,0,0,0,0,0,0,0,16,16
2024,20240502,Marc Soler,18,Stage 18,0,0,0,0,0,0,0,16,16
2024,20240502,Marc Soler,19,Stage 19,0,0,0,0,0,2,0,24,26
2024,20240502,Marc Soler,20,Stage 20,0,0,0,0,2,10,20,24,56
2024,20240502,Marc Soler,21,Stage 21,0,0,0,0,0,0,0,0,0
2024,20240502,Marc Soler,22,Final Classifications,0,0,0,0,0,0,0,50,50
2024,20240034,Kévin Vauquelin,1,Stage 1,0,0,0,0,0,0,0,0,0
2024,20240034,Kévin Vauquelin,2,Stage 2,220,0,8,0,5,0,20,0,253
2024,20240034,Kévin Vauquelin,3,Stage 3,0,0,6,0,0,0,0,0,6
2024,20240034,Kévin Vauquelin,4,Stage 4,0,0,4,0,0,0,0,0,4
2024,20240034,Kévin Vauquelin,5,Stage 5,0,0,2,0,0,0,0,0,2
2024,20240034,Kévin Vauquelin,6,Stage 6,0,0,0,0,0,0,0,0,0
2024,20240034,Kévin Vauquelin,7,Stage 7,110,0,0,0,0,0,0,0,110
2024,20240034,Kévin Vauquelin,8,Stage 8,0,0,0,0,0,0,0,0,0
2024,20240034,Kévin Vauquelin,9,Stage 9,0,0,0,0,0,0,0,0,0
2024,20240034,Kévin Vauquelin,10,Stage 10,0,0,0,0,0,0,0,0,0
2024,20240034,Kévin Vauquelin,11,Stage 11,0,0,0,0,0,0,0,0,0
2024,20240034,Kévin Vauquelin,12,Stage 12,0,0,0,0,0,0,0,0,0
2024,20240034,Kévin Vauquelin,13,Stage 13,0,0,0,0,0,0,0,0,0
2024,20240034,Kévin Vauquelin,14,Stage 14,0,0,0,0,6,0,20,0,26
2024,20240034,Kévin Vauquelin,15,Stage 15,0,0,0,0,0,0,0,0,0
2024,20240034,Kévin Vauquelin,16,Stage 16,0,0,0,0,0,0,0,0,0
2024,20240034,Kévin Vauquelin,17,Stage 17,0,0,0,0,0,0,0,0,0
2024,20240034,Kévin Vauquelin,18,Stage 18,0,0,0,0,0,0,0,0,0
2024,20240034,Kévin Vauquelin,19,Stage 19,0,0,0,0,0,0,0,0,0
2024,20240034,Kévin Vauquelin,20,Stage 20,0,0,0,0,0,0,0,0,0
2024,20240034,Kévin Vauquelin,21,Stage 21,4,0,0,0,0,0,0,0,4
2024,20240034,Kévin Vauquelin,22,Final Classifications,0,0,0,0,0,0,0,0,0
2024,20240183,Sam Bennett,1,Stage 1,0,0,0,0,0,0,0,0,0
2024,20240183,Sam Bennett,2,Stage 2,0,0,0,0,0,0,0,0,0
2024,20240183,Sam Bennett,3,Stage 3,70,0,0,0,3,0,0,0,73
2024,20240183,Sam Bennett,4,Stage 4,0,0,0,0,0,0,0,0,0
2024,20240183,Sam Bennett,5,Stage 5,25,0,0,0,8,0,0,0,33
2024,20240183,Sam Bennett,6,Stage 6,0,0,0,0,4,0,0,0,4
2024,20240183,Sam Bennett,7,Stage 7,0,0,0,0,0,0,0,0,0
2024,20240183,Sam Bennett,8,Stage 8,0,0,0,0,4,0,0,0,4
2024,20240183,Sam Bennett,9,Stage 9,0,0,0,0,0,0,0,0,0
2024,20240183,Sam Bennett,10,Stage 10,110,0,0,0,0,0,0,0,110
2024,20240183,Sam Bennett,11,Stage 11,0,0,0,0,0,0,0,0,0
2024,20240183,Sam Bennett,12,Stage 12,40,0,0,0,0,0,0,0,40
2024,20240183,Sam Bennett,13,Stage 13,0,0,0,0,0,0,0,0,0
2024,20240183,Sam Bennett,14,Stage 14,0,0,0,0,0,0,0,0,0
2024,20240183,Sam Bennett,15,Stage 15,0,0,0,0,0,0,0,0,0
2024,20240183,Sam Bennett,16,Stage 16,140,0,0,0,0,0,0,0,140
2024,20240183,Sam Bennett,17,Stage 17,0,0,0,0,0,0,0,0,0
2024,20240183,Sam Bennett,18,Stage 18,0,0,0,0,0,0,0,0,0
2024,20240183,Sam Bennett,19,Stage 19,0,0,0,0,0,0,0,0,0
2024,20240183,Sam Bennett,20,Stage 20,0,0,0,0,0,0,0,0,0
2024,20240183,Sam Bennett,21,Stage 21,0,0,0,0,0,0,0,0,0
2024,20240183,Sam Bennett,22,Final Classifications,0,0,0,0,0,0,0,0,0
2024,20240145,Guillaume Martin,1,Stage 1,0,0,0,0,0,0,0,0,0
2024,20240145,Guillaume Martin,2,Stage 2,0,5,0,0,0,0,0,0,5
2024,20240145,Guillaume Martin,3,Stage 3,0,14,0,0,0,0,0,0,14
2024,20240145,Guillaume Martin,4,Stage 4,4,4,0,0,0,0,0,0,8
2024,20240145,Guillaume Martin,5,Stage 5,0,4,0,0,0,0,0,0,4
2024,20240145,Guillaume Martin,6,Stage 6,0,5,0,0,0,0,0,0,5
2024,20240145,Guillaume Martin,7,Stage 7,0,0,0,0,0,0,0,0,0
2024,20240145,Guillaume Martin,8,Stage 8,0,0,0,0,0,0,0,0,0
2024,20240145,Guillaume Martin,9,Stage 9,0,0,0,0,0,0,0,0,0
2024,20240145,Guillaume Martin,10,Stage 10,0,0,0,0,0,0,0,0,0
2024,20240145,Guillaume Martin,11,Stage 11,0,0,0,0,0,0,20,0,20
2024,20240145,Guillaume Martin,12,Stage 12,0,0,0,0,0,0,0,0,0
2024,20240145,Guillaume Martin,13,Stage 13,16,2,0,0,0,0,0,0,18
2024,20240145,Guillaume Martin,14,Stage 14,16,3,0,0,0,0,0,0,19
2024,20240145,Guillaume Martin,15,Stage 15,4,5,0,0,0,0,20,0,29
2024,20240145,Guillaume Martin,16,Stage 16,0,5,0,0,0,0,0,0,5
2024,20240145,Guillaume Martin,17,Stage 17,110,5,0,0,0,0,0,0,115
2024,20240145,Guillaume Martin,18,Stage 18,0,8,0,0,0,0,0,0,8
2024,20240145,Guillaume Martin,19,Stage 19,8,8,0,0,0,0,0,0,16
2024,20240145,Guillaume Martin,20,Stage 20,0,7,0,0,0,0,0,0,7
2024,20240145,Guillaume Martin,21,Stage 21,0,8,0,0,0,0,0,0,8
2024,20240145,Guillaume Martin,22,Final Classifications,0,120,0,0,0,0,0,0,120
2024,20240494,Pavel Sivakov,1,Stage 1,0,0,0,0,0,0,0,0,0
2024,20240494,Pavel Sivakov,2,Stage 2,0,0,0,0,0,0,0,12,12
2024,20240494,Pavel Sivakov,3,Stage 3,0,0,0,0,0,0,0,8,8
2024,20240494,Pavel Sivakov,4,Stage 4,0,0,0,0,0,0,0,26,26
2024,20240494,Pavel Sivakov,5,Stage 5,0,0,0,0,0,0,0,16,16
2024,20240494,Pavel Sivakov,6,Stage 6,0,0,0,0,0,0,0,16,16
2024,20240494,Pavel Sivakov,7,Stage 7,0,0,0,0,0,0,0,0,0
2024,20240494,Pavel Sivakov,8,Stage 8,0,0,0,0,0,0,0,16,16
2024,20240494,Pavel Sivakov,9,Stage 9,0,0,0,0,0,0,0,16,16
2024,20240494,Pavel Sivakov,10,Stage 10,0,0,0,0,0,0,0,16,16
2024,20240494,Pavel Sivakov,11,Stage 11,0,0,0,0,0,0,0,20,20
2024,20240494,Pavel Sivakov,12,Stage 12,0,0,0,0,0,0,0,16,16
2024,20240494,Pavel Sivakov,13,Stage 13,0,0,0,0,0,0,0,16,16
2024,20240494,Pavel Sivakov,14,Stage 14,0,0,0,0,0,0,0,24,24
2024,20240494,Pavel Sivakov,15,Stage 15,0,0,0,0,0,0,0,24,24
2024,20240494,Pavel Sivakov,16,Stage 16,0,0,0,0,0,0,0,16,16
2024,20240494,Pavel Sivakov,17,Stage 17,0,0,0,0,0,0,0,16,16
2024,20240494,Pavel Sivakov,18,Stage 18,0,0,0,0,0,0,0,16,16
2024,20240494,Pavel Sivakov,19,Stage 19,0,0,0,0,0,4,0,24,28
2024,20240494,Pavel Sivakov,20,Stage 20,0,0,0,0,0,0,0,24,24
2024,20240494,Pavel Sivakov,21,Stage 21,0,0,0,0,0,0,0,0,0
2024,20240494,Pavel Sivakov,22,Final Classifications,0,0,0,0,0,0,0,50,50
2024,20240318,Mads Pedersen,1,Stage 1,95,14,1,0,1,0,0,0,111
2024,20240318,Mads Pedersen,2,Stage 2,0,0,0,0,0,0,0,0,0
2024,20240318,Mads Pedersen,3,Stage 3,140,0,4,0,20,0,0,0,164
2024,20240318,Mads Pedersen,4,Stage 4,0,0,6,0,20,0,0,0,26
2024,20240318,Mads Pedersen,5,Stage 5,0,0,8,0,12,0,0,0,20
2024,20240318,Mads Pedersen,6,Stage 6,25,0,8,0,12,0,0,0,45
2024,20240318,Mads Pedersen,7,Stage 7,0,0,8,0,0,0,0,0,8
2024,20240318,Mads Pedersen,8,Stage 8,0,0,0,0,0,0,0,0,0
2024,20240318,Mads Pedersen,9,Stage 9,0,0,0,0,0,0,0,0,0
2024,20240318,Mads Pedersen,10,Stage 10,0,0,0,0,0,0,0,0,0
2024,20240318,Mads Pedersen,11,Stage 11,0,0,0,0,0,0,0,0,0
2024,20240318,Mads Pedersen,12,Stage 12,0,0,0,0,0,0,0,0,0
2024,20240318,Mads Pedersen,13,Stage 13,0,0,0,0,0,0,0,0,0
2024,20240318,Mads Pedersen,14,Stage 14,0,0,0,0,0,0,0,0,0
2024,20240318,Mads Pedersen,15,Stage 15,0,0,0,0,0,0,0,0,0
2024,20240318,Mads Pedersen,16,Stage 16,0,0,0,0,0,0,0,0,0
2024,20240318,Mads Pedersen,17,Stage 17,0,0,0,0,0,0,0,0,0
2024,20240318,Mads Pedersen,18,Stage 18,0,0,0,0,0,0,0,0,0
2024,20240318,Mads Pedersen,19,Stage 19,0,0,0,0,0,0,0,0,0
2024,20240318,Mads Pedersen,20,Stage 20,0,0,0,0,0,0,0,0,0
2024,20240318,Mads Pedersen,21,Stage 21,0,0,0,0,0,0,0,0,0
2024,20240318,Mads Pedersen,22,Final Classifications,0,0,0,0,0,0,0,0,0
2024,20240503,Nils Politt,1,Stage 1,0,0,0,0,0,0,0,0,0
2024,20240503,Nils Politt,2,Stage 2,0,0,0,0,0,0,0,12,12
2024,20240503,Nils Politt,3,Stage 3,0,0,0,0,0,0,0,8,8
2024,20240503,Nils Politt,4,Stage 4,0,0,0,0,0,0,0,26,26
2024,20240503,Nils Politt,5,Stage 5,0,0,0,0,0,0,0,16,16
2024,20240503,Nils Politt,6,Stage 6,0,0,0,0,0,0,0,16,16
2024,20240503,Nils Politt,7,Stage 7,0,0,0,0,0,0,0,0,0
2024,20240503,Nils Politt,8,Stage 8,0,0,0,0,0,0,0,16,16
2024,20240503,Nils Politt,9,Stage 9,0,0,0,0,0,0,0,16,16
2024,20240503,Nils Politt,10,Stage 10,0,0,0,0,0,0,0,16,16
2024,20240503,Nils Politt,11,Stage 11,0,0,0,0,0,0,0,20,20
2024,20240503,Nils Politt,12,Stage 12,0,0,0,0,0,0,0,16,16
2024,20240503,Nils Politt,13,Stage 13,0,0,0,0,0,0,0,16,16
2024,20240503,Nils Politt,14,Stage 14,0,0,0,0,0,0,0,24,24
2024,20240503,Nils Politt,15,Stage 15,0,0,0,0,0,0,0,24,24
2024,20240503,Nils Politt,16,Stage 16,0,0,0,0,0,0,0,16,16
2024,20240503,Nils Politt,17,Stage 17,0,0,0,0,0,0,0,16,16
2024,20240503,Nils Politt,18,Stage 18,0,0,0,0,0,0,0,16,16
2024,20240503,Nils Politt,19,Stage 19,0,0,0,0,0,0,0,24,24
2024,20240503,Nils Politt,20,Stage 20,0,0,0,0,0,0,0,24,24
2024,20240503,Nils Politt,21,Stage 21,0,0,0,0,0,0,0,0,0
2024,20240503,Nils Politt,22,Final Classifications,0,0,0,0,0,0,0,50,50
2024,20240496,Tim Wellens,1,Stage 1,0,0,0,0,0,0,0,0,0
2024,20240496,Tim Wellens,2,Stage 2,0,0,0,0,0,0,0,12,12
2024,20240496,Tim Wellens,3,Stage 3,0,0,0,0,0,0,0,8,8
2024,20240496,Tim Wellens,4,Stage 4,0,0,0,0,0,0,0,26,26
2024,20240496,Tim Wellens,5,Stage 5,0,0,0,0,0,0,0,16,16
2024,20240496,Tim Wellens,6,Stage 6,0,0,0,0,0,0,0,16,16
2024,20240496,Tim Wellens,7,Stage 7,0,0,0,0,0,0,0,0,0
2024,20240496,Tim Wellens,8,Stage 8,0,0,0,0,0,0,0,16,16
2024,20240496,Tim Wellens,9,Stage 9,0,0,0,0,0,0,0,16,16
2024,20240496,Tim Wellens,10,Stage 10,0,0,0,0,0,0,0,16,16
2024,20240496,Tim Wellens,11,Stage 11,0,0,0,0,0,0,0,20,20
2024,20240496,Tim Wellens,12,Stage 12,0,0,0,0,0,0,0,16,16
2024,20240496,Tim Wellens,13,Stage 13,0,0,0,0,0,0,0,16,16
2024,20240496,Tim Wellens,14,Stage 14,0,0,0,0,0,0,0,24,24
2024,20240496,Tim Wellens,15,Stage 15,0,0,0,0,0,0,0,24,24
2024,20240496,Tim Wellens,16,Stage 16,0,0,0,0,0,0,0,16,16
2024,20240496,Tim Wellens,17,Stage 17,0,0,0,0,0,0,0,16,16
2024,20240496,Tim Wellens,18,Stage 18,0,0,0,0,0,0,0,16,16
2024,20240496,Tim Wellens,19,Stage 19,0,0,0,0,0,0,0,24,24
2024,20240496,Tim Wellens,20,Stage 20,0,0,0,0,0,0,0,24,24
2024,20240496,Tim Wellens,21,Stage 21,0,0,0,0,0,0,0,0,0
2024,20240496,Tim Wellens,22,Final Classifications,0,0,0,0,0,0,0,50,50
2024,20240118,Jai Hindley,1,Stage 1,25,6,0,0,0,0,0,0,31
2024,20240118,Jai Hindley,2,Stage 2,0,6,0,0,0,0,0,0,6
2024,20240118,Jai Hindley,3,Stage 3,0,12,0,0,0,0,0,0,12
2024,20240118,Jai Hindley,4,Stage 4,0,3,0,0,0,0,0,0,3
2024,20240118,Jai Hindley,5,Stage 5,0,3,0,0,0,0,0,0,3
2024,20240118,Jai Hindley,6,Stage 6,0,3,0,0,0,0,0,0,3
2024,20240118,Jai Hindley,7,Stage 7,0,2,0,0,0,0,0,0,2
2024,20240118,Jai Hindley,8,Stage 8,0,2,0,0,0,0,0,2,4
2024,20240118,Jai Hindley,9,Stage 9,0,3,0,0,0,0,0,0,3
2024,20240118,Jai Hindley,10,Stage 10,0,4,0,0,0,0,0,0,4
2024,20240118,Jai Hindley,11,Stage 11,0,2,0,0,0,0,0,0,2
2024,20240118,Jai Hindley,12,Stage 12,0,2,0,0,0,0,0,0,2
2024,20240118,Jai Hindley,13,Stage 13,0,4,0,0,0,0,0,0,4
2024,20240118,Jai Hindley,14,Stage 14,0,0,0,0,0,0,0,0,0
2024,20240118,Jai Hindley,15,Stage 15,20,3,0,0,6,6,20,0,51
2024,20240118,Jai Hindley,16,Stage 16,0,3,0,0,0,0,0,0,3
2024,20240118,Jai Hindley,17,Stage 17,0,2,0,0,0,0,0,0,2
2024,20240118,Jai Hindley,18,Stage 18,80,3,0,0,0,0,0,0,83
2024,20240118,Jai Hindley,19,Stage 19,25,3,0,0,0,16,20,0,64
2024,20240118,Jai Hindley,20,Stage 20,0,3,0,0,0,0,0,0,3
2024,20240118,Jai Hindley,21,Stage 21,0,3,0,0,0,0,0,0,3
2024,20240118,Jai Hindley,22,Final Classifications,0,70,0,0,0,0,0,0,70
2024,20240207,Marijn Van Den Berg,1,Stage 1,0,0,0,0,0,0,0,0,0
2024,20240207,Marijn Van Den Berg,2,Stage 2,0,0,0,0,0,0,0,0,0
2024,20240207,Marijn Van Den Berg,3,Stage 3,35,0,0,0,1,0,0,8,44
2024,20240207,Marijn Van Den Berg,4,Stage 4,0,0,0,0,0,0,0,0,0
2024,20240207,Marijn Van Den Berg,5,Stage 5,60,0,0,0,0,0,0,0,60
2024,20240207,Marijn Van Den Berg,6,Stage 6,0,0,0,0,0,0,0,0,0
2024,20240207,Marijn Van Den Berg,7,Stage 7,0,0,0,0,0,0,0,0,0
2024,20240207,Marijn Van Den Berg,8,Stage 8,120,0,0,0,0,0,0,0,120
2024,20240207,Marijn Van Den Berg,9,Stage 9,0,0,0,0,0,0,0,0,0
2024,20240207,Marijn Van Den Berg,10,Stage 10,50,0,0,0,0,0,0,0,50
2024,20240207,Marijn Van Den Berg,11,Stage 11,0,0,0,0,0,0,0,0,0
2024,20240207,Marijn Van Den Berg,12,Stage 12,50,0,0,0,0,0,0,0,50
2024,20240207,Marijn Van Den Berg,13,Stage 13,0,0,0,0,0,0,0,0,0
2024,20240207,Marijn Van Den Berg,14,Stage 14,0,0,0,0,0,0,0,0,0
2024,20240207,Marijn Van Den Berg,15,Stage 15,0,0,0,0,0,0,0,0,0
2024,20240207,Marijn Van Den Berg,16,Stage 16,0,0,0,0,0,0,0,0,0
2024,20240207,Marijn Van Den Berg,17,Stage 17,0,0,0,0,0,0,0,8,8
2024,20240207,Marijn Van Den Berg,18,Stage 18,0,0,0,0,0,0,0,0,0
2024,20240207,Marijn Van Den Berg,19,Stage 19,0,0,0,0,0,0,0,0,0
2024,20240207,Marijn Van Den Berg,20,Stage 20,0,0,0,0,0,0,0,2,2
2024,20240207,Marijn Van Den Berg,21,Stage 21,0,0,0,0,0,0,0,0,0
2024,20240207,Marijn Van Den Berg,22,Final Classifications,0,0,0,0,0,0,0,0,0
2024,20240341,Ryan Gibbons,1,Stage 1,0,0,0,0,12,0,20,0,32
2024,20240341,Ryan Gibbons,2,Stage 2,0,0,0,0,0,0,0,0,0
2024,20240341,Ryan Gibbons,3,Stage 3,0,0,0,0,0,0,0,0,0
2024,20240341,Ryan Gibbons,4,Stage 4,0,0,0,0,0,0,0,0,0
2024,20240341,Ryan Gibbons,5,Stage 5,8,0,0,0,2,0,0,0,10
2024,20240341,Ryan Gibbons,6,Stage 6,0,0,0,0,0,0,0,0,0
2024,20240341,Ryan Gibbons,7,Stage 7,0,0,0,0,0,0,0,0,0
2024,20240341,Ryan Gibbons,8,Stage 8,110,0,0,0,2,0,0,0,112
2024,20240341,Ryan Gibbons,9,Stage 9,0,0,0,0,0,0,0,0,0
2024,20240341,Ryan Gibbons,10,Stage 10,30,0,0,0,2,0,0,0,32
2024,20240341,Ryan Gibbons,11,Stage 11,0,0,0,0,0,0,0,0,0
2024,20240341,Ryan Gibbons,12,Stage 12,60,0,0,0,1,0,0,0,61
2024,20240341,Ryan Gibbons,13,Stage 13,0,0,0,0,0,0,0,0,0
2024,20240341,Ryan Gibbons,14,Stage 14,0,0,0,0,0,0,0,0,0
2024,20240341,Ryan Gibbons,15,Stage 15,0,0,0,0,0,0,0,0,0
2024,20240341,Ryan Gibbons,16,Stage 16,70,0,0,0,0,0,0,0,70
2024,20240341,Ryan Gibbons,17,Stage 17,0,0,0,0,0,0,0,0,0
2024,20240341,Ryan Gibbons,18,Stage 18,0,0,0,0,0,0,0,0,0
2024,20240341,Ryan Gibbons,19,Stage 19,0,0,0,0,0,0,0,0,0
2024,20240341,Ryan Gibbons,20,Stage 20,0,0,0,0,0,0,0,0,0
2024,20240341,Ryan Gibbons,21,Stage 21,0,0,0,0,0,0,0,0,0
2024,20240341,Ryan Gibbons,22,Final Classifications,0,0,0,0,0,0,0,0,10
2024,20240262,Thomas Pidcock,1,Stage 1,50,10,0,0,0,0,0,2,62
2024,20240262,Thomas Pidcock,2,Stage 2,0,12,0,0,0,0,0,2,14
2024,20240262,Thomas Pidcock,3,Stage 3,0,0,0,0,0,0,0,2,2
2024,20240262,Thomas Pidcock,4,Stage 4,0,0,0,0,0,0,0,4,4
2024,20240262,Thomas Pidcock,5,Stage 5,0,0,0,0,0,0,0,4,4
2024,20240262,Thomas Pidcock,6,Stage 6,0,0,0,0,0,0,0,4,4
2024,20240262,Thomas Pidcock,7,Stage 7,0,0,0,0,0,0,0,0,0
2024,20240262,Thomas Pidcock,8,Stage 8,0,0,0,0,0,0,0,0,0
2024,20240262,Thomas Pidcock,9,Stage 9,180,0,0,0,6,0,20,2,208
2024,20240262,Thomas Pidcock,10,Stage 10,0,0,0,0,0,0,0,2,2
2024,20240262,Thomas Pidcock,11,Stage 11,0,0,0,0,0,0,0,2,2
2024,20240262,Thomas Pidcock,12,Stage 12,0,0,0,0,0,0,0,2,2
2024,20240262,Thomas Pidcock,13,Stage 13,0,0,0,0,0,0,0,2,2
2024,20240262,Thomas Pidcock,14,Stage 14,0,0,0,0,0,0,0,0,0
2024,20240262,Thomas Pidcock,15,Stage 15,0,0,0,0,0,0,0,0,0
2024,20240262,Thomas Pidcock,16,Stage 16,0,0,0,0,0,0,0,0,0
2024,20240262,Thomas Pidcock,17,Stage 17,0,0,0,0,0,0,0,0,0
2024,20240262,Thomas Pidcock,18,Stage 18,0,0,0,0,0,0,0,0,0
2024,20240262,Thomas Pidcock,19,Stage 19,0,0,0,0,0,0,0,0,0
2024,20240262,Thomas Pidcock,20,Stage 20,0,0,0,0,0,0,0,0,0
2024,20240262,Thomas Pidcock,21,Stage 21,0,0,0,0,0,0,0,0,0
2024,20240262,Thomas Pidcock,22,Final Classifications,0,0,0,0,0,0,0,0,0
2024,20240349,Oier Lazkano,1,Stage 1,0,0,0,0,0,0,0,0,0
2024,20240349,Oier Lazkano,2,Stage 2,0,0,0,0,0,0,0,8,8
2024,20240349,Oier Lazkano,3,Stage 3,0,0,0,0,0,0,0,12,12
2024,20240349,Oier Lazkano,4,Stage 4,0,0,0,0,1,0,20,0,21
2024,20240349,Oier Lazkano,5,Stage 5,0,0,0,0,0,0,0,0,0
2024,20240349,Oier Lazkano,6,Stage 6,0,0,0,0,0,0,0,2,2
2024,20240349,Oier Lazkano,7,Stage 7,0,0,0,0,0,0,0,0,0
2024,20240349,Oier Lazkano,8,Stage 8,0,0,0,0,0,0,0,0,0
2024,20240349,Oier Lazkano,9,Stage 9,0,0,0,0,12,0,20,0,32
2024,20240349,Oier Lazkano,10,Stage 10,0,0,0,0,0,0,0,0,0
2024,20240349,Oier Lazkano,11,Stage 11,0,0,0,0,0,0,20,0,20
2024,20240349,Oier Lazkano,12,Stage 12,0,0,0,0,0,0,0,0,0
2024,20240349,Oier Lazkano,13,Stage 13,0,0,0,0,0,0,0,0,0
2024,20240349,Oier Lazkano,14,Stage 14,0,0,0,2,12,30,20,0,64
2024,20240349,Oier Lazkano,15,Stage 15,0,0,0,2,0,10,0,0,12
2024,20240349,Oier Lazkano,16,Stage 16,0,0,0,2,0,0,0,0,2
2024,20240349,Oier Lazkano,17,Stage 17,0,0,0,2,0,0,0,2,4
2024,20240349,Oier Lazkano,18,Stage 18,120,0,0,4,0,0,0,0,124
2024,20240349,Oier Lazkano,19,Stage 19,0,0,0,1,4,0,0,0,5
2024,20240349,Oier Lazkano,20,Stage 20,0,0,0,0,0,0,0,0,0
2024,20240349,Oier Lazkano,21,Stage 21,0,0,0,0,0,0,0,0,0
2024,20240349,Oier Lazkano,22,Final Classifications,0,0,0,20,0,0,0,0,0
2024,20240248,Quentin Pacher,1,Stage 1,0,0,0,0,0,0,0,0,0
2024,20240248,Quentin Pacher,2,Stage 2,160,0,6,0,12,0,20,0,198
2024,20240248,Quentin Pacher,3,Stage 3,0,0,1,0,0,0,0,0,1
2024,20240248,Quentin Pacher,4,Stage 4,0,0,0,0,0,0,0,0,0
2024,20240248,Quentin Pacher,5,Stage 5,0,0,0,0,0,0,0,0,0
2024,20240248,Quentin Pacher,6,Stage 6,0,0,0,0,0,0,0,0,0
2024,20240248,Quentin Pacher,7,Stage 7,0,0,0,0,0,0,0,0,0
2024,20240248,Quentin Pacher,8,Stage 8,0,0,0,0,0,0,0,0,0
2024,20240248,Quentin Pacher,9,Stage 9,0,0,0,0,0,0,0,0,0
2024,20240248,Quentin Pacher,10,Stage 10,0,0,0,0,0,0,0,0,0
2024,20240248,Quentin Pacher,11,Stage 11,0,0,0,0,0,0,0,0,0
2024,20240248,Quentin Pacher,12,Stage 12,0,0,0,0,12,0,20,0,32
2024,20240248,Quentin Pacher,13,Stage 13,0,0,0,0,0,0,0,0,0
2024,20240248,Quentin Pacher,14,Stage 14,0,0,0,0,0,0,0,0,0
2024,20240248,Quentin Pacher,15,Stage 15,0,0,0,0,0,0,0,0,0
2024,20240248,Quentin Pacher,16,Stage 16,0,0,0,0,0,0,0,0,0
2024,20240248,Quentin Pacher,17,Stage 17,4,0,0,0,0,0,0,0,4
2024,20240248,Quentin Pacher,18,Stage 18,40,0,0,0,0,0,0,0,40
2024,20240248,Quentin Pacher,19,Stage 19,0,0,0,0,0,0,0,0,0
2024,20240248,Quentin Pacher,20,Stage 20,0,0,0,0,0,0,0,0,0
2024,20240248,Quentin Pacher,21,Stage 21,30,0,0,0,0,0,0,0,30
2024,20240248,Quentin Pacher,22,Final Classifications,0,0,0,0,0,0,0,0,0
2024,20240325,Jasper Stuyven,1,Stage 1,0,0,0,0,0,0,0,0,0
2024,20240325,Jasper Stuyven,2,Stage 2,0,0,0,0,0,0,0,0,0
2024,20240325,Jasper Stuyven,3,Stage 3,16,0,0,0,0,0,0,0,16
2024,20240325,Jasper Stuyven,4,Stage 4,0,0,0,0,0,0,0,0,0
2024,20240325,Jasper Stuyven,5,Stage 5,0,0,0,0,0,0,0,0,0
2024,20240325,Jasper Stuyven,6,Stage 6,0,0,0,0,0,0,0,0,0
2024,20240325,Jasper Stuyven,7,Stage 7,0,0,0,0,0,0,0,0,0
2024,20240325,Jasper Stuyven,8,Stage 8,0,0,0,0,0,0,0,0,0
2024,20240325,Jasper Stuyven,9,Stage 9,80,0,0,0,0,0,20,0,100
2024,20240325,Jasper Stuyven,10,Stage 10,0,0,0,0,0,0,0,0,0
2024,20240325,Jasper Stuyven,11,Stage 11,0,0,0,0,0,0,0,0,0
2024,20240325,Jasper Stuyven,12,Stage 12,25,0,0,0,0,0,0,0,25
2024,20240325,Jasper Stuyven,13,Stage 13,110,0,0,0,0,0,0,0,110
2024,20240325,Jasper Stuyven,14,Stage 14,0,0,0,0,0,0,0,0,0
2024,20240325,Jasper Stuyven,15,Stage 15,0,0,0,0,0,0,0,0,0
2024,20240325,Jasper Stuyven,16,Stage 16,0,0,0,0,0,0,0,0,0
2024,20240325,Jasper Stuyven,17,Stage 17,0,0,0,0,0,0,0,0,0
2024,20240325,Jasper Stuyven,18,Stage 18,0,0,0,0,0,0,0,0,0
2024,20240325,Jasper Stuyven,19,Stage 19,0,0,0,0,0,0,0,0,0
2024,20240325,Jasper Stuyven,20,Stage 20,0,0,0,0,20,0,20,0,40
2024,20240325,Jasper Stuyven,21,Stage 21,0,0,0,0,0,0,0,0,0
2024,20240325,Jasper Stuyven,22,Final Classifications,0,0,0,0,0,0,0,0,10
2024,20240418,Frank Van Den Broeck,1,Stage 1,180,26,12,6,3,0,20,24,271
2024,20240418,Frank Van Den Broeck,2,Stage 2,0,0,4,6,0,0,0,0,10
2024,20240418,Frank Van Den Broeck,3,Stage 3,0,0,0,6,0,0,0,0,6
2024,20240418,Frank Van Den Broeck,4,Stage 4,0,0,0,0,0,0,0,0,0
2024,20240418,Frank Van Den Broeck,5,Stage 5,0,0,0,0,0,0,0,0,0
2024,20240418,Frank Van Den Broeck,6,Stage 6,0,0,0,0,0,0,0,0,0
2024,20240418,Frank Van Den Broeck,7,Stage 7,0,0,0,0,0,0,0,0,0
2024,20240418,Frank Van Den Broeck,8,Stage 8,0,0,0,0,0,0,0,0,0
2024,20240418,Frank Van Den Broeck,9,Stage 9,0,0,0,0,0,0,0,0,0
2024,20240418,Frank Van Den Broeck,10,Stage 10,0,0,0,0,0,0,0,0,0
2024,20240418,Frank Van Den Broeck,11,Stage 11,0,0,0,0,8,0,0,0,8
2024,20240418,Frank Van Den Broeck,12,Stage 12,0,0,0,0,0,0,0,0,0
2024,20240418,Frank Van Den Broeck,13,Stage 13,0,0,0,0,0,0,0,0,0
2024,20240418,Frank Van Den Broeck,14,Stage 14,0,0,0,0,0,0,0,0,0
2024,20240418,Frank Van Den Broeck,15,Stage 15,0,0,0,0,0,0,0,0,0
2024,20240418,Frank Van Den Broeck,16,Stage 16,0,0,0,0,0,0,0,0,0
2024,20240418,Frank Van Den Broeck,17,Stage 17,0,0,0,0,0,0,0,0,0
2024,20240418,Frank Van Den Broeck,18,Stage 18,0,0,0,0,1,0,0,0,1
2024,20240418,Frank Van Den Broeck,19,Stage 19,0,0,0,0,0,0,0,0,0
2024,20240418,Frank Van Den Broeck,20,Stage 20,0,0,0,0,0,0,0,0,0
2024,20240418,Frank Van Den Broeck,21,Stage 21,0,0,0,0,0,0,0,0,0
2024,20240418,Frank Van Den Broeck,22,Final Classifications,0,0,0,0,0,0,0,0,0
2024,20240273,Egan Bernal,1,Stage 1,40,9,0,0,0,0,0,2,51
2024,20240273,Egan Bernal,2,Stage 2,0,14,0,0,0,0,0,2,16
2024,20240273,Egan Bernal,3,Stage 3,0,13,0,0,0,0,0,2,15
2024,20240273,Egan Bernal,4,Stage 4,35,11,0,0,0,0,0,4,50
2024,20240273,Egan Bernal,5,Stage 5,0,11,0,0,0,0,0,4,15
2024,20240273,Egan Bernal,6,Stage 6,0,11,0,0,0,0,0,4,15
2024,20240273,Egan Bernal,7,Stage 7,0,9,0,0,0,0,0,0,9
2024,20240273,Egan Bernal,8,Stage 8,0,9,0,0,0,0,0,0,9
2024,20240273,Egan Bernal,9,Stage 9,0,8,0,0,0,0,0,6,14
2024,20240273,Egan Bernal,10,Stage 10,0,9,0,0,0,0,0,2,11
2024,20240273,Egan Bernal,11,Stage 11,12,6,0,0,0,0,0,2,20
2024,20240273,Egan Bernal,12,Stage 12,0,6,0,0,0,0,0,2,8
2024,20240273,Egan Bernal,13,Stage 13,0,8,0,0,0,0,0,2,10
2024,20240273,Egan Bernal,14,Stage 14,4,8,0,0,0,0,0,0,12
2024,20240273,Egan Bernal,15,Stage 15,0,0,0,0,0,0,0,0,0
2024,20240273,Egan Bernal,16,Stage 16,0,1,0,0,0,0,0,0,1
2024,20240273,Egan Bernal,17,Stage 17,0,0,0,0,0,0,0,0,0
2024,20240273,Egan Bernal,18,Stage 18,0,0,0,0,0,0,0,4,4
2024,20240273,Egan Bernal,19,Stage 19,0,0,0,0,0,0,0,0,0
2024,20240273,Egan Bernal,20,Stage 20,0,0,0,0,0,0,0,2,2
2024,20240273,Egan Bernal,21,Stage 21,0,0,0,0,0,0,0,0,0
2024,20240273,Egan Bernal,22,Final Classifications,0,10,0,0,0,0,0,0,30
2024,20240368,Javier Romo,1,Stage 1,0,0,0,0,0,0,0,0,0
2024,20240368,Javier Romo,2,Stage 2,0,0,0,0,0,0,0,8,8
2024,20240368,Javier Romo,3,Stage 3,0,0,0,0,0,0,0,12,12
2024,20240368,Javier Romo,4,Stage 4,0,0,0,0,0,0,0,0,0
2024,20240368,Javier Romo,5,Stage 5,0,0,0,0,0,0,0,0,0
2024,20240368,Javier Romo,6,Stage 6,0,0,0,0,0,0,0,2,2
2024,20240368,Javier Romo,7,Stage 7,0,0,0,0,0,0,0,0,0
2024,20240368,Javier Romo,8,Stage 8,0,0,0,0,0,0,0,0,0
2024,20240368,Javier Romo,9,Stage 9,95,0,0,0,16,0,20,0,131
2024,20240368,Javier Romo,10,Stage 10,0,0,0,0,0,0,0,0,0
2024,20240368,Javier Romo,11,Stage 11,30,3,0,0,0,0,0,0,33
2024,20240368,Javier Romo,12,Stage 12,0,3,0,0,0,0,0,0,3
2024,20240368,Javier Romo,13,Stage 13,0,5,0,0,0,0,0,0,5
2024,20240368,Javier Romo,14,Stage 14,0,5,0,0,0,0,0,0,5
2024,20240368,Javier Romo,15,Stage 15,0,2,0,0,0,25,20,0,47
2024,20240368,Javier Romo,16,Stage 16,0,2,0,0,0,0,0,0,2
2024,20240368,Javier Romo,17,Stage 17,0,1,0,0,0,0,0,2,3
2024,20240368,Javier Romo,18,Stage 18,0,0,0,0,0,0,0,0,0
2024,20240368,Javier Romo,19,Stage 19,0,0,0,0,0,0,0,0,0
2024,20240368,Javier Romo,20,Stage 20,0,0,0,0,0,0,0,0,0
2024,20240368,Javier Romo,21,Stage 21,0,0,0,0,0,0,0,0,0
2024,20240368,Javier Romo,22,Final Classifications,0,40,0,0,0,0,0,0,40
2024,20240378,Ilan Van Wilder,1,Stage 1,35,8,0,0,0,0,0,0,43
2024,20240378,Ilan Van Wilder,2,Stage 2,0,0,0,0,0,0,0,4,4
2024,20240378,Ilan Van Wilder,3,Stage 3,0,0,0,0,0,0,0,2,2
2024,20240378,Ilan Van Wilder,4,Stage 4,12,0,0,0,0,0,0,10,22
2024,20240378,Ilan Van Wilder,5,Stage 5,0,0,0,0,0,0,0,6,6
2024,20240378,Ilan Van Wilder,6,Stage 6,0,0,0,0,0,0,0,6,6
2024,20240378,Ilan Van Wilder,7,Stage 7,35,0,0,0,0,0,0,0,35
2024,20240378,Ilan Van Wilder,8,Stage 8,0,0,0,0,0,0,0,8,8
2024,20240378,Ilan Van Wilder,9,Stage 9,0,0,0,0,0,0,0,8,8
2024,20240378,Ilan Van Wilder,10,Stage 10,0,0,0,0,0,0,0,8,8
2024,20240378,Ilan Van Wilder,11,Stage 11,0,0,0,0,0,0,0,10,10
2024,20240378,Ilan Van Wilder,12,Stage 12,0,0,0,0,0,0,0,8,8
2024,20240378,Ilan Van Wilder,13,Stage 13,0,0,0,0,0,0,0,8,8
2024,20240378,Ilan Van Wilder,14,Stage 14,0,0,0,0,0,0,0,8,8
2024,20240378,Ilan Van Wilder,15,Stage 15,0,0,0,0,0,0,0,6,6
2024,20240378,Ilan Van Wilder,16,Stage 16,0,0,0,0,0,0,0,4,4
2024,20240378,Ilan Van Wilder,17,Stage 17,0,0,0,0,0,0,0,4,4
2024,20240378,Ilan Van Wilder,18,Stage 18,0,0,0,0,0,0,0,2,2
2024,20240378,Ilan Van Wilder,19,Stage 19,0,0,0,0,3,15,0,4,22
2024,20240378,Ilan Van Wilder,20,Stage 20,0,0,0,0,0,0,0,2,2
2024,20240378,Ilan Van Wilder,21,Stage 21,12,0,0,0,0,0,0,0,12
2024,20240378,Ilan Van Wilder,22,Final Classifications,0,25,0,0,0,0,0,30,55
2024,20240268,Michał Kwiatkowski,1,Stage 1,0,0,0,0,0,0,0,2,2
2024,20240268,Michał Kwiatkowski,2,Stage 2,0,0,0,0,0,0,0,2,2
2024,20240268,Michał Kwiatkowski,3,Stage 3,0,0,0,0,0,0,0,2,2
2024,20240268,Michał Kwiatkowski,4,Stage 4,0,0,0,0,0,0,0,4,4
2024,20240268,Michał Kwiatkowski,5,Stage 5,0,0,0,0,0,0,0,4,4
2024,20240268,Michał Kwiatkowski,6,Stage 6,0,0,0,0,0,0,0,4,4
2024,20240268,Michał Kwiatkowski,7,Stage 7,0,0,0,0,0,0,0,0,0
2024,20240268,Michał Kwiatkowski,8,Stage 8,0,0,0,0,0,0,0,0,0
2024,20240268,Michał Kwiatkowski,9,Stage 9,0,0,0,0,0,0,0,6,6
2024,20240268,Michał Kwiatkowski,10,Stage 10,0,0,0,0,0,0,0,2,2
2024,20240268,Michał Kwiatkowski,11,Stage 11,0,0,0,0,0,0,0,2,2
2024,20240268,Michał Kwiatkowski,12,Stage 12,0,0,0,0,0,0,0,2,2
2024,20240268,Michał Kwiatkowski,13,Stage 13,0,0,0,0,8,0,20,2,30
2024,20240268,Michał Kwiatkowski,14,Stage 14,0,0,0,0,0,6,20,0,26
2024,20240268,Michał Kwiatkowski,15,Stage 15,0,0,0,0,1,0,0,0,1
2024,20240268,Michał Kwiatkowski,16,Stage 16,0,0,0,0,0,0,0,0,0
2024,20240268,Michał Kwiatkowski,17,Stage 17,0,0,0,0,0,0,0,0,0
2024,20240268,Michał Kwiatkowski,18,Stage 18,160,0,0,0,5,0,0,2,167
2024,20240268,Michał Kwiatkowski,19,Stage 19,0,0,0,0,0,0,0,0,0
2024,20240268,Michał Kwiatkowski,20,Stage 20,0,0,0,0,0,0,0,2,2
2024,20240268,Michał Kwiatkowski,21,Stage 21,0,0,0,0,0,0,0,0,0
2024,20240268,Michał Kwiatkowski,22,Final Classifications,0,0,0,0,0,0,0,0,20
2024,20240031,Arnaud Démare,1,Stage 1,0,0,0,0,0,0,0,0,0
2024,20240031,Arnaud Démare,2,Stage 2,0,0,0,0,0,0,0,8,8
2024,20240031,Arnaud Démare,3,Stage 3,0,0,0,0,8,0,0,0,8
2024,20240031,Arnaud Démare,4,Stage 4,0,0,0,0,0,0,0,0,0
2024,20240031,Arnaud Démare,5,Stage 5,95,0,0,0,3,0,0,0,98
2024,20240031,Arnaud Démare,6,Stage 6,95,0,0,0,8,0,0,0,103
2024,20240031,Arnaud Démare,7,Stage 7,0,0,0,0,0,0,0,0,0
2024,20240031,Arnaud Démare,8,Stage 8,0,0,1,0,5,0,0,0,6
2024,20240031,Arnaud Démare,9,Stage 9,0,0,0,0,0,0,0,0,0
2024,20240031,Arnaud Démare,10,Stage 10,0,0,0,0,5,0,0,0,5
2024,20240031,Arnaud Démare,11,Stage 11,0,0,0,0,0,0,0,0,0
2024,20240031,Arnaud Démare,12,Stage 12,0,0,0,0,0,0,0,0,0
2024,20240031,Arnaud Démare,13,Stage 13,30,0,0,0,0,0,0,0,30
2024,20240031,Arnaud Démare,14,Stage 14,0,0,0,0,0,0,0,0,0
2024,20240031,Arnaud Démare,15,Stage 15,0,0,0,0,0,0,0,0,0
2024,20240031,Arnaud Démare,16,Stage 16,12,0,0,0,0,0,0,0,12
2024,20240031,Arnaud Démare,17,Stage 17,0,0,0,0,0,0,0,0,0
2024,20240031,Arnaud Démare,18,Stage 18,0,0,0,0,0,0,0,0,0
2024,20240031,Arnaud Démare,19,Stage 19,0,0,0,0,0,0,0,0,0
2024,20240031,Arnaud Démare,20,Stage 20,0,0,0,0,0,0,0,0,0
2024,20240031,Arnaud Démare,21,Stage 21,0,0,0,0,0,0,0,0,0
2024,20240031,Arnaud Démare,22,Final Classifications,0,0,0,0,0,0,0,0,0
2024,20240480,Bart Lemmen,1,Stage 1,0,0,0,0,0,0,0,8,8
2024,20240480,Bart Lemmen,2,Stage 2,0,0,0,0,0,0,0,2,2
2024,20240480,Bart Lemmen,3,Stage 3,0,0,0,0,0,0,0,0,0
2024,20240480,Bart Lemmen,4,Stage 4,0,0,0,0,0,0,0,2,2
2024,20240480,Bart Lemmen,5,Stage 5,0,0,0,0,0,0,0,2,2
2024,20240480,Bart Lemmen,6,Stage 6,0,0,0,0,0,0,0,2,2
2024,20240480,Bart Lemmen,7,Stage 7,0,0,0,0,0,0,0,0,0
2024,20240480,Bart Lemmen,8,Stage 8,0,0,0,0,0,0,0,2,2
2024,20240480,Bart Lemmen,9,Stage 9,0,0,0,0,0,0,0,2,2
2024,20240480,Bart Lemmen,10,Stage 10,0,0,0,0,0,0,0,2,2
2024,20240480,Bart Lemmen,11,Stage 11,0,0,0,0,0,0,0,10,10
2024,20240480,Bart Lemmen,12,Stage 12,0,0,0,0,0,0,0,6,6
2024,20240480,Bart Lemmen,13,Stage 13,0,0,0,0,0,0,0,6,6
2024,20240480,Bart Lemmen,14,Stage 14,0,0,0,0,0,0,0,10,10
2024,20240480,Bart Lemmen,15,Stage 15,0,0,0,0,0,0,0,12,12
2024,20240480,Bart Lemmen,16,Stage 16,0,0,0,0,0,0,0,8,8
2024,20240480,Bart Lemmen,17,Stage 17,0,0,0,0,0,0,0,8,8
2024,20240480,Bart Lemmen,18,Stage 18,110,0,0,0,0,0,0,8,118
2024,20240480,Bart Lemmen,19,Stage 19,0,0,0,0,0,0,0,12,12
2024,20240480,Bart Lemmen,20,Stage 20,0,0,0,0,0,0,0,12,12
2024,20240480,Bart Lemmen,21,Stage 21,0,0,0,0,0,0,0,0,0
2024,20240480,Bart Lemmen,22,Final Classifications,0,0,0,0,0,0,0,40,40
2024,20240032,Cristián Rodríguez,1,Stage 1,0,0,0,0,0,0,0,0,0
2024,20240032,Cristián Rodríguez,2,Stage 2,140,0,0,1,3,0,20,8,172
2024,20240032,Cristián Rodríguez,3,Stage 3,0,0,0,1,0,0,0,0,1
2024,20240032,Cristián Rodríguez,4,Stage 4,0,0,0,0,0,0,20,0,20
2024,20240032,Cristián Rodríguez,5,Stage 5,0,0,0,0,0,0,0,0,0
2024,20240032,Cristián Rodríguez,6,Stage 6,0,0,0,0,0,0,0,0,0
2024,20240032,Cristián Rodríguez,7,Stage 7,0,0,0,0,0,0,0,0,0
2024,20240032,Cristián Rodríguez,8,Stage 8,0,0,0,0,0,0,0,0,0
2024,20240032,Cristián Rodríguez,9,Stage 9,0,0,0,0,0,0,0,0,0
2024,20240032,Cristián Rodríguez,10,Stage 10,0,0,0,0,0,0,0,0,0
2024,20240032,Cristián Rodríguez,11,Stage 11,0,0,0,0,5,0,0,0,5
2024,20240032,Cristián Rodríguez,12,Stage 12,0,0,0,0,0,0,0,0,0
2024,20240032,Cristián Rodríguez,13,Stage 13,0,0,0,0,0,0,0,0,0
2024,20240032,Cristián Rodríguez,14,Stage 14,0,0,0,0,0,0,0,0,0
2024,20240032,Cristián Rodríguez,15,Stage 15,0,0,0,0,0,0,0,0,0
2024,20240032,Cristián Rodríguez,16,Stage 16,0,0,0,0,0,0,0,0,0
2024,20240032,Cristián Rodríguez,17,Stage 17,0,0,0,0,0,0,0,0,0
2024,20240032,Cristián Rodríguez,18,Stage 18,0,0,0,0,0,0,0,0,0
2024,20240032,Cristián Rodríguez,19,Stage 19,20,0,0,0,1,19,20,0,60
2024,20240032,Cristián Rodríguez,20,Stage 20,0,0,0,0,0,0,0,0,0
2024,20240032,Cristián Rodríguez,21,Stage 21,0,0,0,0,0,0,0,0,0
2024,20240032,Cristián Rodríguez,22,Final Classifications,0,0,0,0,0,0,0,0,0
2024,20240680,Maxim Van Gils,1,Stage 1,120,16,0,0,0,0,0,0,136
2024,20240680,Maxim Van Gils,2,Stage 2,12,15,0,0,0,0,0,0,27
2024,20240680,Maxim Van Gils,3,Stage 3,0,6,0,0,0,0,0,2,8
2024,20240680,Maxim Van Gils,4,Stage 4,0,0,0,0,0,0,0,0,0
2024,20240680,Maxim Van Gils,5,Stage 5,0,0,0,0,0,0,0,0,0
2024,20240680,Maxim Van Gils,6,Stage 6,0,0,0,0,0,0,0,0,0
2024,20240680,Maxim Van Gils,7,Stage 7,0,0,0,0,0,0,0,0,0
2024,20240680,Maxim Van Gils,8,Stage 8,20,0,0,0,0,0,0,2,22
2024,20240680,Maxim Van Gils,9,Stage 9,0,0,0,0,4,0,20,0,24
2024,20240680,Maxim Van Gils,10,Stage 10,0,0,0,0,0,0,0,0,0
2024,20240680,Maxim Van Gils,11,Stage 11,0,0,0,0,0,0,0,0,0
2024,20240680,Maxim Van Gils,12,Stage 12,0,0,0,0,0,0,0,0,0
2024,20240680,Maxim Van Gils,13,Stage 13,40,0,0,0,0,0,0,0,40
2024,20240680,Maxim Van Gils,14,Stage 14,0,0,0,0,0,0,0,0,0
2024,20240680,Maxim Van Gils,15,Stage 15,0,0,0,0,0,0,0,0,0
2024,20240680,Maxim Van Gils,16,Stage 16,0,0,0,0,0,0,0,0,0
2024,20240680,Maxim Van Gils,17,Stage 17,0,0,0,0,0,0,0,0,0
2024,20240680,Maxim Van Gils,18,Stage 18,0,0,0,0,0,0,0,0,0
2024,20240680,Maxim Van Gils,19,Stage 19,0,0,0,0,0,0,0,0,0
2024,20240680,Maxim Van Gils,20,Stage 20,0,0,0,0,0,0,0,0,0
2024,20240680,Maxim Van Gils,21,Stage 21,0,0,0,0,0,0,0,0,0
2024,20240680,Maxim Van Gils,22,Final Classifications,0,0,0,0,0,0,0,0,0
2024,20240063,Mark Cavendish,1,Stage 1,0,0,0,0,0,0,0,0,0
2024,20240063,Mark Cavendish,2,Stage 2,0,0,0,0,0,0,0,0,0
2024,20240063,Mark Cavendish,3,Stage 3,0,0,0,0,0,0,0,0,0
2024,20240063,Mark Cavendish,4,Stage 4,0,0,0,0,0,0,0,0,0
2024,20240063,Mark Cavendish,5,Stage 5,220,0,0,0,0,0,0,0,220
2024,20240063,Mark Cavendish,6,Stage 6,8,0,0,0,0,0,0,0,8
2024,20240063,Mark Cavendish,7,Stage 7,0,0,0,0,0,0,0,0,0
2024,20240063,Mark Cavendish,8,Stage 8,0,0,0,0,0,0,0,0,0
2024,20240063,Mark Cavendish,9,Stage 9,0,0,0,0,0,0,0,0,0
2024,20240063,Mark Cavendish,10,Stage 10,12,0,0,0,0,0,0,0,12
2024,20240063,Mark Cavendish,11,Stage 11,0,0,0,0,0,0,0,0,0
2024,20240063,Mark Cavendish,12,Stage 12,0,0,0,0,0,0,0,0,0
2024,20240063,Mark Cavendish,13,Stage 13,0,0,0,0,0,0,0,0,0
2024,20240063,Mark Cavendish,14,Stage 14,0,0,0,0,0,0,0,0,0
2024,20240063,Mark Cavendish,15,Stage 15,0,0,0,0,0,0,0,0,0
2024,20240063,Mark Cavendish,16,Stage 16,16,0,0,0,0,0,0,0,16
2024,20240063,Mark Cavendish,17,Stage 17,0,0,0,0,0,0,0,0,0
2024,20240063,Mark Cavendish,18,Stage 18,0,0,0,0,0,0,0,0,0
2024,20240063,Mark Cavendish,19,Stage 19,0,0,0,0,0,0,0,0,0
2024,20240063,Mark Cavendish,20,Stage 20,0,0,0,0,0,0,0,0,0
2024,20240063,Mark Cavendish,21,Stage 21,0,0,0,0,0,0,0,0,0
2024,20240063,Mark Cavendish,22,Final Classifications,0,0,0,0,0,0,0,0,0
2024,20240404,Fabio Jakobsen,1,Stage 1,0,0,0,0,0,0,0,32,32
2024,20240404,Fabio Jakobsen,2,Stage 2,0,0,0,0,0,0,0,0,0
2024,20240404,Fabio Jakobsen,3,Stage 3,95,0,0,0,0,0,0,0,95
2024,20240404,Fabio Jakobsen,4,Stage 4,0,0,0,0,0,0,0,0,0
2024,20240404,Fabio Jakobsen,5,Stage 5,120,0,0,0,0,0,0,0,120
2024,20240404,Fabio Jakobsen,6,Stage 6,0,0,0,0,0,0,0,0,0
2024,20240404,Fabio Jakobsen,7,Stage 7,0,0,0,0,0,0,0,0,0
2024,20240404,Fabio Jakobsen,8,Stage 8,0,0,0,0,0,0,0,0,0
2024,20240404,Fabio Jakobsen,9,Stage 9,0,0,0,0,0,0,0,0,0
2024,20240404,Fabio Jakobsen,10,Stage 10,0,0,0,0,0,0,0,0,0
2024,20240404,Fabio Jakobsen,11,Stage 11,0,0,0,0,0,0,0,0,0
2024,20240404,Fabio Jakobsen,12,Stage 12,0,0,0,0,0,0,0,0,0
2024,20240404,Fabio Jakobsen,13,Stage 13,0,0,0,0,0,0,0,0,0
2024,20240404,Fabio Jakobsen,14,Stage 14,0,0,0,0,0,0,0,0,0
2024,20240404,Fabio Jakobsen,15,Stage 15,0,0,0,0,0,0,0,0,0
2024,20240404,Fabio Jakobsen,16,Stage 16,0,0,0,0,0,0,0,0,0
2024,20240404,Fabio Jakobsen,17,Stage 17,0,0,0,0,0,0,0,0,0
2024,20240404,Fabio Jakobsen,18,Stage 18,0,0,0,0,0,0,0,0,0
2024,20240404,Fabio Jakobsen,19,Stage 19,0,0,0,0,0,0,0,0,0
2024,20240404,Fabio Jakobsen,20,Stage 20,0,0,0,0,0,0,0,0,0
2024,20240404,Fabio Jakobsen,21,Stage 21,0,0,0,0,0,0,0,0,0
2024,20240404,Fabio Jakobsen,22,Final Classifications,0,0,0,0,0,0,0,0,0
2024,20240069,Harold Tejada,1,Stage 1,0,0,0,0,0,0,0,0,0
2024,20240069,Harold Tejada,2,Stage 2,120,0,2,0,16,0,20,0,158
2024,20240069,Harold Tejada,3,Stage 3,0,0,0,0,0,0,0,0,0
2024,20240069,Harold Tejada,4,Stage 4,0,0,0,0,0,0,0,0,0
2024,20240069,Harold Tejada,5,Stage 5,0,0,0,0,0,0,0,8,8
2024,20240069,Harold Tejada,6,Stage 6,0,0,0,0,0,0,0,0,0
2024,20240069,Harold Tejada,7,Stage 7,0,0,0,0,0,0,0,0,0
2024,20240069,Harold Tejada,8,Stage 8,0,0,0,0,0,0,0,0,0
2024,20240069,Harold Tejada,9,Stage 9,0,0,0,0,0,0,0,0,0
2024,20240069,Harold Tejada,10,Stage 10,0,0,0,0,0,0,0,0,0
2024,20240069,Harold Tejada,11,Stage 11,0,0,0,0,0,0,0,0,0
2024,20240069,Harold Tejada,12,Stage 12,0,0,0,0,0,0,0,0,0
2024,20240069,Harold Tejada,13,Stage 13,0,0,0,0,0,0,0,0,0
2024,20240069,Harold Tejada,14,Stage 14,0,0,0,0,0,0,0,0,0
2024,20240069,Harold Tejada,15,Stage 15,0,0,0,0,0,0,0,0,0
2024,20240069,Harold Tejada,16,Stage 16,0,0,0,0,0,0,0,0,0
2024,20240069,Harold Tejada,17,Stage 17,0,0,0,0,0,0,0,0,0
2024,20240069,Harold Tejada,18,Stage 18,0,0,0,0,0,0,0,0,0
2024,20240069,Harold Tejada,19,Stage 19,0,0,0,0,0,0,0,0,0
2024,20240069,Harold Tejada,20,Stage 20,0,0,0,0,0,0,0,0,0
2024,20240069,Harold Tejada,21,Stage 21,80,0,0,0,0,0,0,0,80
2024,20240069,Harold Tejada,22,Final Classifications,0,0,0,0,0,0,0,0,0
2024,20240835,Mattéo Vercher,1,Stage 1,0,0,0,0,0,0,0,0,0
2024,20240835,Mattéo Vercher,2,Stage 2,0,0,0,0,0,0,0,0,0
2024,20240835,Mattéo Vercher,3,Stage 3,0,0,0,0,0,0,0,0,0
2024,20240835,Mattéo Vercher,4,Stage 4,0,0,0,0,0,0,0,0,0
2024,20240835,Mattéo Vercher,5,Stage 5,0,0,0,0,16,0,20,0,36
2024,20240835,Mattéo Vercher,6,Stage 6,0,0,0,0,0,0,0,0,0
2024,20240835,Mattéo Vercher,7,Stage 7,0,0,0,0,0,0,0,0,0
2024,20240835,Mattéo Vercher,8,Stage 8,0,0,0,0,0,0,0,0,0
2024,20240835,Mattéo Vercher,9,Stage 9,0,0,0,0,0,0,0,8,8
2024,20240835,Mattéo Vercher,10,Stage 10,0,0,0,0,0,0,0,0,0
2024,20240835,Mattéo Vercher,11,Stage 11,0,0,0,0,1,0,20,0,21
2024,20240835,Mattéo Vercher,12,Stage 12,0,0,0,0,0,0,0,0,0
2024,20240835,Mattéo Vercher,13,Stage 13,0,0,0,0,0,0,0,0,0
2024,20240835,Mattéo Vercher,14,Stage 14,0,0,0,0,0,0,0,0,0
2024,20240835,Mattéo Vercher,15,Stage 15,0,0,0,0,0,0,0,0,0
2024,20240835,Mattéo Vercher,16,Stage 16,0,0,0,0,0,0,0,0,0
2024,20240835,Mattéo Vercher,17,Stage 17,0,0,0,0,0,0,0,0,0
2024,20240835,Mattéo Vercher,18,Stage 18,180,0,0,0,0,0,0,0,180
2024,20240835,Mattéo Vercher,19,Stage 19,0,0,0,0,0,0,0,0,0
2024,20240835,Mattéo Vercher,20,Stage 20,0,0,0,0,0,0,0,0,0
2024,20240835,Mattéo Vercher,21,Stage 21,0,0,0,0,0,0,0,0,0
2024,20240835,Mattéo Vercher,22,Final Classifications,0,0,0,0,0,0,0,0,0
2024,20240251,Clément Russo,1,Stage 1,0,0,0,0,0,0,0,0,0
2024,20240251,Clément Russo,2,Stage 2,0,0,0,0,0,0,0,2,2
2024,20240251,Clément Russo,3,Stage 3,0,0,0,0,0,0,0,0,0
2024,20240251,Clément Russo,4,Stage 4,0,0,0,0,0,0,0,0,0
2024,20240251,Clément Russo,5,Stage 5,0,0,0,0,20,0,20,0,40
2024,20240251,Clément Russo,6,Stage 6,16,0,0,0,0,0,0,0,16
2024,20240251,Clément Russo,7,Stage 7,0,0,0,0,0,0,0,0,0
2024,20240251,Clément Russo,8,Stage 8,25,0,0,0,0,0,0,0,25
2024,20240251,Clément Russo,9,Stage 9,0,0,0,0,0,0,0,0,0
2024,20240251,Clément Russo,10,Stage 10,8,0,0,0,0,0,0,0,8
2024,20240251,Clément Russo,11,Stage 11,0,0,0,0,0,0,0,0,0
2024,20240251,Clément Russo,12,Stage 12,35,0,0,0,0,0,0,0,35
2024,20240251,Clément Russo,13,Stage 13,95,0,0,0,0,0,0,0,95
2024,20240251,Clément Russo,14,Stage 14,0,0,0,0,0,0,0,0,0
2024,20240251,Clément Russo,15,Stage 15,0,0,0,0,0,0,0,0,0
2024,20240251,Clément Russo,16,Stage 16,20,0,0,0,0,0,0,0,20
2024,20240251,Clément Russo,17,Stage 17,0,0,0,0,0,0,0,0,0
2024,20240251,Clément Russo,18,Stage 18,0,0,0,0,0,0,0,0,0
2024,20240251,Clément Russo,19,Stage 19,0,0,0,0,0,0,0,0,0
2024,20240251,Clément Russo,20,Stage 20,0,0,0,0,0,0,0,0,0
2024,20240251,Clément Russo,21,Stage 21,0,0,0,0,0,0,0,0,0
2024,20240251,Clément Russo,22,Final Classifications,0,0,0,0,0,0,0,0,0
2024,20240323,Toms Skujiņš,1,Stage 1,8,2,0,0,0,0,0,0,10
2024,20240323,Toms Skujiņš,2,Stage 2,0,0,0,0,0,0,0,0,0
2024,20240323,Toms Skujiņš,3,Stage 3,0,0,0,0,0,0,0,0,0
2024,20240323,Toms Skujiņš,4,Stage 4,0,0,0,0,0,0,0,0,0
2024,20240323,Toms Skujiņš,5,Stage 5,0,0,0,0,0,0,0,0,0
2024,20240323,Toms Skujiņš,6,Stage 6,0,0,0,0,0,0,0,0,0
2024,20240323,Toms Skujiņš,7,Stage 7,0,0,0,0,0,0,0,0,0
2024,20240323,Toms Skujiņš,8,Stage 8,0,0,0,0,0,0,0,0,0
2024,20240323,Toms Skujiņš,9,Stage 9,0,0,0,0,0,0,0,0,0
2024,20240323,Toms Skujiņš,10,Stage 10,0,0,0,0,0,0,0,0,0
2024,20240323,Toms Skujiņš,11,Stage 11,0,0,0,0,0,0,0,0,0
2024,20240323,Toms Skujiņš,12,Stage 12,0,0,0,0,0,0,0,0,0
2024,20240323,Toms Skujiņš,13,Stage 13,0,0,0,0,5,0,0,0,5
2024,20240323,Toms Skujiņš,14,Stage 14,0,0,0,0,0,0,0,0,0
2024,20240323,Toms Skujiņš,15,Stage 15,0,0,0,0,0,0,0,0,0
2024,20240323,Toms Skujiņš,16,Stage 16,0,0,0,0,0,0,0,0,0
2024,20240323,Toms Skujiņš,17,Stage 17,50,0,0,0,0,0,0,0,50
2024,20240323,Toms Skujiņš,18,Stage 18,140,0,0,0,16,0,0,0,156
2024,20240323,Toms Skujiņš,19,Stage 19,0,0,0,0,0,0,0,0,0
2024,20240323,Toms Skujiņš,20,Stage 20,0,0,0,0,0,0,0,0,0
2024,20240323,Toms Skujiņš,21,Stage 21,0,0,0,0,0,0,0,0,0
2024,20240323,Toms Skujiņš,22,Final Classifications,0,0,0,0,0,0,0,0,10
2024,20240292,Mike Teunissen,1,Stage 1,0,0,0,0,0,0,0,0,0
2024,20240292,Mike Teunissen,2,Stage 2,80,0,0,0,4,0,20,0,104
2024,20240292,Mike Teunissen,3,Stage 3,0,0,0,0,0,0,0,8,8
2024,20240292,Mike Teunissen,4,Stage 4,0,0,0,0,0,0,0,0,0
2024,20240292,Mike Teunissen,5,Stage 5,12,0,0,0,0,0,0,0,12
2024,20240292,Mike Teunissen,6,Stage 6,0,0,0,0,3,0,0,4,7
2024,20240292,Mike Teunissen,7,Stage 7,0,0,0,0,0,0,0,0,0
2024,20240292,Mike Teunissen,8,Stage 8,0,0,0,0,0,0,0,8,8
2024,20240292,Mike Teunissen,9,Stage 9,12,0,0,0,0,0,0,0,12
2024,20240292,Mike Teunissen,10,Stage 10,0,0,0,0,0,0,0,4,4
2024,20240292,Mike Teunissen,11,Stage 11,0,0,0,0,0,0,0,0,0
2024,20240292,Mike Teunissen,12,Stage 12,8,0,0,0,3,0,0,8,19
2024,20240292,Mike Teunissen,13,Stage 13,0,0,0,0,0,0,0,0,0
2024,20240292,Mike Teunissen,14,Stage 14,0,0,0,0,0,0,0,0,0
2024,20240292,Mike Teunissen,15,Stage 15,0,0,0,0,0,0,0,0,0
2024,20240292,Mike Teunissen,16,Stage 16,35,0,0,0,5,0,0,0,40
2024,20240292,Mike Teunissen,17,Stage 17,0,0,0,0,1,0,0,0,1
2024,20240292,Mike Teunissen,18,Stage 18,0,0,0,0,0,0,0,0,0
2024,20240292,Mike Teunissen,19,Stage 19,0,0,0,0,0,0,0,0,0
2024,20240292,Mike Teunissen,20,Stage 20,0,0,0,0,0,0,0,0,0
2024,20240292,Mike Teunissen,21,Stage 21,0,0,0,0,0,0,0,0,0
2024,20240292,Mike Teunissen,22,Final Classifications,0,0,0,0,0,0,0,0,0
2024,20240002,Mathieu Van Der Poel,1,Stage 1,0,0,0,0,0,0,0,0,0
2024,20240002,Mathieu Van Der Poel,2,Stage 2,0,0,0,0,0,0,0,0,0
2024,20240002,Mathieu Van Der Poel,3,Stage 3,0,0,0,0,0,0,0,0,0
2024,20240002,Mathieu Van Der Poel,4,Stage 4,0,0,0,0,0,0,20,0,20
2024,20240002,Mathieu Van Der Poel,5,Stage 5,0,0,0,0,0,0,0,4,4
2024,20240002,Mathieu Van Der Poel,6,Stage 6,20,0,0,0,0,0,0,0,20
2024,20240002,Mathieu Van Der Poel,7,Stage 7,0,0,0,0,0,0,0,0,0
2024,20240002,Mathieu Van Der Poel,8,Stage 8,0,0,0,0,0,0,0,4,4
2024,20240002,Mathieu Van Der Poel,9,Stage 9,50,0,0,0,0,0,0,0,50
2024,20240002,Mathieu Van Der Poel,10,Stage 10,25,0,0,0,0,0,0,8,33
2024,20240002,Mathieu Van Der Poel,11,Stage 11,0,0,0,0,0,0,0,0,0
2024,20240002,Mathieu Van Der Poel,12,Stage 12,0,0,0,0,0,0,0,0,0
2024,20240002,Mathieu Van Der Poel,13,Stage 13,0,0,0,0,0,0,0,8,8
2024,20240002,Mathieu Van Der Poel,14,Stage 14,0,0,0,0,5,0,20,0,25
2024,20240002,Mathieu Van Der Poel,15,Stage 15,0,0,0,0,0,0,0,0,0
2024,20240002,Mathieu Van Der Poel,16,Stage 16,40,0,0,0,2,0,0,8,50
2024,20240002,Mathieu Van Der Poel,17,Stage 17,0,0,0,0,0,0,0,0,0
2024,20240002,Mathieu Van Der Poel,18,Stage 18,0,0,0,0,0,0,0,0,0
2024,20240002,Mathieu Van Der Poel,19,Stage 19,0,0,0,0,0,0,0,0,0
2024,20240002,Mathieu Van Der Poel,20,Stage 20,0,0,0,0,0,0,0,0,0
2024,20240002,Mathieu Van Der Poel,21,Stage 21,0,0,0,0,0,0,0,0,0
2024,20240002,Mathieu Van Der Poel,22,Final Classifications,0,0,0,0,0,0,0,0,0
2024,20240867,Tobias Halland Johannessen,1,Stage 1,0,0,0,0,0,0,0,0,0
2024,20240867,Tobias Halland Johannessen,2,Stage 2,0,0,0,0,0,0,0,4,4
2024,20240867,Tobias Halland Johannessen,3,Stage 3,0,0,0,0,0,0,0,0,0
2024,20240867,Tobias Halland Johannessen,4,Stage 4,0,0,0,0,0,0,20,0,20
2024,20240867,Tobias Halland Johannessen,5,Stage 5,0,0,0,0,0,0,0,2,2
2024,20240867,Tobias Halland Johannessen,6,Stage 6,0,0,0,0,0,0,0,0,0
2024,20240867,Tobias Halland Johannessen,7,Stage 7,0,0,0,0,0,0,0,0,0
2024,20240867,Tobias Halland Johannessen,8,Stage 8,0,0,0,0,0,0,0,0,0
2024,20240867,Tobias Halland Johannessen,9,Stage 9,0,0,0,0,0,0,0,0,0
2024,20240867,Tobias Halland Johannessen,10,Stage 10,0,0,0,0,0,0,0,0,0
2024,20240867,Tobias Halland Johannessen,11,Stage 11,0,0,0,0,0,0,0,0,0
2024,20240867,Tobias Halland Johannessen,12,Stage 12,0,0,0,0,0,0,0,0,0
2024,20240867,Tobias Halland Johannessen,13,Stage 13,0,0,0,0,0,0,0,0,0
2024,20240867,Tobias Halland Johannessen,14,Stage 14,0,0,0,0,0,0,0,0,0
2024,20240867,Tobias Halland Johannessen,15,Stage 15,50,0,0,0,3,17,20,0,88
2024,20240867,Tobias Halland Johannessen,16,Stage 16,0,0,0,0,0,0,0,2,2
2024,20240867,Tobias Halland Johannessen,17,Stage 17,0,0,0,0,0,0,0,0,0
2024,20240867,Tobias Halland Johannessen,18,Stage 18,12,0,0,0,0,0,0,0,12
2024,20240867,Tobias Halland Johannessen,19,Stage 19,0,0,0,0,0,0,0,0,0
2024,20240867,Tobias Halland Johannessen,20,Stage 20,50,0,0,0,16,0,20,0,86
2024,20240867,Tobias Halland Johannessen,21,Stage 21,0,0,0,0,0,0,0,0,0
2024,20240867,Tobias Halland Johannessen,22,Final Classifications,0,0,0,0,0,0,0,0,0
2024,20240871,Magnus Cort,1,Stage 1,0,0,0,0,0,0,0,0,0
2024,20240871,Magnus Cort,2,Stage 2,0,0,0,0,0,0,0,4,4
2024,20240871,Magnus Cort,3,Stage 3,0,0,0,0,0,0,0,0,0
2024,20240871,Magnus Cort,4,Stage 4,0,0,0,0,0,0,0,0,0
2024,20240871,Magnus Cort,5,Stage 5,0,0,0,0,0,0,0,2,2
2024,20240871,Magnus Cort,6,Stage 6,0,0,0,0,0,0,0,0,0
2024,20240871,Magnus Cort,7,Stage 7,0,0,0,0,0,0,0,0,0
2024,20240871,Magnus Cort,8,Stage 8,0,0,0,0,0,0,0,0,0
2024,20240871,Magnus Cort,9,Stage 9,0,0,0,0,0,0,0,0,0
2024,20240871,Magnus Cort,10,Stage 10,0,0,0,0,0,0,0,0,0
2024,20240871,Magnus Cort,11,Stage 11,0,0,0,0,3,0,0,0,3
2024,20240871,Magnus Cort,12,Stage 12,0,0,0,0,0,0,0,0,0
2024,20240871,Magnus Cort,13,Stage 13,0,0,0,0,12,0,20,0,32
2024,20240871,Magnus Cort,14,Stage 14,0,0,0,0,8,0,20,0,28
2024,20240871,Magnus Cort,15,Stage 15,0,0,0,0,4,0,0,0,4
2024,20240871,Magnus Cort,16,Stage 16,0,0,0,0,0,0,0,2,2
2024,20240871,Magnus Cort,17,Stage 17,95,0,0,0,20,0,20,0,135
2024,20240871,Magnus Cort,18,Stage 18,0,0,0,0,0,0,0,0,0
2024,20240871,Magnus Cort,19,Stage 19,0,0,0,0,2,0,0,0,2
2024,20240871,Magnus Cort,20,Stage 20,0,0,0,0,0,0,0,0,0
2024,20240871,Magnus Cort,21,Stage 21,0,0,0,0,0,0,0,0,0
2024,20240871,Magnus Cort,22,Final Classifications,0,0,0,0,0,0,0,0,0
2024,20240234,Valentin Madouas,1,Stage 1,0,0,0,8,8,0,20,0,36
2024,20240234,Valentin Madouas,2,Stage 2,0,0,0,8,0,0,0,2,10
2024,20240234,Valentin Madouas,3,Stage 3,0,0,0,8,0,0,0,0,8
2024,20240234,Valentin Madouas,4,Stage 4,0,0,0,6,0,0,20,0,26
2024,20240234,Valentin Madouas,5,Stage 5,0,0,0,6,0,0,0,0,6
2024,20240234,Valentin Madouas,6,Stage 6,0,0,0,6,0,0,0,0,6
2024,20240234,Valentin Madouas,7,Stage 7,0,0,0,6,0,0,0,0,6
2024,20240234,Valentin Madouas,8,Stage 8,0,0,0,6,0,0,0,0,6
2024,20240234,Valentin Madouas,9,Stage 9,0,0,0,6,0,0,0,0,6
2024,20240234,Valentin Madouas,10,Stage 10,0,0,0,6,0,0,0,0,6
2024,20240234,Valentin Madouas,11,Stage 11,0,0,0,2,0,0,0,0,2
2024,20240234,Valentin Madouas,12,Stage 12,0,0,0,2,8,0,20,0,30
2024,20240234,Valentin Madouas,13,Stage 13,4,0,0,2,0,0,0,0,6
2024,20240234,Valentin Madouas,14,Stage 14,0,0,0,0,0,0,0,0,0
2024,20240234,Valentin Madouas,15,Stage 15,0,0,0,0,0,0,0,0,0
2024,20240234,Valentin Madouas,16,Stage 16,0,0,0,0,0,0,0,0,0
2024,20240234,Valentin Madouas,17,Stage 17,20,0,0,0,0,0,0,0,20
2024,20240234,Valentin Madouas,18,Stage 18,0,0,0,0,6,0,0,0,6
2024,20240234,Valentin Madouas,19,Stage 19,0,0,0,0,0,0,0,0,0
2024,20240234,Valentin Madouas,20,Stage 20,0,0,0,0,0,0,0,0,0
2024,20240234,Valentin Madouas,21,Stage 21,0,0,0,0,0,0,0,0,0
2024,20240234,Valentin Madouas,22,Final Classifications,0,30,0,0,0,0,0,0,30
2024,20240408,Oscar Onley,1,Stage 1,0,0,0,0,0,0,0,32,32
2024,20240408,Oscar Onley,2,Stage 2,0,0,0,0,0,0,0,0,0
2024,20240408,Oscar Onley,3,Stage 3,0,0,0,0,0,0,0,0,0
2024,20240408,Oscar Onley,4,Stage 4,0,0,0,0,0,0,0,0,0
2024,20240408,Oscar Onley,5,Stage 5,0,0,0,0,0,0,0,0,0
2024,20240408,Oscar Onley,6,Stage 6,0,0,0,0,0,0,0,0,0
2024,20240408,Oscar Onley,7,Stage 7,0,0,0,0,0,0,0,0,0
2024,20240408,Oscar Onley,8,Stage 8,0,0,0,0,0,0,0,0,0
2024,20240408,Oscar Onley,9,Stage 9,0,0,0,0,0,0,0,0,0
2024,20240408,Oscar Onley,10,Stage 10,0,0,0,0,0,0,0,0,0
2024,20240408,Oscar Onley,11,Stage 11,0,0,0,0,0,0,20,0,20
2024,20240408,Oscar Onley,12,Stage 12,0,0,0,0,0,0,0,0,0
2024,20240408,Oscar Onley,13,Stage 13,0,0,0,0,0,0,0,0,0
2024,20240408,Oscar Onley,14,Stage 14,0,0,0,0,0,0,0,0,0
2024,20240408,Oscar Onley,15,Stage 15,0,0,0,0,0,0,20,0,20
2024,20240408,Oscar Onley,16,Stage 16,0,0,0,0,0,0,0,0,0
2024,20240408,Oscar Onley,17,Stage 17,120,0,0,0,0,2,0,0,122
2024,20240408,Oscar Onley,18,Stage 18,0,0,0,0,0,0,0,0,0
2024,20240408,Oscar Onley,19,Stage 19,0,0,0,0,0,10,0,0,10
2024,20240408,Oscar Onley,20,Stage 20,0,0,0,0,0,0,0,0,0
2024,20240408,Oscar Onley,21,Stage 21,0,0,0,0,0,0,0,0,0
2024,20240408,Oscar Onley,22,Final Classifications,0,0,0,0,0,0,0,0,0
2024,20240298,Louis Meintjes,1,Stage 1,0,0,0,0,0,0,0,0,0
2024,20240298,Louis Meintjes,2,Stage 2,0,0,0,0,0,0,0,0,0
2024,20240298,Louis Meintjes,3,Stage 3,0,0,0,0,0,0,0,8,8
2024,20240298,Louis Meintjes,4,Stage 4,0,0,0,0,0,0,0,0,0
2024,20240298,Louis Meintjes,5,Stage 5,0,0,0,0,0,0,0,0,0
2024,20240298,Louis Meintjes,6,Stage 6,0,0,0,0,0,0,0,4,4
2024,20240298,Louis Meintjes,7,Stage 7,0,0,0,0,0,0,0,0,0
2024,20240298,Louis Meintjes,8,Stage 8,0,0,0,0,0,0,0,8,8
2024,20240298,Louis Meintjes,9,Stage 9,0,0,0,0,0,0,0,0,0
2024,20240298,Louis Meintjes,10,Stage 10,0,0,0,0,0,0,0,4,4
2024,20240298,Louis Meintjes,11,Stage 11,0,0,0,0,0,0,0,0,0
2024,20240298,Louis Meintjes,12,Stage 12,0,0,0,0,0,0,0,8,8
2024,20240298,Louis Meintjes,13,Stage 13,0,0,0,0,0,0,0,0,0
2024,20240298,Louis Meintjes,14,Stage 14,25,0,0,0,0,10,20,0,55
2024,20240298,Louis Meintjes,15,Stage 15,0,0,0,0,16,0,0,0,16
2024,20240298,Louis Meintjes,16,Stage 16,0,0,0,0,0,0,0,0,0
2024,20240298,Louis Meintjes,17,Stage 17,35,0,0,0,0,0,0,0,35
2024,20240298,Louis Meintjes,18,Stage 18,0,1,0,0,0,0,0,0,1
2024,20240298,Louis Meintjes,19,Stage 19,0,2,0,0,0,0,0,0,2
2024,20240298,Louis Meintjes,20,Stage 20,0,2,0,0,0,0,0,0,2
2024,20240298,Louis Meintjes,21,Stage 21,0,1,0,0,0,0,0,0,1
2024,20240298,Louis Meintjes,22,Final Classifications,0,55,0,0,0,0,0,0,55
2024,20240822,Steff Cras,1,Stage 1,0,0,0,0,0,0,0,0,0
2024,20240822,Steff Cras,2,Stage 2,0,0,0,0,0,0,0,0,0
2024,20240822,Steff Cras,3,Stage 3,0,0,0,0,0,0,0,0,0
2024,20240822,Steff Cras,4,Stage 4,0,0,0,0,0,0,0,0,0
2024,20240822,Steff Cras,5,Stage 5,0,0,0,0,0,0,0,0,0
2024,20240822,Steff Cras,6,Stage 6,0,0,0,0,0,0,0,0,0
2024,20240822,Steff Cras,7,Stage 7,0,0,0,0,0,0,0,0,0
2024,20240822,Steff Cras,8,Stage 8,0,0,0,0,0,0,0,0,0
2024,20240822,Steff Cras,9,Stage 9,0,0,0,0,0,0,0,8,8
2024,20240822,Steff Cras,10,Stage 10,0,1,0,0,0,0,0,0,1
2024,20240822,Steff Cras,11,Stage 11,8,4,0,0,0,0,0,0,12
2024,20240822,Steff Cras,12,Stage 12,0,4,0,0,0,0,0,0,4
2024,20240822,Steff Cras,13,Stage 13,0,6,0,0,0,0,0,0,6
2024,20240822,Steff Cras,14,Stage 14,0,6,0,0,0,0,0,0,6
2024,20240822,Steff Cras,15,Stage 15,0,6,0,0,0,0,0,0,6
2024,20240822,Steff Cras,16,Stage 16,0,6,0,0,0,0,0,0,6
2024,20240822,Steff Cras,17,Stage 17,25,7,0,0,0,0,0,0,32
2024,20240822,Steff Cras,18,Stage 18,0,9,0,0,0,0,0,4,13
2024,20240822,Steff Cras,19,Stage 19,0,6,0,0,0,0,0,0,6
2024,20240822,Steff Cras,20,Stage 20,0,4,0,0,0,0,0,0,4
2024,20240822,Steff Cras,21,Stage 21,0,5,0,0,0,0,0,0,5
2024,20240822,Steff Cras,22,Final Classifications,0,90,0,0,0,0,0,0,90
2024,20240479,Jan Tratnik,1,Stage 1,0,0,0,0,0,0,0,8,8
2024,20240479,Jan Tratnik,2,Stage 2,0,0,0,0,0,0,0,2,2
2024,20240479,Jan Tratnik,3,Stage 3,0,0,0,0,0,0,0,0,0
2024,20240479,Jan Tratnik,4,Stage 4,0,0,0,0,0,0,0,2,2
2024,20240479,Jan Tratnik,5,Stage 5,0,0,0,0,0,0,0,2,2
2024,20240479,Jan Tratnik,6,Stage 6,0,0,0,0,0,0,0,2,2
2024,20240479,Jan Tratnik,7,Stage 7,0,0,0,0,0,0,0,0,0
2024,20240479,Jan Tratnik,8,Stage 8,0,0,0,0,0,0,0,2,2
2024,20240479,Jan Tratnik,9,Stage 9,0,0,0,0,0,0,0,2,2
2024,20240479,Jan Tratnik,10,Stage 10,0,0,0,0,0,0,0,2,2
2024,20240479,Jan Tratnik,11,Stage 11,0,0,0,0,0,0,0,10,10
2024,20240479,Jan Tratnik,12,Stage 12,0,0,0,0,0,0,0,6,6
2024,20240479,Jan Tratnik,13,Stage 13,0,0,0,0,0,0,0,6,6
2024,20240479,Jan Tratnik,14,Stage 14,0,0,0,0,0,0,0,10,10
2024,20240479,Jan Tratnik,15,Stage 15,0,0,0,0,0,0,0,12,12
2024,20240479,Jan Tratnik,16,Stage 16,0,0,0,0,0,0,0,8,8
2024,20240479,Jan Tratnik,17,Stage 17,0,0,0,0,0,0,0,8,8
2024,20240479,Jan Tratnik,18,Stage 18,0,0,0,0,0,0,0,8,8
2024,20240479,Jan Tratnik,19,Stage 19,0,0,0,0,0,0,0,12,12
2024,20240479,Jan Tratnik,20,Stage 20,0,0,0,0,5,10,20,12,47
2024,20240479,Jan Tratnik,21,Stage 21,0,0,0,0,0,0,0,0,0
2024,20240479,Jan Tratnik,22,Final Classifications,0,0,0,0,0,0,0,40,40
2024,20240060,Alexey Lutsenko,1,Stage 1,0,0,0,0,0,0,0,0,0
2024,20240060,Alexey Lutsenko,2,Stage 2,0,0,0,0,0,0,0,0,0
2024,20240060,Alexey Lutsenko,3,Stage 3,0,0,0,0,0,0,0,0,0
2024,20240060,Alexey Lutsenko,4,Stage 4,0,0,0,0,4,0,20,0,24
2024,20240060,Alexey Lutsenko,5,Stage 5,0,0,0,0,0,0,0,8,8
2024,20240060,Alexey Lutsenko,6,Stage 6,0,0,0,0,0,0,0,0,0
2024,20240060,Alexey Lutsenko,7,Stage 7,0,0,0,0,0,0,0,0,0
2024,20240060,Alexey Lutsenko,8,Stage 8,0,0,0,0,0,0,0,0,0
2024,20240060,Alexey Lutsenko,9,Stage 9,110,0,0,0,2,0,20,0,132
2024,20240060,Alexey Lutsenko,10,Stage 10,0,0,0,0,0,0,0,0,0
2024,20240060,Alexey Lutsenko,11,Stage 11,0,0,0,0,0,0,0,0,0
2024,20240060,Alexey Lutsenko,12,Stage 12,0,0,0,0,0,0,0,0,0
2024,20240060,Alexey Lutsenko,13,Stage 13,0,0,0,0,0,0,0,0,0
2024,20240060,Alexey Lutsenko,14,Stage 14,0,0,0,0,0,4,20,0,24
2024,20240060,Alexey Lutsenko,15,Stage 15,0,0,0,0,0,0,0,0,0
2024,20240060,Alexey Lutsenko,16,Stage 16,0,0,0,0,0,0,0,0,0
2024,20240060,Alexey Lutsenko,17,Stage 17,0,0,0,0,0,0,0,0,0
2024,20240060,Alexey Lutsenko,18,Stage 18,0,0,0,0,0,0,0,0,0
2024,20240060,Alexey Lutsenko,19,Stage 19,0,0,0,0,0,0,0,0,0
2024,20240060,Alexey Lutsenko,20,Stage 20,0,0,0,0,0,0,0,0,0
2024,20240060,Alexey Lutsenko,21,Stage 21,0,0,0,0,0,0,0,0,0
2024,20240060,Alexey Lutsenko,22,Final Classifications,0,0,0,0,0,0,0,0,0
2024,20240467,Tiesj Benoot,1,Stage 1,0,0,0,0,0,0,0,8,8
2024,20240467,Tiesj Benoot,2,Stage 2,0,0,0,0,0,0,0,2,2
2024,20240467,Tiesj Benoot,3,Stage 3,0,0,0,0,0,0,0,0,0
2024,20240467,Tiesj Benoot,4,Stage 4,0,0,0,0,0,0,0,2,2
2024,20240467,Tiesj Benoot,5,Stage 5,0,0,0,0,0,0,0,2,2
2024,20240467,Tiesj Benoot,6,Stage 6,0,0,0,0,0,0,0,2,2
2024,20240467,Tiesj Benoot,7,Stage 7,0,0,0,0,0,0,0,0,0
2024,20240467,Tiesj Benoot,8,Stage 8,0,0,0,0,0,0,0,2,2
2024,20240467,Tiesj Benoot,9,Stage 9,0,0,0,0,0,0,0,2,2
2024,20240467,Tiesj Benoot,10,Stage 10,0,0,0,0,0,0,0,2,2
2024,20240467,Tiesj Benoot,11,Stage 11,0,0,0,0,0,0,0,10,10
2024,20240467,Tiesj Benoot,12,Stage 12,0,0,0,0,0,0,0,6,6
2024,20240467,Tiesj Benoot,13,Stage 13,0,0,0,0,0,0,0,6,6
2024,20240467,Tiesj Benoot,14,Stage 14,0,0,0,0,0,0,0,10,10
2024,20240467,Tiesj Benoot,15,Stage 15,0,0,0,0,0,0,0,12,12
2024,20240467,Tiesj Benoot,16,Stage 16,0,0,0,0,0,0,0,8,8
2024,20240467,Tiesj Benoot,17,Stage 17,0,0,0,0,12,0,20,8,40
2024,20240467,Tiesj Benoot,18,Stage 18,0,0,0,0,0,0,0,8,8
2024,20240467,Tiesj Benoot,19,Stage 19,0,0,0,0,0,0,0,12,12
2024,20240467,Tiesj Benoot,20,Stage 20,0,0,0,0,0,0,0,12,12
2024,20240467,Tiesj Benoot,21,Stage 21,0,0,0,0,0,0,0,0,0
2024,20240467,Tiesj Benoot,22,Final Classifications,0,0,0,0,0,0,0,40,40
2024,20240290,Gerben Thijssen,1,Stage 1,0,0,0,0,0,0,0,0,0
2024,20240290,Gerben Thijssen,2,Stage 2,0,0,0,0,0,0,0,0,0
2024,20240290,Gerben Thijssen,3,Stage 3,20,0,0,0,0,0,0,8,28
2024,20240290,Gerben Thijssen,4,Stage 4,0,0,0,0,0,0,0,0,0
2024,20240290,Gerben Thijssen,5,Stage 5,80,0,0,0,0,0,0,0,80
2024,20240290,Gerben Thijssen,6,Stage 6,35,0,0,0,0,0,0,4,39
2024,20240290,Gerben Thijssen,7,Stage 7,0,0,0,0,0,0,0,0,0
2024,20240290,Gerben Thijssen,8,Stage 8,0,0,0,0,12,0,0,8,20
2024,20240290,Gerben Thijssen,9,Stage 9,0,0,0,0,0,0,0,0,0
2024,20240290,Gerben Thijssen,10,Stage 10,0,0,0,0,4,0,0,4,8
2024,20240290,Gerben Thijssen,11,Stage 11,0,0,0,0,0,0,0,0,0
2024,20240290,Gerben Thijssen,12,Stage 12,0,0,0,0,0,0,0,8,8
2024,20240290,Gerben Thijssen,13,Stage 13,0,0,0,0,0,0,0,0,0
2024,20240290,Gerben Thijssen,14,Stage 14,0,0,0,0,0,0,0,0,0
2024,20240290,Gerben Thijssen,15,Stage 15,0,0,0,0,0,0,0,0,0
2024,20240290,Gerben Thijssen,16,Stage 16,0,0,0,0,0,0,0,0,0
2024,20240290,Gerben Thijssen,17,Stage 17,0,0,0,0,0,0,0,0,0
2024,20240290,Gerben Thijssen,18,Stage 18,0,0,0,0,0,0,0,0,0
2024,20240290,Gerben Thijssen,19,Stage 19,0,0,0,0,0,0,0,0,0
2024,20240290,Gerben Thijssen,20,Stage 20,0,0,0,0,0,0,0,0,0
2024,20240290,Gerben Thijssen,21,Stage 21,0,0,0,0,0,0,0,0,0
2024,20240290,Gerben Thijssen,22,Final Classifications,0,0,0,0,0,0,0,0,0
2024,20240355,Nelson Oliveira,1,Stage 1,0,0,0,0,0,0,0,0,0
2024,20240355,Nelson Oliveira,2,Stage 2,110,0,0,0,8,0,20,8,146
2024,20240355,Nelson Oliveira,3,Stage 3,0,0,0,0,0,0,0,12,12
2024,20240355,Nelson Oliveira,4,Stage 4,0,0,0,0,0,0,0,0,0
2024,20240355,Nelson Oliveira,5,Stage 5,0,0,0,0,0,0,0,0,0
2024,20240355,Nelson Oliveira,6,Stage 6,0,0,0,0,0,0,0,2,2
2024,20240355,Nelson Oliveira,7,Stage 7,20,0,0,0,0,0,0,0,20
2024,20240355,Nelson Oliveira,8,Stage 8,0,0,0,0,0,0,0,0,0
2024,20240355,Nelson Oliveira,9,Stage 9,0,0,0,0,0,0,0,0,0
2024,20240355,Nelson Oliveira,10,Stage 10,0,0,0,0,0,0,0,0,0
2024,20240355,Nelson Oliveira,11,Stage 11,0,0,0,0,0,0,0,0,0
2024,20240355,Nelson Oliveira,12,Stage 12,0,0,0,0,0,0,0,0,0
2024,20240355,Nelson Oliveira,13,Stage 13,0,0,0,0,0,0,0,0,0
2024,20240355,Nelson Oliveira,14,Stage 14,0,0,0,0,0,0,0,0,0
2024,20240355,Nelson Oliveira,15,Stage 15,0,0,0,0,0,0,0,0,0
2024,20240355,Nelson Oliveira,16,Stage 16,0,0,0,0,0,0,0,0,0
2024,20240355,Nelson Oliveira,17,Stage 17,0,0,0,0,0,0,0,2,2
2024,20240355,Nelson Oliveira,18,Stage 18,0,0,0,0,0,0,0,0,0
2024,20240355,Nelson Oliveira,19,Stage 19,0,0,0,0,0,0,0,0,0
2024,20240355,Nelson Oliveira,20,Stage 20,0,0,0,0,0,0,0,0,0
2024,20240355,Nelson Oliveira,21,Stage 21,0,0,0,0,0,0,0,0,0
2024,20240355,Nelson Oliveira,22,Final Classifications,0,0,0,0,0,0,0,0,0
2024,20240437,Michael Matthews,1,Stage 1,0,0,0,0,0,0,0,0,0
2024,20240437,Michael Matthews,2,Stage 2,0,0,0,0,0,0,0,0,0
2024,20240437,Michael Matthews,3,Stage 3,0,0,0,0,0,0,0,0,0
2024,20240437,Michael Matthews,4,Stage 4,0,0,0,0,0,0,0,0,0
2024,20240437,Michael Matthews,5,Stage 5,0,0,0,0,0,0,0,0,0
2024,20240437,Michael Matthews,6,Stage 6,0,0,0,0,0,0,0,8,8
2024,20240437,Michael Matthews,7,Stage 7,0,0,0,0,0,0,0,0,0
2024,20240437,Michael Matthews,8,Stage 8,0,0,0,0,0,0,0,0,0
2024,20240437,Michael Matthews,9,Stage 9,60,0,0,0,0,0,0,0,60
2024,20240437,Michael Matthews,10,Stage 10,0,0,0,0,0,0,0,0,0
2024,20240437,Michael Matthews,11,Stage 11,0,0,0,0,0,0,0,0,0
2024,20240437,Michael Matthews,12,Stage 12,0,0,0,0,0,0,0,0,0
2024,20240437,Michael Matthews,13,Stage 13,0,0,0,0,0,0,0,0,0
2024,20240437,Michael Matthews,14,Stage 14,0,0,0,0,0,0,0,0,0
2024,20240437,Michael Matthews,15,Stage 15,0,0,0,0,20,0,0,0,20
2024,20240437,Michael Matthews,16,Stage 16,0,0,0,0,0,0,0,0,0
2024,20240437,Michael Matthews,17,Stage 17,0,0,0,0,0,0,0,4,4
2024,20240437,Michael Matthews,18,Stage 18,60,0,0,0,20,0,0,0,80
2024,20240437,Michael Matthews,19,Stage 19,0,0,0,0,0,0,0,2,2
2024,20240437,Michael Matthews,20,Stage 20,0,0,0,0,0,0,0,0,0
2024,20240437,Michael Matthews,21,Stage 21,0,0,0,0,0,0,0,0,0
2024,20240437,Michael Matthews,22,Final Classifications,0,0,0,0,0,0,0,0,0
2024,20240464,Christophe Laporte,1,Stage 1,0,0,0,0,0,0,0,8,8
2024,20240464,Christophe Laporte,2,Stage 2,0,0,0,0,0,0,0,2,2
2024,20240464,Christophe Laporte,3,Stage 3,0,0,0,0,0,0,0,0,0
2024,20240464,Christophe Laporte,4,Stage 4,0,0,0,0,0,0,0,2,2
2024,20240464,Christophe Laporte,5,Stage 5,0,0,0,0,0,0,0,2,2
2024,20240464,Christophe Laporte,6,Stage 6,0,0,0,0,0,0,0,2,2
2024,20240464,Christophe Laporte,7,Stage 7,0,0,0,0,0,0,0,0,0
2024,20240464,Christophe Laporte,8,Stage 8,0,0,0,0,0,0,0,2,2
2024,20240464,Christophe Laporte,9,Stage 9,0,0,0,0,0,0,0,2,2
2024,20240464,Christophe Laporte,10,Stage 10,0,0,0,0,0,0,0,2,2
2024,20240464,Christophe Laporte,11,Stage 11,0,0,0,0,0,0,0,10,10
2024,20240464,Christophe Laporte,12,Stage 12,0,0,0,0,0,0,0,6,6
2024,20240464,Christophe Laporte,13,Stage 13,20,0,0,0,0,0,0,6,26
2024,20240464,Christophe Laporte,14,Stage 14,0,0,0,0,0,0,0,10,10
2024,20240464,Christophe Laporte,15,Stage 15,0,0,0,0,0,0,0,12,12
2024,20240464,Christophe Laporte,16,Stage 16,0,0,0,0,0,0,0,8,8
2024,20240464,Christophe Laporte,17,Stage 17,0,0,0,0,0,0,0,8,8
2024,20240464,Christophe Laporte,18,Stage 18,0,0,0,0,0,0,0,8,8
2024,20240464,Christophe Laporte,19,Stage 19,0,0,0,0,0,0,0,12,12
2024,20240464,Christophe Laporte,20,Stage 20,0,0,0,0,0,0,0,12,12
2024,20240464,Christophe Laporte,21,Stage 21,0,0,0,0,0,0,0,0,0
2024,20240464,Christophe Laporte,22,Final Classifications,0,0,0,0,0,0,0,40,40
2024,20240825,Jordan Jegat,1,Stage 1,0,0,0,0,0,0,0,0,0
2024,20240825,Jordan Jegat,2,Stage 2,50,0,0,0,1,0,20,0,71
2024,20240825,Jordan Jegat,3,Stage 3,0,0,0,0,0,0,0,0,0
2024,20240825,Jordan Jegat,4,Stage 4,0,0,0,0,0,0,0,0,0
2024,20240825,Jordan Jegat,5,Stage 5,0,0,0,0,0,0,0,0,0
2024,20240825,Jordan Jegat,6,Stage 6,0,0,0,0,0,0,0,0,0
2024,20240825,Jordan Jegat,7,Stage 7,0,0,0,0,0,0,0,0,0
2024,20240825,Jordan Jegat,8,Stage 8,0,0,0,0,0,0,0,0,0
2024,20240825,Jordan Jegat,9,Stage 9,0,0,0,0,0,0,0,8,8
2024,20240825,Jordan Jegat,10,Stage 10,0,0,0,0,0,0,0,0,0
2024,20240825,Jordan Jegat,11,Stage 11,0,0,0,0,0,0,0,0,0
2024,20240825,Jordan Jegat,12,Stage 12,0,0,0,0,0,0,0,0,0
2024,20240825,Jordan Jegat,13,Stage 13,0,0,0,0,0,0,0,0,0
2024,20240825,Jordan Jegat,14,Stage 14,0,0,0,0,0,0,0,0,0
2024,20240825,Jordan Jegat,15,Stage 15,0,0,0,0,0,0,0,0,0
2024,20240825,Jordan Jegat,16,Stage 16,0,0,0,0,0,0,0,0,0
2024,20240825,Jordan Jegat,17,Stage 17,70,0,0,0,0,0,0,0,70
2024,20240825,Jordan Jegat,18,Stage 18,4,0,0,0,0,0,0,4,8
2024,20240825,Jordan Jegat,19,Stage 19,0,0,0,0,0,0,0,0,0
2024,20240825,Jordan Jegat,20,Stage 20,0,0,0,0,0,0,0,0,0
2024,20240825,Jordan Jegat,21,Stage 21,0,0,0,0,0,0,0,0,0
2024,20240825,Jordan Jegat,22,Final Classifications,0,15,0,0,0,0,0,0,15
2024,20240338,Julien Bernard,1,Stage 1,0,0,0,0,0,0,0,0,0
2024,20240338,Julien Bernard,2,Stage 2,0,0,0,0,0,0,0,0,0
2024,20240338,Julien Bernard,3,Stage 3,0,0,0,0,0,0,0,0,0
2024,20240338,Julien Bernard,4,Stage 4,0,0,0,0,0,0,20,0,20
2024,20240338,Julien Bernard,5,Stage 5,0,0,0,0,0,0,0,0,0
2024,20240338,Julien Bernard,6,Stage 6,0,0,0,0,0,0,0,0,0
2024,20240338,Julien Bernard,7,Stage 7,0,0,0,0,0,0,0,0,0
2024,20240338,Julien Bernard,8,Stage 8,0,0,0,0,0,0,0,0,0
2024,20240338,Julien Bernard,9,Stage 9,0,0,0,0,0,0,0,0,0
2024,20240338,Julien Bernard,10,Stage 10,0,0,0,0,0,0,0,0,0
2024,20240338,Julien Bernard,11,Stage 11,0,0,0,0,0,0,20,0,20
2024,20240338,Julien Bernard,12,Stage 12,0,0,0,0,0,0,0,0,0
2024,20240338,Julien Bernard,13,Stage 13,0,0,0,0,16,0,20,0,36
2024,20240338,Julien Bernard,14,Stage 14,0,0,0,0,0,0,0,0,0
2024,20240338,Julien Bernard,15,Stage 15,0,0,0,0,0,0,0,0,0
2024,20240338,Julien Bernard,16,Stage 16,0,0,0,0,0,0,0,0,0
2024,20240338,Julien Bernard,17,Stage 17,12,0,0,0,0,0,0,0,12
2024,20240338,Julien Bernard,18,Stage 18,25,0,0,0,0,0,0,0,25
2024,20240338,Julien Bernard,19,Stage 19,0,0,0,0,0,0,0,0,0
2024,20240338,Julien Bernard,20,Stage 20,0,0,0,0,0,0,0,0,0
2024,20240338,Julien Bernard,21,Stage 21,0,0,0,0,0,0,0,0,0
2024,20240338,Julien Bernard,22,Final Classifications,0,45,0,0,0,0,0,0,55
2024,20240237,Romain Grégoire,1,Stage 1,0,0,0,0,0,0,0,0,0
2024,20240237,Romain Grégoire,2,Stage 2,20,0,0,0,0,0,0,2,22
2024,20240237,Romain Grégoire,3,Stage 3,0,0,0,0,0,0,0,0,0
2024,20240237,Romain Grégoire,4,Stage 4,0,0,0,0,0,0,20,0,20
2024,20240237,Romain Grégoire,5,Stage 5,0,0,0,0,0,0,0,0,0
2024,20240237,Romain Grégoire,6,Stage 6,0,0,0,0,0,0,0,0,0
2024,20240237,Romain Grégoire,7,Stage 7,4,0,0,0,0,0,0,0,4
2024,20240237,Romain Grégoire,8,Stage 8,0,0,0,0,0,0,0,0,0
2024,20240237,Romain Grégoire,9,Stage 9,0,0,0,0,0,0,0,0,0
2024,20240237,Romain Grégoire,10,Stage 10,0,0,0,0,0,0,0,0,0
2024,20240237,Romain Grégoire,11,Stage 11,0,0,0,0,0,0,20,0,20
2024,20240237,Romain Grégoire,12,Stage 12,0,0,0,0,0,0,0,0,0
2024,20240237,Romain Grégoire,13,Stage 13,0,0,0,0,20,0,20,0,40
2024,20240237,Romain Grégoire,14,Stage 14,0,0,0,0,0,0,0,0,0
2024,20240237,Romain Grégoire,15,Stage 15,0,0,0,0,0,0,0,0,0
2024,20240237,Romain Grégoire,16,Stage 16,0,0,0,0,0,0,0,0,0
2024,20240237,Romain Grégoire,17,Stage 17,0,0,0,0,16,0,20,0,36
2024,20240237,Romain Grégoire,18,Stage 18,0,0,0,0,0,0,0,0,0
2024,20240237,Romain Grégoire,19,Stage 19,0,0,0,0,0,0,0,0,0
2024,20240237,Romain Grégoire,20,Stage 20,0,0,0,0,0,0,0,0,0
2024,20240237,Romain Grégoire,21,Stage 21,25,0,0,0,0,0,0,0,25
2024,20240237,Romain Grégoire,22,Final Classifications,0,0,0,0,0,0,0,0,0
2024,20240409,John Degenkolb,1,Stage 1,0,0,0,0,0,0,0,32,32
2024,20240409,John Degenkolb,2,Stage 2,0,0,0,0,0,0,0,0,0
2024,20240409,John Degenkolb,3,Stage 3,0,0,0,0,0,0,0,0,0
2024,20240409,John Degenkolb,4,Stage 4,0,0,0,0,0,0,0,0,0
2024,20240409,John Degenkolb,5,Stage 5,0,0,0,0,0,0,0,0,0
2024,20240409,John Degenkolb,6,Stage 6,0,0,0,0,0,0,0,0,0
2024,20240409,John Degenkolb,7,Stage 7,0,0,0,0,0,0,0,0,0
2024,20240409,John Degenkolb,8,Stage 8,0,0,0,0,0,0,0,0,0
2024,20240409,John Degenkolb,9,Stage 9,0,0,0,0,0,0,0,0,0
2024,20240409,John Degenkolb,10,Stage 10,95,0,0,0,0,0,0,0,95
2024,20240409,John Degenkolb,11,Stage 11,0,0,0,0,0,0,0,0,0
2024,20240409,John Degenkolb,12,Stage 12,0,0,0,0,0,0,0,0,0
2024,20240409,John Degenkolb,13,Stage 13,35,0,0,0,0,0,0,0,35
2024,20240409,John Degenkolb,14,Stage 14,0,0,0,0,0,0,0,0,0
2024,20240409,John Degenkolb,15,Stage 15,0,0,0,0,0,0,0,0,0
2024,20240409,John Degenkolb,16,Stage 16,4,0,0,0,0,0,0,0,4
2024,20240409,John Degenkolb,17,Stage 17,0,0,0,0,0,0,0,0,0
2024,20240409,John Degenkolb,18,Stage 18,0,0,0,0,0,0,0,0,0
2024,20240409,John Degenkolb,19,Stage 19,0,0,0,0,0,0,0,0,0
2024,20240409,John Degenkolb,20,Stage 20,0,0,0,0,0,0,0,0,0
2024,20240409,John Degenkolb,21,Stage 21,0,0,0,0,0,0,0,0,0
2024,20240409,John Degenkolb,22,Final Classifications,0,0,0,0,0,0,0,0,0
2024,20240009,Axel Laurance,1,Stage 1,0,0,0,0,0,0,0,0,0
2024,20240009,Axel Laurance,2,Stage 2,95,0,0,0,2,0,20,0,117
2024,20240009,Axel Laurance,3,Stage 3,0,0,0,0,0,0,0,0,0
2024,20240009,Axel Laurance,4,Stage 4,0,0,0,0,0,0,0,0,0
2024,20240009,Axel Laurance,5,Stage 5,0,0,0,0,0,0,0,4,4
2024,20240009,Axel Laurance,6,Stage 6,0,0,0,0,0,0,0,0,0
2024,20240009,Axel Laurance,7,Stage 7,0,0,0,0,0,0,0,0,0
2024,20240009,Axel Laurance,8,Stage 8,12,0,0,0,0,0,0,4,16
2024,20240009,Axel Laurance,9,Stage 9,0,0,0,0,0,0,0,0,0
2024,20240009,Axel Laurance,10,Stage 10,0,0,0,0,0,0,0,8,8
2024,20240009,Axel Laurance,11,Stage 11,0,0,0,0,0,0,0,0,0
2024,20240009,Axel Laurance,12,Stage 12,0,0,0,0,0,0,0,0,0
2024,20240009,Axel Laurance,13,Stage 13,0,0,0,0,2,0,0,8,10
2024,20240009,Axel Laurance,14,Stage 14,0,0,0,0,0,0,0,0,0
2024,20240009,Axel Laurance,15,Stage 15,0,0,0,0,0,0,0,0,0
2024,20240009,Axel Laurance,16,Stage 16,0,0,0,0,0,0,0,8,8
2024,20240009,Axel Laurance,17,Stage 17,0,0,0,0,0,0,0,0,0
2024,20240009,Axel Laurance,18,Stage 18,0,0,0,0,0,0,0,0,0
2024,20240009,Axel Laurance,19,Stage 19,0,0,0,0,0,0,0,0,0
2024,20240009,Axel Laurance,20,Stage 20,0,0,0,0,0,0,0,0,0
2024,20240009,Axel Laurance,21,Stage 21,0,0,0,0,0,0,0,0,0
2024,20240009,Axel Laurance,22,Final Classifications,0,0,0,0,0,0,0,0,0
2024,20240117,Aleksandr Vlasov,1,Stage 1,12,3,0,0,0,0,0,0,15
2024,20240117,Aleksandr Vlasov,2,Stage 2,0,9,0,0,0,0,0,0,9
2024,20240117,Aleksandr Vlasov,3,Stage 3,0,11,0,0,0,0,0,0,11
2024,20240117,Aleksandr Vlasov,4,Stage 4,20,7,0,0,0,0,0,0,27
2024,20240117,Aleksandr Vlasov,5,Stage 5,0,7,0,0,0,0,0,0,7
2024,20240117,Aleksandr Vlasov,6,Stage 6,0,7,0,0,0,0,0,0,7
2024,20240117,Aleksandr Vlasov,7,Stage 7,50,11,0,0,0,0,0,0,61
2024,20240117,Aleksandr Vlasov,8,Stage 8,0,11,0,0,0,0,0,2,13
2024,20240117,Aleksandr Vlasov,9,Stage 9,0,10,0,0,0,0,0,0,10
2024,20240117,Aleksandr Vlasov,10,Stage 10,0,0,0,0,0,0,0,0,0
2024,20240117,Aleksandr Vlasov,11,Stage 11,0,0,0,0,0,0,0,0,0
2024,20240117,Aleksandr Vlasov,12,Stage 12,0,0,0,0,0,0,0,0,0
2024,20240117,Aleksandr Vlasov,13,Stage 13,0,0,0,0,0,0,0,0,0
2024,20240117,Aleksandr Vlasov,14,Stage 14,0,0,0,0,0,0,0,0,0
2024,20240117,Aleksandr Vlasov,15,Stage 15,0,0,0,0,0,0,0,0,0
2024,20240117,Aleksandr Vlasov,16,Stage 16,0,0,0,0,0,0,0,0,0
2024,20240117,Aleksandr Vlasov,17,Stage 17,0,0,0,0,0,0,0,0,0
2024,20240117,Aleksandr Vlasov,18,Stage 18,0,0,0,0,0,0,0,0,0
2024,20240117,Aleksandr Vlasov,19,Stage 19,0,0,0,0,0,0,0,0,0
2024,20240117,Aleksandr Vlasov,20,Stage 20,0,0,0,0,0,0,0,0,0
2024,20240117,Aleksandr Vlasov,21,Stage 21,0,0,0,0,0,0,0,0,0
2024,20240117,Aleksandr Vlasov,22,Final Classifications,0,0,0,0,0,0,0,0,0
2024,20240089,Pello Bilbao,1,Stage 1,70,12,0,0,0,0,0,0,82
2024,20240089,Pello Bilbao,2,Stage 2,0,13,0,0,0,0,0,0,13
2024,20240089,Pello Bilbao,3,Stage 3,0,15,0,0,0,0,0,0,15
2024,20240089,Pello Bilbao,4,Stage 4,0,5,0,0,0,0,0,0,5
2024,20240089,Pello Bilbao,5,Stage 5,0,5,0,0,0,0,0,0,5
2024,20240089,Pello Bilbao,6,Stage 6,0,4,0,0,0,0,0,0,4
2024,20240089,Pello Bilbao,7,Stage 7,12,5,0,0,0,0,0,0,17
2024,20240089,Pello Bilbao,8,Stage 8,0,5,0,0,0,0,0,0,5
2024,20240089,Pello Bilbao,9,Stage 9,0,5,0,0,0,0,0,0,5
2024,20240089,Pello Bilbao,10,Stage 10,0,6,0,0,0,0,0,0,6
2024,20240089,Pello Bilbao,11,Stage 11,0,0,0,0,0,0,0,0,0
2024,20240089,Pello Bilbao,12,Stage 12,0,0,0,0,0,0,0,0,0
2024,20240089,Pello Bilbao,13,Stage 13,0,0,0,0,0,0,0,0,0
2024,20240089,Pello Bilbao,14,Stage 14,0,0,0,0,0,0,0,0,0
2024,20240089,Pello Bilbao,15,Stage 15,0,0,0,0,0,0,0,0,0
2024,20240089,Pello Bilbao,16,Stage 16,0,0,0,0,0,0,0,0,0
2024,20240089,Pello Bilbao,17,Stage 17,0,0,0,0,0,0,0,0,0
2024,20240089,Pello Bilbao,18,Stage 18,0,0,0,0,0,0,0,0,0
2024,20240089,Pello Bilbao,19,Stage 19,0,0,0,0,0,0,0,0,0
2024,20240089,Pello Bilbao,20,Stage 20,0,0,0,0,0,0,0,0,0
2024,20240089,Pello Bilbao,21,Stage 21,0,0,0,0,0,0,0,0,0
2024,20240089,Pello Bilbao,22,Final Classifications,0,0,0,0,0,0,0,0,0
2024,20240184,Bruno Armirail,1,Stage 1,0,0,0,0,0,0,0,0,0
2024,20240184,Bruno Armirail,2,Stage 2,0,0,0,0,0,0,0,0,0
2024,20240184,Bruno Armirail,3,Stage 3,0,0,0,0,0,0,0,0,0
2024,20240184,Bruno Armirail,4,Stage 4,0,0,0,0,0,0,20,0,20
2024,20240184,Bruno Armirail,5,Stage 5,0,0,0,0,0,0,0,0,0
2024,20240184,Bruno Armirail,6,Stage 6,0,0,0,0,0,0,0,0,0
2024,20240184,Bruno Armirail,7,Stage 7,0,0,0,0,0,0,0,0,0
2024,20240184,Bruno Armirail,8,Stage 8,0,0,0,0,0,0,0,0,0
2024,20240184,Bruno Armirail,9,Stage 9,0,0,0,0,0,0,0,0,0
2024,20240184,Bruno Armirail,10,Stage 10,0,0,0,0,0,0,0,0,0
2024,20240184,Bruno Armirail,11,Stage 11,0,0,0,0,0,0,20,0,20
2024,20240184,Bruno Armirail,12,Stage 12,0,0,0,0,0,0,0,0,0
2024,20240184,Bruno Armirail,13,Stage 13,0,0,0,0,0,0,0,0,0
2024,20240184,Bruno Armirail,14,Stage 14,0,0,0,0,0,20,20,0,40
2024,20240184,Bruno Armirail,15,Stage 15,0,0,0,0,0,0,0,0,0
2024,20240184,Bruno Armirail,16,Stage 16,0,0,0,0,0,0,0,0,0
2024,20240184,Bruno Armirail,17,Stage 17,30,0,0,0,0,0,0,0,30
2024,20240184,Bruno Armirail,18,Stage 18,0,0,0,0,4,0,0,0,4
2024,20240184,Bruno Armirail,19,Stage 19,0,0,0,0,0,0,0,0,0
2024,20240184,Bruno Armirail,20,Stage 20,12,0,0,0,3,6,20,0,41
2024,20240184,Bruno Armirail,21,Stage 21,0,0,0,0,0,0,0,0,0
2024,20240184,Bruno Armirail,22,Final Classifications,0,0,0,0,0,0,0,0,0
2024,20240100,Nikias Arndt,1,Stage 1,0,0,0,0,0,0,0,0,0
2024,20240100,Nikias Arndt,2,Stage 2,0,0,0,0,0,0,0,0,0
2024,20240100,Nikias Arndt,3,Stage 3,0,0,0,0,0,0,0,0,0
2024,20240100,Nikias Arndt,4,Stage 4,0,0,0,0,0,0,0,0,0
2024,20240100,Nikias Arndt,5,Stage 5,0,0,0,0,0,0,0,0,0
2024,20240100,Nikias Arndt,6,Stage 6,0,0,0,0,0,0,0,0,0
2024,20240100,Nikias Arndt,7,Stage 7,0,0,0,0,0,0,0,0,0
2024,20240100,Nikias Arndt,8,Stage 8,30,0,0,0,0,0,0,0,30
2024,20240100,Nikias Arndt,9,Stage 9,0,0,0,0,0,0,0,0,0
2024,20240100,Nikias Arndt,10,Stage 10,0,0,0,0,0,0,0,0,0
2024,20240100,Nikias Arndt,11,Stage 11,0,0,0,0,0,0,0,0,0
2024,20240100,Nikias Arndt,12,Stage 12,0,0,0,0,0,0,0,0,0
2024,20240100,Nikias Arndt,13,Stage 13,120,0,0,0,0,0,0,0,120
2024,20240100,Nikias Arndt,14,Stage 14,0,0,0,0,0,0,0,0,0
2024,20240100,Nikias Arndt,15,Stage 15,0,0,0,0,0,0,0,0,0
2024,20240100,Nikias Arndt,16,Stage 16,0,0,0,0,0,0,0,4,4
2024,20240100,Nikias Arndt,17,Stage 17,0,0,0,0,0,0,0,0,0
2024,20240100,Nikias Arndt,18,Stage 18,0,0,0,0,0,0,0,0,0
2024,20240100,Nikias Arndt,19,Stage 19,0,0,0,0,0,0,0,0,0
2024,20240100,Nikias Arndt,20,Stage 20,0,0,0,0,0,0,0,0,0
2024,20240100,Nikias Arndt,21,Stage 21,0,0,0,0,0,0,0,0,0
2024,20240100,Nikias Arndt,22,Final Classifications,0,0,0,0,0,0,0,0,0
2024,20240870,Søren Wærenskjold,1,Stage 1,0,0,0,0,0,0,0,0,0
2024,20240870,Søren Wærenskjold,2,Stage 2,0,0,0,0,0,0,0,4,4
2024,20240870,Søren Wærenskjold,3,Stage 3,0,0,0,0,0,0,0,0,0
2024,20240870,Søren Wærenskjold,4,Stage 4,0,0,0,0,0,0,0,0,0
2024,20240870,Søren Wærenskjold,5,Stage 5,0,0,0,0,0,0,0,2,2
2024,20240870,Søren Wærenskjold,6,Stage 6,0,0,0,0,0,0,0,0,0
2024,20240870,Søren Wærenskjold,7,Stage 7,0,0,0,0,0,0,0,0,0
2024,20240870,Søren Wærenskjold,8,Stage 8,0,0,0,0,0,0,0,0,0
2024,20240870,Søren Wærenskjold,9,Stage 9,0,0,0,0,0,0,0,0,0
2024,20240870,Søren Wærenskjold,10,Stage 10,0,0,0,0,0,0,0,0,0
2024,20240870,Søren Wærenskjold,11,Stage 11,0,0,0,0,0,0,0,0,0
2024,20240870,Søren Wærenskjold,12,Stage 12,0,0,0,0,0,0,0,0,0
2024,20240870,Søren Wærenskjold,13,Stage 13,60,0,0,0,0,0,0,0,60
2024,20240870,Søren Wærenskjold,14,Stage 14,0,0,0,0,0,0,0,0,0
2024,20240870,Søren Wærenskjold,15,Stage 15,0,0,0,0,0,0,0,0,0
2024,20240870,Søren Wærenskjold,16,Stage 16,80,0,0,0,0,0,0,2,82
2024,20240870,Søren Wærenskjold,17,Stage 17,0,0,0,0,0,0,0,0,0
2024,20240870,Søren Wærenskjold,18,Stage 18,0,0,0,0,0,0,0,0,0
2024,20240870,Søren Wærenskjold,19,Stage 19,0,0,0,0,0,0,0,0,0
2024,20240870,Søren Wærenskjold,20,Stage 20,0,0,0,0,0,0,0,0,0
2024,20240870,Søren Wærenskjold,21,Stage 21,0,0,0,0,0,0,0,0,0
2024,20240870,Søren Wærenskjold,22,Final Classifications,0,0,0,0,0,0,0,0,0
2024,20240397,Jan Hirt,1,Stage 1,0,0,0,0,0,0,0,0,0
2024,20240397,Jan Hirt,2,Stage 2,0,0,0,0,0,0,0,4,4
2024,20240397,Jan Hirt,3,Stage 3,0,0,0,0,0,0,0,2,2
2024,20240397,Jan Hirt,4,Stage 4,0,0,0,0,0,0,0,10,10
2024,20240397,Jan Hirt,5,Stage 5,0,0,0,0,0,0,0,6,6
2024,20240397,Jan Hirt,6,Stage 6,0,0,0,0,0,0,0,6,6
2024,20240397,Jan Hirt,7,Stage 7,0,0,0,0,0,0,0,0,0
2024,20240397,Jan Hirt,8,Stage 8,0,0,0,0,0,0,0,8,8
2024,20240397,Jan Hirt,9,Stage 9,0,0,0,0,0,0,0,8,8
2024,20240397,Jan Hirt,10,Stage 10,0,0,0,0,0,0,0,8,8
2024,20240397,Jan Hirt,11,Stage 11,0,0,0,0,0,0,0,10,10
2024,20240397,Jan Hirt,12,Stage 12,0,0,0,0,0,0,0,8,8
2024,20240397,Jan Hirt,13,Stage 13,0,0,0,0,0,0,0,8,8
2024,20240397,Jan Hirt,14,Stage 14,0,0,0,0,0,0,0,8,8
2024,20240397,Jan Hirt,15,Stage 15,0,0,0,0,0,0,0,6,6
2024,20240397,Jan Hirt,16,Stage 16,0,0,0,0,0,0,0,4,4
2024,20240397,Jan Hirt,17,Stage 17,0,0,0,0,0,0,0,4,4
2024,20240397,Jan Hirt,18,Stage 18,0,0,0,0,0,0,0,2,2
2024,20240397,Jan Hirt,19,Stage 19,0,0,0,0,0,0,0,4,4
2024,20240397,Jan Hirt,20,Stage 20,0,0,0,0,0,0,0,2,2
2024,20240397,Jan Hirt,21,Stage 21,0,0,0,0,0,0,0,0,0
2024,20240397,Jan Hirt,22,Final Classifications,0,0,0,0,0,0,0,30,30
2024,20240380,Yves Lampaert,1,Stage 1,0,0,0,0,0,0,0,0,0
2024,20240380,Yves Lampaert,2,Stage 2,0,0,0,0,0,0,0,4,4
2024,20240380,Yves Lampaert,3,Stage 3,0,0,0,0,0,0,0,2,2
2024,20240380,Yves Lampaert,4,Stage 4,0,0,0,0,0,0,0,10,10
2024,20240380,Yves Lampaert,5,Stage 5,0,0,0,0,0,0,0,6,6
2024,20240380,Yves Lampaert,6,Stage 6,0,0,0,0,0,0,0,6,6
2024,20240380,Yves Lampaert,7,Stage 7,0,0,0,0,0,0,0,0,0
2024,20240380,Yves Lampaert,8,Stage 8,0,0,0,0,0,0,0,8,8
2024,20240380,Yves Lampaert,9,Stage 9,0,0,0,0,0,0,0,8,8
2024,20240380,Yves Lampaert,10,Stage 10,0,0,0,0,0,0,0,8,8
2024,20240380,Yves Lampaert,11,Stage 11,0,0,0,0,0,0,0,10,10
2024,20240380,Yves Lampaert,12,Stage 12,0,0,0,0,0,0,0,8,8
2024,20240380,Yves Lampaert,13,Stage 13,0,0,0,0,0,0,0,8,8
2024,20240380,Yves Lampaert,14,Stage 14,0,0,0,0,0,0,0,8,8
2024,20240380,Yves Lampaert,15,Stage 15,0,0,0,0,0,0,0,6,6
2024,20240380,Yves Lampaert,16,Stage 16,0,0,0,0,0,0,0,4,4
2024,20240380,Yves Lampaert,17,Stage 17,0,0,0,0,0,0,0,4,4
2024,20240380,Yves Lampaert,18,Stage 18,0,0,0,0,0,0,0,2,2
2024,20240380,Yves Lampaert,19,Stage 19,0,0,0,0,0,0,0,4,4
2024,20240380,Yves Lampaert,20,Stage 20,0,0,0,0,0,0,0,2,2
2024,20240380,Yves Lampaert,21,Stage 21,0,0,0,0,0,0,0,0,0
2024,20240380,Yves Lampaert,22,Final Classifications,0,0,0,0,0,0,0,30,30
2024,20240395,Gianni Moscon,1,Stage 1,0,0,0,0,0,0,0,0,0
2024,20240395,Gianni Moscon,2,Stage 2,0,0,0,0,0,0,0,4,4
2024,20240395,Gianni Moscon,3,Stage 3,0,0,0,0,0,0,0,2,2
2024,20240395,Gianni Moscon,4,Stage 4,0,0,0,0,0,0,0,10,10
2024,20240395,Gianni Moscon,5,Stage 5,0,0,0,0,0,0,0,6,6
2024,20240395,Gianni Moscon,6,Stage 6,0,0,0,0,0,0,0,6,6
2024,20240395,Gianni Moscon,7,Stage 7,0,0,0,0,0,0,0,0,0
2024,20240395,Gianni Moscon,8,Stage 8,0,0,0,0,0,0,0,8,8
2024,20240395,Gianni Moscon,9,Stage 9,0,0,0,0,0,0,0,8,8
2024,20240395,Gianni Moscon,10,Stage 10,0,0,0,0,0,0,0,8,8
2024,20240395,Gianni Moscon,11,Stage 11,0,0,0,0,0,0,0,10,10
2024,20240395,Gianni Moscon,12,Stage 12,0,0,0,0,0,0,0,8,8
2024,20240395,Gianni Moscon,13,Stage 13,0,0,0,0,0,0,0,8,8
2024,20240395,Gianni Moscon,14,Stage 14,0,0,0,0,0,0,0,8,8
2024,20240395,Gianni Moscon,15,Stage 15,0,0,0,0,0,0,0,6,6
2024,20240395,Gianni Moscon,16,Stage 16,0,0,0,0,0,0,0,4,4
2024,20240395,Gianni Moscon,17,Stage 17,0,0,0,0,0,0,0,4,4
2024,20240395,Gianni Moscon,18,Stage 18,0,0,0,0,0,0,0,2,2
2024,20240395,Gianni Moscon,19,Stage 19,0,0,0,0,0,0,0,4,4
2024,20240395,Gianni Moscon,20,Stage 20,0,0,0,0,0,0,0,2,2
2024,20240395,Gianni Moscon,21,Stage 21,0,0,0,0,0,0,0,0,0
2024,20240395,Gianni Moscon,22,Final Classifications,0,0,0,0,0,0,0,30,30
2024,20240146,Axel Zingle,1,Stage 1,0,0,0,0,0,0,0,0,0
2024,20240146,Axel Zingle,2,Stage 2,0,0,0,0,0,0,0,0,0
2024,20240146,Axel Zingle,3,Stage 3,0,0,0,0,0,0,0,0,0
2024,20240146,Axel Zingle,4,Stage 4,0,0,0,0,0,0,0,0,0
2024,20240146,Axel Zingle,5,Stage 5,4,0,0,0,0,0,0,0,4
2024,20240146,Axel Zingle,6,Stage 6,0,0,0,0,0,0,0,0,0
2024,20240146,Axel Zingle,7,Stage 7,0,0,0,0,0,0,0,0,0
2024,20240146,Axel Zingle,8,Stage 8,0,0,0,0,0,0,0,0,0
2024,20240146,Axel Zingle,9,Stage 9,0,0,0,0,3,0,20,0,23
2024,20240146,Axel Zingle,10,Stage 10,60,0,0,0,0,0,0,0,60
2024,20240146,Axel Zingle,11,Stage 11,0,0,0,0,16,0,0,0,16
2024,20240146,Axel Zingle,12,Stage 12,0,0,0,0,0,0,0,0,0
2024,20240146,Axel Zingle,13,Stage 13,0,0,0,0,0,0,0,0,0
2024,20240146,Axel Zingle,14,Stage 14,0,0,0,0,0,0,0,0,0
2024,20240146,Axel Zingle,15,Stage 15,0,0,0,0,0,0,0,0,0
2024,20240146,Axel Zingle,16,Stage 16,25,0,0,0,0,0,0,0,25
2024,20240146,Axel Zingle,17,Stage 17,0,0,0,0,0,0,0,0,0
2024,20240146,Axel Zingle,18,Stage 18,0,0,0,0,0,0,0,0,0
2024,20240146,Axel Zingle,19,Stage 19,0,0,0,0,0,0,0,0,0
2024,20240146,Axel Zingle,20,Stage 20,0,0,0,0,0,0,0,0,0
2024,20240146,Axel Zingle,21,Stage 21,0,0,0,0,0,0,0,0,0
2024,20240146,Axel Zingle,22,Final Classifications,0,0,0,0,0,0,0,0,0
2024,20240214,Stefan Bissegger,1,Stage 1,0,0,0,0,0,0,0,0,0
2024,20240214,Stefan Bissegger,2,Stage 2,0,0,0,0,0,0,0,0,0
2024,20240214,Stefan Bissegger,3,Stage 3,0,0,0,0,0,0,0,8,8
2024,20240214,Stefan Bissegger,4,Stage 4,0,0,0,0,0,0,0,0,0
2024,20240214,Stefan Bissegger,5,Stage 5,20,0,0,0,0,0,0,0,20
2024,20240214,Stefan Bissegger,6,Stage 6,0,0,0,0,0,0,0,0,0
2024,20240214,Stefan Bissegger,7,Stage 7,40,0,0,0,0,0,0,0,40
2024,20240214,Stefan Bissegger,8,Stage 8,0,0,0,0,0,0,0,0,0
2024,20240214,Stefan Bissegger,9,Stage 9,0,0,0,0,0,0,0,0,0
2024,20240214,Stefan Bissegger,10,Stage 10,0,0,0,0,0,0,0,0,0
2024,20240214,Stefan Bissegger,11,Stage 11,0,0,0,0,0,0,0,0,0
2024,20240214,Stefan Bissegger,12,Stage 12,0,0,0,0,0,0,0,0,0
2024,20240214,Stefan Bissegger,13,Stage 13,0,0,0,0,0,0,0,0,0
2024,20240214,Stefan Bissegger,14,Stage 14,0,0,0,0,0,0,0,0,0
2024,20240214,Stefan Bissegger,15,Stage 15,0,0,0,0,0,0,0,0,0
2024,20240214,Stefan Bissegger,16,Stage 16,50,0,0,0,0,0,0,0,50
2024,20240214,Stefan Bissegger,17,Stage 17,0,0,0,0,0,0,0,8,8
2024,20240214,Stefan Bissegger,18,Stage 18,0,0,0,0,0,0,0,0,0
2024,20240214,Stefan Bissegger,19,Stage 19,0,0,0,0,0,0,0,0,0
2024,20240214,Stefan Bissegger,20,Stage 20,0,0,0,0,0,0,0,2,2
2024,20240214,Stefan Bissegger,21,Stage 21,0,0,0,0,0,0,0,0,0
2024,20240214,Stefan Bissegger,22,Final Classifications,0,0,0,0,0,0,0,0,0
2024,20240664,Hugo Houle,1,Stage 1,0,0,0,0,0,0,0,0,0
2024,20240664,Hugo Houle,2,Stage 2,70,0,0,0,6,0,20,0,96
2024,20240664,Hugo Houle,3,Stage 3,0,0,0,0,0,0,0,0,0
2024,20240664,Hugo Houle,4,Stage 4,0,0,0,0,0,0,0,0,0
2024,20240664,Hugo Houle,5,Stage 5,0,0,0,0,0,0,0,0,0
2024,20240664,Hugo Houle,6,Stage 6,0,0,0,0,0,0,0,0,0
2024,20240664,Hugo Houle,7,Stage 7,0,0,0,0,0,0,0,0,0
2024,20240664,Hugo Houle,8,Stage 8,0,0,0,0,0,0,0,0,0
2024,20240664,Hugo Houle,9,Stage 9,0,0,0,0,0,0,0,2,2
2024,20240664,Hugo Houle,10,Stage 10,0,0,0,0,0,0,0,2,2
2024,20240664,Hugo Houle,11,Stage 11,0,0,0,0,0,0,0,0,0
2024,20240664,Hugo Houle,12,Stage 12,0,0,0,0,0,0,0,2,2
2024,20240664,Hugo Houle,13,Stage 13,0,0,0,0,1,0,0,2,3
2024,20240664,Hugo Houle,14,Stage 14,0,0,0,0,0,0,0,0,0
2024,20240664,Hugo Houle,15,Stage 15,0,0,0,0,0,0,0,0,0
2024,20240664,Hugo Houle,16,Stage 16,0,0,0,0,0,0,0,0,0
2024,20240664,Hugo Houle,17,Stage 17,0,0,0,0,0,0,0,0,0
2024,20240664,Hugo Houle,18,Stage 18,8,0,0,0,0,0,0,0,8
2024,20240664,Hugo Houle,19,Stage 19,0,0,0,0,0,0,0,0,0
2024,20240664,Hugo Houle,20,Stage 20,0,0,0,0,0,0,0,0,0
2024,20240664,Hugo Houle,21,Stage 21,0,0,0,0,0,0,0,0,0
2024,20240664,Hugo Houle,22,Final Classifications,0,0,0,0,0,0,0,0,0
2024,20240235,David Gaudu,1,Stage 1,0,0,0,0,0,0,0,0,0
2024,20240235,David Gaudu,2,Stage 2,0,0,0,0,0,0,0,2,2
2024,20240235,David Gaudu,3,Stage 3,0,0,0,0,0,0,0,0,0
2024,20240235,David Gaudu,4,Stage 4,0,0,0,0,0,0,20,0,20
2024,20240235,David Gaudu,5,Stage 5,0,0,0,0,0,0,0,0,0
2024,20240235,David Gaudu,6,Stage 6,0,0,0,0,0,0,0,0,0
2024,20240235,David Gaudu,7,Stage 7,0,0,0,0,0,0,0,0,0
2024,20240235,David Gaudu,8,Stage 8,0,0,0,0,0,0,0,0,0
2024,20240235,David Gaudu,9,Stage 9,25,0,0,0,0,0,0,0,25
2024,20240235,David Gaudu,10,Stage 10,0,0,0,0,0,0,0,0,0
2024,20240235,David Gaudu,11,Stage 11,0,0,0,0,0,0,0,0,0
2024,20240235,David Gaudu,12,Stage 12,0,0,0,0,0,0,0,0,0
2024,20240235,David Gaudu,13,Stage 13,0,0,0,0,0,0,0,0,0
2024,20240235,David Gaudu,14,Stage 14,0,0,0,0,0,25,20,0,45
2024,20240235,David Gaudu,15,Stage 15,0,0,0,1,0,15,0,0,16
2024,20240235,David Gaudu,16,Stage 16,0,0,0,1,0,0,0,0,1
2024,20240235,David Gaudu,17,Stage 17,0,0,0,0,0,0,0,0,0
2024,20240235,David Gaudu,18,Stage 18,0,0,0,0,0,0,0,0,0
2024,20240235,David Gaudu,19,Stage 19,0,0,0,0,0,0,0,0,0
2024,20240235,David Gaudu,20,Stage 20,0,0,0,0,0,0,0,0,0
2024,20240235,David Gaudu,21,Stage 21,0,0,0,0,0,0,0,0,0
2024,20240235,David Gaudu,22,Final Classifications,0,0,0,5,0,0,0,0,0
2024,20240661,Krists Neilands,1,Stage 1,0,0,0,0,0,0,0,0,0
2024,20240661,Krists Neilands,2,Stage 2,0,0,0,0,0,0,0,0,0
2024,20240661,Krists Neilands,3,Stage 3,0,0,0,0,0,0,0,0,0
2024,20240661,Krists Neilands,4,Stage 4,0,0,0,0,0,0,0,0,0
2024,20240661,Krists Neilands,5,Stage 5,0,0,0,0,0,0,0,0,0
2024,20240661,Krists Neilands,6,Stage 6,0,0,0,0,0,0,0,0,0
2024,20240661,Krists Neilands,7,Stage 7,0,0,0,0,0,0,0,0,0
2024,20240661,Krists Neilands,8,Stage 8,0,0,0,0,0,0,0,0,0
2024,20240661,Krists Neilands,9,Stage 9,0,0,0,0,0,0,0,2,2
2024,20240661,Krists Neilands,10,Stage 10,0,0,0,0,0,0,0,2,2
2024,20240661,Krists Neilands,11,Stage 11,0,0,0,0,0,0,0,0,0
2024,20240661,Krists Neilands,12,Stage 12,0,0,0,0,0,0,0,2,2
2024,20240661,Krists Neilands,13,Stage 13,0,0,0,0,0,0,0,2,2
2024,20240661,Krists Neilands,14,Stage 14,0,0,0,0,0,0,0,0,0
2024,20240661,Krists Neilands,15,Stage 15,0,0,0,0,0,0,0,0,0
2024,20240661,Krists Neilands,16,Stage 16,0,0,0,0,0,0,0,0,0
2024,20240661,Krists Neilands,17,Stage 17,0,0,0,0,0,0,0,0,0
2024,20240661,Krists Neilands,18,Stage 18,95,0,0,0,0,0,0,0,95
2024,20240661,Krists Neilands,19,Stage 19,0,0,0,0,0,0,0,0,0
2024,20240661,Krists Neilands,20,Stage 20,0,0,0,0,0,0,0,0,0
2024,20240661,Krists Neilands,21,Stage 21,0,0,0,0,0,0,0,0,0
2024,20240661,Krists Neilands,22,Final Classifications,0,0,0,0,0,0,0,0,0
2024,20240133,Bob Jungels,1,Stage 1,0,0,0,0,0,0,0,0,0
2024,20240133,Bob Jungels,2,Stage 2,0,0,0,0,0,0,0,0,0
2024,20240133,Bob Jungels,3,Stage 3,0,0,0,0,0,0,0,0,0
2024,20240133,Bob Jungels,4,Stage 4,0,0,0,0,0,0,0,0,0
2024,20240133,Bob Jungels,5,Stage 5,0,0,0,0,0,0,0,0,0
2024,20240133,Bob Jungels,6,Stage 6,0,0,0,0,0,0,0,0,0
2024,20240133,Bob Jungels,7,Stage 7,0,0,0,0,0,0,0,0,0
2024,20240133,Bob Jungels,8,Stage 8,16,0,0,0,0,0,0,2,18
2024,20240133,Bob Jungels,9,Stage 9,0,0,0,0,0,0,0,0,0
2024,20240133,Bob Jungels,10,Stage 10,0,0,0,0,0,0,0,0,0
2024,20240133,Bob Jungels,11,Stage 11,0,0,0,0,0,0,0,0,0
2024,20240133,Bob Jungels,12,Stage 12,0,0,0,0,0,0,0,0,0
2024,20240133,Bob Jungels,13,Stage 13,0,0,0,0,0,0,0,0,0
2024,20240133,Bob Jungels,14,Stage 14,0,0,0,0,0,0,0,0,0
2024,20240133,Bob Jungels,15,Stage 15,0,0,0,0,8,6,20,0,34
2024,20240133,Bob Jungels,16,Stage 16,0,0,0,0,0,0,0,0,0
2024,20240133,Bob Jungels,17,Stage 17,16,0,0,0,8,0,20,0,44
2024,20240133,Bob Jungels,18,Stage 18,0,0,0,0,0,0,0,0,0
2024,20240133,Bob Jungels,19,Stage 19,0,0,0,0,0,0,0,0,0
2024,20240133,Bob Jungels,20,Stage 20,0,0,0,0,0,0,0,0,0
2024,20240133,Bob Jungels,21,Stage 21,0,0,0,0,0,0,0,0,0
2024,20240133,Bob Jungels,22,Final Classifications,0,0,0,0,0,0,0,0,0
2024,20240387,Louis Vervaeke,1,Stage 1,0,0,0,0,0,0,0,0,0
2024,20240387,Louis Vervaeke,2,Stage 2,0,0,0,0,0,0,0,4,4
2024,20240387,Louis Vervaeke,3,Stage 3,0,0,0,0,0,0,0,2,2
2024,20240387,Louis Vervaeke,4,Stage 4,0,0,0,0,3,0,0,10,13
2024,20240387,Louis Vervaeke,5,Stage 5,0,0,0,0,0,0,0,6,6
2024,20240387,Louis Vervaeke,6,Stage 6,0,0,0,0,0,0,0,6,6
2024,20240387,Louis Vervaeke,7,Stage 7,0,0,0,0,0,0,0,0,0
2024,20240387,Louis Vervaeke,8,Stage 8,0,0,0,0,0,0,0,8,8
2024,20240387,Louis Vervaeke,9,Stage 9,0,0,0,0,0,0,0,8,8
2024,20240387,Louis Vervaeke,10,Stage 10,0,0,0,0,0,0,0,8,8
2024,20240387,Louis Vervaeke,11,Stage 11,0,0,0,0,0,0,0,10,10
2024,20240387,Louis Vervaeke,12,Stage 12,0,0,0,0,0,0,0,8,8
2024,20240387,Louis Vervaeke,13,Stage 13,0,0,0,0,0,0,0,8,8
2024,20240387,Louis Vervaeke,14,Stage 14,0,0,0,0,0,0,0,8,8
2024,20240387,Louis Vervaeke,15,Stage 15,0,0,0,0,0,0,0,0,0
2024,20240387,Louis Vervaeke,16,Stage 16,0,0,0,0,0,0,0,0,0
2024,20240387,Louis Vervaeke,17,Stage 17,0,0,0,0,0,0,0,0,0
2024,20240387,Louis Vervaeke,18,Stage 18,0,0,0,0,0,0,0,0,0
2024,20240387,Louis Vervaeke,19,Stage 19,0,0,0,0,0,0,0,0,0
2024,20240387,Louis Vervaeke,20,Stage 20,0,0,0,0,0,0,0,0,0
2024,20240387,Louis Vervaeke,21,Stage 21,0,0,0,0,0,0,0,0,0
2024,20240387,Louis Vervaeke,22,Final Classifications,0,0,0,0,0,0,0,0,0
2024,20240264,Geraint Thomas,1,Stage 1,4,1,0,0,0,0,0,2,7
2024,20240264,Geraint Thomas,2,Stage 2,0,0,0,0,0,0,0,2,2
2024,20240264,Geraint Thomas,3,Stage 3,0,0,0,0,0,0,0,2,2
2024,20240264,Geraint Thomas,4,Stage 4,25,0,0,0,0,0,0,4,29
2024,20240264,Geraint Thomas,5,Stage 5,0,0,0,0,0,0,0,4,4
2024,20240264,Geraint Thomas,6,Stage 6,0,0,0,0,0,0,0,4,4
2024,20240264,Geraint Thomas,7,Stage 7,0,0,0,0,0,0,0,0,0
2024,20240264,Geraint Thomas,8,Stage 8,0,0,0,0,0,0,0,0,0
2024,20240264,Geraint Thomas,9,Stage 9,0,0,0,0,0,0,0,6,6
2024,20240264,Geraint Thomas,10,Stage 10,0,0,0,0,0,0,0,2,2
2024,20240264,Geraint Thomas,11,Stage 11,0,0,0,0,0,0,0,2,2
2024,20240264,Geraint Thomas,12,Stage 12,0,0,0,0,0,0,0,2,2
2024,20240264,Geraint Thomas,13,Stage 13,0,0,0,0,0,0,0,2,2
2024,20240264,Geraint Thomas,14,Stage 14,0,0,0,0,0,0,0,0,0
2024,20240264,Geraint Thomas,15,Stage 15,0,0,0,0,0,0,0,0,0
2024,20240264,Geraint Thomas,16,Stage 16,0,0,0,0,0,0,0,0,0
2024,20240264,Geraint Thomas,17,Stage 17,0,0,0,0,0,0,0,0,0
2024,20240264,Geraint Thomas,18,Stage 18,0,0,0,0,0,0,0,4,4
2024,20240264,Geraint Thomas,19,Stage 19,0,0,0,0,0,0,0,0,0
2024,20240264,Geraint Thomas,20,Stage 20,0,0,0,0,0,0,0,2,2
2024,20240264,Geraint Thomas,21,Stage 21,0,0,0,0,0,0,0,0,0
2024,20240264,Geraint Thomas,22,Final Classifications,0,0,0,0,0,0,0,0,20
2024,20240068,Davide Ballerini,1,Stage 1,0,0,0,0,0,0,0,0,0
2024,20240068,Davide Ballerini,2,Stage 2,0,0,0,0,0,0,0,0,0
2024,20240068,Davide Ballerini,3,Stage 3,80,0,0,0,0,0,0,0,80
2024,20240068,Davide Ballerini,4,Stage 4,0,0,0,0,0,0,0,0,0
2024,20240068,Davide Ballerini,5,Stage 5,0,0,0,0,0,0,0,8,8
2024,20240068,Davide Ballerini,6,Stage 6,0,0,0,0,0,0,0,0,0
2024,20240068,Davide Ballerini,7,Stage 7,0,0,0,0,0,0,0,0,0
2024,20240068,Davide Ballerini,8,Stage 8,0,0,0,0,0,0,0,0,0
2024,20240068,Davide Ballerini,9,Stage 9,0,0,0,0,0,0,0,0,0
2024,20240068,Davide Ballerini,10,Stage 10,0,0,0,0,0,0,0,0,0
2024,20240068,Davide Ballerini,11,Stage 11,0,0,0,0,0,0,0,0,0
2024,20240068,Davide Ballerini,12,Stage 12,0,0,0,0,0,0,0,0,0
2024,20240068,Davide Ballerini,13,Stage 13,0,0,0,0,0,0,0,0,0
2024,20240068,Davide Ballerini,14,Stage 14,0,0,0,0,0,0,0,0,0
2024,20240068,Davide Ballerini,15,Stage 15,0,0,0,0,0,0,0,0,0
2024,20240068,Davide Ballerini,16,Stage 16,0,0,0,0,0,0,0,0,0
2024,20240068,Davide Ballerini,17,Stage 17,0,0,0,0,0,0,0,0,0
2024,20240068,Davide Ballerini,18,Stage 18,0,0,0,0,0,0,0,0,0
2024,20240068,Davide Ballerini,19,Stage 19,0,0,0,0,0,0,0,0,0
2024,20240068,Davide Ballerini,20,Stage 20,0,0,0,0,0,0,0,0,0
2024,20240068,Davide Ballerini,21,Stage 21,0,0,0,0,0,0,0,0,0
2024,20240068,Davide Ballerini,22,Final Classifications,0,0,0,0,0,0,0,0,0
2024,20240093,Wout Poels,1,Stage 1,0,0,0,0,0,0,0,0,0
2024,20240093,Wout Poels,2,Stage 2,0,0,0,0,0,0,0,0,0
2024,20240093,Wout Poels,3,Stage 3,0,0,0,0,0,0,0,0,0
2024,20240093,Wout Poels,4,Stage 4,0,0,0,0,0,0,0,0,0
2024,20240093,Wout Poels,5,Stage 5,0,0,0,0,0,0,0,0,0
2024,20240093,Wout Poels,6,Stage 6,0,0,0,0,0,0,0,0,0
2024,20240093,Wout Poels,7,Stage 7,0,0,0,0,0,0,0,0,0
2024,20240093,Wout Poels,8,Stage 8,0,0,0,0,0,0,0,0,0
2024,20240093,Wout Poels,9,Stage 9,0,0,0,0,0,0,0,0,0
2024,20240093,Wout Poels,10,Stage 10,0,0,0,0,0,0,0,0,0
2024,20240093,Wout Poels,11,Stage 11,0,0,0,0,0,0,0,0,0
2024,20240093,Wout Poels,12,Stage 12,0,0,0,0,0,0,0,0,0
2024,20240093,Wout Poels,13,Stage 13,0,0,0,0,0,0,0,0,0
2024,20240093,Wout Poels,14,Stage 14,0,0,0,0,0,0,0,0,0
2024,20240093,Wout Poels,15,Stage 15,0,0,0,0,0,0,0,0,0
2024,20240093,Wout Poels,16,Stage 16,0,0,0,0,0,0,0,4,4
2024,20240093,Wout Poels,17,Stage 17,80,0,0,0,0,0,0,0,80
2024,20240093,Wout Poels,18,Stage 18,0,0,0,0,0,0,0,0,0
2024,20240093,Wout Poels,19,Stage 19,0,0,0,0,0,0,0,0,0
2024,20240093,Wout Poels,20,Stage 20,4,0,0,0,0,0,0,0,4
2024,20240093,Wout Poels,21,Stage 21,0,0,0,0,0,0,0,0,0
2024,20240093,Wout Poels,22,Final Classifications,0,0,0,0,0,0,0,0,0
2024,20240046,Raúl García Pierna,1,Stage 1,0,0,0,0,0,0,0,0,0
2024,20240046,Raúl García Pierna,2,Stage 2,0,0,0,0,0,0,0,8,8
2024,20240046,Raúl García Pierna,3,Stage 3,0,0,0,0,0,0,0,0,0
2024,20240046,Raúl García Pierna,4,Stage 4,0,0,0,0,0,0,20,0,20
2024,20240046,Raúl García Pierna,5,Stage 5,0,0,0,0,0,0,0,0,0
2024,20240046,Raúl García Pierna,6,Stage 6,0,0,0,0,0,0,0,0,0
2024,20240046,Raúl García Pierna,7,Stage 7,0,0,0,0,0,0,0,0,0
2024,20240046,Raúl García Pierna,8,Stage 8,0,0,0,0,0,0,0,0,0
2024,20240046,Raúl García Pierna,9,Stage 9,0,0,0,0,0,0,0,0,0
2024,20240046,Raúl García Pierna,10,Stage 10,0,0,0,0,0,0,0,0,0
2024,20240046,Raúl García Pierna,11,Stage 11,0,0,0,0,0,0,0,0,0
2024,20240046,Raúl García Pierna,12,Stage 12,0,0,0,0,0,0,0,0,0
2024,20240046,Raúl García Pierna,13,Stage 13,0,0,0,0,0,0,0,0,0
2024,20240046,Raúl García Pierna,14,Stage 14,0,0,0,0,4,0,20,0,24
2024,20240046,Raúl García Pierna,15,Stage 15,0,0,0,0,0,0,0,0,0
2024,20240046,Raúl García Pierna,16,Stage 16,0,0,0,0,0,0,0,0,0
2024,20240046,Raúl García Pierna,17,Stage 17,0,0,0,0,0,0,0,0,0
2024,20240046,Raúl García Pierna,18,Stage 18,35,0,0,0,0,0,0,0,35
2024,20240046,Raúl García Pierna,19,Stage 19,0,0,0,0,0,0,0,0,0
2024,20240046,Raúl García Pierna,20,Stage 20,0,0,0,0,0,0,0,0,0
2024,20240046,Raúl García Pierna,21,Stage 21,0,0,0,0,0,0,0,0,0
2024,20240046,Raúl García Pierna,22,Final Classifications,0,0,0,0,0,0,0,0,0
2024,20240099,Fred Wright,1,Stage 1,0,0,0,0,0,0,0,0,0
2024,20240099,Fred Wright,2,Stage 2,0,0,0,0,0,0,0,0,0
2024,20240099,Fred Wright,3,Stage 3,0,0,0,0,0,0,0,0,0
2024,20240099,Fred Wright,4,Stage 4,0,0,0,0,0,0,0,0,0
2024,20240099,Fred Wright,5,Stage 5,0,0,0,0,0,0,0,0,0
2024,20240099,Fred Wright,6,Stage 6,0,0,0,0,0,0,0,0,0
2024,20240099,Fred Wright,7,Stage 7,0,0,0,0,0,0,0,0,0
2024,20240099,Fred Wright,8,Stage 8,80,0,0,0,0,0,0,0,80
2024,20240099,Fred Wright,9,Stage 9,0,0,0,0,0,0,0,0,0
2024,20240099,Fred Wright,10,Stage 10,0,0,0,0,0,0,0,0,0
2024,20240099,Fred Wright,11,Stage 11,0,0,0,0,0,0,0,0,0
2024,20240099,Fred Wright,12,Stage 12,0,0,0,0,0,0,0,0,0
2024,20240099,Fred Wright,13,Stage 13,0,0,0,0,0,0,0,0,0
2024,20240099,Fred Wright,14,Stage 14,0,0,0,0,0,0,0,0,0
2024,20240099,Fred Wright,15,Stage 15,0,0,0,0,0,0,0,0,0
2024,20240099,Fred Wright,16,Stage 16,0,0,0,0,0,0,0,0,0
2024,20240099,Fred Wright,17,Stage 17,0,0,0,0,0,0,0,0,0
2024,20240099,Fred Wright,18,Stage 18,0,0,0,0,0,0,0,0,0
2024,20240099,Fred Wright,19,Stage 19,0,0,0,0,0,0,0,0,0
2024,20240099,Fred Wright,20,Stage 20,0,0,0,0,0,0,0,0,0
2024,20240099,Fred Wright,21,Stage 21,0,0,0,0,0,0,0,0,0
2024,20240099,Fred Wright,22,Final Classifications,0,0,0,0,0,0,0,0,0
2024,20240211,Alberto Bettiol,1,Stage 1,60,11,0,0,0,0,0,0,71
2024,20240211,Alberto Bettiol,2,Stage 2,0,0,0,0,0,0,0,0,0
2024,20240211,Alberto Bettiol,3,Stage 3,0,0,0,0,0,0,0,8,8
2024,20240211,Alberto Bettiol,4,Stage 4,0,0,0,0,0,0,0,0,0
2024,20240211,Alberto Bettiol,5,Stage 5,0,0,0,0,0,0,0,0,0
2024,20240211,Alberto Bettiol,6,Stage 6,0,0,0,0,0,0,0,0,0
2024,20240211,Alberto Bettiol,7,Stage 7,0,0,0,0,0,0,0,0,0
2024,20240211,Alberto Bettiol,8,Stage 8,0,0,0,0,0,0,0,0,0
2024,20240211,Alberto Bettiol,9,Stage 9,0,0,0,0,0,0,0,0,0
2024,20240211,Alberto Bettiol,10,Stage 10,0,0,0,0,0,0,0,0,0
2024,20240211,Alberto Bettiol,11,Stage 11,0,0,0,0,0,0,0,0,0
2024,20240211,Alberto Bettiol,12,Stage 12,0,0,0,0,0,0,0,0,0
2024,20240211,Alberto Bettiol,13,Stage 13,0,0,0,0,0,0,0,0,0
2024,20240211,Alberto Bettiol,14,Stage 14,0,0,0,0,0,0,0,0,0
2024,20240211,Alberto Bettiol,15,Stage 15,0,0,0,0,0,0,0,0,0
2024,20240211,Alberto Bettiol,16,Stage 16,0,0,0,0,0,0,0,0,0
2024,20240211,Alberto Bettiol,17,Stage 17,0,0,0,0,0,0,0,0,0
2024,20240211,Alberto Bettiol,18,Stage 18,0,0,0,0,0,0,0,0,0
2024,20240211,Alberto Bettiol,19,Stage 19,0,0,0,0,0,0,0,0,0
2024,20240211,Alberto Bettiol,20,Stage 20,0,0,0,0,0,0,0,0,0
2024,20240211,Alberto Bettiol,21,Stage 21,0,0,0,0,0,0,0,0,0
2024,20240211,Alberto Bettiol,22,Final Classifications,0,0,0,0,0,0,0,0,0
2024,20240655,Stephen Williams,1,Stage 1,0,0,0,0,0,0,0,0,0
2024,20240655,Stephen Williams,2,Stage 2,0,0,0,0,0,0,0,0,0
2024,20240655,Stephen Williams,3,Stage 3,0,0,0,0,0,0,0,0,0
2024,20240655,Stephen Williams,4,Stage 4,0,0,0,1,0,0,20,0,21
2024,20240655,Stephen Williams,5,Stage 5,0,0,0,1,0,0,0,0,1
2024,20240655,Stephen Williams,6,Stage 6,0,0,0,1,0,0,0,0,1
2024,20240655,Stephen Williams,7,Stage 7,0,0,0,1,0,0,0,0,1
2024,20240655,Stephen Williams,8,Stage 8,0,0,0,1,0,0,0,0,1
2024,20240655,Stephen Williams,9,Stage 9,0,0,0,1,0,0,0,2,3
2024,20240655,Stephen Williams,10,Stage 10,0,0,0,1,0,0,0,2,3
2024,20240655,Stephen Williams,11,Stage 11,0,0,0,0,4,0,0,0,4
2024,20240655,Stephen Williams,12,Stage 12,0,0,0,0,0,0,0,2,2
2024,20240655,Stephen Williams,13,Stage 13,0,0,0,0,0,0,0,2,2
2024,20240655,Stephen Williams,14,Stage 14,0,0,0,0,0,0,0,0,0
2024,20240655,Stephen Williams,15,Stage 15,0,0,0,0,0,0,0,0,0
2024,20240655,Stephen Williams,16,Stage 16,0,0,0,0,0,0,0,0,0
2024,20240655,Stephen Williams,17,Stage 17,40,0,0,0,0,0,0,0,40
2024,20240655,Stephen Williams,18,Stage 18,0,0,0,0,0,0,0,0,0
2024,20240655,Stephen Williams,19,Stage 19,0,0,0,0,0,0,0,0,0
2024,20240655,Stephen Williams,20,Stage 20,0,0,0,0,0,0,0,0,0
2024,20240655,Stephen Williams,21,Stage 21,0,0,0,0,0,0,0,0,0
2024,20240655,Stephen Williams,22,Final Classifications,0,0,0,0,0,0,0,0,0
2024,20240819,Sandy Dujardin,1,Stage 1,0,0,4,0,20,0,0,0,24
2024,20240819,Sandy Dujardin,2,Stage 2,0,0,0,0,0,0,0,0,0
2024,20240819,Sandy Dujardin,3,Stage 3,0,0,0,0,0,0,0,0,0
2024,20240819,Sandy Dujardin,4,Stage 4,0,0,0,0,0,0,0,0,0
2024,20240819,Sandy Dujardin,5,Stage 5,0,0,0,0,0,0,0,0,0
2024,20240819,Sandy Dujardin,6,Stage 6,40,0,0,0,0,0,0,0,40
2024,20240819,Sandy Dujardin,7,Stage 7,0,0,0,0,0,0,0,0,0
2024,20240819,Sandy Dujardin,8,Stage 8,0,0,0,0,0,0,0,0,0
2024,20240819,Sandy Dujardin,9,Stage 9,0,0,0,0,0,0,0,8,8
2024,20240819,Sandy Dujardin,10,Stage 10,0,0,0,0,0,0,0,0,0
2024,20240819,Sandy Dujardin,11,Stage 11,0,0,0,0,0,0,0,0,0
2024,20240819,Sandy Dujardin,12,Stage 12,0,0,0,0,0,0,0,0,0
2024,20240819,Sandy Dujardin,13,Stage 13,0,0,0,0,0,0,0,0,0
2024,20240819,Sandy Dujardin,14,Stage 14,0,0,0,0,0,0,0,0,0
2024,20240819,Sandy Dujardin,15,Stage 15,0,0,0,0,0,0,0,0,0
2024,20240819,Sandy Dujardin,16,Stage 16,0,0,0,0,0,0,0,0,0
2024,20240819,Sandy Dujardin,17,Stage 17,0,0,0,0,0,0,0,0,0
2024,20240819,Sandy Dujardin,18,Stage 18,0,0,0,0,0,0,0,4,4
2024,20240819,Sandy Dujardin,19,Stage 19,0,0,0,0,0,0,0,0,0
2024,20240819,Sandy Dujardin,20,Stage 20,0,0,0,0,0,0,0,0,0
2024,20240819,Sandy Dujardin,21,Stage 21,0,0,0,0,0,0,0,0,0
2024,20240819,Sandy Dujardin,22,Final Classifications,0,0,0,0,0,0,0,0,0
2024,20240206,Rui Costa,1,Stage 1,0,0,0,0,0,0,0,0,0
2024,20240206,Rui Costa,2,Stage 2,0,0,0,0,0,0,0,0,0
2024,20240206,Rui Costa,3,Stage 3,0,0,0,0,0,0,0,8,8
2024,20240206,Rui Costa,4,Stage 4,0,0,0,0,0,0,0,0,0
2024,20240206,Rui Costa,5,Stage 5,0,0,0,0,0,0,0,0,0
2024,20240206,Rui Costa,6,Stage 6,0,0,0,0,0,0,0,0,0
2024,20240206,Rui Costa,7,Stage 7,0,0,0,0,0,0,0,0,0
2024,20240206,Rui Costa,8,Stage 8,0,0,0,0,0,0,0,0,0
2024,20240206,Rui Costa,9,Stage 9,35,0,0,0,0,0,0,0,35
2024,20240206,Rui Costa,10,Stage 10,0,0,0,0,0,0,0,0,0
2024,20240206,Rui Costa,11,Stage 11,0,0,0,0,0,0,0,0,0
2024,20240206,Rui Costa,12,Stage 12,0,0,0,0,0,0,0,0,0
2024,20240206,Rui Costa,13,Stage 13,0,0,0,0,0,0,0,0,0
2024,20240206,Rui Costa,14,Stage 14,0,0,0,0,0,0,20,0,20
2024,20240206,Rui Costa,15,Stage 15,0,0,0,0,0,0,0,0,0
2024,20240206,Rui Costa,16,Stage 16,0,0,0,0,0,0,0,0,0
2024,20240206,Rui Costa,17,Stage 17,0,0,0,0,0,0,0,8,8
2024,20240206,Rui Costa,18,Stage 18,0,0,0,0,0,0,0,0,0
2024,20240206,Rui Costa,19,Stage 19,0,0,0,0,0,0,0,0,0
2024,20240206,Rui Costa,20,Stage 20,0,0,0,0,0,0,0,2,2
2024,20240206,Rui Costa,21,Stage 21,0,0,0,0,0,0,0,0,0
2024,20240206,Rui Costa,22,Final Classifications,0,0,0,0,0,0,0,0,0
2024,20240239,Lenny Martinez,1,Stage 1,0,0,0,0,0,0,0,0,0
2024,20240239,Lenny Martinez,2,Stage 2,0,0,0,0,0,0,0,2,2
2024,20240239,Lenny Martinez,3,Stage 3,0,0,0,0,0,0,0,0,0
2024,20240239,Lenny Martinez,4,Stage 4,0,0,0,0,0,0,0,0,0
2024,20240239,Lenny Martinez,5,Stage 5,0,0,0,0,0,0,0,0,0
2024,20240239,Lenny Martinez,6,Stage 6,0,0,0,0,0,0,0,0,0
2024,20240239,Lenny Martinez,7,Stage 7,0,0,0,0,0,0,0,0,0
2024,20240239,Lenny Martinez,8,Stage 8,0,0,0,0,0,0,0,0,0
2024,20240239,Lenny Martinez,9,Stage 9,0,0,0,0,0,0,0,0,0
2024,20240239,Lenny Martinez,10,Stage 10,0,0,0,0,0,0,0,0,0
2024,20240239,Lenny Martinez,11,Stage 11,0,0,0,0,0,0,0,0,0
2024,20240239,Lenny Martinez,12,Stage 12,0,0,0,0,0,0,0,0,0
2024,20240239,Lenny Martinez,13,Stage 13,0,0,0,0,0,0,0,0,0
2024,20240239,Lenny Martinez,14,Stage 14,0,0,0,0,0,0,0,0,0
2024,20240239,Lenny Martinez,15,Stage 15,0,0,0,0,0,0,20,0,20
2024,20240239,Lenny Martinez,16,Stage 16,0,0,0,0,0,0,0,0,0
2024,20240239,Lenny Martinez,17,Stage 17,0,0,0,0,0,0,0,0,0
2024,20240239,Lenny Martinez,18,Stage 18,0,0,0,0,0,0,0,0,0
2024,20240239,Lenny Martinez,19,Stage 19,0,0,0,0,0,0,0,0,0
2024,20240239,Lenny Martinez,20,Stage 20,0,0,0,0,0,0,0,0,0
2024,20240239,Lenny Martinez,21,Stage 21,50,0,0,0,0,0,0,0,50
2024,20240239,Lenny Martinez,22,Final Classifications,0,0,0,0,0,0,0,0,0
2024,20240296,Kobe Goossens,1,Stage 1,0,0,0,0,0,0,0,0,0
2024,20240296,Kobe Goossens,2,Stage 2,0,0,0,0,0,0,0,0,0
2024,20240296,Kobe Goossens,3,Stage 3,0,0,0,0,0,0,0,8,8
2024,20240296,Kobe Goossens,4,Stage 4,0,0,0,0,0,0,20,0,20
2024,20240296,Kobe Goossens,5,Stage 5,0,0,0,0,0,0,0,0,0
2024,20240296,Kobe Goossens,6,Stage 6,0,0,0,0,0,0,0,4,4
2024,20240296,Kobe Goossens,7,Stage 7,0,0,0,0,0,0,0,0,0
2024,20240296,Kobe Goossens,8,Stage 8,0,0,0,0,0,0,0,8,8
2024,20240296,Kobe Goossens,9,Stage 9,0,0,0,0,0,0,0,0,0
2024,20240296,Kobe Goossens,10,Stage 10,0,0,0,0,20,0,0,4,24
2024,20240296,Kobe Goossens,11,Stage 11,0,0,0,0,0,0,0,0,0
2024,20240296,Kobe Goossens,12,Stage 12,0,0,0,0,0,0,0,8,8
2024,20240296,Kobe Goossens,13,Stage 13,0,0,0,0,0,0,0,0,0
2024,20240296,Kobe Goossens,14,Stage 14,0,0,0,0,0,0,0,0,0
2024,20240296,Kobe Goossens,15,Stage 15,0,0,0,0,0,0,0,0,0
2024,20240296,Kobe Goossens,16,Stage 16,0,0,0,0,0,0,0,0,0
2024,20240296,Kobe Goossens,17,Stage 17,0,0,0,0,0,0,0,0,0
2024,20240296,Kobe Goossens,18,Stage 18,0,0,0,0,0,0,0,0,0
2024,20240296,Kobe Goossens,19,Stage 19,0,0,0,0,0,0,0,0,0
2024,20240296,Kobe Goossens,20,Stage 20,0,0,0,0,0,0,0,0,0
2024,20240296,Kobe Goossens,21,Stage 21,0,0,0,0,0,0,0,0,0
2024,20240296,Kobe Goossens,22,Final Classifications,0,0,0,0,0,0,0,0,0
2024,20240008,Gianni Vermeersch,1,Stage 1,0,0,0,0,0,0,0,0,0
2024,20240008,Gianni Vermeersch,2,Stage 2,0,0,0,0,0,0,0,0,0
2024,20240008,Gianni Vermeersch,3,Stage 3,0,0,0,0,0,0,0,0,0
2024,20240008,Gianni Vermeersch,4,Stage 4,0,0,0,0,0,0,0,0,0
2024,20240008,Gianni Vermeersch,5,Stage 5,0,0,0,0,0,0,0,4,4
2024,20240008,Gianni Vermeersch,6,Stage 6,0,0,0,0,0,0,0,0,0
2024,20240008,Gianni Vermeersch,7,Stage 7,0,0,0,0,0,0,0,0,0
2024,20240008,Gianni Vermeersch,8,Stage 8,0,0,0,0,0,0,0,4,4
2024,20240008,Gianni Vermeersch,9,Stage 9,8,0,0,0,8,0,20,0,36
2024,20240008,Gianni Vermeersch,10,Stage 10,0,0,0,0,0,0,0,8,8
2024,20240008,Gianni Vermeersch,11,Stage 11,0,0,0,0,0,0,0,0,0
2024,20240008,Gianni Vermeersch,12,Stage 12,0,0,0,0,0,0,0,0,0
2024,20240008,Gianni Vermeersch,13,Stage 13,0,0,0,0,0,0,0,8,8
2024,20240008,Gianni Vermeersch,14,Stage 14,0,0,0,0,0,0,0,0,0
2024,20240008,Gianni Vermeersch,15,Stage 15,0,0,0,0,0,0,0,0,0
2024,20240008,Gianni Vermeersch,16,Stage 16,0,0,0,0,0,0,0,8,8
2024,20240008,Gianni Vermeersch,17,Stage 17,0,0,0,0,0,0,0,0,0
2024,20240008,Gianni Vermeersch,18,Stage 18,0,0,0,0,0,0,0,0,0
2024,20240008,Gianni Vermeersch,19,Stage 19,0,0,0,0,0,0,0,0,0
2024,20240008,Gianni Vermeersch,20,Stage 20,0,0,0,0,0,0,0,0,0
2024,20240008,Gianni Vermeersch,21,Stage 21,0,0,0,0,0,0,0,0,0
2024,20240008,Gianni Vermeersch,22,Final Classifications,0,0,0,0,0,0,0,0,0
2024,20240444,Luka Mezgec,1,Stage 1,0,0,0,0,0,0,0,0,0
2024,20240444,Luka Mezgec,2,Stage 2,0,0,0,0,0,0,0,0,0
2024,20240444,Luka Mezgec,3,Stage 3,0,0,0,0,0,0,0,0,0
2024,20240444,Luka Mezgec,4,Stage 4,0,0,0,0,0,0,0,0,0
2024,20240444,Luka Mezgec,5,Stage 5,0,0,0,0,0,0,0,0,0
2024,20240444,Luka Mezgec,6,Stage 6,0,0,0,0,0,0,0,8,8
2024,20240444,Luka Mezgec,7,Stage 7,0,0,0,0,0,0,0,0,0
2024,20240444,Luka Mezgec,8,Stage 8,0,0,0,0,0,0,0,0,0
2024,20240444,Luka Mezgec,9,Stage 9,4,0,0,0,0,0,0,0,4
2024,20240444,Luka Mezgec,10,Stage 10,0,0,0,0,0,0,0,0,0
2024,20240444,Luka Mezgec,11,Stage 11,0,0,0,0,0,0,0,0,0
2024,20240444,Luka Mezgec,12,Stage 12,0,0,0,0,0,0,0,0,0
2024,20240444,Luka Mezgec,13,Stage 13,50,0,0,0,0,0,0,0,50
2024,20240444,Luka Mezgec,14,Stage 14,0,0,0,0,0,0,0,0,0
2024,20240444,Luka Mezgec,15,Stage 15,0,0,0,0,0,0,0,0,0
2024,20240444,Luka Mezgec,16,Stage 16,0,0,0,0,0,0,0,0,0
2024,20240444,Luka Mezgec,17,Stage 17,0,0,0,0,0,0,0,4,4
2024,20240444,Luka Mezgec,18,Stage 18,0,0,0,0,0,0,0,0,0
2024,20240444,Luka Mezgec,19,Stage 19,0,0,0,0,0,0,0,2,2
2024,20240444,Luka Mezgec,20,Stage 20,0,0,0,0,0,0,0,0,0
2024,20240444,Luka Mezgec,21,Stage 21,0,0,0,0,0,0,0,0,0
2024,20240444,Luka Mezgec,22,Final Classifications,0,0,0,0,0,0,0,0,0
2024,20240004,Søren Kragh Andersen,1,Stage 1,0,0,0,0,0,0,0,0,0
2024,20240004,Søren Kragh Andersen,2,Stage 2,0,0,0,0,0,0,0,0,0
2024,20240004,Søren Kragh Andersen,3,Stage 3,0,0,0,0,0,0,0,0,0
2024,20240004,Søren Kragh Andersen,4,Stage 4,0,0,0,0,0,0,0,0,0
2024,20240004,Søren Kragh Andersen,5,Stage 5,0,0,0,0,0,0,0,4,4
2024,20240004,Søren Kragh Andersen,6,Stage 6,0,0,0,0,0,0,0,0,0
2024,20240004,Søren Kragh Andersen,7,Stage 7,0,0,0,0,0,0,0,0,0
2024,20240004,Søren Kragh Andersen,8,Stage 8,50,0,0,0,0,0,0,4,54
2024,20240004,Søren Kragh Andersen,9,Stage 9,0,0,0,0,0,0,0,0,0
2024,20240004,Søren Kragh Andersen,10,Stage 10,0,0,0,0,0,0,0,8,8
2024,20240004,Søren Kragh Andersen,11,Stage 11,0,0,0,0,0,0,0,0,0
2024,20240004,Søren Kragh Andersen,12,Stage 12,0,0,0,0,0,0,0,0,0
2024,20240004,Søren Kragh Andersen,13,Stage 13,0,0,0,0,0,0,0,0,0
2024,20240004,Søren Kragh Andersen,14,Stage 14,0,0,0,0,0,0,0,0,0
2024,20240004,Søren Kragh Andersen,15,Stage 15,0,0,0,0,0,0,0,0,0
2024,20240004,Søren Kragh Andersen,16,Stage 16,0,0,0,0,0,0,0,0,0
2024,20240004,Søren Kragh Andersen,17,Stage 17,0,0,0,0,0,0,0,0,0
2024,20240004,Søren Kragh Andersen,18,Stage 18,0,0,0,0,0,0,0,0,0
2024,20240004,Søren Kragh Andersen,19,Stage 19,0,0,0,0,0,0,0,0,0
2024,20240004,Søren Kragh Andersen,20,Stage 20,0,0,0,0,0,0,0,0,0
2024,20240004,Søren Kragh Andersen,21,Stage 21,0,0,0,0,0,0,0,0,0
2024,20240004,Søren Kragh Andersen,22,Final Classifications,0,0,0,0,0,0,0,0,0
2024,20240013,Jonas Rickaert,1,Stage 1,0,0,0,0,0,0,0,0,0
2024,20240013,Jonas Rickaert,2,Stage 2,0,0,0,0,0,0,0,0,0
2024,20240013,Jonas Rickaert,3,Stage 3,50,0,0,0,0,0,0,0,50
2024,20240013,Jonas Rickaert,4,Stage 4,0,0,0,0,0,0,0,0,0
2024,20240013,Jonas Rickaert,5,Stage 5,0,0,0,0,0,0,0,4,4
2024,20240013,Jonas Rickaert,6,Stage 6,0,0,0,0,0,0,0,0,0
2024,20240013,Jonas Rickaert,7,Stage 7,0,0,0,0,0,0,0,0,0
2024,20240013,Jonas Rickaert,8,Stage 8,0,0,0,0,0,0,0,4,4
2024,20240013,Jonas Rickaert,9,Stage 9,0,0,0,0,0,0,0,0,0
2024,20240013,Jonas Rickaert,10,Stage 10,0,0,0,0,0,0,0,8,8
2024,20240013,Jonas Rickaert,11,Stage 11,0,0,0,0,0,0,0,0,0
2024,20240013,Jonas Rickaert,12,Stage 12,0,0,0,0,0,0,0,0,0
2024,20240013,Jonas Rickaert,13,Stage 13,0,0,0,0,0,0,0,0,0
2024,20240013,Jonas Rickaert,14,Stage 14,0,0,0,0,0,0,0,0,0
2024,20240013,Jonas Rickaert,15,Stage 15,0,0,0,0,0,0,0,0,0
2024,20240013,Jonas Rickaert,16,Stage 16,0,0,0,0,0,0,0,0,0
2024,20240013,Jonas Rickaert,17,Stage 17,0,0,0,0,0,0,0,0,0
2024,20240013,Jonas Rickaert,18,Stage 18,0,0,0,0,0,0,0,0,0
2024,20240013,Jonas Rickaert,19,Stage 19,0,0,0,0,0,0,0,0,0
2024,20240013,Jonas Rickaert,20,Stage 20,0,0,0,0,0,0,0,0,0
2024,20240013,Jonas Rickaert,21,Stage 21,0,0,0,0,0,0,0,0,0
2024,20240013,Jonas Rickaert,22,Final Classifications,0,0,0,0,0,0,0,0,0
2024,20240120,Danny Van Poppel,1,Stage 1,0,0,0,0,0,0,0,0,0
2024,20240120,Danny Van Poppel,2,Stage 2,0,0,0,0,0,0,0,0,0
2024,20240120,Danny Van Poppel,3,Stage 3,0,0,0,0,0,0,0,0,0
2024,20240120,Danny Van Poppel,4,Stage 4,0,0,0,0,0,0,0,0,0
2024,20240120,Danny Van Poppel,5,Stage 5,0,0,0,0,0,0,0,0,0
2024,20240120,Danny Van Poppel,6,Stage 6,0,0,0,0,0,0,0,0,0
2024,20240120,Danny Van Poppel,7,Stage 7,0,0,0,0,0,0,0,0,0
2024,20240120,Danny Van Poppel,8,Stage 8,0,0,0,0,0,0,0,2,2
2024,20240120,Danny Van Poppel,9,Stage 9,0,0,0,0,0,0,0,0,0
2024,20240120,Danny Van Poppel,10,Stage 10,0,0,0,0,0,0,0,0,0
2024,20240120,Danny Van Poppel,11,Stage 11,0,0,0,0,0,0,0,0,0
2024,20240120,Danny Van Poppel,12,Stage 12,0,0,0,0,0,0,0,0,0
2024,20240120,Danny Van Poppel,13,Stage 13,0,0,0,0,0,0,0,0,0
2024,20240120,Danny Van Poppel,14,Stage 14,0,0,0,0,0,0,0,0,0
2024,20240120,Danny Van Poppel,15,Stage 15,0,0,0,0,0,0,0,0,0
2024,20240120,Danny Van Poppel,16,Stage 16,60,0,0,0,0,0,0,0,60
2024,20240120,Danny Van Poppel,17,Stage 17,0,0,0,0,0,0,0,0,0
2024,20240120,Danny Van Poppel,18,Stage 18,0,0,0,0,0,0,0,0,0
2024,20240120,Danny Van Poppel,19,Stage 19,0,0,0,0,0,0,0,0,0
2024,20240120,Danny Van Poppel,20,Stage 20,0,0,0,0,0,0,0,0,0
2024,20240120,Danny Van Poppel,21,Stage 21,0,0,0,0,0,0,0,0,0
2024,20240120,Danny Van Poppel,22,Final Classifications,0,0,0,0,0,0,0,0,0
2024,20240236,Stefan Küng,1,Stage 1,0,0,0,0,0,0,0,0,0
2024,20240236,Stefan Küng,2,Stage 2,0,0,0,0,0,0,0,2,2
2024,20240236,Stefan Küng,3,Stage 3,0,0,0,0,0,0,0,0,0
2024,20240236,Stefan Küng,4,Stage 4,0,0,0,0,0,0,0,0,0
2024,20240236,Stefan Küng,5,Stage 5,0,0,0,0,0,0,0,0,0
2024,20240236,Stefan Küng,6,Stage 6,0,0,0,0,0,0,0,0,0
2024,20240236,Stefan Küng,7,Stage 7,60,0,0,0,0,0,0,0,60
2024,20240236,Stefan Küng,8,Stage 8,0,0,0,0,0,0,0,0,0
2024,20240236,Stefan Küng,9,Stage 9,0,0,0,0,0,0,0,0,0
2024,20240236,Stefan Küng,10,Stage 10,0,0,0,0,0,0,0,0,0
2024,20240236,Stefan Küng,11,Stage 11,0,0,0,0,0,0,0,0,0
2024,20240236,Stefan Küng,12,Stage 12,0,0,0,0,0,0,0,0,0
2024,20240236,Stefan Küng,13,Stage 13,0,0,0,0,0,0,0,0,0
2024,20240236,Stefan Küng,14,Stage 14,0,0,0,0,0,0,0,0,0
2024,20240236,Stefan Küng,15,Stage 15,0,0,0,0,0,0,0,0,0
2024,20240236,Stefan Küng,16,Stage 16,0,0,0,0,0,0,0,0,0
2024,20240236,Stefan Küng,17,Stage 17,0,0,0,0,0,0,0,0,0
2024,20240236,Stefan Küng,18,Stage 18,0,0,0,0,0,0,0,0,0
2024,20240236,Stefan Küng,19,Stage 19,0,0,0,0,0,0,0,0,0
2024,20240236,Stefan Küng,20,Stage 20,0,0,0,0,0,0,0,0,0
2024,20240236,Stefan Küng,21,Stage 21,0,0,0,0,0,0,0,0,0
2024,20240236,Stefan Küng,22,Final Classifications,0,0,0,0,0,0,0,0,0
2024,20240423,Bram Welten,1,Stage 1,0,0,0,0,0,0,0,32,32
2024,20240423,Bram Welten,2,Stage 2,0,0,0,0,0,0,0,0,0
2024,20240423,Bram Welten,3,Stage 3,0,0,0,0,0,0,0,0,0
2024,20240423,Bram Welten,4,Stage 4,0,0,0,0,0,0,0,0,0
2024,20240423,Bram Welten,5,Stage 5,0,0,0,0,0,0,0,0,0
2024,20240423,Bram Welten,6,Stage 6,0,0,0,0,0,0,0,0,0
2024,20240423,Bram Welten,7,Stage 7,0,0,0,0,0,0,0,0,0
2024,20240423,Bram Welten,8,Stage 8,0,0,0,0,0,0,0,0,0
2024,20240423,Bram Welten,9,Stage 9,0,0,0,0,0,0,0,0,0
2024,20240423,Bram Welten,10,Stage 10,0,0,0,0,0,0,0,0,0
2024,20240423,Bram Welten,11,Stage 11,0,0,0,0,0,0,0,0,0
2024,20240423,Bram Welten,12,Stage 12,30,0,0,0,0,0,0,0,30
2024,20240423,Bram Welten,13,Stage 13,0,0,0,0,0,0,0,0,0
2024,20240423,Bram Welten,14,Stage 14,0,0,0,0,0,0,0,0,0
2024,20240423,Bram Welten,15,Stage 15,0,0,0,0,0,0,0,0,0
2024,20240423,Bram Welten,16,Stage 16,0,0,0,0,0,0,0,0,0
2024,20240423,Bram Welten,17,Stage 17,0,0,0,0,0,0,0,0,0
2024,20240423,Bram Welten,18,Stage 18,0,0,0,0,0,0,0,0,0
2024,20240423,Bram Welten,19,Stage 19,0,0,0,0,0,0,0,0,0
2024,20240423,Bram Welten,20,Stage 20,0,0,0,0,0,0,0,0,0
2024,20240423,Bram Welten,21,Stage 21,0,0,0,0,0,0,0,0,0
2024,20240423,Bram Welten,22,Final Classifications,0,0,0,0,0,0,0,0,0
2024,20240156,Piet Allegaert,1,Stage 1,0,0,0,0,0,0,0,0,0
2024,20240156,Piet Allegaert,2,Stage 2,0,0,0,0,0,0,0,0,0
2024,20240156,Piet Allegaert,3,Stage 3,0,0,0,0,0,0,0,0,0
2024,20240156,Piet Allegaert,4,Stage 4,0,0,0,0,0,0,0,0,0
2024,20240156,Piet Allegaert,5,Stage 5,0,0,0,0,0,0,0,0,0
2024,20240156,Piet Allegaert,6,Stage 6,60,0,0,0,0,0,0,0,60
2024,20240156,Piet Allegaert,7,Stage 7,0,0,0,0,0,0,0,0,0
2024,20240156,Piet Allegaert,8,Stage 8,0,0,0,0,0,0,0,0,0
2024,20240156,Piet Allegaert,9,Stage 9,0,0,0,0,0,0,0,0,0
2024,20240156,Piet Allegaert,10,Stage 10,0,0,0,0,0,0,0,0,0
2024,20240156,Piet Allegaert,11,Stage 11,0,0,0,0,0,0,0,0,0
2024,20240156,Piet Allegaert,12,Stage 12,0,0,0,0,0,0,0,0,0
2024,20240156,Piet Allegaert,13,Stage 13,0,0,0,0,0,0,0,0,0
2024,20240156,Piet Allegaert,14,Stage 14,0,0,0,0,0,0,0,0,0
2024,20240156,Piet Allegaert,15,Stage 15,0,0,0,0,0,0,0,0,0
2024,20240156,Piet Allegaert,16,Stage 16,0,0,0,0,0,0,0,0,0
2024,20240156,Piet Allegaert,17,Stage 17,0,0,0,0,0,0,0,0,0
2024,20240156,Piet Allegaert,18,Stage 18,0,0,0,0,0,0,0,0,0
2024,20240156,Piet Allegaert,19,Stage 19,0,0,0,0,0,0,0,0,0
2024,20240156,Piet Allegaert,20,Stage 20,0,0,0,0,0,0,0,0,0
2024,20240156,Piet Allegaert,21,Stage 21,0,0,0,0,0,0,0,0,0
2024,20240156,Piet Allegaert,22,Final Classifications,0,0,0,0,0,0,0,0,0
2024,20240665,Jakob Fuglsang,1,Stage 1,0,0,0,0,0,0,0,0,0
2024,20240665,Jakob Fuglsang,2,Stage 2,0,0,0,0,0,0,0,0,0
2024,20240665,Jakob Fuglsang,3,Stage 3,0,0,0,0,0,0,0,0,0
2024,20240665,Jakob Fuglsang,4,Stage 4,0,0,0,0,0,0,0,0,0
2024,20240665,Jakob Fuglsang,5,Stage 5,0,0,0,0,0,0,0,0,0
2024,20240665,Jakob Fuglsang,6,Stage 6,0,0,0,0,0,0,0,0,0
2024,20240665,Jakob Fuglsang,7,Stage 7,0,0,0,0,0,0,0,0,0
2024,20240665,Jakob Fuglsang,8,Stage 8,0,0,0,0,0,0,0,0,0
2024,20240665,Jakob Fuglsang,9,Stage 9,30,0,0,0,0,0,0,2,32
2024,20240665,Jakob Fuglsang,10,Stage 10,0,0,0,0,0,0,0,2,2
2024,20240665,Jakob Fuglsang,11,Stage 11,0,0,0,0,0,0,0,0,0
2024,20240665,Jakob Fuglsang,12,Stage 12,0,0,0,0,0,0,0,2,2
2024,20240665,Jakob Fuglsang,13,Stage 13,0,0,0,0,0,0,0,2,2
2024,20240665,Jakob Fuglsang,14,Stage 14,0,0,0,0,0,0,0,0,0
2024,20240665,Jakob Fuglsang,15,Stage 15,0,0,0,0,0,0,20,0,20
2024,20240665,Jakob Fuglsang,16,Stage 16,0,0,0,0,1,0,0,0,1
2024,20240665,Jakob Fuglsang,17,Stage 17,0,0,0,0,0,0,0,0,0
2024,20240665,Jakob Fuglsang,18,Stage 18,0,0,0,0,0,0,0,0,0
2024,20240665,Jakob Fuglsang,19,Stage 19,0,0,0,0,0,0,0,0,0
2024,20240665,Jakob Fuglsang,20,Stage 20,0,0,0,0,0,0,0,0,0
2024,20240665,Jakob Fuglsang,21,Stage 21,0,0,0,0,0,0,0,0,0
2024,20240665,Jakob Fuglsang,22,Final Classifications,0,0,0,0,0,0,0,0,0
2024,20240270,Jonathan Castroviejo,1,Stage 1,0,0,0,0,0,0,0,2,2
2024,20240270,Jonathan Castroviejo,2,Stage 2,0,0,0,0,0,0,0,2,2
2024,20240270,Jonathan Castroviejo,3,Stage 3,0,0,0,0,0,0,0,2,2
2024,20240270,Jonathan Castroviejo,4,Stage 4,0,0,0,0,0,0,0,4,4
2024,20240270,Jonathan Castroviejo,5,Stage 5,0,0,0,0,0,0,0,4,4
2024,20240270,Jonathan Castroviejo,6,Stage 6,0,0,0,0,0,0,0,4,4
2024,20240270,Jonathan Castroviejo,7,Stage 7,0,0,0,0,0,0,0,0,0
2024,20240270,Jonathan Castroviejo,8,Stage 8,0,0,0,0,0,0,0,0,0
2024,20240270,Jonathan Castroviejo,9,Stage 9,0,0,0,0,0,0,0,6,6
2024,20240270,Jonathan Castroviejo,10,Stage 10,0,0,0,0,0,0,0,2,2
2024,20240270,Jonathan Castroviejo,11,Stage 11,0,0,0,0,0,0,0,2,2
2024,20240270,Jonathan Castroviejo,12,Stage 12,0,0,0,0,0,0,0,2,2
2024,20240270,Jonathan Castroviejo,13,Stage 13,0,0,0,0,0,0,0,2,2
2024,20240270,Jonathan Castroviejo,14,Stage 14,0,0,0,0,0,0,0,0,0
2024,20240270,Jonathan Castroviejo,15,Stage 15,0,0,0,0,0,0,0,0,0
2024,20240270,Jonathan Castroviejo,16,Stage 16,0,0,0,0,0,0,0,0,0
2024,20240270,Jonathan Castroviejo,17,Stage 17,0,0,0,0,0,0,0,0,0
2024,20240270,Jonathan Castroviejo,18,Stage 18,0,0,0,0,0,0,0,4,4
2024,20240270,Jonathan Castroviejo,19,Stage 19,0,0,0,0,0,0,0,0,0
2024,20240270,Jonathan Castroviejo,20,Stage 20,0,0,0,0,0,0,0,2,2
2024,20240270,Jonathan Castroviejo,21,Stage 21,0,0,0,0,0,0,0,0,0
2024,20240270,Jonathan Castroviejo,22,Final Classifications,0,0,0,0,0,0,0,0,20
2024,20240277,Ben Turner,1,Stage 1,0,0,0,0,0,0,0,2,2
2024,20240277,Ben Turner,2,Stage 2,0,0,0,0,0,0,0,0,2
2024,20240277,Ben Turner,3,Stage 3,0,0,0,0,0,0,0,2,2
2024,20240277,Ben Turner,4,Stage 4,0,0,0,0,0,0,0,4,4
2024,20240277,Ben Turner,5,Stage 5,0,0,0,0,0,0,0,4,4
2024,20240277,Ben Turner,6,Stage 6,0,0,0,0,0,0,0,4,4
2024,20240277,Ben Turner,7,Stage 7,0,0,0,0,0,0,0,0,0
2024,20240277,Ben Turner,8,Stage 8,0,0,0,0,0,0,0,0,0
2024,20240277,Ben Turner,9,Stage 9,0,0,0,0,0,0,0,6,6
2024,20240277,Ben Turner,10,Stage 10,0,0,0,0,0,0,0,2,2
2024,20240277,Ben Turner,11,Stage 11,0,0,0,0,0,0,0,2,2
2024,20240277,Ben Turner,12,Stage 12,0,0,0,0,0,0,0,2,2
2024,20240277,Ben Turner,13,Stage 13,0,0,0,0,0,0,0,2,2
2024,20240277,Ben Turner,14,Stage 14,0,0,0,0,0,0,0,0,0
2024,20240277,Ben Turner,15,Stage 15,0,0,0,0,0,0,0,0,0
2024,20240277,Ben Turner,16,Stage 16,0,0,0,0,0,0,0,0,0
2024,20240277,Ben Turner,17,Stage 17,0,0,0,0,0,0,0,0,0
2024,20240277,Ben Turner,18,Stage 18,0,0,0,0,0,0,0,4,4
2024,20240277,Ben Turner,19,Stage 19,0,0,0,0,0,0,0,0,0
2024,20240277,Ben Turner,20,Stage 20,0,0,0,0,0,0,0,2,2
2024,20240277,Ben Turner,21,Stage 21,0,0,0,0,0,0,0,0,0
2024,20240277,Ben Turner,22,Final Classifications,0,0,0,0,0,0,0,0,20
2024,20240456,Christopher Juul-Jensen,1,Stage 1,0,0,0,0,0,0,0,0,0
2024,20240456,Christopher Juul-Jensen,2,Stage 2,0,0,0,0,0,0,0,0,0
2024,20240456,Christopher Juul-Jensen,3,Stage 3,0,0,0,0,0,0,0,0,0
2024,20240456,Christopher Juul-Jensen,4,Stage 4,0,0,0,0,0,0,20,0,20
2024,20240456,Christopher Juul-Jensen,5,Stage 5,0,0,0,0,0,0,0,0,0
2024,20240456,Christopher Juul-Jensen,6,Stage 6,0,0,0,0,0,0,0,8,8
2024,20240456,Christopher Juul-Jensen,7,Stage 7,0,0,0,0,0,0,0,0,0
2024,20240456,Christopher Juul-Jensen,8,Stage 8,0,0,0,0,0,0,0,0,0
2024,20240456,Christopher Juul-Jensen,9,Stage 9,0,0,0,0,0,0,0,0,0
2024,20240456,Christopher Juul-Jensen,10,Stage 10,0,0,0,0,0,0,0,0,0
2024,20240456,Christopher Juul-Jensen,11,Stage 11,0,0,0,0,0,0,0,0,0
2024,20240456,Christopher Juul-Jensen,12,Stage 12,0,0,0,0,0,0,0,0,0
2024,20240456,Christopher Juul-Jensen,13,Stage 13,0,0,0,0,0,0,0,0,0
2024,20240456,Christopher Juul-Jensen,14,Stage 14,0,0,0,0,0,0,20,0,20
2024,20240456,Christopher Juul-Jensen,15,Stage 15,0,0,0,0,0,0,0,0,0
2024,20240456,Christopher Juul-Jensen,16,Stage 16,0,0,0,0,0,0,0,0,0
2024,20240456,Christopher Juul-Jensen,17,Stage 17,0,0,0,0,0,0,0,4,4
2024,20240456,Christopher Juul-Jensen,18,Stage 18,0,0,0,0,0,0,0,0,0
2024,20240456,Christopher Juul-Jensen,19,Stage 19,0,0,0,0,0,0,0,2,2
2024,20240456,Christopher Juul-Jensen,20,Stage 20,0,0,0,0,0,0,0,0,0
2024,20240456,Christopher Juul-Jensen,21,Stage 21,0,0,0,0,0,0,0,0,0
2024,20240456,Christopher Juul-Jensen,22,Final Classifications,0,0,0,0,0,0,0,0,0
2024,20240405,Warren Barguil,1,Stage 1,0,0,0,0,0,0,0,32,32
2024,20240405,Warren Barguil,2,Stage 2,0,0,0,0,0,0,0,0,0
2024,20240405,Warren Barguil,3,Stage 3,0,0,0,0,0,0,0,0,0
2024,20240405,Warren Barguil,4,Stage 4,0,0,0,0,0,0,20,0,20
2024,20240405,Warren Barguil,5,Stage 5,0,0,0,0,0,0,0,0,0
2024,20240405,Warren Barguil,6,Stage 6,0,0,0,0,0,0,0,0,0
2024,20240405,Warren Barguil,7,Stage 7,0,0,0,0,0,0,0,0,0
2024,20240405,Warren Barguil,8,Stage 8,0,0,0,0,0,0,0,0,0
2024,20240405,Warren Barguil,9,Stage 9,0,0,0,0,0,0,0,0,0
2024,20240405,Warren Barguil,10,Stage 10,0,0,0,0,0,0,0,0,0
2024,20240405,Warren Barguil,11,Stage 11,0,0,0,0,0,0,0,0,0
2024,20240405,Warren Barguil,12,Stage 12,0,0,0,0,0,0,0,0,0
2024,20240405,Warren Barguil,13,Stage 13,0,0,0,0,0,0,0,0,0
2024,20240405,Warren Barguil,14,Stage 14,0,0,0,0,0,0,0,0,0
2024,20240405,Warren Barguil,15,Stage 15,0,0,0,0,0,0,0,0,0
2024,20240405,Warren Barguil,16,Stage 16,0,0,0,0,0,0,0,0,0
2024,20240405,Warren Barguil,17,Stage 17,0,0,0,0,0,0,0,0,0
2024,20240405,Warren Barguil,18,Stage 18,0,0,0,0,0,0,0,0,0
2024,20240405,Warren Barguil,19,Stage 19,0,0,0,0,0,0,0,0,0
2024,20240405,Warren Barguil,20,Stage 20,0,0,0,0,0,0,0,0,0
2024,20240405,Warren Barguil,21,Stage 21,0,0,0,0,0,0,0,0,0
2024,20240405,Warren Barguil,22,Final Classifications,0,0,0,0,0,0,0,0,0
2024,20240190,Oliver Naesen,1,Stage 1,0,0,0,0,0,0,0,0,0
2024,20240190,Oliver Naesen,2,Stage 2,0,0,0,0,0,0,0,0,0
2024,20240190,Oliver Naesen,3,Stage 3,0,0,0,0,0,0,0,0,0
2024,20240190,Oliver Naesen,4,Stage 4,0,0,0,0,0,0,0,0,0
2024,20240190,Oliver Naesen,5,Stage 5,0,0,0,0,0,0,0,0,0
2024,20240190,Oliver Naesen,6,Stage 6,4,0,0,0,0,0,0,0,4
2024,20240190,Oliver Naesen,7,Stage 7,0,0,0,0,0,0,0,0,0
2024,20240190,Oliver Naesen,8,Stage 8,0,0,0,0,0,0,0,0,0
2024,20240190,Oliver Naesen,9,Stage 9,0,0,0,0,0,0,0,0,0
2024,20240190,Oliver Naesen,10,Stage 10,40,0,0,0,0,0,0,0,40
2024,20240190,Oliver Naesen,11,Stage 11,0,0,0,0,0,0,0,0,0
2024,20240190,Oliver Naesen,12,Stage 12,0,0,0,0,0,0,0,0,0
2024,20240190,Oliver Naesen,13,Stage 13,8,0,0,0,0,0,0,0,8
2024,20240190,Oliver Naesen,14,Stage 14,0,0,0,0,0,0,0,0,0
2024,20240190,Oliver Naesen,15,Stage 15,0,0,0,0,0,0,0,0,0
2024,20240190,Oliver Naesen,16,Stage 16,0,0,0,0,0,0,0,0,0
2024,20240190,Oliver Naesen,17,Stage 17,0,0,0,0,0,0,0,0,0
2024,20240190,Oliver Naesen,18,Stage 18,0,0,0,0,0,0,0,0,0
2024,20240190,Oliver Naesen,19,Stage 19,0,0,0,0,0,0,0,0,0
2024,20240190,Oliver Naesen,20,Stage 20,0,0,0,0,0,0,0,0,0
2024,20240190,Oliver Naesen,21,Stage 21,0,0,0,0,0,0,0,0,0
2024,20240190,Oliver Naesen,22,Final Classifications,0,0,0,0,0,0,0,0,0
2024,20240182,Dorian Godon,1,Stage 1,0,0,0,0,0,0,0,0,0
2024,20240182,Dorian Godon,2,Stage 2,0,0,0,0,0,0,0,0,0
2024,20240182,Dorian Godon,3,Stage 3,0,0,0,0,0,0,0,0,0
2024,20240182,Dorian Godon,4,Stage 4,0,0,0,0,0,0,0,0,0
2024,20240182,Dorian Godon,5,Stage 5,0,0,0,0,0,0,0,0,0
2024,20240182,Dorian Godon,6,Stage 6,0,0,0,0,1,0,0,0,1
2024,20240182,Dorian Godon,7,Stage 7,0,0,0,0,0,0,0,0,0
2024,20240182,Dorian Godon,8,Stage 8,0,0,0,0,0,0,0,0,0
2024,20240182,Dorian Godon,9,Stage 9,0,0,0,0,0,0,0,0,0
2024,20240182,Dorian Godon,10,Stage 10,0,0,0,0,0,0,0,0,0
2024,20240182,Dorian Godon,11,Stage 11,0,0,0,0,0,0,0,0,0
2024,20240182,Dorian Godon,12,Stage 12,0,0,0,0,0,0,0,0,0
2024,20240182,Dorian Godon,13,Stage 13,0,0,0,0,0,0,0,0,0
2024,20240182,Dorian Godon,14,Stage 14,0,0,0,0,0,0,0,0,0
2024,20240182,Dorian Godon,15,Stage 15,0,0,0,0,0,0,0,0,0
2024,20240182,Dorian Godon,16,Stage 16,0,0,0,0,0,0,0,0,0
2024,20240182,Dorian Godon,17,Stage 17,0,0,0,0,0,0,0,0,0
2024,20240182,Dorian Godon,18,Stage 18,50,0,0,0,0,0,0,0,50
2024,20240182,Dorian Godon,19,Stage 19,0,0,0,0,0,0,0,0,0
2024,20240182,Dorian Godon,20,Stage 20,0,0,0,0,0,0,0,0,0
2024,20240182,Dorian Godon,21,Stage 21,0,0,0,0,0,0,0,0,0
2024,20240182,Dorian Godon,22,Final Classifications,0,0,0,0,0,0,0,0,0
2024,20240304,Laurenz Rex,1,Stage 1,0,0,0,0,0,0,0,0,0
2024,20240304,Laurenz Rex,2,Stage 2,0,0,0,0,0,0,0,0,0
2024,20240304,Laurenz Rex,3,Stage 3,0,0,0,0,0,0,0,8,8
2024,20240304,Laurenz Rex,4,Stage 4,0,0,0,0,0,0,0,0,0
2024,20240304,Laurenz Rex,5,Stage 5,0,0,0,0,0,0,0,0,0
2024,20240304,Laurenz Rex,6,Stage 6,0,0,0,0,2,0,0,4,6
2024,20240304,Laurenz Rex,7,Stage 7,0,0,0,0,0,0,0,0,0
2024,20240304,Laurenz Rex,8,Stage 8,0,0,0,0,0,0,0,8,8
2024,20240304,Laurenz Rex,9,Stage 9,0,0,0,0,0,0,0,0,0
2024,20240304,Laurenz Rex,10,Stage 10,0,0,0,0,0,0,0,4,4
2024,20240304,Laurenz Rex,11,Stage 11,0,0,0,0,0,0,0,0,0
2024,20240304,Laurenz Rex,12,Stage 12,0,0,0,0,2,0,0,8,10
2024,20240304,Laurenz Rex,13,Stage 13,12,0,0,0,0,0,0,0,12
2024,20240304,Laurenz Rex,14,Stage 14,0,0,0,0,0,0,0,0,0
2024,20240304,Laurenz Rex,15,Stage 15,0,0,0,0,0,0,0,0,0
2024,20240304,Laurenz Rex,16,Stage 16,0,0,0,0,3,0,0,0,3
2024,20240304,Laurenz Rex,17,Stage 17,0,0,0,0,0,0,0,0,0
2024,20240304,Laurenz Rex,18,Stage 18,0,0,0,0,0,0,0,0,0
2024,20240304,Laurenz Rex,19,Stage 19,0,0,0,0,0,0,0,0,0
2024,20240304,Laurenz Rex,20,Stage 20,0,0,0,0,0,0,0,0,0
2024,20240304,Laurenz Rex,21,Stage 21,0,0,0,0,0,0,0,0,0
2024,20240304,Laurenz Rex,22,Final Classifications,0,0,0,0,0,0,0,0,0
2024,20240295,Hugo Page,1,Stage 1,0,0,0,0,0,0,0,0,0
2024,20240295,Hugo Page,2,Stage 2,0,0,0,0,0,0,0,0,0
2024,20240295,Hugo Page,3,Stage 3,0,0,0,0,0,0,0,8,8
2024,20240295,Hugo Page,4,Stage 4,0,0,0,0,0,0,0,0,0
2024,20240295,Hugo Page,5,Stage 5,0,0,0,0,0,0,0,0,0
2024,20240295,Hugo Page,6,Stage 6,0,0,0,0,0,0,0,4,4
2024,20240295,Hugo Page,7,Stage 7,0,0,0,0,0,0,0,0,0
2024,20240295,Hugo Page,8,Stage 8,0,0,0,0,0,0,0,8,8
2024,20240295,Hugo Page,9,Stage 9,16,0,0,0,0,0,0,0,16
2024,20240295,Hugo Page,10,Stage 10,0,0,0,0,0,0,0,4,4
2024,20240295,Hugo Page,11,Stage 11,0,0,0,0,0,0,0,0,0
2024,20240295,Hugo Page,12,Stage 12,0,0,0,0,0,0,0,8,8
2024,20240295,Hugo Page,13,Stage 13,0,0,0,0,0,0,0,0,0
2024,20240295,Hugo Page,14,Stage 14,0,0,0,0,0,0,0,0,0
2024,20240295,Hugo Page,15,Stage 15,0,0,0,0,0,0,0,0,0
2024,20240295,Hugo Page,16,Stage 16,0,0,0,0,0,0,0,0,0
2024,20240295,Hugo Page,17,Stage 17,0,0,0,0,0,0,0,0,0
2024,20240295,Hugo Page,18,Stage 18,0,0,0,0,0,0,0,0,0
2024,20240295,Hugo Page,19,Stage 19,0,0,0,0,0,0,0,0,0
2024,20240295,Hugo Page,20,Stage 20,0,0,0,0,0,0,0,0,0
2024,20240295,Hugo Page,21,Stage 21,0,0,0,0,0,0,0,0,0
2024,20240295,Hugo Page,22,Final Classifications,0,0,0,0,0,0,0,0,0
2024,20240816,Mathieu Burgaudeau,1,Stage 1,0,0,0,0,0,0,0,0,0
2024,20240816,Mathieu Burgaudeau,2,Stage 2,0,0,0,0,0,0,0,0,0
2024,20240816,Mathieu Burgaudeau,3,Stage 3,0,0,0,0,0,0,0,0,0
2024,20240816,Mathieu Burgaudeau,4,Stage 4,0,0,0,0,0,0,20,0,20
2024,20240816,Mathieu Burgaudeau,5,Stage 5,0,0,0,0,0,0,0,0,0
2024,20240816,Mathieu Burgaudeau,6,Stage 6,0,0,0,0,0,0,0,0,0
2024,20240816,Mathieu Burgaudeau,7,Stage 7,0,0,0,0,0,0,0,0,0
2024,20240816,Mathieu Burgaudeau,8,Stage 8,0,0,0,0,0,0,0,0,0
2024,20240816,Mathieu Burgaudeau,9,Stage 9,0,0,0,0,0,0,0,8,8
2024,20240816,Mathieu Burgaudeau,10,Stage 10,0,0,0,0,0,0,0,0,0
2024,20240816,Mathieu Burgaudeau,11,Stage 11,0,0,0,0,0,0,0,0,0
2024,20240816,Mathieu Burgaudeau,12,Stage 12,0,0,0,0,0,0,0,0,0
2024,20240816,Mathieu Burgaudeau,13,Stage 13,0,0,0,0,0,0,0,0,0
2024,20240816,Mathieu Burgaudeau,14,Stage 14,0,0,0,0,0,0,0,0,0
2024,20240816,Mathieu Burgaudeau,15,Stage 15,0,0,0,0,0,0,0,0,0
2024,20240816,Mathieu Burgaudeau,16,Stage 16,0,0,0,0,0,0,0,0,0
2024,20240816,Mathieu Burgaudeau,17,Stage 17,0,0,0,0,0,0,0,0,0
2024,20240816,Mathieu Burgaudeau,18,Stage 18,16,0,0,0,0,0,0,4,20
2024,20240816,Mathieu Burgaudeau,19,Stage 19,0,0,0,0,0,0,0,0,0
2024,20240816,Mathieu Burgaudeau,20,Stage 20,0,0,0,0,0,0,0,0,0
2024,20240816,Mathieu Burgaudeau,21,Stage 21,0,0,0,0,0,0,0,0,0
2024,20240816,Mathieu Burgaudeau,22,Final Classifications,0,0,0,0,0,0,0,0,0
2024,20240869,Rasmus Tiller,1,Stage 1,0,0,0,0,0,0,0,0,0
2024,20240869,Rasmus Tiller,2,Stage 2,0,0,0,0,0,0,0,4,4
2024,20240869,Rasmus Tiller,3,Stage 3,0,0,0,0,0,0,0,0,0
2024,20240869,Rasmus Tiller,4,Stage 4,0,0,0,0,0,0,0,0,0
2024,20240869,Rasmus Tiller,5,Stage 5,0,0,0,0,0,0,0,2,2
2024,20240869,Rasmus Tiller,6,Stage 6,0,0,0,0,0,0,0,0,0
2024,20240869,Rasmus Tiller,7,Stage 7,0,0,0,0,0,0,0,0,0
2024,20240869,Rasmus Tiller,8,Stage 8,0,0,0,0,0,0,0,0,0
2024,20240869,Rasmus Tiller,9,Stage 9,40,0,0,0,0,0,0,0,40
2024,20240869,Rasmus Tiller,10,Stage 10,0,0,0,0,0,0,0,0,0
2024,20240869,Rasmus Tiller,11,Stage 11,0,0,0,0,0,0,0,0,0
2024,20240869,Rasmus Tiller,12,Stage 12,0,0,0,0,0,0,0,0,0
2024,20240869,Rasmus Tiller,13,Stage 13,0,0,0,0,0,0,0,0,0
2024,20240869,Rasmus Tiller,14,Stage 14,0,0,0,0,0,0,0,0,0
2024,20240869,Rasmus Tiller,15,Stage 15,0,0,0,0,0,0,0,0,0
2024,20240869,Rasmus Tiller,16,Stage 16,0,0,0,0,0,0,0,2,2
2024,20240869,Rasmus Tiller,17,Stage 17,0,0,0,0,0,0,0,0,0
2024,20240869,Rasmus Tiller,18,Stage 18,0,0,0,0,0,0,0,0,0
2024,20240869,Rasmus Tiller,19,Stage 19,0,0,0,0,0,0,0,0,0
2024,20240869,Rasmus Tiller,20,Stage 20,0,0,0,0,0,0,0,0,0
2024,20240869,Rasmus Tiller,21,Stage 21,0,0,0,0,0,0,0,0,0
2024,20240869,Rasmus Tiller,22,Final Classifications,0,0,0,0,0,0,0,0,0
2024,20240293,Georg Zimmermann,1,Stage 1,0,0,0,0,0,0,0,0,0
2024,20240293,Georg Zimmermann,2,Stage 2,0,0,0,0,0,0,0,0,0
2024,20240293,Georg Zimmermann,3,Stage 3,0,0,0,0,0,0,0,8,8
2024,20240293,Georg Zimmermann,4,Stage 4,0,0,0,0,2,0,0,0,2
2024,20240293,Georg Zimmermann,5,Stage 5,0,0,0,0,0,0,0,0,0
2024,20240293,Georg Zimmermann,6,Stage 6,0,0,0,0,0,0,0,4,4
2024,20240293,Georg Zimmermann,7,Stage 7,0,0,0,0,0,0,0,0,0
2024,20240293,Georg Zimmermann,8,Stage 8,0,0,0,0,0,0,0,8,8
2024,20240293,Georg Zimmermann,9,Stage 9,0,0,0,0,0,0,0,0,0
2024,20240293,Georg Zimmermann,10,Stage 10,0,0,0,0,0,0,0,4,4
2024,20240293,Georg Zimmermann,11,Stage 11,0,0,0,0,0,0,0,0,0
2024,20240293,Georg Zimmermann,12,Stage 12,0,0,0,0,0,0,0,8,8
2024,20240293,Georg Zimmermann,13,Stage 13,0,0,0,0,0,0,0,0,0
2024,20240293,Georg Zimmermann,14,Stage 14,0,0,0,0,0,0,0,0,0
2024,20240293,Georg Zimmermann,15,Stage 15,0,0,0,0,0,0,0,0,0
2024,20240293,Georg Zimmermann,16,Stage 16,0,0,0,0,0,0,0,0,0
2024,20240293,Georg Zimmermann,17,Stage 17,0,0,0,0,0,0,0,0,0
2024,20240293,Georg Zimmermann,18,Stage 18,0,0,0,0,12,0,0,0,12
2024,20240293,Georg Zimmermann,19,Stage 19,0,0,0,0,0,0,0,0,0
2024,20240293,Georg Zimmermann,20,Stage 20,0,0,0,0,0,0,0,0,0
2024,20240293,Georg Zimmermann,21,Stage 21,0,0,0,0,0,0,0,0,0
2024,20240293,Georg Zimmermann,22,Final Classifications,0,0,0,0,0,0,0,0,0
2024,20240358,Gregor Mühlberger,1,Stage 1,0,0,0,0,0,0,0,0,0
2024,20240358,Gregor Mühlberger,2,Stage 2,0,0,0,0,0,0,0,8,8
2024,20240358,Gregor Mühlberger,3,Stage 3,0,0,0,0,0,0,0,12,12
2024,20240358,Gregor Mühlberger,4,Stage 4,8,0,0,0,0,0,0,0,8
2024,20240358,Gregor Mühlberger,5,Stage 5,0,0,0,0,0,0,0,0,0
2024,20240358,Gregor Mühlberger,6,Stage 6,0,0,0,0,0,0,0,2,2
2024,20240358,Gregor Mühlberger,7,Stage 7,0,0,0,0,0,0,0,0,0
2024,20240358,Gregor Mühlberger,8,Stage 8,0,0,0,0,0,0,0,0,0
2024,20240358,Gregor Mühlberger,9,Stage 9,0,0,0,0,0,0,0,0,0
2024,20240358,Gregor Mühlberger,10,Stage 10,0,0,0,0,0,0,0,0,0
2024,20240358,Gregor Mühlberger,11,Stage 11,0,0,0,0,0,0,0,0,0
2024,20240358,Gregor Mühlberger,12,Stage 12,0,0,0,0,0,0,0,0,0
2024,20240358,Gregor Mühlberger,13,Stage 13,0,0,0,0,0,0,0,0,0
2024,20240358,Gregor Mühlberger,14,Stage 14,12,0,0,0,0,0,0,0,12
2024,20240358,Gregor Mühlberger,15,Stage 15,0,0,0,0,2,0,0,0,2
2024,20240358,Gregor Mühlberger,16,Stage 16,0,0,0,0,0,0,0,0,0
2024,20240358,Gregor Mühlberger,17,Stage 17,0,0,0,0,0,0,0,2,2
2024,20240358,Gregor Mühlberger,18,Stage 18,0,0,0,0,0,0,0,0,0
2024,20240358,Gregor Mühlberger,19,Stage 19,0,0,0,0,0,0,0,0,0
2024,20240358,Gregor Mühlberger,20,Stage 20,0,0,0,0,0,0,0,0,0
2024,20240358,Gregor Mühlberger,21,Stage 21,0,0,0,0,0,0,0,0,0
2024,20240358,Gregor Mühlberger,22,Final Classifications,0,0,0,0,0,0,0,0,0
2024,20240335,Carlos Verona,1,Stage 1,0,0,0,0,0,0,0,0,0
2024,20240335,Carlos Verona,2,Stage 2,0,0,0,0,0,0,0,0,0
2024,20240335,Carlos Verona,3,Stage 3,0,0,0,0,0,0,0,0,0
2024,20240335,Carlos Verona,4,Stage 4,0,0,0,0,0,0,0,0,0
2024,20240335,Carlos Verona,5,Stage 5,0,0,0,0,0,0,0,0,0
2024,20240335,Carlos Verona,6,Stage 6,0,0,0,0,0,0,0,0,0
2024,20240335,Carlos Verona,7,Stage 7,0,0,0,0,0,0,0,0,0
2024,20240335,Carlos Verona,8,Stage 8,0,0,0,0,0,0,0,0,0
2024,20240335,Carlos Verona,9,Stage 9,0,0,0,0,0,0,0,0,0
2024,20240335,Carlos Verona,10,Stage 10,0,0,0,0,0,0,0,0,0
2024,20240335,Carlos Verona,11,Stage 11,0,0,0,0,0,0,0,0,0
2024,20240335,Carlos Verona,12,Stage 12,0,0,0,0,0,0,0,0,0
2024,20240335,Carlos Verona,13,Stage 13,0,0,0,0,0,0,0,0,0
2024,20240335,Carlos Verona,14,Stage 14,0,0,0,0,0,0,0,0,0
2024,20240335,Carlos Verona,15,Stage 15,0,0,0,0,0,0,0,0,0
2024,20240335,Carlos Verona,16,Stage 16,0,0,0,0,0,0,0,0,0
2024,20240335,Carlos Verona,17,Stage 17,0,0,0,0,0,0,0,0,0
2024,20240335,Carlos Verona,18,Stage 18,0,0,0,0,0,0,0,0,0
2024,20240335,Carlos Verona,19,Stage 19,0,0,0,0,0,0,0,0,0
2024,20240335,Carlos Verona,20,Stage 20,0,0,0,0,0,0,0,0,0
2024,20240335,Carlos Verona,21,Stage 21,0,0,0,0,0,0,0,0,0
2024,20240335,Carlos Verona,22,Final Classifications,0,35,0,0,0,0,0,0,45
2024,20240193,Paul Lapeira,1,Stage 1,0,0,0,0,0,0,0,0,0
2024,20240193,Paul Lapeira,2,Stage 2,0,0,0,0,0,0,0,0,0
2024,20240193,Paul Lapeira,3,Stage 3,12,0,0,0,0,0,0,0,12
2024,20240193,Paul Lapeira,4,Stage 4,0,0,0,0,0,0,0,0,0
2024,20240193,Paul Lapeira,5,Stage 5,0,0,0,0,0,0,0,0,0
2024,20240193,Paul Lapeira,6,Stage 6,0,0,0,0,0,0,0,0,0
2024,20240193,Paul Lapeira,7,Stage 7,0,0,0,0,0,0,0,0,0
2024,20240193,Paul Lapeira,8,Stage 8,0,0,0,0,0,0,0,0,0
2024,20240193,Paul Lapeira,9,Stage 9,0,0,0,0,0,0,0,0,0
2024,20240193,Paul Lapeira,10,Stage 10,0,0,0,0,0,0,0,0,0
2024,20240193,Paul Lapeira,11,Stage 11,0,0,0,0,12,0,20,0,32
2024,20240193,Paul Lapeira,12,Stage 12,0,0,0,0,0,0,0,0,0
2024,20240193,Paul Lapeira,13,Stage 13,0,0,0,0,0,0,0,0,0
2024,20240193,Paul Lapeira,14,Stage 14,0,0,0,0,0,0,0,0,0
2024,20240193,Paul Lapeira,15,Stage 15,0,0,0,0,0,0,0,0,0
2024,20240193,Paul Lapeira,16,Stage 16,0,0,0,0,0,0,0,0,0
2024,20240193,Paul Lapeira,17,Stage 17,0,0,0,0,0,0,0,0,0
2024,20240193,Paul Lapeira,18,Stage 18,0,0,0,0,0,0,0,0,0
2024,20240193,Paul Lapeira,19,Stage 19,0,0,0,0,0,0,0,0,0
2024,20240193,Paul Lapeira,20,Stage 20,0,0,0,0,0,0,0,0,0
2024,20240193,Paul Lapeira,21,Stage 21,0,0,0,0,0,0,0,0,0
2024,20240193,Paul Lapeira,22,Final Classifications,0,0,0,0,0,0,0,0,0
2024,20240204,Neilson Powless,1,Stage 1,0,0,0,0,0,0,0,0,0
2024,20240204,Neilson Powless,2,Stage 2,0,0,0,0,0,0,0,0,0
2024,20240204,Neilson Powless,3,Stage 3,0,0,0,0,0,0,0,8,8
2024,20240204,Neilson Powless,4,Stage 4,0,0,0,0,0,0,0,0,0
2024,20240204,Neilson Powless,5,Stage 5,0,0,0,0,0,0,0,0,0
2024,20240204,Neilson Powless,6,Stage 6,0,0,0,0,0,0,0,0,0
2024,20240204,Neilson Powless,7,Stage 7,0,0,0,0,0,0,0,0,0
2024,20240204,Neilson Powless,8,Stage 8,0,0,0,0,0,0,0,0,0
2024,20240204,Neilson Powless,9,Stage 9,0,0,0,0,0,0,0,0,0
2024,20240204,Neilson Powless,10,Stage 10,0,0,0,0,0,0,0,0,0
2024,20240204,Neilson Powless,11,Stage 11,0,0,0,0,0,0,0,0,0
2024,20240204,Neilson Powless,12,Stage 12,0,0,0,0,0,0,0,0,0
2024,20240204,Neilson Powless,13,Stage 13,0,0,0,0,0,0,0,0,0
2024,20240204,Neilson Powless,14,Stage 14,0,0,0,0,0,0,0,0,0
2024,20240204,Neilson Powless,15,Stage 15,0,0,0,0,0,0,0,0,0
2024,20240204,Neilson Powless,16,Stage 16,0,0,0,0,0,0,0,0,0
2024,20240204,Neilson Powless,17,Stage 17,0,0,0,0,0,0,0,8,8
2024,20240204,Neilson Powless,18,Stage 18,0,0,0,0,0,0,0,0,0
2024,20240204,Neilson Powless,19,Stage 19,0,0,0,0,6,0,0,0,6
2024,20240204,Neilson Powless,20,Stage 20,0,0,0,0,0,0,0,2,2
2024,20240204,Neilson Powless,21,Stage 21,20,0,0,0,0,0,0,0,20
2024,20240204,Neilson Powless,22,Final Classifications,0,0,0,0,0,0,0,0,0
2024,20240064,Cees Bol,1,Stage 1,0,0,0,0,0,0,0,0,0
2024,20240064,Cees Bol,2,Stage 2,0,0,0,0,0,0,0,0,0
2024,20240064,Cees Bol,3,Stage 3,0,0,0,0,0,0,0,0,0
2024,20240064,Cees Bol,4,Stage 4,0,0,0,0,0,0,0,0,0
2024,20240064,Cees Bol,5,Stage 5,0,0,0,0,0,0,0,8,8
2024,20240064,Cees Bol,6,Stage 6,30,0,0,0,0,0,0,0,30
2024,20240064,Cees Bol,7,Stage 7,0,0,0,0,0,0,0,0,0
2024,20240064,Cees Bol,8,Stage 8,4,0,0,0,0,0,0,0,4
2024,20240064,Cees Bol,9,Stage 9,0,0,0,0,0,0,0,0,0
2024,20240064,Cees Bol,10,Stage 10,0,0,0,0,0,0,0,0,0
2024,20240064,Cees Bol,11,Stage 11,0,0,0,0,0,0,0,0,0
2024,20240064,Cees Bol,12,Stage 12,0,0,0,0,0,0,0,0,0
2024,20240064,Cees Bol,13,Stage 13,0,0,0,0,0,0,0,0,0
2024,20240064,Cees Bol,14,Stage 14,0,0,0,0,0,0,0,0,0
2024,20240064,Cees Bol,15,Stage 15,0,0,0,0,0,0,0,0,0
2024,20240064,Cees Bol,16,Stage 16,0,0,0,0,0,0,0,0,0
2024,20240064,Cees Bol,17,Stage 17,0,0,0,0,0,0,0,0,0
2024,20240064,Cees Bol,18,Stage 18,0,0,0,0,0,0,0,0,0
2024,20240064,Cees Bol,19,Stage 19,0,0,0,0,0,0,0,0,0
2024,20240064,Cees Bol,20,Stage 20,0,0,0,0,0,0,0,0,0
2024,20240064,Cees Bol,21,Stage 21,0,0,0,0,0,0,0,0,0
2024,20240064,Cees Bol,22,Final Classifications,0,0,0,0,0,0,0,0,0
2024,20240090,Matej Mohorič,1,Stage 1,0,0,0,1,6,0,20,0,27
2024,20240090,Matej Mohorič,2,Stage 2,0,0,0,0,0,0,0,0,0
2024,20240090,Matej Mohorič,3,Stage 3,8,0,0,0,0,0,0,0,8
2024,20240090,Matej Mohorič,4,Stage 4,0,0,0,0,0,0,0,0,0
2024,20240090,Matej Mohorič,5,Stage 5,0,0,0,0,0,0,0,0,0
2024,20240090,Matej Mohorič,6,Stage 6,0,0,0,0,0,0,0,0,0
2024,20240090,Matej Mohorič,7,Stage 7,0,0,0,0,0,0,0,0,0
2024,20240090,Matej Mohorič,8,Stage 8,0,0,0,0,0,0,0,0,0
2024,20240090,Matej Mohorič,9,Stage 9,0,0,0,0,0,0,0,0,0
2024,20240090,Matej Mohorič,10,Stage 10,0,0,0,0,0,0,0,0,0
2024,20240090,Matej Mohorič,11,Stage 11,0,0,0,0,0,0,0,0,0
2024,20240090,Matej Mohorič,12,Stage 12,0,0,0,0,0,0,0,0,0
2024,20240090,Matej Mohorič,13,Stage 13,0,0,0,0,3,0,0,0,3
2024,20240090,Matej Mohorič,14,Stage 14,0,0,0,0,0,0,0,0,0
2024,20240090,Matej Mohorič,15,Stage 15,0,0,0,0,0,0,0,0,0
2024,20240090,Matej Mohorič,16,Stage 16,0,0,0,0,0,0,0,4,4
2024,20240090,Matej Mohorič,17,Stage 17,0,0,0,0,0,0,0,0,0
2024,20240090,Matej Mohorič,18,Stage 18,0,0,0,0,0,0,0,0,0
2024,20240090,Matej Mohorič,19,Stage 19,0,0,0,0,0,0,0,0,0
2024,20240090,Matej Mohorič,20,Stage 20,0,0,0,0,0,0,0,0,0
2024,20240090,Matej Mohorič,21,Stage 21,0,0,0,0,0,0,0,0,0
2024,20240090,Matej Mohorič,22,Final Classifications,0,0,0,0,0,0,0,0,0
2024,20240220,Sean Quinn,1,Stage 1,0,0,0,0,0,0,0,0,0
2024,20240220,Sean Quinn,2,Stage 2,0,0,0,0,0,0,0,0,0
2024,20240220,Sean Quinn,3,Stage 3,0,0,0,0,0,0,0,8,8
2024,20240220,Sean Quinn,4,Stage 4,0,0,0,0,0,0,0,0,0
2024,20240220,Sean Quinn,5,Stage 5,0,0,0,0,0,0,0,0,0
2024,20240220,Sean Quinn,6,Stage 6,0,0,0,0,0,0,0,0,0
2024,20240220,Sean Quinn,7,Stage 7,0,0,0,0,0,0,0,0,0
2024,20240220,Sean Quinn,8,Stage 8,0,0,0,0,0,0,0,0,0
2024,20240220,Sean Quinn,9,Stage 9,0,0,0,0,0,0,0,0,0
2024,20240220,Sean Quinn,10,Stage 10,0,0,0,0,0,0,0,0,0
2024,20240220,Sean Quinn,11,Stage 11,0,0,0,0,0,0,0,0,0
2024,20240220,Sean Quinn,12,Stage 12,0,0,0,0,0,0,0,0,0
2024,20240220,Sean Quinn,13,Stage 13,0,0,0,0,0,0,0,0,0
2024,20240220,Sean Quinn,14,Stage 14,0,0,0,0,0,2,20,0,22
2024,20240220,Sean Quinn,15,Stage 15,0,0,0,0,0,0,0,0,0
2024,20240220,Sean Quinn,16,Stage 16,0,0,0,0,0,0,0,0,0
2024,20240220,Sean Quinn,17,Stage 17,0,0,0,0,0,0,0,8,8
2024,20240220,Sean Quinn,18,Stage 18,0,0,0,0,0,0,0,0,0
2024,20240220,Sean Quinn,19,Stage 19,0,0,0,0,0,0,0,0,0
2024,20240220,Sean Quinn,20,Stage 20,0,0,0,0,0,0,0,2,2
2024,20240220,Sean Quinn,21,Stage 21,0,0,0,0,0,0,0,0,0
2024,20240220,Sean Quinn,22,Final Classifications,0,0,0,0,0,0,0,0,0
2024,20240147,Ion Izagirre,1,Stage 1,0,0,0,4,4,0,20,0,28
2024,20240147,Ion Izagirre,2,Stage 2,0,0,0,4,0,0,0,0,4
2024,20240147,Ion Izagirre,3,Stage 3,0,0,0,4,0,0,0,0,4
2024,20240147,Ion Izagirre,4,Stage 4,0,0,0,0,0,0,0,0,0
2024,20240147,Ion Izagirre,5,Stage 5,0,0,0,0,0,0,0,0,0
2024,20240147,Ion Izagirre,6,Stage 6,0,0,0,0,0,0,0,0,0
2024,20240147,Ion Izagirre,7,Stage 7,0,0,0,0,0,0,0,0,0
2024,20240147,Ion Izagirre,8,Stage 8,0,0,0,0,0,0,0,0,0
2024,20240147,Ion Izagirre,9,Stage 9,0,0,0,0,0,0,0,0,0
2024,20240147,Ion Izagirre,10,Stage 10,0,0,0,0,0,0,0,0,0
2024,20240147,Ion Izagirre,11,Stage 11,0,0,0,0,0,0,0,0,0
2024,20240147,Ion Izagirre,12,Stage 12,0,0,0,0,0,0,0,0,0
2024,20240147,Ion Izagirre,13,Stage 13,0,0,0,0,0,0,0,0,0
2024,20240147,Ion Izagirre,14,Stage 14,0,0,0,0,0,0,0,0,0
2024,20240147,Ion Izagirre,15,Stage 15,0,0,0,0,0,0,0,0,0
2024,20240147,Ion Izagirre,16,Stage 16,0,0,0,0,0,0,0,0,0
2024,20240147,Ion Izagirre,17,Stage 17,0,0,0,0,0,0,0,0,0
2024,20240147,Ion Izagirre,18,Stage 18,0,0,0,0,0,0,0,0,0
2024,20240147,Ion Izagirre,19,Stage 19,0,0,0,0,0,0,0,0,0
2024,20240147,Ion Izagirre,20,Stage 20,0,0,0,0,0,0,0,0,0
2024,20240147,Ion Izagirre,21,Stage 21,0,0,0,0,0,0,0,0,0
2024,20240147,Ion Izagirre,22,Final Classifications,0,0,0,0,0,0,0,0,0
2024,20240246,Kevin Geniets,1,Stage 1,0,0,0,0,0,0,0,0,0
2024,20240246,Kevin Geniets,2,Stage 2,0,0,0,0,0,0,0,2,2
2024,20240246,Kevin Geniets,3,Stage 3,0,0,0,0,0,0,0,0,0
2024,20240246,Kevin Geniets,4,Stage 4,0,0,0,0,0,0,0,0,0
2024,20240246,Kevin Geniets,5,Stage 5,0,0,0,0,0,0,0,0,0
2024,20240246,Kevin Geniets,6,Stage 6,0,0,0,0,0,0,0,0,0
2024,20240246,Kevin Geniets,7,Stage 7,0,0,0,0,0,0,0,0,0
2024,20240246,Kevin Geniets,8,Stage 8,0,0,0,0,0,0,0,0,0
2024,20240246,Kevin Geniets,9,Stage 9,0,0,0,0,0,0,0,0,0
2024,20240246,Kevin Geniets,10,Stage 10,0,0,0,0,0,0,0,0,0
2024,20240246,Kevin Geniets,11,Stage 11,0,0,0,0,0,0,0,0,0
2024,20240246,Kevin Geniets,12,Stage 12,0,0,0,0,0,0,0,0,0
2024,20240246,Kevin Geniets,13,Stage 13,0,0,0,0,0,0,0,0,0
2024,20240246,Kevin Geniets,14,Stage 14,0,0,0,0,0,0,0,0,0
2024,20240246,Kevin Geniets,15,Stage 15,0,0,0,0,0,0,0,0,0
2024,20240246,Kevin Geniets,16,Stage 16,0,0,0,0,0,0,0,0,0
2024,20240246,Kevin Geniets,17,Stage 17,0,0,0,0,0,0,0,0,0
2024,20240246,Kevin Geniets,18,Stage 18,0,0,0,0,0,0,0,0,0
2024,20240246,Kevin Geniets,19,Stage 19,0,0,0,0,0,0,0,0,0
2024,20240246,Kevin Geniets,20,Stage 20,8,0,0,0,4,2,20,0,34
2024,20240246,Kevin Geniets,21,Stage 21,0,0,0,0,0,0,0,0,0
2024,20240246,Kevin Geniets,22,Final Classifications,0,0,0,0,0,0,0,0,0
2024,20240410,Nils Eekhoff,1,Stage 1,0,0,0,0,0,0,0,32,32
2024,20240410,Nils Eekhoff,2,Stage 2,0,0,0,0,0,0,0,0,0
2024,20240410,Nils Eekhoff,3,Stage 3,0,0,0,0,2,0,0,0,2
2024,20240410,Nils Eekhoff,4,Stage 4,0,0,0,0,0,0,0,0,0
2024,20240410,Nils Eekhoff,5,Stage 5,0,0,0,0,0,0,0,0,0
2024,20240410,Nils Eekhoff,6,Stage 6,0,0,0,0,0,0,0,0,0
2024,20240410,Nils Eekhoff,7,Stage 7,0,0,0,0,0,0,0,0,0
2024,20240410,Nils Eekhoff,8,Stage 8,0,0,0,0,0,0,0,0,0
2024,20240410,Nils Eekhoff,9,Stage 9,0,0,0,0,0,0,0,0,0
2024,20240410,Nils Eekhoff,10,Stage 10,0,0,0,0,0,0,0,0,0
2024,20240410,Nils Eekhoff,11,Stage 11,0,0,0,0,0,0,0,0,0
2024,20240410,Nils Eekhoff,12,Stage 12,0,0,0,0,0,0,0,0,0
2024,20240410,Nils Eekhoff,13,Stage 13,0,0,0,0,0,0,0,0,0
2024,20240410,Nils Eekhoff,14,Stage 14,0,0,0,0,0,0,0,0,0
2024,20240410,Nils Eekhoff,15,Stage 15,0,0,0,0,0,0,0,0,0
2024,20240410,Nils Eekhoff,16,Stage 16,0,0,0,0,0,0,0,0,0
2024,20240410,Nils Eekhoff,17,Stage 17,0,0,0,0,0,0,0,0,0
2024,20240410,Nils Eekhoff,18,Stage 18,0,0,0,0,0,0,0,0,0
2024,20240410,Nils Eekhoff,19,Stage 19,0,0,0,0,0,0,0,0,0
2024,20240410,Nils Eekhoff,20,Stage 20,0,0,0,0,0,0,0,0,0
2024,20240410,Nils Eekhoff,21,Stage 21,0,0,0,0,0,0,0,0,0
2024,20240410,Nils Eekhoff,22,Final Classifications,0,0,0,0,0,0,0,0,0
2024,20240018,Silvan Dillier,1,Stage 1,0,0,0,0,0,0,0,0,0
2024,20240018,Silvan Dillier,2,Stage 2,0,0,0,0,0,0,0,0,0
2024,20240018,Silvan Dillier,3,Stage 3,0,0,0,0,0,0,0,0,0
2024,20240018,Silvan Dillier,4,Stage 4,0,0,0,0,0,0,0,0,0
2024,20240018,Silvan Dillier,5,Stage 5,0,0,0,0,0,0,0,4,4
2024,20240018,Silvan Dillier,6,Stage 6,0,0,0,0,0,0,0,0,0
2024,20240018,Silvan Dillier,7,Stage 7,0,0,0,0,0,0,0,0,0
2024,20240018,Silvan Dillier,8,Stage 8,0,0,0,0,0,0,0,4,4
2024,20240018,Silvan Dillier,9,Stage 9,0,0,0,0,0,0,0,0,0
2024,20240018,Silvan Dillier,10,Stage 10,0,0,0,0,0,0,0,8,8
2024,20240018,Silvan Dillier,11,Stage 11,0,0,0,0,2,0,0,0,2
2024,20240018,Silvan Dillier,12,Stage 12,0,0,0,0,0,0,0,0,0
2024,20240018,Silvan Dillier,13,Stage 13,0,0,0,0,0,0,0,8,8
2024,20240018,Silvan Dillier,14,Stage 14,0,0,0,0,0,0,0,0,0
2024,20240018,Silvan Dillier,15,Stage 15,0,0,0,0,0,0,0,0,0
2024,20240018,Silvan Dillier,16,Stage 16,0,0,0,0,0,0,0,8,8
2024,20240018,Silvan Dillier,17,Stage 17,0,0,0,0,0,0,0,0,0
2024,20240018,Silvan Dillier,18,Stage 18,0,0,0,0,0,0,0,0,0
2024,20240018,Silvan Dillier,19,Stage 19,0,0,0,0,0,0,0,0,0
2024,20240018,Silvan Dillier,20,Stage 20,0,0,0,0,0,0,0,0,0
2024,20240018,Silvan Dillier,21,Stage 21,0,0,0,0,0,0,0,0,0
2024,20240018,Silvan Dillier,22,Final Classifications,0,0,0,0,0,0,0,0,0
2024,20240038,Clément Champoussin,1,Stage 1,0,0,0,0,5,0,0,0,5
2024,20240038,Clément Champoussin,2,Stage 2,0,0,0,0,0,0,0,8,8
2024,20240038,Clément Champoussin,3,Stage 3,0,0,0,0,0,0,0,0,0
2024,20240038,Clément Champoussin,4,Stage 4,0,0,0,0,0,0,0,0,0
2024,20240038,Clément Champoussin,5,Stage 5,0,0,0,0,0,0,0,0,0
2024,20240038,Clément Champoussin,6,Stage 6,0,0,0,0,0,0,0,0,0
2024,20240038,Clément Champoussin,7,Stage 7,0,0,0,0,0,0,0,0,0
2024,20240038,Clément Champoussin,8,Stage 8,0,0,0,0,0,0,0,0,0
2024,20240038,Clément Champoussin,9,Stage 9,0,0,0,0,0,0,0,0,0
2024,20240038,Clément Champoussin,10,Stage 10,0,0,0,0,0,0,0,0,0
2024,20240038,Clément Champoussin,11,Stage 11,0,0,0,0,0,0,0,0,0
2024,20240038,Clément Champoussin,12,Stage 12,0,0,0,0,0,0,0,0,0
2024,20240038,Clément Champoussin,13,Stage 13,0,0,0,0,0,0,0,0,0
2024,20240038,Clément Champoussin,14,Stage 14,0,0,0,0,0,0,0,0,0
2024,20240038,Clément Champoussin,15,Stage 15,0,0,0,0,0,0,0,0,0
2024,20240038,Clément Champoussin,16,Stage 16,0,0,0,0,0,0,0,0,0
2024,20240038,Clément Champoussin,17,Stage 17,0,0,0,0,0,0,0,0,0
2024,20240038,Clément Champoussin,18,Stage 18,20,0,0,0,0,0,0,0,20
2024,20240038,Clément Champoussin,19,Stage 19,0,0,0,0,0,0,0,0,0
2024,20240038,Clément Champoussin,20,Stage 20,0,0,0,0,0,0,0,0,0
2024,20240038,Clément Champoussin,21,Stage 21,0,0,0,0,0,0,0,0,0
2024,20240038,Clément Champoussin,22,Final Classifications,0,0,0,0,0,0,0,0,0
2024,20240666,Jake Stewart,1,Stage 1,0,0,0,0,0,0,0,0,0
2024,20240666,Jake Stewart,2,Stage 2,0,0,0,0,0,0,0,0,0
2024,20240666,Jake Stewart,3,Stage 3,0,0,0,0,0,0,0,0,0
2024,20240666,Jake Stewart,4,Stage 4,0,0,0,0,0,0,0,0,0
2024,20240666,Jake Stewart,5,Stage 5,0,0,0,0,0,0,0,0,0
2024,20240666,Jake Stewart,6,Stage 6,0,0,0,0,0,0,0,0,0
2024,20240666,Jake Stewart,7,Stage 7,0,0,0,0,0,0,0,0,0
2024,20240666,Jake Stewart,8,Stage 8,0,0,0,0,0,0,0,0,0
2024,20240666,Jake Stewart,9,Stage 9,0,0,0,0,0,0,0,2,2
2024,20240666,Jake Stewart,10,Stage 10,0,0,0,0,0,0,0,2,2
2024,20240666,Jake Stewart,11,Stage 11,0,0,0,0,0,0,0,0,0
2024,20240666,Jake Stewart,12,Stage 12,0,0,0,0,0,0,0,2,2
2024,20240666,Jake Stewart,13,Stage 13,25,0,0,0,0,0,0,2,27
2024,20240666,Jake Stewart,14,Stage 14,0,0,0,0,0,0,0,0,0
2024,20240666,Jake Stewart,15,Stage 15,0,0,0,0,0,0,0,0,0
2024,20240666,Jake Stewart,16,Stage 16,0,0,0,0,0,0,0,0,0
2024,20240666,Jake Stewart,17,Stage 17,0,0,0,0,0,0,0,0,0
2024,20240666,Jake Stewart,18,Stage 18,0,0,0,0,0,0,0,0,0
2024,20240666,Jake Stewart,19,Stage 19,0,0,0,0,0,0,0,0,0
2024,20240666,Jake Stewart,20,Stage 20,0,0,0,0,0,0,0,0,0
2024,20240666,Jake Stewart,21,Stage 21,0,0,0,0,0,0,0,0,0
2024,20240666,Jake Stewart,22,Final Classifications,0,0,0,0,0,0,0,0,0
2024,20240010,Robbe Ghys,1,Stage 1,0,0,0,0,0,0,0,0,0
2024,20240010,Robbe Ghys,2,Stage 2,0,0,0,0,0,0,0,0,0
2024,20240010,Robbe Ghys,3,Stage 3,0,0,0,0,0,0,0,0,0
2024,20240010,Robbe Ghys,4,Stage 4,0,0,0,0,0,0,0,0,0
2024,20240010,Robbe Ghys,5,Stage 5,0,0,0,0,0,0,0,4,4
2024,20240010,Robbe Ghys,6,Stage 6,0,0,0,0,0,0,0,0,0
2024,20240010,Robbe Ghys,7,Stage 7,0,0,0,0,0,0,0,0,0
2024,20240010,Robbe Ghys,8,Stage 8,0,0,0,0,0,0,0,4,4
2024,20240010,Robbe Ghys,9,Stage 9,0,0,0,0,0,0,0,0,0
2024,20240010,Robbe Ghys,10,Stage 10,0,0,0,0,0,0,0,8,8
2024,20240010,Robbe Ghys,11,Stage 11,0,0,0,0,0,0,0,0,0
2024,20240010,Robbe Ghys,12,Stage 12,0,0,0,0,0,0,0,0,0
2024,20240010,Robbe Ghys,13,Stage 13,0,0,0,0,0,0,0,8,8
2024,20240010,Robbe Ghys,14,Stage 14,0,0,0,0,0,0,0,0,0
2024,20240010,Robbe Ghys,15,Stage 15,0,0,0,0,0,0,0,0,0
2024,20240010,Robbe Ghys,16,Stage 16,0,0,0,0,0,0,0,8,8
2024,20240010,Robbe Ghys,17,Stage 17,0,0,0,0,0,0,0,0,0
2024,20240010,Robbe Ghys,18,Stage 18,0,0,0,0,0,0,0,0,0
2024,20240010,Robbe Ghys,19,Stage 19,0,0,0,0,0,0,0,0,0
2024,20240010,Robbe Ghys,20,Stage 20,0,0,0,0,0,0,0,0,0
2024,20240010,Robbe Ghys,21,Stage 21,0,0,0,0,0,0,0,0,0
2024,20240010,Robbe Ghys,22,Final Classifications,0,0,0,0,0,0,0,0,0
2024,20240837,Fabien Grellier,1,Stage 1,0,0,0,0,0,0,0,0,0
2024,20240837,Fabien Grellier,2,Stage 2,0,0,0,0,0,0,0,0,0
2024,20240837,Fabien Grellier,3,Stage 3,0,0,0,0,0,0,0,0,0
2024,20240837,Fabien Grellier,4,Stage 4,0,0,0,0,0,0,0,0,0
2024,20240837,Fabien Grellier,5,Stage 5,0,0,0,0,0,0,0,0,0
2024,20240837,Fabien Grellier,6,Stage 6,0,0,0,0,0,0,0,0,0
2024,20240837,Fabien Grellier,7,Stage 7,0,0,0,0,0,0,0,0,0
2024,20240837,Fabien Grellier,8,Stage 8,0,0,0,0,0,0,0,0,0
2024,20240837,Fabien Grellier,9,Stage 9,0,0,0,0,0,0,0,8,8
2024,20240837,Fabien Grellier,10,Stage 10,0,0,0,0,0,0,0,0,0
2024,20240837,Fabien Grellier,11,Stage 11,0,0,0,0,0,0,0,0,0
2024,20240837,Fabien Grellier,12,Stage 12,0,0,0,0,0,0,0,0,0
2024,20240837,Fabien Grellier,13,Stage 13,0,0,0,0,0,0,0,0,0
2024,20240837,Fabien Grellier,14,Stage 14,0,0,0,0,0,0,20,0,20
2024,20240837,Fabien Grellier,15,Stage 15,0,0,0,0,0,0,0,0,0
2024,20240837,Fabien Grellier,16,Stage 16,0,0,0,0,0,0,0,0,0
2024,20240837,Fabien Grellier,17,Stage 17,0,0,0,0,0,0,0,0,0
2024,20240837,Fabien Grellier,18,Stage 18,0,0,0,0,0,0,0,4,4
2024,20240837,Fabien Grellier,19,Stage 19,0,0,0,0,0,0,0,0,0
2024,20240837,Fabien Grellier,20,Stage 20,0,0,0,0,0,0,0,0,0
2024,20240837,Fabien Grellier,21,Stage 21,0,0,0,0,0,0,0,0,0
2024,20240837,Fabien Grellier,22,Final Classifications,0,0,0,0,0,0,0,0,0
2024,20240689,Cedric Beullens,1,Stage 1,0,0,0,0,0,0,0,0,0
2024,20240689,Cedric Beullens,2,Stage 2,0,0,0,0,0,0,0,0,0
2024,20240689,Cedric Beullens,3,Stage 3,0,0,0,0,0,0,0,2,2
2024,20240689,Cedric Beullens,4,Stage 4,0,0,0,0,0,0,0,0,0
2024,20240689,Cedric Beullens,5,Stage 5,16,0,0,0,0,0,0,0,16
2024,20240689,Cedric Beullens,6,Stage 6,0,0,0,0,0,0,0,0,0
2024,20240689,Cedric Beullens,7,Stage 7,0,0,0,0,0,0,0,0,0
2024,20240689,Cedric Beullens,8,Stage 8,0,0,0,0,0,0,0,2,2
2024,20240689,Cedric Beullens,9,Stage 9,0,0,0,0,0,0,0,0,0
2024,20240689,Cedric Beullens,10,Stage 10,0,0,0,0,0,0,0,0,0
2024,20240689,Cedric Beullens,11,Stage 11,0,0,0,0,0,0,0,0,0
2024,20240689,Cedric Beullens,12,Stage 12,0,0,0,0,0,0,0,0,0
2024,20240689,Cedric Beullens,13,Stage 13,0,0,0,0,0,0,0,0,0
2024,20240689,Cedric Beullens,14,Stage 14,0,0,0,0,3,0,0,0,3
2024,20240689,Cedric Beullens,15,Stage 15,0,0,0,0,0,0,0,0,0
2024,20240689,Cedric Beullens,16,Stage 16,0,0,0,0,0,0,0,0,0
2024,20240689,Cedric Beullens,17,Stage 17,0,0,0,0,0,0,0,0,0
2024,20240689,Cedric Beullens,18,Stage 18,0,0,0,0,0,0,0,8,8
2024,20240689,Cedric Beullens,19,Stage 19,0,0,0,0,0,0,0,0,0
2024,20240689,Cedric Beullens,20,Stage 20,0,0,0,0,0,0,0,0,0
2024,20240689,Cedric Beullens,21,Stage 21,0,0,0,0,0,0,0,0,0
2024,20240689,Cedric Beullens,22,Final Classifications,0,0,0,0,0,0,0,0,0
2024,20240127,Matteo Sobrero,1,Stage 1,0,0,0,0,0,0,0,0,0
2024,20240127,Matteo Sobrero,2,Stage 2,0,0,0,0,0,0,0,0,0
2024,20240127,Matteo Sobrero,3,Stage 3,0,0,0,0,0,0,0,0,0
2024,20240127,Matteo Sobrero,4,Stage 4,0,0,0,0,0,0,0,0,0
2024,20240127,Matteo Sobrero,5,Stage 5,0,0,0,0,0,0,0,0,0
2024,20240127,Matteo Sobrero,6,Stage 6,0,0,0,0,0,0,0,0,0
2024,20240127,Matteo Sobrero,7,Stage 7,0,0,0,0,0,0,0,0,0
2024,20240127,Matteo Sobrero,8,Stage 8,0,0,0,0,0,0,0,2,2
2024,20240127,Matteo Sobrero,9,Stage 9,0,0,0,0,0,0,0,0,0
2024,20240127,Matteo Sobrero,10,Stage 10,0,0,0,0,0,0,0,0,0
2024,20240127,Matteo Sobrero,11,Stage 11,0,0,0,0,0,0,0,0,0
2024,20240127,Matteo Sobrero,12,Stage 12,0,0,0,0,0,0,0,0,0
2024,20240127,Matteo Sobrero,13,Stage 13,0,0,0,0,0,0,0,0,0
2024,20240127,Matteo Sobrero,14,Stage 14,0,0,0,0,0,0,0,0,0
2024,20240127,Matteo Sobrero,15,Stage 15,0,0,0,0,0,0,20,0,20
2024,20240127,Matteo Sobrero,16,Stage 16,0,0,0,0,0,0,0,0,0
2024,20240127,Matteo Sobrero,17,Stage 17,0,0,0,0,0,0,0,0,0
2024,20240127,Matteo Sobrero,18,Stage 18,0,0,0,0,0,0,0,0,0
2024,20240127,Matteo Sobrero,19,Stage 19,0,0,0,0,0,0,0,0,0
2024,20240127,Matteo Sobrero,20,Stage 20,0,0,0,0,0,0,0,0,0
2024,20240127,Matteo Sobrero,21,Stage 21,8,0,0,0,0,0,0,0,8
2024,20240127,Matteo Sobrero,22,Final Classifications,0,0,0,0,0,0,0,0,0
2024,20240693,Harm Vanhoucke,1,Stage 1,0,0,0,0,0,0,0,0,0
2024,20240693,Harm Vanhoucke,2,Stage 2,0,0,0,0,0,0,0,0,0
2024,20240693,Harm Vanhoucke,3,Stage 3,0,0,0,0,0,0,0,2,2
2024,20240693,Harm Vanhoucke,4,Stage 4,0,0,0,0,0,0,0,0,0
2024,20240693,Harm Vanhoucke,5,Stage 5,0,0,0,0,0,0,0,0,0
2024,20240693,Harm Vanhoucke,6,Stage 6,0,0,0,0,0,0,0,0,0
2024,20240693,Harm Vanhoucke,7,Stage 7,0,0,0,0,0,0,0,0,0
2024,20240693,Harm Vanhoucke,8,Stage 8,0,0,0,0,0,0,0,2,2
2024,20240693,Harm Vanhoucke,9,Stage 9,0,0,0,0,0,0,0,0,0
2024,20240693,Harm Vanhoucke,10,Stage 10,0,0,0,0,16,0,0,0,16
2024,20240693,Harm Vanhoucke,11,Stage 11,0,0,0,0,0,0,0,0,0
2024,20240693,Harm Vanhoucke,12,Stage 12,0,0,0,0,0,0,0,0,0
2024,20240693,Harm Vanhoucke,13,Stage 13,0,0,0,0,0,0,0,0,0
2024,20240693,Harm Vanhoucke,14,Stage 14,0,0,0,0,0,0,0,0,0
2024,20240693,Harm Vanhoucke,15,Stage 15,0,0,0,0,0,0,0,0,0
2024,20240693,Harm Vanhoucke,16,Stage 16,0,0,0,0,0,0,0,0,0
2024,20240693,Harm Vanhoucke,17,Stage 17,0,0,0,0,0,0,0,0,0
2024,20240693,Harm Vanhoucke,18,Stage 18,0,0,0,0,0,0,0,8,8
2024,20240693,Harm Vanhoucke,19,Stage 19,0,0,0,0,0,0,0,0,0
2024,20240693,Harm Vanhoucke,20,Stage 20,0,0,0,0,0,0,0,0,0
2024,20240693,Harm Vanhoucke,21,Stage 21,0,0,0,0,0,0,0,0,0
2024,20240693,Harm Vanhoucke,22,Final Classifications,0,0,0,0,0,0,0,0,0
2024,20241407,Odd Christian Eiking,1,Stage 1,0,0,0,0,0,0,0,0,0
2024,20241407,Odd Christian Eiking,2,Stage 2,0,0,0,0,0,0,0,4,4
2024,20241407,Odd Christian Eiking,3,Stage 3,0,0,0,0,0,0,0,0,0
2024,20241407,Odd Christian Eiking,4,Stage 4,0,0,0,0,0,0,20,0,20
2024,20241407,Odd Christian Eiking,5,Stage 5,0,0,0,0,0,0,0,2,2
2024,20241407,Odd Christian Eiking,6,Stage 6,0,0,0,0,0,0,0,0,0
2024,20241407,Odd Christian Eiking,7,Stage 7,0,0,0,0,0,0,0,0,0
2024,20241407,Odd Christian Eiking,8,Stage 8,0,0,0,0,0,0,0,0,0
2024,20241407,Odd Christian Eiking,9,Stage 9,0,0,0,0,0,0,0,0,0
2024,20241407,Odd Christian Eiking,10,Stage 10,0,0,0,0,0,0,0,0,0
2024,20241407,Odd Christian Eiking,11,Stage 11,0,0,0,0,0,0,0,0,0
2024,20241407,Odd Christian Eiking,12,Stage 12,0,0,0,0,0,0,0,0,0
2024,20241407,Odd Christian Eiking,13,Stage 13,0,0,0,0,0,0,0,0,0
2024,20241407,Odd Christian Eiking,14,Stage 14,0,0,0,0,0,0,0,0,0
2024,20241407,Odd Christian Eiking,15,Stage 15,0,0,0,0,0,0,0,0,0
2024,20241407,Odd Christian Eiking,16,Stage 16,0,0,0,0,0,0,0,2,2
2024,20241407,Odd Christian Eiking,17,Stage 17,0,0,0,0,0,0,0,0,0
2024,20241407,Odd Christian Eiking,18,Stage 18,0,0,0,0,0,0,0,0,0
2024,20241407,Odd Christian Eiking,19,Stage 19,0,0,0,0,0,0,0,0,0
2024,20241407,Odd Christian Eiking,20,Stage 20,0,0,0,0,0,0,0,0,0
2024,20241407,Odd Christian Eiking,21,Stage 21,0,0,0,0,0,0,0,0,0
2024,20241407,Odd Christian Eiking,22,Final Classifications,0,0,0,0,0,0,0,0,0
2024,20240687,Brent Van Moer,1,Stage 1,0,0,0,0,0,0,0,0,0
2024,20240687,Brent Van Moer,2,Stage 2,0,0,0,0,0,0,0,0,0
2024,20240687,Brent Van Moer,3,Stage 3,0,0,0,0,0,0,0,2,2
2024,20240687,Brent Van Moer,4,Stage 4,0,0,0,0,0,0,0,0,0
2024,20240687,Brent Van Moer,5,Stage 5,0,0,0,0,0,0,0,0,0
2024,20240687,Brent Van Moer,6,Stage 6,0,0,0,0,0,0,0,0,0
2024,20240687,Brent Van Moer,7,Stage 7,0,0,0,0,0,0,0,0,0
2024,20240687,Brent Van Moer,8,Stage 8,0,0,0,0,0,0,0,2,2
2024,20240687,Brent Van Moer,9,Stage 9,0,0,0,0,0,0,0,0,0
2024,20240687,Brent Van Moer,10,Stage 10,0,0,0,0,0,0,0,0,0
2024,20240687,Brent Van Moer,11,Stage 11,0,0,0,0,0,0,0,0,0
2024,20240687,Brent Van Moer,12,Stage 12,0,0,0,0,0,0,0,0,0
2024,20240687,Brent Van Moer,13,Stage 13,0,0,0,0,0,0,0,0,0
2024,20240687,Brent Van Moer,14,Stage 14,0,0,0,0,0,0,0,0,0
2024,20240687,Brent Van Moer,15,Stage 15,0,0,0,0,0,0,0,0,0
2024,20240687,Brent Van Moer,16,Stage 16,0,0,0,0,0,0,0,0,0
2024,20240687,Brent Van Moer,17,Stage 17,0,0,0,0,0,0,0,0,0
2024,20240687,Brent Van Moer,18,Stage 18,0,0,0,0,0,0,0,8,8
2024,20240687,Brent Van Moer,19,Stage 19,0,0,0,0,12,0,0,0,12
2024,20240687,Brent Van Moer,20,Stage 20,0,0,0,0,0,0,0,0,0
2024,20240687,Brent Van Moer,21,Stage 21,0,0,0,0,0,0,0,0,0
2024,20240687,Brent Van Moer,22,Final Classifications,0,0,0,0,0,0,0,0,0
2024,20240351,Davide Formolo,1,Stage 1,0,0,0,0,0,0,0,0,0
2024,20240351,Davide Formolo,2,Stage 2,0,0,0,0,0,0,0,8,8
2024,20240351,Davide Formolo,3,Stage 3,0,0,0,0,0,0,0,12,12
2024,20240351,Davide Formolo,4,Stage 4,0,0,0,0,0,0,0,0,0
2024,20240351,Davide Formolo,5,Stage 5,0,0,0,0,0,0,0,0,0
2024,20240351,Davide Formolo,6,Stage 6,0,0,0,0,0,0,0,2,2
2024,20240351,Davide Formolo,7,Stage 7,0,0,0,0,0,0,0,0,0
2024,20240351,Davide Formolo,8,Stage 8,0,0,0,0,0,0,0,0,0
2024,20240351,Davide Formolo,9,Stage 9,0,0,0,0,0,0,0,0,0
2024,20240351,Davide Formolo,10,Stage 10,0,0,0,0,0,0,0,0,0
2024,20240351,Davide Formolo,11,Stage 11,0,0,0,0,0,0,0,0,0
2024,20240351,Davide Formolo,12,Stage 12,0,0,0,0,0,0,0,0,0
2024,20240351,Davide Formolo,13,Stage 13,0,0,0,0,0,0,0,0,0
2024,20240351,Davide Formolo,14,Stage 14,0,0,0,0,0,0,0,0,0
2024,20240351,Davide Formolo,15,Stage 15,0,0,0,0,0,0,0,0,0
2024,20240351,Davide Formolo,16,Stage 16,0,0,0,0,0,0,0,0,0
2024,20240351,Davide Formolo,17,Stage 17,0,0,0,0,0,0,0,2,2
2024,20240351,Davide Formolo,18,Stage 18,0,0,0,0,0,0,0,0,0
2024,20240351,Davide Formolo,19,Stage 19,0,0,0,0,0,0,0,0,0
2024,20240351,Davide Formolo,20,Stage 20,0,0,0,0,0,0,0,0,0
2024,20240351,Davide Formolo,21,Stage 21,0,0,0,0,0,0,0,0,0
2024,20240351,Davide Formolo,22,Final Classifications,0,0,0,0,0,0,0,0,0
2024,20240132,Marco Haller,1,Stage 1,0,0,0,0,0,0,0,0,0
2024,20240132,Marco Haller,2,Stage 2,0,0,0,0,0,0,0,0,0
2024,20240132,Marco Haller,3,Stage 3,0,0,0,0,0,0,0,0,0
2024,20240132,Marco Haller,4,Stage 4,0,0,0,0,0,0,0,0,0
2024,20240132,Marco Haller,5,Stage 5,0,0,0,0,0,0,0,0,0
2024,20240132,Marco Haller,6,Stage 6,0,0,0,0,0,0,0,0,0
2024,20240132,Marco Haller,7,Stage 7,0,0,0,0,0,0,0,0,0
2024,20240132,Marco Haller,8,Stage 8,0,0,0,0,0,0,0,2,2
2024,20240132,Marco Haller,9,Stage 9,0,0,0,0,0,0,0,0,0
2024,20240132,Marco Haller,10,Stage 10,0,0,0,0,0,0,0,0,0
2024,20240132,Marco Haller,11,Stage 11,0,0,0,0,0,0,0,0,0
2024,20240132,Marco Haller,12,Stage 12,0,0,0,0,0,0,0,0,0
2024,20240132,Marco Haller,13,Stage 13,0,0,0,0,0,0,0,0,0
2024,20240132,Marco Haller,14,Stage 14,0,0,0,0,0,0,20,0,20
2024,20240132,Marco Haller,15,Stage 15,0,0,0,0,0,0,0,0,0
2024,20240132,Marco Haller,16,Stage 16,0,0,0,0,0,0,0,0,0
2024,20240132,Marco Haller,17,Stage 17,0,0,0,0,0,0,0,0,0
2024,20240132,Marco Haller,18,Stage 18,0,0,0,0,0,0,0,0,0
2024,20240132,Marco Haller,19,Stage 19,0,0,0,0,0,0,0,0,0
2024,20240132,Marco Haller,20,Stage 20,0,0,0,0,0,0,0,0,0
2024,20240132,Marco Haller,21,Stage 21,0,0,0,0,0,0,0,0,0
2024,20240132,Marco Haller,22,Final Classifications,0,0,0,0,0,0,0,0,0
2024,20240167,Simon Geschke,1,Stage 1,0,0,0,0,0,0,0,0,0
2024,20240167,Simon Geschke,2,Stage 2,0,0,0,0,0,0,0,0,0
2024,20240167,Simon Geschke,3,Stage 3,0,0,0,0,0,0,0,0,0
2024,20240167,Simon Geschke,4,Stage 4,0,0,0,0,0,0,0,0,0
2024,20240167,Simon Geschke,5,Stage 5,0,0,0,0,0,0,0,0,0
2024,20240167,Simon Geschke,6,Stage 6,0,0,0,0,0,0,0,0,0
2024,20240167,Simon Geschke,7,Stage 7,0,0,0,0,0,0,0,0,0
2024,20240167,Simon Geschke,8,Stage 8,0,0,0,0,0,0,0,0,0
2024,20240167,Simon Geschke,9,Stage 9,0,0,0,0,0,0,0,0,0
2024,20240167,Simon Geschke,10,Stage 10,0,0,0,0,0,0,0,0,0
2024,20240167,Simon Geschke,11,Stage 11,0,0,0,0,0,0,0,0,0
2024,20240167,Simon Geschke,12,Stage 12,0,0,0,0,0,0,0,0,0
2024,20240167,Simon Geschke,13,Stage 13,0,0,0,0,0,0,0,0,0
2024,20240167,Simon Geschke,14,Stage 14,0,0,0,0,0,0,20,0,20
2024,20240167,Simon Geschke,15,Stage 15,0,0,0,0,0,0,0,0,0
2024,20240167,Simon Geschke,16,Stage 16,0,0,0,0,0,0,0,0,0
2024,20240167,Simon Geschke,17,Stage 17,0,0,0,0,0,0,0,0,0
2024,20240167,Simon Geschke,18,Stage 18,0,0,0,0,0,0,0,0,0
2024,20240167,Simon Geschke,19,Stage 19,0,0,0,0,0,0,0,0,0
2024,20240167,Simon Geschke,20,Stage 20,0,0,0,0,0,0,0,0,0
2024,20240167,Simon Geschke,21,Stage 21,0,0,0,0,0,0,0,0,0
2024,20240167,Simon Geschke,22,Final Classifications,0,0,0,0,0,0,0,0,0
2024,20240045,Daniel McLay,1,Stage 1,0,0,0,0,0,0,0,0,0
2024,20240045,Daniel McLay,2,Stage 2,0,0,0,0,0,0,0,8,8
2024,20240045,Daniel McLay,3,Stage 3,0,0,0,0,0,0,0,0,0
2024,20240045,Daniel McLay,4,Stage 4,0,0,0,0,0,0,0,0,0
2024,20240045,Daniel McLay,5,Stage 5,0,0,0,0,0,0,0,0,0
2024,20240045,Daniel McLay,6,Stage 6,0,0,0,0,0,0,0,0,0
2024,20240045,Daniel McLay,7,Stage 7,0,0,0,0,0,0,0,0,0
2024,20240045,Daniel McLay,8,Stage 8,0,0,0,0,0,0,0,0,0
2024,20240045,Daniel McLay,9,Stage 9,0,0,0,0,0,0,0,0,0
2024,20240045,Daniel McLay,10,Stage 10,0,0,0,0,0,0,0,0,0
2024,20240045,Daniel McLay,11,Stage 11,0,0,0,0,0,0,0,0,0
2024,20240045,Daniel McLay,12,Stage 12,12,0,0,0,0,0,0,0,12
2024,20240045,Daniel McLay,13,Stage 13,0,0,0,0,0,0,0,0,0
2024,20240045,Daniel McLay,14,Stage 14,0,0,0,0,0,0,0,0,0
2024,20240045,Daniel McLay,15,Stage 15,0,0,0,0,0,0,0,0,0
2024,20240045,Daniel McLay,16,Stage 16,0,0,0,0,0,0,0,0,0
2024,20240045,Daniel McLay,17,Stage 17,0,0,0,0,0,0,0,0,0
2024,20240045,Daniel McLay,18,Stage 18,0,0,0,0,0,0,0,0,0
2024,20240045,Daniel McLay,19,Stage 19,0,0,0,0,0,0,0,0,0
2024,20240045,Daniel McLay,20,Stage 20,0,0,0,0,0,0,0,0,0
2024,20240045,Daniel McLay,21,Stage 21,0,0,0,0,0,0,0,0,0
2024,20240045,Daniel McLay,22,Final Classifications,0,0,0,0,0,0,0,0,0
2024,20240432,Chris Harper,1,Stage 1,0,0,0,0,0,0,0,0,0
2024,20240432,Chris Harper,2,Stage 2,0,0,0,0,0,0,0,0,0
2024,20240432,Chris Harper,3,Stage 3,0,0,0,0,0,0,0,0,0
2024,20240432,Chris Harper,4,Stage 4,0,0,0,0,0,0,0,0,0
2024,20240432,Chris Harper,5,Stage 5,0,0,0,0,0,0,0,0,0
2024,20240432,Chris Harper,6,Stage 6,0,0,0,0,0,0,0,8,8
2024,20240432,Chris Harper,7,Stage 7,0,0,0,0,0,0,0,0,0
2024,20240432,Chris Harper,8,Stage 8,0,0,0,0,0,0,0,0,0
2024,20240432,Chris Harper,9,Stage 9,0,0,0,0,0,0,0,0,0
2024,20240432,Chris Harper,10,Stage 10,0,0,0,0,0,0,0,0,0
2024,20240432,Chris Harper,11,Stage 11,0,0,0,0,0,0,0,0,0
2024,20240432,Chris Harper,12,Stage 12,0,0,0,0,0,0,0,0,0
2024,20240432,Chris Harper,13,Stage 13,0,0,0,0,0,0,0,0,0
2024,20240432,Chris Harper,14,Stage 14,8,0,0,0,0,0,0,0,8
2024,20240432,Chris Harper,15,Stage 15,0,0,0,0,0,0,0,0,0
2024,20240432,Chris Harper,16,Stage 16,0,0,0,0,0,0,0,0,0
2024,20240432,Chris Harper,17,Stage 17,0,0,0,0,0,0,0,0,0
2024,20240432,Chris Harper,18,Stage 18,0,0,0,0,0,0,0,0,0
2024,20240432,Chris Harper,19,Stage 19,0,0,0,0,0,0,0,0,0
2024,20240432,Chris Harper,20,Stage 20,0,0,0,0,0,0,0,0,0
2024,20240432,Chris Harper,21,Stage 21,0,0,0,0,0,0,0,0,0
2024,20240432,Chris Harper,22,Final Classifications,0,0,0,0,0,0,0,0,0
2024,20240828,Thomas Gachignard,1,Stage 1,0,0,0,0,0,0,0,0,0
2024,20240828,Thomas Gachignard,2,Stage 2,0,0,0,0,0,0,0,0,0
2024,20240828,Thomas Gachignard,3,Stage 3,4,0,0,0,0,0,0,0,4
2024,20240828,Thomas Gachignard,4,Stage 4,0,0,0,0,0,0,0,0,0
2024,20240828,Thomas Gachignard,5,Stage 5,0,0,0,0,0,0,0,0,0
2024,20240828,Thomas Gachignard,6,Stage 6,0,0,0,0,0,0,0,0,0
2024,20240828,Thomas Gachignard,7,Stage 7,0,0,0,0,0,0,0,0,0
2024,20240828,Thomas Gachignard,8,Stage 8,0,0,0,0,0,0,0,0,0
2024,20240828,Thomas Gachignard,9,Stage 9,0,0,0,0,0,0,0,8,8
2024,20240828,Thomas Gachignard,10,Stage 10,0,0,0,0,0,0,0,0,0
2024,20240828,Thomas Gachignard,11,Stage 11,0,0,0,0,0,0,0,0,0
2024,20240828,Thomas Gachignard,12,Stage 12,0,0,0,0,0,0,0,0,0
2024,20240828,Thomas Gachignard,13,Stage 13,0,0,0,0,0,0,0,0,0
2024,20240828,Thomas Gachignard,14,Stage 14,0,0,0,0,0,0,0,0,0
2024,20240828,Thomas Gachignard,15,Stage 15,0,0,0,0,0,0,0,0,0
2024,20240828,Thomas Gachignard,16,Stage 16,0,0,0,0,0,0,0,0,0
2024,20240828,Thomas Gachignard,17,Stage 17,0,0,0,0,0,0,0,0,0
2024,20240828,Thomas Gachignard,18,Stage 18,0,0,0,0,0,0,0,4,4
2024,20240828,Thomas Gachignard,19,Stage 19,0,0,0,0,0,0,0,0,0
2024,20240828,Thomas Gachignard,20,Stage 20,0,0,0,0,0,0,0,0,0
2024,20240828,Thomas Gachignard,21,Stage 21,0,0,0,0,0,0,0,0,0
2024,20240828,Thomas Gachignard,22,Final Classifications,0,0,0,0,0,0,0,0,0
2024,20240877,Johannes Kulset,1,Stage 1,0,0,0,0,0,0,0,0,0
2024,20240877,Johannes Kulset,2,Stage 2,0,0,0,0,0,0,0,4,4
2024,20240877,Johannes Kulset,3,Stage 3,0,0,0,0,0,0,0,0,0
2024,20240877,Johannes Kulset,4,Stage 4,0,0,0,0,0,0,0,0,0
2024,20240877,Johannes Kulset,5,Stage 5,0,0,0,0,0,0,0,2,2
2024,20240877,Johannes Kulset,6,Stage 6,0,0,0,0,0,0,0,0,0
2024,20240877,Johannes Kulset,7,Stage 7,0,0,0,0,0,0,0,0,0
2024,20240877,Johannes Kulset,8,Stage 8,0,0,0,0,0,0,0,0,0
2024,20240877,Johannes Kulset,9,Stage 9,0,0,0,0,0,0,0,0,0
2024,20240877,Johannes Kulset,10,Stage 10,0,0,0,0,0,0,0,0,0
2024,20240877,Johannes Kulset,11,Stage 11,0,0,0,0,0,0,0,0,0
2024,20240877,Johannes Kulset,12,Stage 12,0,0,0,0,0,0,0,0,0
2024,20240877,Johannes Kulset,13,Stage 13,0,0,0,0,0,0,0,0,0
2024,20240877,Johannes Kulset,14,Stage 14,0,0,0,0,0,0,0,0,0
2024,20240877,Johannes Kulset,15,Stage 15,0,0,0,0,0,0,0,0,0
2024,20240877,Johannes Kulset,16,Stage 16,0,0,0,0,0,0,0,2,2
2024,20240877,Johannes Kulset,17,Stage 17,8,0,0,0,0,0,0,0,8
2024,20240877,Johannes Kulset,18,Stage 18,0,0,0,0,0,0,0,0,0
2024,20240877,Johannes Kulset,19,Stage 19,0,0,0,0,0,0,0,0,0
2024,20240877,Johannes Kulset,20,Stage 20,0,0,0,0,0,0,0,0,0
2024,20240877,Johannes Kulset,21,Stage 21,0,0,0,0,0,0,0,0,0
2024,20240877,Johannes Kulset,22,Final Classifications,0,0,0,0,0,0,0,0,0
2024,20240450,Luke Durbridge,1,Stage 1,0,0,0,0,0,0,0,0,0
2024,20240450,Luke Durbridge,2,Stage 2,0,0,0,0,0,0,0,0,0
2024,20240450,Luke Durbridge,3,Stage 3,0,0,0,0,0,0,0,0,0
2024,20240450,Luke Durbridge,4,Stage 4,0,0,0,0,0,0,0,0,0
2024,20240450,Luke Durbridge,5,Stage 5,0,0,0,0,0,0,0,0,0
2024,20240450,Luke Durbridge,6,Stage 6,0,0,0,0,0,0,0,8,8
2024,20240450,Luke Durbridge,7,Stage 7,0,0,0,0,0,0,0,0,0
2024,20240450,Luke Durbridge,8,Stage 8,0,0,0,0,0,0,0,0,0
2024,20240450,Luke Durbridge,9,Stage 9,0,0,0,0,0,0,0,0,0
2024,20240450,Luke Durbridge,10,Stage 10,0,0,0,0,0,0,0,0,0
2024,20240450,Luke Durbridge,11,Stage 11,0,0,0,0,0,0,0,0,0
2024,20240450,Luke Durbridge,12,Stage 12,0,0,0,0,0,0,0,0,0
2024,20240450,Luke Durbridge,13,Stage 13,0,0,0,0,0,0,0,0,0
2024,20240450,Luke Durbridge,14,Stage 14,0,0,0,0,0,0,0,0,0
2024,20240450,Luke Durbridge,15,Stage 15,0,0,0,0,0,0,0,0,0
2024,20240450,Luke Durbridge,16,Stage 16,0,0,0,0,0,0,0,0,0
2024,20240450,Luke Durbridge,17,Stage 17,0,0,0,0,0,0,0,4,4
2024,20240450,Luke Durbridge,18,Stage 18,0,0,0,0,0,0,0,0,0
2024,20240450,Luke Durbridge,19,Stage 19,0,0,0,0,0,0,0,2,2
2024,20240450,Luke Durbridge,20,Stage 20,0,0,0,0,0,0,0,0,0
2024,20240450,Luke Durbridge,21,Stage 21,0,0,0,0,0,0,0,0,0
2024,20240450,Luke Durbridge,22,Final Classifications,0,0,0,0,0,0,0,0,0
2024,20240066,Yevgeniy Fedorov,1,Stage 1,0,0,0,0,0,0,0,0,0
2024,20240066,Yevgeniy Fedorov,2,Stage 2,0,0,0,0,0,0,0,0,0
2024,20240066,Yevgeniy Fedorov,3,Stage 3,0,0,0,0,0,0,0,0,0
2024,20240066,Yevgeniy Fedorov,4,Stage 4,0,0,0,0,5,0,0,0,5
2024,20240066,Yevgeniy Fedorov,5,Stage 5,0,0,0,0,0,0,0,8,8
2024,20240066,Yevgeniy Fedorov,6,Stage 6,0,0,0,0,0,0,0,0,0
2024,20240066,Yevgeniy Fedorov,7,Stage 7,0,0,0,0,0,0,0,0,0
2024,20240066,Yevgeniy Fedorov,8,Stage 8,0,0,0,0,0,0,0,0,0
2024,20240066,Yevgeniy Fedorov,9,Stage 9,0,0,0,0,0,0,0,0,0
2024,20240066,Yevgeniy Fedorov,10,Stage 10,0,0,0,0,0,0,0,0,0
2024,20240066,Yevgeniy Fedorov,11,Stage 11,0,0,0,0,0,0,0,0,0
2024,20240066,Yevgeniy Fedorov,12,Stage 12,0,0,0,0,0,0,0,0,0
2024,20240066,Yevgeniy Fedorov,13,Stage 13,0,0,0,0,0,0,0,0,0
2024,20240066,Yevgeniy Fedorov,14,Stage 14,0,0,0,0,0,0,0,0,0
2024,20240066,Yevgeniy Fedorov,15,Stage 15,0,0,0,0,0,0,0,0,0
2024,20240066,Yevgeniy Fedorov,16,Stage 16,0,0,0,0,0,0,0,0,0
2024,20240066,Yevgeniy Fedorov,17,Stage 17,0,0,0,0,0,0,0,0,0
2024,20240066,Yevgeniy Fedorov,18,Stage 18,0,0,0,0,0,0,0,0,0
2024,20240066,Yevgeniy Fedorov,19,Stage 19,0,0,0,0,0,0,0,0,0
2024,20240066,Yevgeniy Fedorov,20,Stage 20,0,0,0,0,0,0,0,0,0
2024,20240066,Yevgeniy Fedorov,21,Stage 21,0,0,0,0,0,0,0,0,0
2024,20240066,Yevgeniy Fedorov,22,Final Classifications,0,0,0,0,0,0,0,0,0
2024,20240700,Jarrad Drizners,1,Stage 1,0,0,0,0,0,0,0,0,0
2024,20240700,Jarrad Drizners,2,Stage 2,0,0,0,0,0,0,0,0,0
2024,20240700,Jarrad Drizners,3,Stage 3,0,0,0,0,0,0,0,2,2
2024,20240700,Jarrad Drizners,4,Stage 4,0,0,0,0,0,0,0,0,0
2024,20240700,Jarrad Drizners,5,Stage 5,0,0,0,0,0,0,0,0,0
2024,20240700,Jarrad Drizners,6,Stage 6,0,0,0,0,0,0,0,0,0
2024,20240700,Jarrad Drizners,7,Stage 7,0,0,0,0,0,0,0,0,0
2024,20240700,Jarrad Drizners,8,Stage 8,0,0,0,0,0,0,0,2,2
2024,20240700,Jarrad Drizners,9,Stage 9,0,0,0,0,0,0,0,0,0
2024,20240700,Jarrad Drizners,10,Stage 10,0,0,0,0,0,0,0,0,0
2024,20240700,Jarrad Drizners,11,Stage 11,0,0,0,0,0,0,0,0,0
2024,20240700,Jarrad Drizners,12,Stage 12,0,0,0,0,0,0,0,0,0
2024,20240700,Jarrad Drizners,13,Stage 13,0,0,0,0,0,0,0,0,0
2024,20240700,Jarrad Drizners,14,Stage 14,0,0,0,0,0,0,0,0,0
2024,20240700,Jarrad Drizners,15,Stage 15,0,0,0,0,0,0,0,0,0
2024,20240700,Jarrad Drizners,16,Stage 16,0,0,0,0,0,0,0,0,0
2024,20240700,Jarrad Drizners,17,Stage 17,0,0,0,0,0,0,0,0,0
2024,20240700,Jarrad Drizners,18,Stage 18,0,0,0,0,0,0,0,8,8
2024,20240700,Jarrad Drizners,19,Stage 19,0,0,0,0,0,0,0,0,0
2024,20240700,Jarrad Drizners,20,Stage 20,0,0,0,0,0,0,0,0,0
2024,20240700,Jarrad Drizners,21,Stage 21,0,0,0,0,0,0,0,0,0
2024,20240700,Jarrad Drizners,22,Final Classifications,0,0,0,0,0,0,0,0,0
2024,20240703,Sébastien Grignard,1,Stage 1,0,0,0,0,0,0,0,0,0
2024,20240703,Sébastien Grignard,2,Stage 2,0,0,0,0,0,0,0,0,0
2024,20240703,Sébastien Grignard,3,Stage 3,0,0,0,0,0,0,0,2,2
2024,20240703,Sébastien Grignard,4,Stage 4,0,0,0,0,0,0,0,0,0
2024,20240703,Sébastien Grignard,5,Stage 5,0,0,0,0,0,0,0,0,0
2024,20240703,Sébastien Grignard,6,Stage 6,0,0,0,0,0,0,0,0,0
2024,20240703,Sébastien Grignard,7,Stage 7,0,0,0,0,0,0,0,0,0
2024,20240703,Sébastien Grignard,8,Stage 8,0,0,0,0,0,0,0,2,2
2024,20240703,Sébastien Grignard,9,Stage 9,0,0,0,0,0,0,0,0,0
2024,20240703,Sébastien Grignard,10,Stage 10,0,0,0,0,0,0,0,0,0
2024,20240703,Sébastien Grignard,11,Stage 11,0,0,0,0,0,0,0,0,0
2024,20240703,Sébastien Grignard,12,Stage 12,0,0,0,0,0,0,0,0,0
2024,20240703,Sébastien Grignard,13,Stage 13,0,0,0,0,0,0,0,0,0
2024,20240703,Sébastien Grignard,14,Stage 14,0,0,0,0,0,0,0,0,0
2024,20240703,Sébastien Grignard,15,Stage 15,0,0,0,0,0,0,0,0,0
2024,20240703,Sébastien Grignard,16,Stage 16,0,0,0,0,0,0,0,0,0
2024,20240703,Sébastien Grignard,17,Stage 17,0,0,0,0,0,0,0,0,0
2024,20240703,Sébastien Grignard,18,Stage 18,0,0,0,0,0,0,0,8,8
2024,20240703,Sébastien Grignard,19,Stage 19,0,0,0,0,0,0,0,0,0
2024,20240703,Sébastien Grignard,20,Stage 20,0,0,0,0,0,0,0,0,0
2024,20240703,Sébastien Grignard,21,Stage 21,0,0,0,0,0,0,0,0,0
2024,20240703,Sébastien Grignard,22,Final Classifications,0,0,0,0,0,0,0,0,0
2024,20240059,Amaury Capiot,1,Stage 1,0,0,0,0,0,0,0,0,0
2024,20240059,Amaury Capiot,2,Stage 2,0,0,0,0,0,0,0,8,8
2024,20240059,Amaury Capiot,3,Stage 3,0,0,0,0,0,0,0,0,0
2024,20240059,Amaury Capiot,4,Stage 4,0,0,0,0,0,0,0,0,0
2024,20240059,Amaury Capiot,5,Stage 5,0,0,0,0,0,0,0,0,0
2024,20240059,Amaury Capiot,6,Stage 6,0,0,0,0,0,0,0,0,0
2024,20240059,Amaury Capiot,7,Stage 7,0,0,0,0,0,0,0,0,0
2024,20240059,Amaury Capiot,8,Stage 8,0,0,0,0,0,0,0,0,0
2024,20240059,Amaury Capiot,9,Stage 9,0,0,0,0,0,0,0,0,0
2024,20240059,Amaury Capiot,10,Stage 10,0,0,0,0,0,0,0,0,0
2024,20240059,Amaury Capiot,11,Stage 11,0,0,0,0,0,0,0,0,0
2024,20240059,Amaury Capiot,12,Stage 12,0,0,0,0,0,0,0,0,0
2024,20240059,Amaury Capiot,13,Stage 13,0,0,0,0,0,0,0,0,0
2024,20240059,Amaury Capiot,14,Stage 14,0,0,0,0,0,0,0,0,0
2024,20240059,Amaury Capiot,15,Stage 15,0,0,0,0,0,0,0,0,0
2024,20240059,Amaury Capiot,16,Stage 16,0,0,0,0,0,0,0,0,0
2024,20240059,Amaury Capiot,17,Stage 17,0,0,0,0,0,0,0,0,0
2024,20240059,Amaury Capiot,18,Stage 18,0,0,0,0,0,0,0,0,0
2024,20240059,Amaury Capiot,19,Stage 19,0,0,0,0,0,0,0,0,0
2024,20240059,Amaury Capiot,20,Stage 20,0,0,0,0,0,0,0,0,0
2024,20240059,Amaury Capiot,21,Stage 21,0,0,0,0,0,0,0,0,0
2024,20240059,Amaury Capiot,22,Final Classifications,0,0,0,0,0,0,0,0,0
2024,20240033,Luca Mozzato,1,Stage 1,0,0,0,0,0,0,0,0,0
2024,20240033,Luca Mozzato,2,Stage 2,0,0,0,0,0,0,0,8,8
2024,20240033,Luca Mozzato,3,Stage 3,0,0,0,0,0,0,0,0,0
2024,20240033,Luca Mozzato,4,Stage 4,0,0,0,0,0,0,0,0,0
2024,20240033,Luca Mozzato,5,Stage 5,0,0,0,0,0,0,0,0,0
2024,20240033,Luca Mozzato,6,Stage 6,0,0,0,0,0,0,0,0,0
2024,20240033,Luca Mozzato,7,Stage 7,0,0,0,0,0,0,0,0,0
2024,20240033,Luca Mozzato,8,Stage 8,0,0,0,0,0,0,0,0,0
2024,20240033,Luca Mozzato,9,Stage 9,0,0,0,0,0,0,0,0,0
2024,20240033,Luca Mozzato,10,Stage 10,0,0,0,0,0,0,0,0,0
2024,20240033,Luca Mozzato,11,Stage 11,0,0,0,0,0,0,0,0,0
2024,20240033,Luca Mozzato,12,Stage 12,0,0,0,0,0,0,0,0,0
2024,20240033,Luca Mozzato,13,Stage 13,0,0,0,0,0,0,0,0,0
2024,20240033,Luca Mozzato,14,Stage 14,0,0,0,0,0,0,0,0,0
2024,20240033,Luca Mozzato,15,Stage 15,0,0,0,0,0,0,0,0,0
2024,20240033,Luca Mozzato,16,Stage 16,0,0,0,0,0,0,0,0,0
2024,20240033,Luca Mozzato,17,Stage 17,0,0,0,0,0,0,0,0,0
2024,20240033,Luca Mozzato,18,Stage 18,0,0,0,0,0,0,0,0,0
2024,20240033,Luca Mozzato,19,Stage 19,0,0,0,0,0,0,0,0,0
2024,20240033,Luca Mozzato,20,Stage 20,0,0,0,0,0,0,0,0,0
2024,20240033,Luca Mozzato,21,Stage 21,0,0,0,0,0,0,0,0,0
2024,20240033,Luca Mozzato,22,Final Classifications,0,0,0,0,0,0,0,0,0
2024,20240094,Jack Haig,1,Stage 1,0,0,0,0,0,0,0,0,0
2024,20240094,Jack Haig,2,Stage 2,0,0,0,0,0,0,0,0,0
2024,20240094,Jack Haig,3,Stage 3,0,0,0,0,0,0,0,0,0
2024,20240094,Jack Haig,4,Stage 4,0,0,0,0,0,0,0,0,0
2024,20240094,Jack Haig,5,Stage 5,0,0,0,0,0,0,0,0,0
2024,20240094,Jack Haig,6,Stage 6,0,0,0,0,0,0,0,0,0
2024,20240094,Jack Haig,7,Stage 7,0,0,0,0,0,0,0,0,0
2024,20240094,Jack Haig,8,Stage 8,0,0,0,0,0,0,0,0,0
2024,20240094,Jack Haig,9,Stage 9,0,0,0,0,0,0,0,0,0
2024,20240094,Jack Haig,10,Stage 10,0,0,0,0,0,0,0,0,0
2024,20240094,Jack Haig,11,Stage 11,0,0,0,0,0,0,0,0,0
2024,20240094,Jack Haig,12,Stage 12,0,0,0,0,0,0,0,0,0
2024,20240094,Jack Haig,13,Stage 13,0,3,0,0,0,0,0,0,3
2024,20240094,Jack Haig,14,Stage 14,0,1,0,0,0,0,0,0,1
2024,20240094,Jack Haig,15,Stage 15,0,0,0,0,0,0,0,0,0
2024,20240094,Jack Haig,16,Stage 16,0,0,0,0,0,0,0,4,4
2024,20240094,Jack Haig,17,Stage 17,0,0,0,0,0,0,0,0,0
2024,20240094,Jack Haig,18,Stage 18,0,0,0,0,0,0,0,0,0
2024,20240094,Jack Haig,19,Stage 19,0,0,0,0,0,0,0,0,0
2024,20240094,Jack Haig,20,Stage 20,0,0,0,0,0,0,0,0,0
2024,20240094,Jack Haig,21,Stage 21,0,0,0,0,0,0,0,0,0
2024,20240094,Jack Haig,22,Final Classifications,0,0,0,0,0,0,0,0,0
2024,20240084,Michael Mørkøv,1,Stage 1,0,0,0,0,0,0,0,0,0
2024,20240084,Michael Mørkøv,2,Stage 2,0,0,0,0,0,0,0,0,0
2024,20240084,Michael Mørkøv,3,Stage 3,0,0,0,0,0,0,0,0,0
2024,20240084,Michael Mørkøv,4,Stage 4,0,0,0,0,0,0,0,0,0
2024,20240084,Michael Mørkøv,5,Stage 5,0,0,0,0,0,0,0,8,8
2024,20240084,Michael Mørkøv,6,Stage 6,0,0,0,0,0,0,0,0,0
2024,20240084,Michael Mørkøv,7,Stage 7,0,0,0,0,0,0,0,0,0
2024,20240084,Michael Mørkøv,8,Stage 8,0,0,0,0,0,0,0,0,0
2024,20240084,Michael Mørkøv,9,Stage 9,0,0,0,0,0,0,0,0,0
2024,20240084,Michael Mørkøv,10,Stage 10,0,0,0,0,0,0,0,0,0
2024,20240084,Michael Mørkøv,11,Stage 11,0,0,0,0,0,0,0,0,0
2024,20240084,Michael Mørkøv,12,Stage 12,0,0,0,0,0,0,0,0,0
2024,20240084,Michael Mørkøv,13,Stage 13,0,0,0,0,0,0,0,0,0
2024,20240084,Michael Mørkøv,14,Stage 14,0,0,0,0,0,0,0,0,0
2024,20240084,Michael Mørkøv,15,Stage 15,0,0,0,0,0,0,0,0,0
2024,20240084,Michael Mørkøv,16,Stage 16,0,0,0,0,0,0,0,0,0
2024,20240084,Michael Mørkøv,17,Stage 17,0,0,0,0,0,0,0,0,0
2024,20240084,Michael Mørkøv,18,Stage 18,0,0,0,0,0,0,0,0,0
2024,20240084,Michael Mørkøv,19,Stage 19,0,0,0,0,0,0,0,0,0
2024,20240084,Michael Mørkøv,20,Stage 20,0,0,0,0,0,0,0,0,0
2024,20240084,Michael Mørkøv,21,Stage 21,0,0,0,0,0,0,0,0,0
2024,20240084,Michael Mørkøv,22,Final Classifications,0,0,0,0,0,0,0,0,0
2024,20240667,Guillaume Boivin,1,Stage 1,0,0,0,0,0,0,0,0,0
2024,20240667,Guillaume Boivin,2,Stage 2,0,0,0,0,0,0,0,0,0
2024,20240667,Guillaume Boivin,3,Stage 3,0,0,0,0,0,0,0,0,0
2024,20240667,Guillaume Boivin,4,Stage 4,0,0,0,0,0,0,0,0,0
2024,20240667,Guillaume Boivin,5,Stage 5,0,0,0,0,0,0,0,0,0
2024,20240667,Guillaume Boivin,6,Stage 6,0,0,0,0,0,0,0,0,0
2024,20240667,Guillaume Boivin,7,Stage 7,0,0,0,0,0,0,0,0,0
2024,20240667,Guillaume Boivin,8,Stage 8,0,0,0,0,0,0,0,0,0
2024,20240667,Guillaume Boivin,9,Stage 9,0,0,0,0,0,0,0,2,2
2024,20240667,Guillaume Boivin,10,Stage 10,0,0,0,0,0,0,0,2,2
2024,20240667,Guillaume Boivin,11,Stage 11,0,0,0,0,0,0,0,0,0
2024,20240667,Guillaume Boivin,12,Stage 12,0,0,0,0,0,0,0,2,2
2024,20240667,Guillaume Boivin,13,Stage 13,0,0,0,0,0,0,0,2,2
2024,20240667,Guillaume Boivin,14,Stage 14,0,0,0,0,0,0,0,0,0
2024,20240667,Guillaume Boivin,15,Stage 15,0,0,0,0,0,0,0,0,0
2024,20240667,Guillaume Boivin,16,Stage 16,0,0,0,0,0,0,0,0,0
2024,20240667,Guillaume Boivin,17,Stage 17,0,0,0,0,0,0,0,0,0
2024,20240667,Guillaume Boivin,18,Stage 18,0,0,0,0,0,0,0,0,0
2024,20240667,Guillaume Boivin,19,Stage 19,0,0,0,0,0,0,0,0,0
2024,20240667,Guillaume Boivin,20,Stage 20,0,0,0,0,0,0,0,0,0
2024,20240667,Guillaume Boivin,21,Stage 21,0,0,0,0,0,0,0,0,0
2024,20240667,Guillaume Boivin,22,Final Classifications,0,0,0,0,0,0,0,0,0
2024,20240452,Elmar Reinders,1,Stage 1,0,0,0,0,0,0,0,0,0
2024,20240452,Elmar Reinders,2,Stage 2,0,0,0,0,0,0,0,0,0
2024,20240452,Elmar Reinders,3,Stage 3,0,0,0,0,0,0,0,0,0
2024,20240452,Elmar Reinders,4,Stage 4,0,0,0,0,0,0,0,0,0
2024,20240452,Elmar Reinders,5,Stage 5,0,0,0,0,0,0,0,0,0
2024,20240452,Elmar Reinders,6,Stage 6,0,0,0,0,0,0,0,8,8
2024,20240452,Elmar Reinders,7,Stage 7,0,0,0,0,0,0,0,0,0
2024,20240452,Elmar Reinders,8,Stage 8,0,0,0,0,0,0,0,0,0
2024,20240452,Elmar Reinders,9,Stage 9,0,0,0,0,0,0,0,0,0
2024,20240452,Elmar Reinders,10,Stage 10,0,0,0,0,0,0,0,0,0
2024,20240452,Elmar Reinders,11,Stage 11,0,0,0,0,0,0,0,0,0
2024,20240452,Elmar Reinders,12,Stage 12,0,0,0,0,0,0,0,0,0
2024,20240452,Elmar Reinders,13,Stage 13,0,0,0,0,0,0,0,0,0
2024,20240452,Elmar Reinders,14,Stage 14,0,0,0,0,0,0,0,0,0
2024,20240452,Elmar Reinders,15,Stage 15,0,0,0,0,0,0,0,0,0
2024,20240452,Elmar Reinders,16,Stage 16,0,0,0,0,0,0,0,0,0
2024,20240452,Elmar Reinders,17,Stage 17,0,0,0,0,0,0,0,0,0
2024,20240452,Elmar Reinders,18,Stage 18,0,0,0,0,0,0,0,0,0
2024,20240452,Elmar Reinders,19,Stage 19,0,0,0,0,0,0,0,0,0
2024,20240452,Elmar Reinders,20,Stage 20,0,0,0,0,0,0,0,0,0
2024,20240452,Elmar Reinders,21,Stage 21,0,0,0,0,0,0,0,0,0
2024,20240452,Elmar Reinders,22,Final Classifications,0,0,0,0,0,0,0,0,0
2024,20240128,Nico Denz,1,Stage 1,0,0,0,0,0,0,0,0,0
2024,20240128,Nico Denz,2,Stage 2,0,0,0,0,0,0,0,0,0
2024,20240128,Nico Denz,3,Stage 3,0,0,0,0,0,0,0,0,0
2024,20240128,Nico Denz,4,Stage 4,0,0,0,0,0,0,0,0,0
2024,20240128,Nico Denz,5,Stage 5,0,0,0,0,0,0,0,0,0
2024,20240128,Nico Denz,6,Stage 6,0,0,0,0,0,0,0,0,0
2024,20240128,Nico Denz,7,Stage 7,0,0,0,0,0,0,0,0,0
2024,20240128,Nico Denz,8,Stage 8,0,0,0,0,0,0,0,2,2
2024,20240128,Nico Denz,9,Stage 9,0,0,0,0,0,0,0,0,0
2024,20240128,Nico Denz,10,Stage 10,0,0,0,0,0,0,0,0,0
2024,20240128,Nico Denz,11,Stage 11,0,0,0,0,0,0,0,0,0
2024,20240128,Nico Denz,12,Stage 12,0,0,0,0,0,0,0,0,0
2024,20240128,Nico Denz,13,Stage 13,0,0,0,0,0,0,0,0,0
2024,20240128,Nico Denz,14,Stage 14,0,0,0,0,0,0,0,0,0
2024,20240128,Nico Denz,15,Stage 15,0,0,0,0,5,0,0,0,5
2024,20240128,Nico Denz,16,Stage 16,0,0,0,0,0,0,0,0,0
2024,20240128,Nico Denz,17,Stage 17,0,0,0,0,0,0,0,0,0
2024,20240128,Nico Denz,18,Stage 18,0,0,0,0,0,0,0,0,0
2024,20240128,Nico Denz,19,Stage 19,0,0,0,0,0,0,0,0,0
2024,20240128,Nico Denz,20,Stage 20,0,0,0,0,0,0,0,0,0
2024,20240128,Nico Denz,21,Stage 21,0,0,0,0,0,0,0,0,0
2024,20240128,Nico Denz,22,Final Classifications,0,0,0,0,0,0,0,0,0
2024,20240384,Casper Pedersen,1,Stage 1,0,0,0,0,0,0,0,0,0
2024,20240384,Casper Pedersen,2,Stage 2,0,0,0,0,0,0,0,4,4
2024,20240384,Casper Pedersen,3,Stage 3,0,0,0,0,0,0,0,2,2
2024,20240384,Casper Pedersen,4,Stage 4,0,0,0,0,0,0,0,0,0
2024,20240384,Casper Pedersen,5,Stage 5,0,0,0,0,0,0,0,0,0
2024,20240384,Casper Pedersen,6,Stage 6,0,0,0,0,0,0,0,0,0
2024,20240384,Casper Pedersen,7,Stage 7,0,0,0,0,0,0,0,0,0
2024,20240384,Casper Pedersen,8,Stage 8,0,0,0,0,0,0,0,0,0
2024,20240384,Casper Pedersen,9,Stage 9,0,0,0,0,0,0,0,0,0
2024,20240384,Casper Pedersen,10,Stage 10,0,0,0,0,0,0,0,0,0
2024,20240384,Casper Pedersen,11,Stage 11,0,0,0,0,0,0,0,0,0
2024,20240384,Casper Pedersen,12,Stage 12,0,0,0,0,0,0,0,0,0
2024,20240384,Casper Pedersen,13,Stage 13,0,0,0,0,0,0,0,0,0
2024,20240384,Casper Pedersen,14,Stage 14,0,0,0,0,0,0,0,0,0
2024,20240384,Casper Pedersen,15,Stage 15,0,0,0,0,0,0,0,0,0
2024,20240384,Casper Pedersen,16,Stage 16,0,0,0,0,0,0,0,0,0
2024,20240384,Casper Pedersen,17,Stage 17,0,0,0,0,0,0,0,0,0
2024,20240384,Casper Pedersen,18,Stage 18,0,0,0,0,0,0,0,0,0
2024,20240384,Casper Pedersen,19,Stage 19,0,0,0,0,0,0,0,0,0
2024,20240384,Casper Pedersen,20,Stage 20,0,0,0,0,0,0,0,0,0
2024,20240384,Casper Pedersen,21,Stage 21,0,0,0,0,0,0,0,0,0
2024,20240384,Casper Pedersen,22,Final Classifications,0,0,0,0,0,0,0,0,0
2024,20240149,Jesús Herrada,1,Stage 1,0,0,0,0,0,0,0,0,0
2024,20240149,Jesús Herrada,2,Stage 2,0,0,0,0,0,0,0,0,0
2024,20240149,Jesús Herrada,3,Stage 3,0,0,0,0,0,0,0,0,0
2024,20240149,Jesús Herrada,4,Stage 4,0,0,0,0,0,0,0,0,0
2024,20240149,Jesús Herrada,5,Stage 5,0,0,0,0,0,0,0,0,0
2024,20240149,Jesús Herrada,6,Stage 6,0,0,0,0,0,0,0,0,0
2024,20240149,Jesús Herrada,7,Stage 7,0,0,0,0,0,0,0,0,0
2024,20240149,Jesús Herrada,8,Stage 8,0,0,0,0,0,0,0,0,0
2024,20240149,Jesús Herrada,9,Stage 9,0,0,0,0,0,0,0,0,0
2024,20240149,Jesús Herrada,10,Stage 10,0,0,0,0,0,0,0,0,0
2024,20240149,Jesús Herrada,11,Stage 11,0,0,0,0,0,0,0,0,0
2024,20240149,Jesús Herrada,12,Stage 12,0,0,0,0,0,0,0,0,0
2024,20240149,Jesús Herrada,13,Stage 13,0,0,0,0,0,0,0,0,0
2024,20240149,Jesús Herrada,14,Stage 14,0,0,0,0,0,0,0,0,0
2024,20240149,Jesús Herrada,15,Stage 15,0,0,0,0,0,0,0,0,0
2024,20240149,Jesús Herrada,16,Stage 16,0,0,0,0,0,0,0,0,0
2024,20240149,Jesús Herrada,17,Stage 17,0,0,0,0,0,0,0,0,0
2024,20240149,Jesús Herrada,18,Stage 18,0,0,0,0,0,0,0,0,0
2024,20240149,Jesús Herrada,19,Stage 19,0,0,0,0,0,0,0,0,0
2024,20240149,Jesús Herrada,20,Stage 20,0,0,0,0,0,0,0,0,0
2024,20240149,Jesús Herrada,21,Stage 21,0,0,0,0,0,0,0,0,0
2024,20240149,Jesús Herrada,22,Final Classifications,0,0,0,0,0,0,0,0,0
2024,20240153,Alexis Renard,1,Stage 1,0,0,0,0,0,0,0,0,0
2024,20240153,Alexis Renard,2,Stage 2,0,0,0,0,0,0,0,0,0
2024,20240153,Alexis Renard,3,Stage 3,0,0,0,0,0,0,0,0,0
2024,20240153,Alexis Renard,4,Stage 4,0,0,0,0,0,0,0,0,0
2024,20240153,Alexis Renard,5,Stage 5,0,0,0,0,0,0,0,0,0
2024,20240153,Alexis Renard,6,Stage 6,0,0,0,0,0,0,0,0,0
2024,20240153,Alexis Renard,7,Stage 7,0,0,0,0,0,0,0,0,0
2024,20240153,Alexis Renard,8,Stage 8,0,0,0,0,0,0,0,0,0
2024,20240153,Alexis Renard,9,Stage 9,0,0,0,0,0,0,0,0,0
2024,20240153,Alexis Renard,10,Stage 10,0,0,0,0,0,0,0,0,0
2024,20240153,Alexis Renard,11,Stage 11,0,0,0,0,0,0,0,0,0
2024,20240153,Alexis Renard,12,Stage 12,0,0,0,0,0,0,0,0,0
2024,20240153,Alexis Renard,13,Stage 13,0,0,0,0,0,0,0,0,0
2024,20240153,Alexis Renard,14,Stage 14,0,0,0,0,0,0,0,0,0
2024,20240153,Alexis Renard,15,Stage 15,0,0,0,0,0,0,0,0,0
2024,20240153,Alexis Renard,16,Stage 16,0,0,0,0,0,0,0,0,0
2024,20240153,Alexis Renard,17,Stage 17,0,0,0,0,0,0,0,0,0
2024,20240153,Alexis Renard,18,Stage 18,0,0,0,0,0,0,0,0,0
2024,20240153,Alexis Renard,19,Stage 19,0,0,0,0,0,0,0,0,0
2024,20240153,Alexis Renard,20,Stage 20,0,0,0,0,0,0,0,0,0
2024,20240153,Alexis Renard,21,Stage 21,0,0,0,0,0,0,0,0,0
2024,20240153,Alexis Renard,22,Final Classifications,0,0,0,0,0,0,0,0,0
2024,20240185,Nans Peters,1,Stage 1,0,0,0,0,0,0,0,0,0
2024,20240185,Nans Peters,2,Stage 2,0,0,0,0,0,0,0,0,0
2024,20240185,Nans Peters,3,Stage 3,0,0,0,0,0,0,0,0,0
2024,20240185,Nans Peters,4,Stage 4,0,0,0,0,0,0,0,0,0
2024,20240185,Nans Peters,5,Stage 5,0,0,0,0,0,0,0,0,0
2024,20240185,Nans Peters,6,Stage 6,0,0,0,0,0,0,0,0,0
2024,20240185,Nans Peters,7,Stage 7,0,0,0,0,0,0,0,0,0
2024,20240185,Nans Peters,8,Stage 8,0,0,0,0,0,0,0,0,0
2024,20240185,Nans Peters,9,Stage 9,0,0,0,0,0,0,0,0,0
2024,20240185,Nans Peters,10,Stage 10,0,0,0,0,0,0,0,0,0
2024,20240185,Nans Peters,11,Stage 11,0,0,0,0,0,0,0,0,0
2024,20240185,Nans Peters,12,Stage 12,0,0,0,0,0,0,0,0,0
2024,20240185,Nans Peters,13,Stage 13,0,0,0,0,0,0,0,0,0
2024,20240185,Nans Peters,14,Stage 14,0,0,0,0,0,0,0,0,0
2024,20240185,Nans Peters,15,Stage 15,0,0,0,0,0,0,0,0,0
2024,20240185,Nans Peters,16,Stage 16,0,0,0,0,0,0,0,0,0
2024,20240185,Nans Peters,17,Stage 17,0,0,0,0,0,0,0,0,0
2024,20240185,Nans Peters,18,Stage 18,0,0,0,0,0,0,0,0,0
2024,20240185,Nans Peters,19,Stage 19,0,0,0,0,0,0,0,0,0
2024,20240185,Nans Peters,20,Stage 20,0,0,0,0,0,0,0,0,0
2024,20240185,Nans Peters,21,Stage 21,0,0,0,0,0,0,0,0,0
2024,20240185,Nans Peters,22,Final Classifications,0,0,0,0,0,0,0,0,0
2024,20240186,Nicolas Prodhomme,1,Stage 1,0,0,0,0,0,0,0,0,0
2024,20240186,Nicolas Prodhomme,2,Stage 2,0,0,0,0,0,0,0,0,0
2024,20240186,Nicolas Prodhomme,3,Stage 3,0,0,0,0,0,0,0,0,0
2024,20240186,Nicolas Prodhomme,4,Stage 4,0,0,0,0,0,0,0,0,0
2024,20240186,Nicolas Prodhomme,5,Stage 5,0,0,0,0,0,0,0,0,0
2024,20240186,Nicolas Prodhomme,6,Stage 6,0,0,0,0,0,0,0,0,0
2024,20240186,Nicolas Prodhomme,7,Stage 7,0,0,0,0,0,0,0,0,0
2024,20240186,Nicolas Prodhomme,8,Stage 8,0,0,0,0,0,0,0,0,0
2024,20240186,Nicolas Prodhomme,9,Stage 9,0,0,0,0,0,0,0,0,0
2024,20240186,Nicolas Prodhomme,10,Stage 10,0,0,0,0,0,0,0,0,0
2024,20240186,Nicolas Prodhomme,11,Stage 11,0,0,0,0,0,0,0,0,0
2024,20240186,Nicolas Prodhomme,12,Stage 12,0,0,0,0,0,0,0,0,0
2024,20240186,Nicolas Prodhomme,13,Stage 13,0,0,0,0,0,0,0,0,0
2024,20240186,Nicolas Prodhomme,14,Stage 14,0,0,0,0,0,0,0,0,0
2024,20240186,Nicolas Prodhomme,15,Stage 15,0,0,0,0,0,0,0,0,0
2024,20240186,Nicolas Prodhomme,16,Stage 16,0,0,0,0,0,0,0,0,0
2024,20240186,Nicolas Prodhomme,17,Stage 17,0,0,0,0,0,0,0,0,0
2024,20240186,Nicolas Prodhomme,18,Stage 18,0,0,0,0,0,0,0,0,0
2024,20240186,Nicolas Prodhomme,19,Stage 19,0,0,0,0,0,0,0,0,0
2024,20240186,Nicolas Prodhomme,20,Stage 20,0,0,0,0,0,0,0,0,0
2024,20240186,Nicolas Prodhomme,21,Stage 21,0,0,0,0,0,0,0,0,0
2024,20240186,Nicolas Prodhomme,22,Final Classifications,0,0,0,0,0,0,0,0,0
2024,20240083,Michele Gazzoli,1,Stage 1,0,0,0,0,0,0,0,0,0
2024,20240083,Michele Gazzoli,2,Stage 2,0,0,0,0,0,0,0,0,0
2024,20240083,Michele Gazzoli,3,Stage 3,0,0,0,0,0,0,0,0,0
2024,20240083,Michele Gazzoli,4,Stage 4,0,0,0,0,0,0,0,0,0
2024,20240083,Michele Gazzoli,5,Stage 5,0,0,0,0,0,0,0,0,0
2024,20240083,Michele Gazzoli,6,Stage 6,0,0,0,0,0,0,0,0,0
2024,20240083,Michele Gazzoli,7,Stage 7,0,0,0,0,0,0,0,0,0
2024,20240083,Michele Gazzoli,8,Stage 8,0,0,0,0,0,0,0,0,0
2024,20240083,Michele Gazzoli,9,Stage 9,0,0,0,0,0,0,0,0,0
2024,20240083,Michele Gazzoli,10,Stage 10,0,0,0,0,0,0,0,0,0
2024,20240083,Michele Gazzoli,11,Stage 11,0,0,0,0,0,0,0,0,0
2024,20240083,Michele Gazzoli,12,Stage 12,0,0,0,0,0,0,0,0,0
2024,20240083,Michele Gazzoli,13,Stage 13,0,0,0,0,0,0,0,0,0
2024,20240083,Michele Gazzoli,14,Stage 14,0,0,0,0,0,0,0,0,0
2024,20240083,Michele Gazzoli,15,Stage 15,0,0,0,0,0,0,0,0,0
2024,20240083,Michele Gazzoli,16,Stage 16,0,0,0,0,0,0,0,0,0
2024,20240083,Michele Gazzoli,17,Stage 17,0,0,0,0,0,0,0,0,0
2024,20240083,Michele Gazzoli,18,Stage 18,0,0,0,0,0,0,0,0,0
2024,20240083,Michele Gazzoli,19,Stage 19,0,0,0,0,0,0,0,0,0
2024,20240083,Michele Gazzoli,20,Stage 20,0,0,0,0,0,0,0,0,0
2024,20240083,Michele Gazzoli,21,Stage 21,0,0,0,0,0,0,0,0,0
2024,20240083,Michele Gazzoli,22,Final Classifications,0,0,0,0,0,0,0,0,0
2024,20240342,Tim Declercq,1,Stage 1,0,0,0,0,0,0,0,0,0
2024,20240342,Tim Declercq,2,Stage 2,0,0,0,0,0,0,0,0,0
2024,20240342,Tim Declercq,3,Stage 3,0,0,0,0,0,0,0,0,0
2024,20240342,Tim Declercq,4,Stage 4,0,0,0,0,0,0,0,0,0
2024,20240342,Tim Declercq,5,Stage 5,0,0,0,0,0,0,0,0,0
2024,20240342,Tim Declercq,6,Stage 6,0,0,0,0,0,0,0,0,0
2024,20240342,Tim Declercq,7,Stage 7,0,0,0,0,0,0,0,0,0
2024,20240342,Tim Declercq,8,Stage 8,0,0,0,0,0,0,0,0,0
2024,20240342,Tim Declercq,9,Stage 9,0,0,0,0,0,0,0,0,0
2024,20240342,Tim Declercq,10,Stage 10,0,0,0,0,0,0,0,0,0
2024,20240342,Tim Declercq,11,Stage 11,0,0,0,0,0,0,0,0,0
2024,20240342,Tim Declercq,12,Stage 12,0,0,0,0,0,0,0,0,0
2024,20240342,Tim Declercq,13,Stage 13,0,0,0,0,0,0,0,0,0
2024,20240342,Tim Declercq,14,Stage 14,0,0,0,0,0,0,0,0,0
2024,20240342,Tim Declercq,15,Stage 15,0,0,0,0,0,0,0,0,0
2024,20240342,Tim Declercq,16,Stage 16,0,0,0,0,0,0,0,0,0
2024,20240342,Tim Declercq,17,Stage 17,0,0,0,0,0,0,0,0,0
2024,20240342,Tim Declercq,18,Stage 18,0,0,0,0,0,0,0,0,0
2024,20240342,Tim Declercq,19,Stage 19,0,0,0,0,0,0,0,0,0
2024,20240342,Tim Declercq,20,Stage 20,0,0,0,0,0,0,0,0,0
2024,20240342,Tim Declercq,21,Stage 21,0,0,0,0,0,0,0,0,0
2024,20240342,Tim Declercq,22,Final Classifications,0,0,0,0,0,0,0,0,0
2025,20250482,Tadej Pogačar,1,Stage 1,12,3,0,0,0,0,0,0,15
2025,20250482,Tadej Pogačar,2,Stage 2,180,26,1,12,0,0,0,0,219
2025,20250482,Tadej Pogačar,3,Stage 3,0,26,0,8,0,0,0,0,34
2025,20250482,Tadej Pogačar,4,Stage 4,220,26,4,12,0,0,0,2,264
2025,20250482,Tadej Pogačar,5,Stage 5,180,30,12,12,0,0,0,0,234
2025,20250482,Tadej Pogačar,6,Stage 6,70,26,6,8,0,0,0,4,114
2025,20250482,Tadej Pogačar,7,Stage 7,220,30,12,8,0,0,0,4,274
2025,20250482,Tadej Pogačar,8,Stage 8,0,30,8,8,0,0,0,4,50
2025,20250482,Tadej Pogačar,9,Stage 9,0,30,8,8,0,0,0,4,50
2025,20250482,Tadej Pogačar,10,Stage 10,70,26,8,1,0,0,0,4,109
2025,20250482,Tadej Pogačar,11,Stage 11,0,26,8,1,0,0,0,4,39
2025,20250482,Tadej Pogačar,12,Stage 12,220,30,8,12,0,30,0,4,304
2025,20250482,Tadej Pogačar,13,Stage 13,220,30,8,12,0,0,0,0,270
2025,20250482,Tadej Pogačar,14,Stage 14,180,30,8,8,0,25,0,4,255
2025,20250482,Tadej Pogačar,15,Stage 15,0,30,8,8,0,0,0,12,58
2025,20250482,Tadej Pogačar,16,Stage 16,120,30,8,12,0,10,0,4,184
2025,20250482,Tadej Pogačar,17,Stage 17,0,30,8,12,0,0,0,4,54
2025,20250482,Tadej Pogačar,18,Stage 18,180,30,8,12,0,50,0,4,284
2025,20250482,Tadej Pogačar,19,Stage 19,160,30,8,12,0,20,0,4,234
2025,20250482,Tadej Pogačar,20,Stage 20,0,30,8,12,0,0,0,4,54
2025,20250482,Tadej Pogačar,21,Stage 21,140,30,8,12,0,0,0,4,194
2025,20250482,Tadej Pogačar,22,Final Classifications,0,600,100,120,0,0,0,40,860
2025,20250459,Jonas Vingegaard,1,Stage 1,4,1,0,8,0,0,0,0,13
2025,20250459,Jonas Vingegaard,2,Stage 2,160,22,0,4,0,0,0,4,190
2025,20250459,Jonas Vingegaard,3,Stage 3,0,22,0,4,0,0,0,4,30
2025,20250459,Jonas Vingegaard,4,Stage 4,160,22,0,6,0,0,0,8,196
2025,20250459,Jonas Vingegaard,5,Stage 5,35,18,0,6,0,0,0,0,59
2025,20250459,Jonas Vingegaard,6,Stage 6,60,16,0,1,0,0,0,8,85
2025,20250459,Jonas Vingegaard,7,Stage 7,180,18,2,4,0,0,0,8,212
2025,20250459,Jonas Vingegaard,8,Stage 8,0,18,0,4,0,0,0,12,34
2025,20250459,Jonas Vingegaard,9,Stage 9,0,18,0,4,0,0,0,8,30
2025,20250459,Jonas Vingegaard,10,Stage 10,60,18,0,0,0,0,0,16,94
2025,20250459,Jonas Vingegaard,11,Stage 11,0,18,0,0,0,0,0,8,26
2025,20250459,Jonas Vingegaard,12,Stage 12,180,26,0,4,0,25,0,8,243
2025,20250459,Jonas Vingegaard,13,Stage 13,180,26,1,6,0,0,0,0,213
2025,20250459,Jonas Vingegaard,14,Stage 14,160,26,1,4,0,20,0,8,219
2025,20250459,Jonas Vingegaard,15,Stage 15,0,26,1,4,0,0,0,12,43
2025,20250459,Jonas Vingegaard,16,Stage 16,110,26,2,4,0,6,0,8,156
2025,20250459,Jonas Vingegaard,17,Stage 17,0,26,2,4,0,0,0,8,40
2025,20250459,Jonas Vingegaard,18,Stage 18,160,26,4,8,0,50,0,8,256
2025,20250459,Jonas Vingegaard,19,Stage 19,180,26,4,8,0,25,0,8,251
2025,20250459,Jonas Vingegaard,20,Stage 20,0,26,4,8,0,0,0,8,46
2025,20250459,Jonas Vingegaard,21,Stage 21,0,26,4,8,0,0,0,16,54
2025,20250459,Jonas Vingegaard,22,Final Classifications,0,500,60,100,0,0,0,50,710
2025,20250425,Oscar Onley,1,Stage 1,0,0,0,0,0,0,0,0,0
2025,20250425,Oscar Onley,2,Stage 2,110,5,0,0,0,0,0,0,115
2025,20250425,Oscar Onley,3,Stage 3,0,8,0,0,0,0,0,0,8
2025,20250425,Oscar Onley,4,Stage 4,140,14,0,0,0,0,0,0,154
2025,20250425,Oscar Onley,5,Stage 5,0,10,0,0,0,0,0,0,10
2025,20250425,Oscar Onley,6,Stage 6,35,10,0,0,0,0,0,0,45
2025,20250425,Oscar Onley,7,Stage 7,160,14,0,0,0,0,0,0,174
2025,20250425,Oscar Onley,8,Stage 8,0,14,0,0,0,0,0,0,14
2025,20250425,Oscar Onley,9,Stage 9,0,14,0,0,0,0,0,0,14
2025,20250425,Oscar Onley,10,Stage 10,30,14,0,0,0,0,0,0,44
2025,20250425,Oscar Onley,11,Stage 11,0,14,0,0,0,0,0,0,14
2025,20250425,Oscar Onley,12,Stage 12,120,15,0,0,0,10,0,0,145
2025,20250425,Oscar Onley,13,Stage 13,95,16,0,0,0,0,0,0,111
2025,20250425,Oscar Onley,14,Stage 14,110,18,0,0,0,6,0,0,134
2025,20250425,Oscar Onley,15,Stage 15,0,18,0,0,0,0,0,0,18
2025,20250425,Oscar Onley,16,Stage 16,30,18,0,0,0,0,0,0,48
2025,20250425,Oscar Onley,17,Stage 17,0,18,0,0,0,0,0,2,20
2025,20250425,Oscar Onley,18,Stage 18,140,18,0,0,0,15,0,0,173
2025,20250425,Oscar Onley,19,Stage 19,120,18,0,0,0,10,0,0,148
2025,20250425,Oscar Onley,20,Stage 20,0,18,0,0,0,0,0,4,22
2025,20250425,Oscar Onley,21,Stage 21,0,18,0,0,0,0,0,0,18
2025,20250425,Oscar Onley,22,Final Classifications,0,350,0,10,0,0,0,0,360
2025,20250325,Florian Lipowitz,1,Stage 1,0,0,0,0,0,0,0,0,0
2025,20250325,Florian Lipowitz,2,Stage 2,0,0,0,0,0,0,0,0,0
2025,20250325,Florian Lipowitz,3,Stage 3,0,0,0,0,0,0,0,0,0
2025,20250325,Florian Lipowitz,4,Stage 4,0,1,0,0,0,0,0,0,1
2025,20250325,Florian Lipowitz,5,Stage 5,110,12,0,0,0,0,0,0,122
2025,20250325,Florian Lipowitz,6,Stage 6,25,12,0,0,0,0,0,0,37
2025,20250325,Florian Lipowitz,7,Stage 7,30,13,0,0,0,0,0,0,43
2025,20250325,Florian Lipowitz,8,Stage 8,0,13,0,0,0,0,0,0,13
2025,20250325,Florian Lipowitz,9,Stage 9,0,13,0,0,0,0,0,0,13
2025,20250325,Florian Lipowitz,10,Stage 10,50,13,0,0,0,0,0,0,63
2025,20250325,Florian Lipowitz,11,Stage 11,0,13,0,0,0,0,0,0,13
2025,20250325,Florian Lipowitz,12,Stage 12,160,18,0,0,0,20,0,0,198
2025,20250325,Florian Lipowitz,13,Stage 13,140,18,0,1,0,0,0,0,159
2025,20250325,Florian Lipowitz,14,Stage 14,120,22,0,1,0,10,0,0,153
2025,20250325,Florian Lipowitz,15,Stage 15,0,22,0,1,0,0,0,2,25
2025,20250325,Florian Lipowitz,16,Stage 16,60,22,0,0,0,0,0,2,84
2025,20250325,Florian Lipowitz,17,Stage 17,0,22,0,0,0,0,0,6,28
2025,20250325,Florian Lipowitz,18,Stage 18,50,22,0,0,0,0,0,2,74
2025,20250325,Florian Lipowitz,19,Stage 19,140,22,0,0,0,15,0,2,179
2025,20250325,Florian Lipowitz,20,Stage 20,0,22,0,0,0,0,0,2,24
2025,20250325,Florian Lipowitz,21,Stage 21,0,22,0,0,0,0,0,2,24
2025,20250325,Florian Lipowitz,22,Final Classifications,0,400,0,0,0,0,0,30,430
2025,20250442,Matteo Jorgenson,1,Stage 1,80,13,0,0,0,0,0,0,93
2025,20250442,Matteo Jorgenson,2,Stage 2,12,16,0,0,0,0,0,8,36
2025,20250442,Matteo Jorgenson,3,Stage 3,0,16,0,0,0,0,0,6,22
2025,20250442,Matteo Jorgenson,4,Stage 4,80,18,0,0,0,0,0,12,110
2025,20250442,Matteo Jorgenson,5,Stage 5,50,16,0,0,0,0,0,0,66
2025,20250442,Matteo Jorgenson,6,Stage 6,50,15,0,0,0,0,0,8,73
2025,20250442,Matteo Jorgenson,7,Stage 7,120,15,0,0,0,0,0,12,147
2025,20250442,Matteo Jorgenson,8,Stage 8,0,15,0,0,0,0,0,12,27
2025,20250442,Matteo Jorgenson,9,Stage 9,0,16,0,0,0,0,0,8,24
2025,20250442,Matteo Jorgenson,10,Stage 10,40,16,0,0,0,0,0,16,72
2025,20250442,Matteo Jorgenson,11,Stage 11,0,16,0,0,0,0,0,8,24
2025,20250442,Matteo Jorgenson,12,Stage 12,25,11,0,0,0,0,0,16,52
2025,20250442,Matteo Jorgenson,13,Stage 13,110,11,0,0,0,0,0,0,121
2025,20250442,Matteo Jorgenson,14,Stage 14,0,0,0,0,0,0,0,14,14
2025,20250442,Matteo Jorgenson,15,Stage 15,0,6,0,0,0,0,0,16,22
2025,20250442,Matteo Jorgenson,16,Stage 16,0,1,0,0,0,0,0,12,13
2025,20250442,Matteo Jorgenson,17,Stage 17,0,1,0,0,0,0,0,12,13
2025,20250442,Matteo Jorgenson,18,Stage 18,0,4,0,0,0,40,20,14,78
2025,20250442,Matteo Jorgenson,19,Stage 19,0,1,0,0,0,0,0,16,17
2025,20250442,Matteo Jorgenson,20,Stage 20,70,2,0,0,2,0,20,12,106
2025,20250442,Matteo Jorgenson,21,Stage 21,120,2,0,0,4,0,0,20,146
2025,20250442,Matteo Jorgenson,22,Final Classifications,0,60,0,0,0,0,0,50,110
2025,20250054,Kévin Vauquelin,1,Stage 1,20,5,0,0,0,0,0,0,25
2025,20250054,Kévin Vauquelin,2,Stage 2,80,18,0,2,0,0,0,0,100
2025,20250054,Kévin Vauquelin,3,Stage 3,0,18,0,2,0,0,0,0,20
2025,20250054,Kévin Vauquelin,4,Stage 4,60,16,0,1,0,0,0,0,77
2025,20250054,Kévin Vauquelin,5,Stage 5,120,22,0,1,0,0,0,0,143
2025,20250054,Kévin Vauquelin,6,Stage 6,30,18,0,0,0,0,0,0,48
2025,20250054,Kévin Vauquelin,7,Stage 7,95,22,0,0,0,0,0,0,117
2025,20250054,Kévin Vauquelin,8,Stage 8,0,22,0,0,0,0,0,0,22
2025,20250054,Kévin Vauquelin,9,Stage 9,0,22,0,0,0,0,0,0,22
2025,20250054,Kévin Vauquelin,10,Stage 10,0,15,0,0,0,0,0,0,15
2025,20250054,Kévin Vauquelin,11,Stage 11,0,15,0,0,0,0,0,0,15
2025,20250054,Kévin Vauquelin,12,Stage 12,110,16,0,0,0,6,0,2,134
2025,20250054,Kévin Vauquelin,13,Stage 13,50,15,0,0,0,0,0,0,65
2025,20250054,Kévin Vauquelin,14,Stage 14,60,16,0,0,0,0,0,0,76
2025,20250054,Kévin Vauquelin,15,Stage 15,0,16,0,0,0,0,0,0,16
2025,20250054,Kévin Vauquelin,16,Stage 16,4,15,0,0,0,0,0,0,19
2025,20250054,Kévin Vauquelin,17,Stage 17,0,15,0,0,0,0,0,0,15
2025,20250054,Kévin Vauquelin,18,Stage 18,40,14,0,0,0,0,0,0,54
2025,20250054,Kévin Vauquelin,19,Stage 19,16,14,0,0,0,0,0,0,30
2025,20250054,Kévin Vauquelin,20,Stage 20,0,14,0,0,0,0,0,0,14
2025,20250054,Kévin Vauquelin,21,Stage 21,80,14,0,0,0,0,0,0,94
2025,20250054,Kévin Vauquelin,22,Final Classifications,0,220,0,0,0,0,0,20,240
2025,20250272,Jonathan Milan,1,Stage 1,0,0,2,0,20,0,0,0,22
2025,20250272,Jonathan Milan,2,Stage 2,0,0,2,0,6,0,0,0,8
2025,20250272,Jonathan Milan,3,Stage 3,180,0,12,0,20,0,0,0,212
2025,20250272,Jonathan Milan,4,Stage 4,0,0,12,0,6,0,0,0,18
2025,20250272,Jonathan Milan,5,Stage 5,0,0,8,0,0,0,0,0,8
2025,20250272,Jonathan Milan,6,Stage 6,0,0,12,0,20,0,0,4,36
2025,20250272,Jonathan Milan,7,Stage 7,0,0,8,0,5,0,0,0,13
2025,20250272,Jonathan Milan,8,Stage 8,220,0,12,0,20,0,0,0,252
2025,20250272,Jonathan Milan,9,Stage 9,180,0,12,0,12,0,0,0,204
2025,20250272,Jonathan Milan,10,Stage 10,0,0,12,0,0,0,0,0,12
2025,20250272,Jonathan Milan,11,Stage 11,0,0,12,0,0,0,0,0,12
2025,20250272,Jonathan Milan,12,Stage 12,0,0,12,0,0,0,0,0,12
2025,20250272,Jonathan Milan,13,Stage 13,0,0,12,0,0,0,0,0,12
2025,20250272,Jonathan Milan,14,Stage 14,0,0,12,0,20,0,0,0,32
2025,20250272,Jonathan Milan,15,Stage 15,0,0,12,0,0,0,0,0,12
2025,20250272,Jonathan Milan,16,Stage 16,0,0,12,0,0,0,0,0,12
2025,20250272,Jonathan Milan,17,Stage 17,220,0,12,0,6,0,0,0,238
2025,20250272,Jonathan Milan,18,Stage 18,0,0,12,0,20,0,0,0,32
2025,20250272,Jonathan Milan,19,Stage 19,0,0,12,0,20,0,0,0,32
2025,20250272,Jonathan Milan,20,Stage 20,0,0,12,0,0,0,0,0,12
2025,20250272,Jonathan Milan,21,Stage 21,0,0,12,0,20,0,0,0,32
2025,20250272,Jonathan Milan,22,Final Classifications,0,0,120,0,0,0,0,0,120
2025,20250128,Felix Gall,1,Stage 1,0,0,0,0,0,0,0,0,0
2025,20250128,Felix Gall,2,Stage 2,0,2,0,0,0,0,0,0,2
2025,20250128,Felix Gall,3,Stage 3,0,1,0,0,0,0,0,0,1
2025,20250128,Felix Gall,4,Stage 4,0,2,0,0,0,0,0,0,2
2025,20250128,Felix Gall,5,Stage 5,0,3,0,0,0,0,0,0,3
2025,20250128,Felix Gall,6,Stage 6,20,3,0,0,0,0,0,0,23
2025,20250128,Felix Gall,7,Stage 7,140,7,0,0,0,0,0,0,147
2025,20250128,Felix Gall,8,Stage 8,0,7,0,0,0,0,0,0,7
2025,20250128,Felix Gall,9,Stage 9,0,7,0,0,0,0,0,0,7
2025,20250128,Felix Gall,10,Stage 10,16,10,0,0,0,0,0,2,28
2025,20250128,Felix Gall,11,Stage 11,0,10,0,0,0,0,0,0,10
2025,20250128,Felix Gall,12,Stage 12,80,12,0,0,0,2,0,0,94
2025,20250128,Felix Gall,13,Stage 13,60,12,0,0,0,0,0,0,72
2025,20250128,Felix Gall,14,Stage 14,140,14,0,0,0,15,0,2,171
2025,20250128,Felix Gall,15,Stage 15,0,14,0,0,0,0,0,0,14
2025,20250128,Felix Gall,16,Stage 16,16,14,0,0,0,0,0,0,30
2025,20250128,Felix Gall,17,Stage 17,0,14,0,0,0,0,0,0,14
2025,20250128,Felix Gall,18,Stage 18,110,15,0,1,0,27,0,0,153
2025,20250128,Felix Gall,19,Stage 19,110,16,0,0,0,6,0,0,132
2025,20250128,Felix Gall,20,Stage 20,0,16,0,0,0,0,0,0,16
2025,20250128,Felix Gall,21,Stage 21,0,16,0,0,0,0,0,0,16
2025,20250128,Felix Gall,22,Final Classifications,0,300,0,0,0,0,0,0,330
2025,20250158,Ben Healy,1,Stage 1,0,0,0,0,0,0,0,0,0
2025,20250158,Ben Healy,2,Stage 2,0,0,0,0,0,0,0,0,0
2025,20250158,Ben Healy,3,Stage 3,0,0,0,0,0,0,0,0,0
2025,20250158,Ben Healy,4,Stage 4,0,0,0,0,0,0,0,0,0
2025,20250158,Ben Healy,5,Stage 5,0,0,0,0,0,0,0,0,0
2025,20250158,Ben Healy,6,Stage 6,220,13,0,6,5,0,20,0,264
2025,20250158,Ben Healy,7,Stage 7,0,10,0,6,0,0,0,0,16
2025,20250158,Ben Healy,8,Stage 8,0,10,0,6,0,0,0,0,16
2025,20250158,Ben Healy,9,Stage 9,0,10,0,6,0,0,0,0,16
2025,20250158,Ben Healy,10,Stage 10,160,30,0,8,0,0,20,0,218
2025,20250158,Ben Healy,11,Stage 11,0,30,0,8,0,0,0,0,38
2025,20250158,Ben Healy,12,Stage 12,0,10,0,2,0,0,0,0,12
2025,20250158,Ben Healy,13,Stage 13,0,10,0,2,0,0,0,0,12
2025,20250158,Ben Healy,14,Stage 14,95,12,0,0,0,4,0,0,111
2025,20250158,Ben Healy,15,Stage 15,0,11,0,0,0,0,0,0,11
2025,20250158,Ben Healy,16,Stage 16,180,12,0,0,0,25,0,0,217
2025,20250158,Ben Healy,17,Stage 17,0,12,0,0,0,0,0,0,12
2025,20250158,Ben Healy,18,Stage 18,16,12,0,0,0,0,0,0,28
2025,20250158,Ben Healy,19,Stage 19,80,12,0,0,0,2,0,0,94
2025,20250158,Ben Healy,20,Stage 20,0,12,0,0,0,0,0,0,12
2025,20250158,Ben Healy,21,Stage 21,0,12,0,0,0,0,0,0,12
2025,20250158,Ben Healy,22,Final Classifications,0,180,0,0,0,0,0,0,180
2025,20250334,Primož Roglič,1,Stage 1,0,0,0,0,0,0,0,0,0
2025,20250334,Primož Roglič,2,Stage 2,0,0,0,0,0,0,0,0,0
2025,20250334,Primož Roglič,3,Stage 3,0,0,0,0,0,0,0,0,0
2025,20250334,Primož Roglič,4,Stage 4,12,8,0,0,0,0,0,0,20
2025,20250334,Primož Roglič,5,Stage 5,40,13,0,0,0,0,0,0,53
2025,20250334,Primož Roglič,6,Stage 6,8,11,0,0,0,0,0,0,19
2025,20250334,Primož Roglič,7,Stage 7,20,12,0,0,0,0,0,0,32
2025,20250334,Primož Roglič,8,Stage 8,0,12,0,0,0,0,0,0,12
2025,20250334,Primož Roglič,9,Stage 9,0,12,0,0,0,0,0,0,12
2025,20250334,Primož Roglič,10,Stage 10,20,12,0,0,0,0,0,0,32
2025,20250334,Primož Roglič,11,Stage 11,0,12,0,0,0,0,0,0,12
2025,20250334,Primož Roglič,12,Stage 12,70,14,0,0,0,0,0,2,86
2025,20250334,Primož Roglič,13,Stage 13,160,14,0,0,0,0,0,0,174
2025,20250334,Primož Roglič,14,Stage 14,80,15,0,0,0,2,0,2,99
2025,20250334,Primož Roglič,15,Stage 15,0,15,0,0,0,0,0,4,19
2025,20250334,Primož Roglič,16,Stage 16,70,16,0,0,0,0,0,4,90
2025,20250334,Primož Roglič,17,Stage 17,0,16,0,0,0,0,0,8,24
2025,20250334,Primož Roglič,18,Stage 18,95,16,0,0,0,16,0,4,131
2025,20250334,Primož Roglič,19,Stage 19,0,13,0,0,0,25,20,4,62
2025,20250334,Primož Roglič,20,Stage 20,0,13,0,0,0,0,0,4,17
2025,20250334,Primož Roglič,21,Stage 21,0,13,0,0,0,0,0,4,17
2025,20250334,Primož Roglič,22,Final Classifications,0,200,0,0,0,0,0,30,245
2025,20250203,Thymen Arensman,1,Stage 1,0,0,0,0,0,0,0,0,0
2025,20250203,Thymen Arensman,2,Stage 2,0,0,0,0,0,0,0,0,0
2025,20250203,Thymen Arensman,3,Stage 3,0,0,0,0,0,0,0,0,0
2025,20250203,Thymen Arensman,4,Stage 4,0,0,0,0,0,0,0,0,0
2025,20250203,Thymen Arensman,5,Stage 5,0,0,0,0,0,0,0,0,0
2025,20250203,Thymen Arensman,6,Stage 6,0,0,0,0,0,0,0,0,0
2025,20250203,Thymen Arensman,7,Stage 7,0,0,0,0,0,0,0,0,0
2025,20250203,Thymen Arensman,8,Stage 8,0,0,0,0,0,0,0,0,0
2025,20250203,Thymen Arensman,9,Stage 9,0,0,0,0,0,0,0,0,0
2025,20250203,Thymen Arensman,10,Stage 10,180,0,0,2,2,0,20,0,204
2025,20250203,Thymen Arensman,11,Stage 11,0,0,0,2,0,0,0,0,2
2025,20250203,Thymen Arensman,12,Stage 12,0,0,0,0,0,0,0,0,0
2025,20250203,Thymen Arensman,13,Stage 13,0,0,0,0,0,0,0,0,0
2025,20250203,Thymen Arensman,14,Stage 14,220,6,0,6,0,60,0,0,292
2025,20250203,Thymen Arensman,15,Stage 15,0,5,0,6,0,0,0,0,11
2025,20250203,Thymen Arensman,16,Stage 16,40,7,0,6,8,0,0,0,61
2025,20250203,Thymen Arensman,17,Stage 17,0,7,0,6,0,0,0,0,13
2025,20250203,Thymen Arensman,18,Stage 18,8,8,0,4,0,27,20,0,67
2025,20250203,Thymen Arensman,19,Stage 19,220,9,0,4,0,30,0,0,263
2025,20250203,Thymen Arensman,20,Stage 20,0,9,0,4,0,0,0,0,13
2025,20250203,Thymen Arensman,21,Stage 21,0,9,0,4,0,0,0,0,13
2025,20250203,Thymen Arensman,22,Final Classifications,0,130,0,60,0,0,0,0,190
2025,20250025,Mathieu Van Der Poel,1,Stage 1,0,0,0,0,0,0,0,18,18
2025,20250025,Mathieu Van Der Poel,2,Stage 2,220,30,6,0,0,0,0,2,258
2025,20250025,Mathieu Van Der Poel,3,Stage 3,0,30,4,0,0,0,0,2,36
2025,20250025,Mathieu Van Der Poel,4,Stage 4,180,30,6,0,0,0,0,0,216
2025,20250025,Mathieu Van Der Poel,5,Stage 5,12,15,4,0,0,0,0,0,31
2025,20250025,Mathieu Van Der Poel,6,Stage 6,80,30,8,0,16,0,20,0,154
2025,20250025,Mathieu Van Der Poel,7,Stage 7,0,16,4,0,0,0,0,0,20
2025,20250025,Mathieu Van Der Poel,8,Stage 8,0,16,4,0,0,0,0,2,22
2025,20250025,Mathieu Van Der Poel,9,Stage 9,0,15,2,0,20,0,20,0,57
2025,20250025,Mathieu Van Der Poel,10,Stage 10,0,0,2,0,0,0,0,0,2
2025,20250025,Mathieu Van Der Poel,11,Stage 11,160,0,6,0,3,0,0,0,169
2025,20250025,Mathieu Van Der Poel,12,Stage 12,0,0,6,0,16,0,0,0,22
2025,20250025,Mathieu Van Der Poel,13,Stage 13,0,0,6,0,0,0,0,0,6
2025,20250025,Mathieu Van Der Poel,14,Stage 14,0,0,6,0,16,0,0,0,22
2025,20250025,Mathieu Van Der Poel,15,Stage 15,0,0,6,0,20,0,0,0,26
2025,20250025,Mathieu Van Der Poel,16,Stage 16,0,0,0,0,0,0,0,0,0
2025,20250025,Mathieu Van Der Poel,17,Stage 17,0,0,0,0,0,0,0,0,0
2025,20250025,Mathieu Van Der Poel,18,Stage 18,0,0,0,0,0,0,0,0,0
2025,20250025,Mathieu Van Der Poel,19,Stage 19,0,0,0,0,0,0,0,0,0
2025,20250025,Mathieu Van Der Poel,20,Stage 20,0,0,0,0,0,0,0,0,0
2025,20250025,Mathieu Van Der Poel,21,Stage 21,0,0,0,0,0,0,0,0,0
2025,20250025,Mathieu Van Der Poel,22,Final Classifications,0,0,0,0,0,0,0,0,0
2025,20251402,Tobias Halland Johannessen,1,Stage 1,0,0,0,0,0,0,0,4,4
2025,20251402,Tobias Halland Johannessen,2,Stage 2,0,12,0,0,0,0,0,0,12
2025,20251402,Tobias Halland Johannessen,3,Stage 3,0,13,0,0,0,0,0,0,13
2025,20251402,Tobias Halland Johannessen,4,Stage 4,25,10,0,0,0,0,0,0,35
2025,20251402,Tobias Halland Johannessen,5,Stage 5,0,6,0,0,0,0,0,0,6
2025,20251402,Tobias Halland Johannessen,6,Stage 6,0,6,0,0,0,0,0,0,6
2025,20251402,Tobias Halland Johannessen,7,Stage 7,60,9,0,0,0,0,0,0,69
2025,20251402,Tobias Halland Johannessen,8,Stage 8,0,9,0,0,0,0,0,0,9
2025,20251402,Tobias Halland Johannessen,9,Stage 9,0,9,0,0,0,0,0,0,9
2025,20251402,Tobias Halland Johannessen,10,Stage 10,25,11,0,0,0,0,0,0,36
2025,20251402,Tobias Halland Johannessen,11,Stage 11,0,11,0,0,0,0,0,8,19
2025,20251402,Tobias Halland Johannessen,12,Stage 12,140,13,0,0,0,15,0,0,168
2025,20251402,Tobias Halland Johannessen,13,Stage 13,30,13,0,0,0,0,0,0,43
2025,20251402,Tobias Halland Johannessen,14,Stage 14,70,13,0,0,0,4,0,0,87
2025,20251402,Tobias Halland Johannessen,15,Stage 15,0,13,0,0,0,0,0,0,13
2025,20251402,Tobias Halland Johannessen,16,Stage 16,0,13,0,0,0,0,0,0,13
2025,20251402,Tobias Halland Johannessen,17,Stage 17,0,13,0,0,0,0,0,0,13
2025,20251402,Tobias Halland Johannessen,18,Stage 18,70,13,0,0,0,0,0,0,83
2025,20251402,Tobias Halland Johannessen,19,Stage 19,95,15,0,0,0,4,0,0,114
2025,20251402,Tobias Halland Johannessen,20,Stage 20,0,15,0,0,0,0,0,0,15
2025,20251402,Tobias Halland Johannessen,21,Stage 21,0,15,0,0,6,0,0,0,21
2025,20251402,Tobias Halland Johannessen,22,Final Classifications,0,260,0,0,0,0,0,0,260
2025,20250454,Wout Van Aert,1,Stage 1,0,0,0,0,0,0,0,0,0
2025,20250454,Wout Van Aert,2,Stage 2,0,0,0,0,0,0,0,8,8
2025,20250454,Wout Van Aert,3,Stage 3,0,0,0,0,0,0,0,6,6
2025,20250454,Wout Van Aert,4,Stage 4,50,0,0,0,0,0,0,12,62
2025,20250454,Wout Van Aert,5,Stage 5,0,0,0,0,0,0,0,0,0
2025,20250454,Wout Van Aert,6,Stage 6,0,0,0,0,0,0,0,8,8
2025,20250454,Wout Van Aert,7,Stage 7,0,0,0,0,0,0,0,12,12
2025,20250454,Wout Van Aert,8,Stage 8,180,0,0,0,0,0,0,8,188
2025,20250454,Wout Van Aert,9,Stage 9,0,0,0,0,0,0,0,8,8
2025,20250454,Wout Van Aert,10,Stage 10,0,0,0,0,0,0,0,16,16
2025,20250454,Wout Van Aert,11,Stage 11,120,0,0,0,2,0,0,8,130
2025,20250454,Wout Van Aert,12,Stage 12,0,0,0,0,0,0,0,16,16
2025,20250454,Wout Van Aert,13,Stage 13,0,0,0,0,0,0,0,0,0
2025,20250454,Wout Van Aert,14,Stage 14,0,0,0,0,0,0,0,14,14
2025,20250454,Wout Van Aert,15,Stage 15,140,0,0,0,0,0,0,16,156
2025,20250454,Wout Van Aert,16,Stage 16,0,0,0,0,0,0,0,12,12
2025,20250454,Wout Van Aert,17,Stage 17,0,0,0,0,0,0,0,12,12
2025,20250454,Wout Van Aert,18,Stage 18,0,0,0,0,3,0,0,14,17
2025,20250454,Wout Van Aert,19,Stage 19,0,0,0,0,0,0,0,16,16
2025,20250454,Wout Van Aert,20,Stage 20,0,0,0,0,0,0,0,12,12
2025,20250454,Wout Van Aert,21,Stage 21,220,0,0,0,0,0,0,12,232
2025,20250454,Wout Van Aert,22,Final Classifications,0,0,0,0,0,0,0,50,65
2025,20250349,Remco Evenepoel,1,Stage 1,0,0,0,0,0,0,0,0,0
2025,20250349,Remco Evenepoel,2,Stage 2,16,3,0,0,0,0,0,0,19
2025,20250349,Remco Evenepoel,3,Stage 3,0,0,0,0,0,0,0,8,8
2025,20250349,Remco Evenepoel,4,Stage 4,95,12,0,0,0,0,0,0,107
2025,20250349,Remco Evenepoel,5,Stage 5,220,26,0,0,0,0,0,0,246
2025,20250349,Remco Evenepoel,6,Stage 6,40,22,0,0,0,0,0,0,62
2025,20250349,Remco Evenepoel,7,Stage 7,110,26,0,0,0,0,0,0,136
2025,20250349,Remco Evenepoel,8,Stage 8,0,26,0,0,0,0,0,0,26
2025,20250349,Remco Evenepoel,9,Stage 9,0,26,0,0,0,0,0,8,34
2025,20250349,Remco Evenepoel,10,Stage 10,35,22,0,0,0,0,0,0,57
2025,20250349,Remco Evenepoel,11,Stage 11,0,22,0,0,0,0,0,0,22
2025,20250349,Remco Evenepoel,12,Stage 12,95,22,0,0,0,4,0,0,121
2025,20250349,Remco Evenepoel,13,Stage 13,40,22,0,0,0,0,0,0,62
2025,20250349,Remco Evenepoel,14,Stage 14,0,0,0,0,0,0,0,0,0
2025,20250349,Remco Evenepoel,15,Stage 15,0,0,0,0,0,0,0,0,0
2025,20250349,Remco Evenepoel,16,Stage 16,0,0,0,0,0,0,0,0,0
2025,20250349,Remco Evenepoel,17,Stage 17,0,0,0,0,0,0,0,0,0
2025,20250349,Remco Evenepoel,18,Stage 18,0,0,0,0,0,0,0,0,0
2025,20250349,Remco Evenepoel,19,Stage 19,0,0,0,0,0,0,0,0,0
2025,20250349,Remco Evenepoel,20,Stage 20,0,0,0,0,0,0,0,0,0
2025,20250349,Remco Evenepoel,21,Stage 21,0,0,0,0,0,0,0,0,0
2025,20250349,Remco Evenepoel,22,Final Classifications,0,0,0,0,0,0,0,0,0
2025,20250460,Simon Yates,1,Stage 1,0,0,0,0,0,0,0,0,0
2025,20250460,Simon Yates,2,Stage 2,0,0,0,0,0,0,0,8,8
2025,20250460,Simon Yates,3,Stage 3,0,0,0,0,0,0,0,6,6
2025,20250460,Simon Yates,4,Stage 4,0,0,0,0,0,0,0,12,12
2025,20250460,Simon Yates,5,Stage 5,0,0,0,0,0,0,0,0,0
2025,20250460,Simon Yates,6,Stage 6,120,0,0,0,0,0,20,8,148
2025,20250460,Simon Yates,7,Stage 7,0,0,0,0,0,0,0,12,12
2025,20250460,Simon Yates,8,Stage 8,0,0,0,0,0,0,0,12,12
2025,20250460,Simon Yates,9,Stage 9,0,0,0,0,0,0,0,8,8
2025,20250460,Simon Yates,10,Stage 10,220,0,0,0,0,0,20,8,248
2025,20250460,Simon Yates,11,Stage 11,0,0,0,0,0,0,0,8,8
2025,20250460,Simon Yates,12,Stage 12,0,0,0,0,0,0,0,16,16
2025,20250460,Simon Yates,13,Stage 13,0,0,0,0,0,0,0,0,0
2025,20250460,Simon Yates,14,Stage 14,12,4,0,0,0,0,0,14,30
2025,20250460,Simon Yates,15,Stage 15,0,0,0,0,0,0,0,16,16
2025,20250460,Simon Yates,16,Stage 16,0,0,0,0,0,0,0,12,12
2025,20250460,Simon Yates,17,Stage 17,0,0,0,0,0,0,0,12,12
2025,20250460,Simon Yates,18,Stage 18,20,3,0,0,0,0,0,14,37
2025,20250460,Simon Yates,19,Stage 19,60,5,0,0,0,0,0,16,81
2025,20250460,Simon Yates,20,Stage 20,0,6,0,0,0,0,0,12,18
2025,20250460,Simon Yates,21,Stage 21,0,6,0,0,0,0,0,20,26
2025,20250460,Simon Yates,22,Final Classifications,0,100,0,0,0,0,0,50,150
2025,20250397,Ben O'Connor,1,Stage 1,0,0,0,0,0,0,0,0,0
2025,20250397,Ben O'Connor,2,Stage 2,0,11,0,0,0,0,0,0,11
2025,20250397,Ben O'Connor,3,Stage 3,0,12,0,0,0,0,0,0,12
2025,20250397,Ben O'Connor,4,Stage 4,0,0,0,0,0,0,0,0,0
2025,20250397,Ben O'Connor,5,Stage 5,0,4,0,0,0,0,0,0,4
2025,20250397,Ben O'Connor,6,Stage 6,0,0,0,0,0,0,0,0,0
2025,20250397,Ben O'Connor,7,Stage 7,0,3,0,0,0,0,0,0,3
2025,20250397,Ben O'Connor,8,Stage 8,0,1,0,0,0,0,0,0,1
2025,20250397,Ben O'Connor,9,Stage 9,0,0,0,0,0,0,0,0,0
2025,20250397,Ben O'Connor,10,Stage 10,140,3,0,0,0,0,20,0,163
2025,20250397,Ben O'Connor,11,Stage 11,0,4,0,0,0,0,0,4,8
2025,20250397,Ben O'Connor,12,Stage 12,20,4,0,0,0,0,0,0,24
2025,20250397,Ben O'Connor,13,Stage 13,0,5,0,0,0,0,0,0,5
2025,20250397,Ben O'Connor,14,Stage 14,20,9,0,0,0,0,0,0,29
2025,20250397,Ben O'Connor,15,Stage 15,0,9,0,0,0,0,0,0,9
2025,20250397,Ben O'Connor,16,Stage 16,0,9,0,0,0,0,0,0,9
2025,20250397,Ben O'Connor,17,Stage 17,0,9,0,0,0,0,0,0,9
2025,20250397,Ben O'Connor,18,Stage 18,220,11,0,2,0,36,0,0,269
2025,20250397,Ben O'Connor,19,Stage 19,40,11,0,2,0,0,0,0,53
2025,20250397,Ben O'Connor,20,Stage 20,0,10,0,2,0,0,0,0,12
2025,20250397,Ben O'Connor,21,Stage 21,0,10,0,2,0,0,0,0,12
2025,20250397,Ben O'Connor,22,Final Classifications,0,140,0,40,0,0,0,0,180
2025,20250238,Biniam Girmay,1,Stage 1,180,26,8,0,12,0,0,0,226
2025,20250238,Biniam Girmay,2,Stage 2,0,0,8,0,4,0,0,0,12
2025,20250238,Biniam Girmay,3,Stage 3,110,0,8,0,4,0,0,0,122
2025,20250238,Biniam Girmay,4,Stage 4,0,0,8,0,5,0,0,0,13
2025,20250238,Biniam Girmay,5,Stage 5,0,0,6,0,0,0,0,0,6
2025,20250238,Biniam Girmay,6,Stage 6,0,0,4,0,12,0,0,0,16
2025,20250238,Biniam Girmay,7,Stage 7,0,0,6,0,4,0,0,0,10
2025,20250238,Biniam Girmay,8,Stage 8,8,0,6,0,8,0,0,0,22
2025,20250238,Biniam Girmay,9,Stage 9,110,0,6,0,8,0,0,0,124
2025,20250238,Biniam Girmay,10,Stage 10,0,0,6,0,0,0,0,0,6
2025,20250238,Biniam Girmay,11,Stage 11,0,0,4,0,0,0,0,0,4
2025,20250238,Biniam Girmay,12,Stage 12,0,0,4,0,0,0,0,0,4
2025,20250238,Biniam Girmay,13,Stage 13,0,0,4,0,0,0,0,0,4
2025,20250238,Biniam Girmay,14,Stage 14,0,0,4,0,12,0,0,0,16
2025,20250238,Biniam Girmay,15,Stage 15,0,0,4,0,0,0,0,0,4
2025,20250238,Biniam Girmay,16,Stage 16,0,0,6,0,0,0,0,0,6
2025,20250238,Biniam Girmay,17,Stage 17,0,0,6,0,5,0,0,0,11
2025,20250238,Biniam Girmay,18,Stage 18,0,0,6,0,16,0,0,0,22
2025,20250238,Biniam Girmay,19,Stage 19,0,0,6,0,16,0,0,0,22
2025,20250238,Biniam Girmay,20,Stage 20,0,0,6,0,0,0,0,0,6
2025,20250238,Biniam Girmay,21,Stage 21,35,0,6,0,12,0,0,0,53
2025,20250238,Biniam Girmay,22,Final Classifications,0,0,80,0,0,0,0,0,80
2025,20250011,Kaden Groves,1,Stage 1,0,0,0,0,0,0,0,18,18
2025,20250011,Kaden Groves,2,Stage 2,0,0,0,0,0,0,0,18,18
2025,20250011,Kaden Groves,3,Stage 3,95,0,0,0,12,0,0,10,117
2025,20250011,Kaden Groves,4,Stage 4,0,0,0,0,0,0,0,12,12
2025,20250011,Kaden Groves,5,Stage 5,0,0,0,0,0,0,0,0,0
2025,20250011,Kaden Groves,6,Stage 6,0,0,0,0,4,0,0,8,12
2025,20250011,Kaden Groves,7,Stage 7,0,0,0,0,0,0,0,0,0
2025,20250011,Kaden Groves,8,Stage 8,160,0,0,0,0,0,0,0,160
2025,20250011,Kaden Groves,9,Stage 9,60,0,0,0,0,0,0,0,60
2025,20250011,Kaden Groves,10,Stage 10,0,0,0,0,0,0,0,0,0
2025,20250011,Kaden Groves,11,Stage 11,50,0,0,0,0,0,0,2,52
2025,20250011,Kaden Groves,12,Stage 12,0,0,0,0,0,0,0,0,0
2025,20250011,Kaden Groves,13,Stage 13,0,0,0,0,0,0,0,0,0
2025,20250011,Kaden Groves,14,Stage 14,0,0,0,0,0,0,0,0,0
2025,20250011,Kaden Groves,15,Stage 15,0,0,0,0,2,0,0,0,2
2025,20250011,Kaden Groves,16,Stage 16,0,0,0,0,0,0,0,0,0
2025,20250011,Kaden Groves,17,Stage 17,4,0,0,0,0,0,0,0,4
2025,20250011,Kaden Groves,18,Stage 18,0,0,0,0,0,0,0,0,0
2025,20250011,Kaden Groves,19,Stage 19,0,0,0,0,0,0,0,0,0
2025,20250011,Kaden Groves,20,Stage 20,220,0,0,0,4,0,20,0,244
2025,20250011,Kaden Groves,21,Stage 21,50,0,0,0,0,0,0,0,50
2025,20250011,Kaden Groves,22,Final Classifications,0,0,10,0,0,0,0,0,10
2025,20250489,Tim Wellens,1,Stage 1,0,0,0,0,0,0,0,0,0
2025,20250489,Tim Wellens,2,Stage 2,0,0,0,8,0,0,0,8,16
2025,20250489,Tim Wellens,3,Stage 3,0,0,0,12,1,0,0,4,17
2025,20250489,Tim Wellens,4,Stage 4,0,0,0,8,0,0,0,14,22
2025,20250489,Tim Wellens,5,Stage 5,0,0,0,8,0,0,0,0,8
2025,20250489,Tim Wellens,6,Stage 6,0,0,0,12,0,0,0,8,20
2025,20250489,Tim Wellens,7,Stage 7,0,0,0,12,0,0,0,20,32
2025,20250489,Tim Wellens,8,Stage 8,0,0,0,12,0,0,0,12,24
2025,20250489,Tim Wellens,9,Stage 9,0,0,0,12,0,0,0,12,24
2025,20250489,Tim Wellens,10,Stage 10,0,0,0,4,0,0,0,8,12
2025,20250489,Tim Wellens,11,Stage 11,0,0,0,4,0,0,0,8,12
2025,20250489,Tim Wellens,12,Stage 12,0,0,0,0,0,0,0,20,20
2025,20250489,Tim Wellens,13,Stage 13,0,0,0,0,0,0,0,0,0
2025,20250489,Tim Wellens,14,Stage 14,0,0,0,0,0,0,0,16,16
2025,20250489,Tim Wellens,15,Stage 15,220,0,0,0,0,0,20,12,252
2025,20250489,Tim Wellens,16,Stage 16,0,0,0,0,0,0,0,12,12
2025,20250489,Tim Wellens,17,Stage 17,0,0,0,0,0,0,0,12,12
2025,20250489,Tim Wellens,18,Stage 18,0,0,0,0,6,0,0,16,22
2025,20250489,Tim Wellens,19,Stage 19,0,0,0,0,0,2,0,14,16
2025,20250489,Tim Wellens,20,Stage 20,80,0,0,0,0,0,20,12,112
2025,20250489,Tim Wellens,21,Stage 21,0,0,0,0,0,0,0,12,12
2025,20250489,Tim Wellens,22,Final Classifications,0,0,0,0,0,0,0,40,40
2025,20250969,Arnaud De Lie,1,Stage 1,0,0,0,0,0,0,0,0,0
2025,20250969,Arnaud De Lie,2,Stage 2,0,0,0,0,0,0,0,0,0
2025,20250969,Arnaud De Lie,3,Stage 3,0,0,0,0,0,0,0,0,0
2025,20250969,Arnaud De Lie,4,Stage 4,0,0,0,0,0,0,0,0,0
2025,20250969,Arnaud De Lie,5,Stage 5,0,0,0,0,0,0,0,0,0
2025,20250969,Arnaud De Lie,6,Stage 6,0,0,0,0,0,0,0,0,0
2025,20250969,Arnaud De Lie,7,Stage 7,0,0,0,0,0,0,0,0,0
2025,20250969,Arnaud De Lie,8,Stage 8,120,0,0,0,0,0,0,0,120
2025,20250969,Arnaud De Lie,9,Stage 9,160,0,0,0,2,0,0,0,162
2025,20250969,Arnaud De Lie,10,Stage 10,0,0,0,0,0,0,0,0,0
2025,20250969,Arnaud De Lie,11,Stage 11,140,0,0,0,4,0,0,0,144
2025,20250969,Arnaud De Lie,12,Stage 12,0,0,0,0,0,0,0,0,0
2025,20250969,Arnaud De Lie,13,Stage 13,0,0,0,0,0,0,0,0,0
2025,20250969,Arnaud De Lie,14,Stage 14,0,0,0,0,0,0,0,0,0
2025,20250969,Arnaud De Lie,15,Stage 15,0,0,0,0,16,0,0,0,16
2025,20250969,Arnaud De Lie,16,Stage 16,0,0,0,0,0,0,0,0,0
2025,20250969,Arnaud De Lie,17,Stage 17,140,0,0,0,0,0,0,0,140
2025,20250969,Arnaud De Lie,18,Stage 18,0,0,0,0,0,0,0,0,0
2025,20250969,Arnaud De Lie,19,Stage 19,0,0,0,0,0,0,0,0,0
2025,20250969,Arnaud De Lie,20,Stage 20,0,0,0,0,0,0,0,0,0
2025,20250969,Arnaud De Lie,21,Stage 21,95,0,0,0,0,0,0,0,95
2025,20250969,Arnaud De Lie,22,Final Classifications,0,0,0,0,0,0,0,0,0
2025,20251280,Jordan Jegat,1,Stage 1,0,0,0,0,0,0,0,0,0
2025,20251280,Jordan Jegat,2,Stage 2,0,0,0,0,0,0,0,0,0
2025,20251280,Jordan Jegat,3,Stage 3,0,0,0,0,0,0,0,0,0
2025,20251280,Jordan Jegat,4,Stage 4,0,0,0,0,0,0,0,0,0
2025,20251280,Jordan Jegat,5,Stage 5,0,0,0,0,0,0,0,0,0
2025,20251280,Jordan Jegat,6,Stage 6,4,2,0,0,0,0,0,0,6
2025,20251280,Jordan Jegat,7,Stage 7,50,5,0,0,0,0,0,0,55
2025,20251280,Jordan Jegat,8,Stage 8,0,5,0,0,0,0,0,0,5
2025,20251280,Jordan Jegat,9,Stage 9,0,5,0,0,0,0,0,0,5
2025,20251280,Jordan Jegat,10,Stage 10,8,7,0,0,0,0,0,0,15
2025,20251280,Jordan Jegat,11,Stage 11,35,7,0,0,0,0,0,0,42
2025,20251280,Jordan Jegat,12,Stage 12,8,8,0,0,0,0,0,0,16
2025,20251280,Jordan Jegat,13,Stage 13,0,8,0,0,0,0,0,0,8
2025,20251280,Jordan Jegat,14,Stage 14,35,10,0,0,0,0,0,0,45
2025,20251280,Jordan Jegat,15,Stage 15,80,10,0,0,0,0,0,0,90
2025,20251280,Jordan Jegat,16,Stage 16,0,10,0,0,0,0,0,0,10
2025,20251280,Jordan Jegat,17,Stage 17,0,10,0,0,0,0,0,0,10
2025,20251280,Jordan Jegat,18,Stage 18,4,10,0,0,0,0,0,0,14
2025,20251280,Jordan Jegat,19,Stage 19,30,10,0,0,0,0,0,0,40
2025,20251280,Jordan Jegat,20,Stage 20,95,11,0,0,6,0,20,0,132
2025,20251280,Jordan Jegat,21,Stage 21,0,11,0,0,0,0,0,0,11
2025,20251280,Jordan Jegat,22,Final Classifications,0,160,0,0,0,0,0,0,160
2025,20250478,Jhonatan Narváez,1,Stage 1,0,0,0,0,0,0,0,0,0
2025,20250478,Jhonatan Narváez,2,Stage 2,0,0,0,0,0,0,0,8,8
2025,20250478,Jhonatan Narváez,3,Stage 3,0,0,0,0,0,0,0,4,4
2025,20250478,Jhonatan Narváez,4,Stage 4,30,0,0,0,0,0,0,14,44
2025,20250478,Jhonatan Narváez,5,Stage 5,0,0,0,0,0,0,0,0,0
2025,20250478,Jhonatan Narváez,6,Stage 6,0,0,0,0,0,0,0,8,8
2025,20250478,Jhonatan Narváez,7,Stage 7,80,2,0,0,0,0,0,20,102
2025,20250478,Jhonatan Narváez,8,Stage 8,0,3,0,0,0,0,0,12,15
2025,20250478,Jhonatan Narváez,9,Stage 9,0,2,0,0,0,0,0,12,14
2025,20250478,Jhonatan Narváez,10,Stage 10,0,4,0,0,0,0,0,8,12
2025,20250478,Jhonatan Narváez,11,Stage 11,4,5,0,0,0,0,0,8,17
2025,20250478,Jhonatan Narváez,12,Stage 12,12,5,0,0,0,0,0,20,37
2025,20250478,Jhonatan Narváez,13,Stage 13,0,4,0,0,0,0,0,0,4
2025,20250478,Jhonatan Narváez,14,Stage 14,16,7,0,0,0,0,0,16,39
2025,20250478,Jhonatan Narváez,15,Stage 15,0,7,0,0,0,0,0,20,27
2025,20250478,Jhonatan Narváez,16,Stage 16,0,5,0,0,0,0,0,12,17
2025,20250478,Jhonatan Narváez,17,Stage 17,0,5,0,0,0,0,0,12,17
2025,20250478,Jhonatan Narváez,18,Stage 18,35,7,0,0,0,0,0,16,58
2025,20250478,Jhonatan Narváez,19,Stage 19,8,8,0,0,0,0,0,14,30
2025,20250478,Jhonatan Narváez,20,Stage 20,0,8,0,0,0,0,0,12,20
2025,20250478,Jhonatan Narváez,21,Stage 21,0,8,0,0,0,0,0,12,20
2025,20250478,Jhonatan Narváez,22,Final Classifications,0,120,0,0,0,0,0,40,160
2025,20250071,Lenny Martinez,1,Stage 1,0,0,0,0,0,0,0,0,0
2025,20250071,Lenny Martinez,2,Stage 2,0,0,0,0,0,0,0,0,0
2025,20250071,Lenny Martinez,3,Stage 3,0,0,0,0,0,0,0,2,2
2025,20250071,Lenny Martinez,4,Stage 4,0,0,0,4,12,0,20,0,36
2025,20250071,Lenny Martinez,5,Stage 5,0,0,0,4,0,0,0,0,4
2025,20250071,Lenny Martinez,6,Stage 6,0,0,0,0,0,0,0,0,0
2025,20250071,Lenny Martinez,7,Stage 7,0,0,0,0,0,0,0,0,0
2025,20250071,Lenny Martinez,8,Stage 8,0,0,0,0,0,0,0,0,0
2025,20250071,Lenny Martinez,9,Stage 9,0,0,0,0,0,0,0,0,0
2025,20250071,Lenny Martinez,10,Stage 10,80,0,0,12,0,0,20,0,112
2025,20250071,Lenny Martinez,11,Stage 11,0,0,0,12,0,0,0,0,12
2025,20250071,Lenny Martinez,12,Stage 12,0,0,0,8,0,0,0,0,8
2025,20250071,Lenny Martinez,13,Stage 13,70,0,0,8,0,0,0,0,78
2025,20250071,Lenny Martinez,14,Stage 14,0,0,0,12,0,40,20,0,72
2025,20250071,Lenny Martinez,15,Stage 15,0,0,0,12,0,0,0,0,12
2025,20250071,Lenny Martinez,16,Stage 16,0,0,0,8,0,0,0,2,10
2025,20250071,Lenny Martinez,17,Stage 17,0,0,0,8,0,0,0,0,8
2025,20250071,Lenny Martinez,18,Stage 18,0,0,0,6,0,30,0,0,36
2025,20250071,Lenny Martinez,19,Stage 19,50,0,0,6,0,30,20,0,106
2025,20250071,Lenny Martinez,20,Stage 20,0,0,0,6,0,0,0,0,6
2025,20250071,Lenny Martinez,21,Stage 21,0,0,0,6,0,0,0,2,8
2025,20250071,Lenny Martinez,22,Final Classifications,0,0,0,80,0,0,0,0,80
2025,20250360,Tim Merlier,1,Stage 1,0,0,0,0,0,0,0,0,0
2025,20250360,Tim Merlier,2,Stage 2,0,0,0,0,5,0,0,0,5
2025,20250360,Tim Merlier,3,Stage 3,220,0,6,0,0,0,0,0,226
2025,20250360,Tim Merlier,4,Stage 4,0,0,2,0,4,0,0,0,6
2025,20250360,Tim Merlier,5,Stage 5,0,0,2,0,0,0,0,0,2
2025,20250360,Tim Merlier,6,Stage 6,0,0,2,0,0,0,0,2,4
2025,20250360,Tim Merlier,7,Stage 7,0,0,0,0,0,0,0,4,4
2025,20250360,Tim Merlier,8,Stage 8,0,0,1,0,16,0,0,4,21
2025,20250360,Tim Merlier,9,Stage 9,220,0,4,0,6,0,0,4,234
2025,20250360,Tim Merlier,10,Stage 10,0,0,4,0,0,0,0,2,6
2025,20250360,Tim Merlier,11,Stage 11,0,0,2,0,0,0,0,2,4
2025,20250360,Tim Merlier,12,Stage 12,0,0,2,0,0,0,0,2,4
2025,20250360,Tim Merlier,13,Stage 13,0,0,2,0,0,0,0,0,2
2025,20250360,Tim Merlier,14,Stage 14,0,0,2,0,0,0,0,0,2
2025,20250360,Tim Merlier,15,Stage 15,0,0,2,0,0,0,0,0,2
2025,20250360,Tim Merlier,16,Stage 16,0,0,4,0,0,0,0,8,12
2025,20250360,Tim Merlier,17,Stage 17,0,0,4,0,1,0,0,0,5
2025,20250360,Tim Merlier,18,Stage 18,0,0,2,0,0,0,0,0,2
2025,20250360,Tim Merlier,19,Stage 19,0,0,1,0,0,0,0,0,1
2025,20250360,Tim Merlier,20,Stage 20,0,0,1,0,0,0,0,2,3
2025,20250360,Tim Merlier,21,Stage 21,0,0,0,0,0,0,0,0,0
2025,20250360,Tim Merlier,22,Final Classifications,0,0,30,0,0,0,0,0,30
2025,20250437,Victor Campenaerts,1,Stage 1,0,0,0,0,0,0,0,0,0
2025,20250437,Victor Campenaerts,2,Stage 2,0,0,0,0,0,0,0,8,8
2025,20250437,Victor Campenaerts,3,Stage 3,0,0,0,0,0,0,0,6,6
2025,20250437,Victor Campenaerts,4,Stage 4,0,0,0,0,0,0,0,12,12
2025,20250437,Victor Campenaerts,5,Stage 5,0,0,0,0,0,0,0,0,0
2025,20250437,Victor Campenaerts,6,Stage 6,0,0,0,0,0,0,0,8,8
2025,20250437,Victor Campenaerts,7,Stage 7,0,0,0,0,0,0,0,12,12
2025,20250437,Victor Campenaerts,8,Stage 8,0,0,0,0,0,0,0,12,12
2025,20250437,Victor Campenaerts,9,Stage 9,0,0,0,0,0,0,0,8,8
2025,20250437,Victor Campenaerts,10,Stage 10,0,0,0,0,0,0,20,16,36
2025,20250437,Victor Campenaerts,11,Stage 11,0,0,0,0,0,0,0,8,8
2025,20250437,Victor Campenaerts,12,Stage 12,0,0,0,0,0,0,0,16,16
2025,20250437,Victor Campenaerts,13,Stage 13,0,0,0,0,0,0,0,0,0
2025,20250437,Victor Campenaerts,14,Stage 14,0,0,0,0,0,0,0,14,14
2025,20250437,Victor Campenaerts,15,Stage 15,180,0,0,0,4,0,20,12,216
2025,20250437,Victor Campenaerts,16,Stage 16,0,0,0,0,0,0,0,12,12
2025,20250437,Victor Campenaerts,17,Stage 17,0,0,0,0,0,0,0,12,12
2025,20250437,Victor Campenaerts,18,Stage 18,0,0,0,0,0,0,0,14,14
2025,20250437,Victor Campenaerts,19,Stage 19,20,0,0,0,0,10,0,16,46
2025,20250437,Victor Campenaerts,20,Stage 20,0,0,0,0,0,0,0,12,12
2025,20250437,Victor Campenaerts,21,Stage 21,0,0,0,0,0,0,0,20,20
2025,20250437,Victor Campenaerts,22,Final Classifications,0,0,0,0,0,0,0,50,65
2025,20250490,Adam Yates,1,Stage 1,0,0,0,0,0,0,0,0,0
2025,20250490,Adam Yates,2,Stage 2,0,0,0,0,0,0,0,8,8
2025,20250490,Adam Yates,3,Stage 3,0,0,0,0,0,0,0,4,4
2025,20250490,Adam Yates,4,Stage 4,0,0,0,0,0,0,0,14,14
2025,20250490,Adam Yates,5,Stage 5,0,0,0,0,0,0,0,0,0
2025,20250490,Adam Yates,6,Stage 6,0,0,0,0,0,0,0,8,8
2025,20250490,Adam Yates,7,Stage 7,0,0,0,0,0,0,0,20,20
2025,20250490,Adam Yates,8,Stage 8,0,0,0,0,0,0,0,12,12
2025,20250490,Adam Yates,9,Stage 9,0,0,0,0,0,0,0,12,12
2025,20250490,Adam Yates,10,Stage 10,0,0,0,0,0,0,0,8,8
2025,20250490,Adam Yates,11,Stage 11,0,0,0,0,0,0,0,8,8
2025,20250490,Adam Yates,12,Stage 12,0,0,0,0,0,0,0,20,20
2025,20250490,Adam Yates,13,Stage 13,80,0,0,0,0,0,0,0,80
2025,20250490,Adam Yates,14,Stage 14,30,1,0,0,0,0,0,16,47
2025,20250490,Adam Yates,15,Stage 15,0,0,0,0,0,0,0,20,20
2025,20250490,Adam Yates,16,Stage 16,12,0,0,0,0,0,0,12,24
2025,20250490,Adam Yates,17,Stage 17,0,0,0,0,0,0,0,12,12
2025,20250490,Adam Yates,18,Stage 18,80,1,0,0,0,2,0,16,99
2025,20250490,Adam Yates,19,Stage 19,0,2,0,0,0,0,0,14,16
2025,20250490,Adam Yates,20,Stage 20,0,0,0,0,0,0,0,12,12
2025,20250490,Adam Yates,21,Stage 21,0,0,0,0,0,0,0,12,12
2025,20250490,Adam Yates,22,Final Classifications,0,0,0,0,0,0,0,40,75
2025,20250186,Romain Grégoire,1,Stage 1,0,0,0,0,0,0,0,4,4
2025,20250186,Romain Grégoire,2,Stage 2,140,0,0,0,0,0,0,8,148
2025,20250186,Romain Grégoire,3,Stage 3,0,0,0,0,0,0,0,8,8
2025,20250186,Romain Grégoire,4,Stage 4,120,0,0,0,0,0,0,4,124
2025,20250186,Romain Grégoire,5,Stage 5,0,0,0,0,0,0,0,0,0
2025,20250186,Romain Grégoire,6,Stage 6,0,0,0,0,0,0,0,2,2
2025,20250186,Romain Grégoire,7,Stage 7,35,0,0,0,0,0,0,2,37
2025,20250186,Romain Grégoire,8,Stage 8,0,0,0,0,0,0,0,2,2
2025,20250186,Romain Grégoire,9,Stage 9,0,0,0,0,0,0,0,2,2
2025,20250186,Romain Grégoire,10,Stage 10,0,2,0,0,0,0,0,0,2
2025,20250186,Romain Grégoire,11,Stage 11,30,2,0,0,0,0,0,2,34
2025,20250186,Romain Grégoire,12,Stage 12,0,0,0,0,0,0,0,0,0
2025,20250186,Romain Grégoire,13,Stage 13,0,0,0,0,0,0,0,0,0
2025,20250186,Romain Grégoire,14,Stage 14,0,0,0,0,0,0,0,0,0
2025,20250186,Romain Grégoire,15,Stage 15,0,0,0,0,0,0,0,0,0
2025,20250186,Romain Grégoire,16,Stage 16,0,0,0,0,0,0,0,0,0
2025,20250186,Romain Grégoire,17,Stage 17,0,0,0,0,0,0,0,0,0
2025,20250186,Romain Grégoire,18,Stage 18,0,0,0,0,0,0,0,0,0
2025,20250186,Romain Grégoire,19,Stage 19,0,0,0,0,0,0,0,0,0
2025,20250186,Romain Grégoire,20,Stage 20,120,0,0,0,8,0,20,0,148
2025,20250186,Romain Grégoire,21,Stage 21,0,0,0,0,0,0,0,0,0
2025,20250186,Romain Grégoire,22,Final Classifications,0,0,0,0,0,0,0,0,0
2025,20250361,Valentin Paret-Peintre,1,Stage 1,0,0,0,0,0,0,0,0,0
2025,20250361,Valentin Paret-Peintre,2,Stage 2,0,0,0,0,0,0,0,0,0
2025,20250361,Valentin Paret-Peintre,3,Stage 3,0,0,0,0,0,0,0,8,8
2025,20250361,Valentin Paret-Peintre,4,Stage 4,0,0,0,0,0,0,0,0,0
2025,20250361,Valentin Paret-Peintre,5,Stage 5,0,0,0,0,0,0,0,0,0
2025,20250361,Valentin Paret-Peintre,6,Stage 6,0,0,0,0,0,0,0,2,2
2025,20250361,Valentin Paret-Peintre,7,Stage 7,0,0,0,0,0,0,0,4,4
2025,20250361,Valentin Paret-Peintre,8,Stage 8,0,0,0,0,0,0,0,4,4
2025,20250361,Valentin Paret-Peintre,9,Stage 9,0,0,0,0,0,0,0,12,12
2025,20250361,Valentin Paret-Peintre,10,Stage 10,0,0,0,0,0,0,20,2,22
2025,20250361,Valentin Paret-Peintre,11,Stage 11,0,0,0,0,0,0,0,2,2
2025,20250361,Valentin Paret-Peintre,12,Stage 12,0,0,0,0,0,0,0,2,2
2025,20250361,Valentin Paret-Peintre,13,Stage 13,0,0,0,0,0,0,0,0,0
2025,20250361,Valentin Paret-Peintre,14,Stage 14,0,0,0,0,0,16,0,0,16
2025,20250361,Valentin Paret-Peintre,15,Stage 15,0,0,0,0,0,0,0,0,0
2025,20250361,Valentin Paret-Peintre,16,Stage 16,220,0,0,1,0,30,0,0,251
2025,20250361,Valentin Paret-Peintre,17,Stage 17,0,0,0,1,0,0,0,0,1
2025,20250361,Valentin Paret-Peintre,18,Stage 18,0,0,0,0,0,0,0,0,0
2025,20250361,Valentin Paret-Peintre,19,Stage 19,70,0,0,1,0,20,20,0,111
2025,20250361,Valentin Paret-Peintre,20,Stage 20,0,0,0,1,0,0,0,2,3
2025,20250361,Valentin Paret-Peintre,21,Stage 21,16,0,0,1,0,0,0,0,17
2025,20250361,Valentin Paret-Peintre,22,Final Classifications,0,0,0,30,0,0,0,0,30
2025,20250446,Sepp Kuss,1,Stage 1,0,0,0,0,0,0,0,0,0
2025,20250446,Sepp Kuss,2,Stage 2,0,0,0,0,0,0,0,8,8
2025,20250446,Sepp Kuss,3,Stage 3,0,0,0,0,0,0,0,6,6
2025,20250446,Sepp Kuss,4,Stage 4,0,0,0,0,0,0,0,12,12
2025,20250446,Sepp Kuss,5,Stage 5,0,0,0,0,0,0,0,0,0
2025,20250446,Sepp Kuss,6,Stage 6,0,0,0,0,0,0,0,8,8
2025,20250446,Sepp Kuss,7,Stage 7,0,0,0,0,0,0,0,12,12
2025,20250446,Sepp Kuss,8,Stage 8,0,0,0,0,0,0,0,12,12
2025,20250446,Sepp Kuss,9,Stage 9,0,0,0,0,0,0,0,8,8
2025,20250446,Sepp Kuss,10,Stage 10,0,0,0,0,0,0,0,16,16
2025,20250446,Sepp Kuss,11,Stage 11,0,0,0,0,0,0,0,8,8
2025,20250446,Sepp Kuss,12,Stage 12,0,0,0,0,0,0,0,16,16
2025,20250446,Sepp Kuss,13,Stage 13,0,1,0,0,0,0,0,0,1
2025,20250446,Sepp Kuss,14,Stage 14,0,5,0,0,0,6,0,14,25
2025,20250446,Sepp Kuss,15,Stage 15,0,4,0,0,0,0,0,16,20
2025,20250446,Sepp Kuss,16,Stage 16,0,6,0,0,0,0,0,12,18
2025,20250446,Sepp Kuss,17,Stage 17,0,6,0,0,0,0,0,12,18
2025,20250446,Sepp Kuss,18,Stage 18,60,9,0,0,0,0,0,14,83
2025,20250446,Sepp Kuss,19,Stage 19,0,7,0,0,0,0,0,16,23
2025,20250446,Sepp Kuss,20,Stage 20,0,4,0,0,0,0,0,12,16
2025,20250446,Sepp Kuss,21,Stage 21,0,4,0,0,0,0,0,20,24
2025,20250446,Sepp Kuss,22,Final Classifications,0,80,0,0,0,0,0,50,130
2025,20251389,Jonas Abrahamsen,1,Stage 1,0,0,0,0,0,0,0,4,4
2025,20251389,Jonas Abrahamsen,2,Stage 2,0,0,0,0,0,0,0,0,0
2025,20251389,Jonas Abrahamsen,3,Stage 3,0,0,0,0,0,0,0,0,0
2025,20251389,Jonas Abrahamsen,4,Stage 4,0,0,0,0,20,0,20,0,40
2025,20251389,Jonas Abrahamsen,5,Stage 5,0,0,0,0,0,0,0,0,0
2025,20251389,Jonas Abrahamsen,6,Stage 6,0,0,0,0,0,0,0,0,0
2025,20251389,Jonas Abrahamsen,7,Stage 7,0,0,0,0,0,0,0,0,0
2025,20251389,Jonas Abrahamsen,8,Stage 8,0,0,0,0,0,0,0,0,0
2025,20251389,Jonas Abrahamsen,9,Stage 9,0,0,0,0,0,0,0,0,0
2025,20251389,Jonas Abrahamsen,10,Stage 10,0,0,0,0,0,0,0,0,0
2025,20251389,Jonas Abrahamsen,11,Stage 11,220,0,0,0,20,0,20,0,260
2025,20251389,Jonas Abrahamsen,12,Stage 12,0,0,0,0,0,0,0,0,0
2025,20251389,Jonas Abrahamsen,13,Stage 13,0,0,0,0,0,0,0,0,0
2025,20251389,Jonas Abrahamsen,14,Stage 14,0,0,0,0,0,0,0,0,0
2025,20251389,Jonas Abrahamsen,15,Stage 15,0,0,0,0,0,0,0,0,0
2025,20251389,Jonas Abrahamsen,16,Stage 16,0,0,0,0,20,0,0,0,20
2025,20251389,Jonas Abrahamsen,17,Stage 17,0,0,0,0,20,0,20,0,40
2025,20251389,Jonas Abrahamsen,18,Stage 18,0,0,0,0,8,0,0,0,8
2025,20251389,Jonas Abrahamsen,19,Stage 19,0,0,0,0,6,0,0,0,6
2025,20251389,Jonas Abrahamsen,20,Stage 20,25,0,0,0,0,0,0,0,25
2025,20251389,Jonas Abrahamsen,21,Stage 21,20,0,1,0,16,0,0,0,37
2025,20251389,Jonas Abrahamsen,22,Final Classifications,0,0,0,0,0,0,0,0,20
2025,20250433,Edoardo Affini,1,Stage 1,0,0,0,0,0,0,0,0,0
2025,20250433,Edoardo Affini,2,Stage 2,0,0,0,0,0,0,0,8,8
2025,20250433,Edoardo Affini,3,Stage 3,0,0,0,0,0,0,0,6,6
2025,20250433,Edoardo Affini,4,Stage 4,0,0,0,0,0,0,0,12,12
2025,20250433,Edoardo Affini,5,Stage 5,160,0,0,0,0,0,0,0,160
2025,20250433,Edoardo Affini,6,Stage 6,0,0,0,0,0,0,0,8,8
2025,20250433,Edoardo Affini,7,Stage 7,0,0,0,0,0,0,0,12,12
2025,20250433,Edoardo Affini,8,Stage 8,0,0,0,0,0,0,0,12,12
2025,20250433,Edoardo Affini,9,Stage 9,0,0,0,0,0,0,0,8,8
2025,20250433,Edoardo Affini,10,Stage 10,0,0,0,0,0,0,0,16,16
2025,20250433,Edoardo Affini,11,Stage 11,0,0,0,0,0,0,0,8,8
2025,20250433,Edoardo Affini,12,Stage 12,0,0,0,0,0,0,0,16,16
2025,20250433,Edoardo Affini,13,Stage 13,0,0,0,0,0,0,0,0,0
2025,20250433,Edoardo Affini,14,Stage 14,0,0,0,0,0,0,0,14,14
2025,20250433,Edoardo Affini,15,Stage 15,0,0,0,0,0,0,0,16,16
2025,20250433,Edoardo Affini,16,Stage 16,0,0,0,0,0,0,0,12,12
2025,20250433,Edoardo Affini,17,Stage 17,0,0,0,0,0,0,0,12,12
2025,20250433,Edoardo Affini,18,Stage 18,0,0,0,0,0,0,0,14,14
2025,20250433,Edoardo Affini,19,Stage 19,0,0,0,0,0,0,0,16,16
2025,20250433,Edoardo Affini,20,Stage 20,0,0,0,0,0,0,0,12,12
2025,20250433,Edoardo Affini,21,Stage 21,0,0,0,0,0,0,0,20,20
2025,20250433,Edoardo Affini,22,Final Classifications,0,0,0,0,0,0,0,50,50
2025,20250491,Davide Ballerini,1,Stage 1,0,0,0,0,0,0,0,0,0
2025,20250491,Davide Ballerini,2,Stage 2,0,0,0,0,0,0,0,0,0
2025,20250491,Davide Ballerini,3,Stage 3,0,0,0,0,0,0,0,0,0
2025,20250491,Davide Ballerini,4,Stage 4,0,0,0,0,0,0,0,0,0
2025,20250491,Davide Ballerini,5,Stage 5,0,0,0,0,0,0,0,0,0
2025,20250491,Davide Ballerini,6,Stage 6,0,0,0,0,0,0,0,0,0
2025,20250491,Davide Ballerini,7,Stage 7,0,0,0,0,0,0,0,0,0
2025,20250491,Davide Ballerini,8,Stage 8,0,0,0,0,0,0,0,0,0
2025,20250491,Davide Ballerini,9,Stage 9,0,0,0,0,0,0,0,0,0
2025,20250491,Davide Ballerini,10,Stage 10,0,0,0,0,0,0,0,0,0
2025,20250491,Davide Ballerini,11,Stage 11,60,0,0,0,16,0,20,0,96
2025,20250491,Davide Ballerini,12,Stage 12,0,0,0,0,0,0,0,0,0
2025,20250491,Davide Ballerini,13,Stage 13,0,0,0,0,0,0,0,0,0
2025,20250491,Davide Ballerini,14,Stage 14,0,0,0,0,0,0,0,0,0
2025,20250491,Davide Ballerini,15,Stage 15,0,0,0,0,0,0,0,0,0
2025,20250491,Davide Ballerini,16,Stage 16,0,0,0,0,0,0,0,0,0
2025,20250491,Davide Ballerini,17,Stage 17,120,0,0,0,0,0,0,0,120
2025,20250491,Davide Ballerini,18,Stage 18,0,0,0,0,0,0,0,0,0
2025,20250491,Davide Ballerini,19,Stage 19,0,0,0,0,0,0,0,0,0
2025,20250491,Davide Ballerini,20,Stage 20,35,0,0,0,0,0,0,0,35
2025,20250491,Davide Ballerini,21,Stage 21,180,0,0,0,0,0,0,0,180
2025,20250491,Davide Ballerini,22,Final Classifications,0,0,0,0,0,0,0,0,0
2025,20251322,Julian Alaphilippe,1,Stage 1,0,0,0,0,0,0,0,8,8
2025,20251322,Julian Alaphilippe,2,Stage 2,120,0,0,0,0,0,0,0,120
2025,20251322,Julian Alaphilippe,3,Stage 3,0,0,0,0,0,0,0,0,0
2025,20251322,Julian Alaphilippe,4,Stage 4,0,0,0,0,0,0,0,0,0
2025,20251322,Julian Alaphilippe,5,Stage 5,0,0,0,0,0,0,0,0,0
2025,20251322,Julian Alaphilippe,6,Stage 6,0,0,0,0,3,0,0,2,5
2025,20251322,Julian Alaphilippe,7,Stage 7,0,0,0,0,0,0,0,0,0
2025,20251322,Julian Alaphilippe,8,Stage 8,0,0,0,0,0,0,0,0,0
2025,20251322,Julian Alaphilippe,9,Stage 9,0,0,0,0,0,0,0,0,0
2025,20251322,Julian Alaphilippe,10,Stage 10,0,0,0,0,0,0,0,0,0
2025,20251322,Julian Alaphilippe,11,Stage 11,0,0,0,0,0,0,0,0,0
2025,20251322,Julian Alaphilippe,12,Stage 12,0,0,0,0,0,0,0,0,0
2025,20251322,Julian Alaphilippe,13,Stage 13,16,0,0,0,0,0,0,0,16
2025,20251322,Julian Alaphilippe,14,Stage 14,0,0,0,0,4,0,0,0,4
2025,20251322,Julian Alaphilippe,15,Stage 15,160,0,0,0,0,0,0,0,160
2025,20251322,Julian Alaphilippe,16,Stage 16,80,0,0,0,5,2,0,0,87
2025,20251322,Julian Alaphilippe,17,Stage 17,0,0,0,0,0,0,0,0,0
2025,20251322,Julian Alaphilippe,18,Stage 18,0,0,0,0,0,0,0,0,0
2025,20251322,Julian Alaphilippe,19,Stage 19,0,0,0,0,0,0,0,0,0
2025,20251322,Julian Alaphilippe,20,Stage 20,0,0,0,0,0,0,0,0,0
2025,20251322,Julian Alaphilippe,21,Stage 21,8,0,0,0,0,0,0,0,8
2025,20251322,Julian Alaphilippe,22,Final Classifications,0,0,0,0,0,0,0,0,0
2025,20251289,Anthony Turgis,1,Stage 1,140,18,6,0,6,0,0,0,170
2025,20251289,Anthony Turgis,2,Stage 2,0,0,4,0,2,0,0,0,6
2025,20251289,Anthony Turgis,3,Stage 3,16,0,2,0,8,0,0,0,26
2025,20251289,Anthony Turgis,4,Stage 4,0,0,1,0,3,0,0,0,4
2025,20251289,Anthony Turgis,5,Stage 5,0,0,1,0,0,0,0,0,1
2025,20251289,Anthony Turgis,6,Stage 6,0,0,1,0,8,0,0,0,9
2025,20251289,Anthony Turgis,7,Stage 7,0,0,1,0,3,0,0,0,4
2025,20251289,Anthony Turgis,8,Stage 8,16,0,2,0,12,0,0,0,30
2025,20251289,Anthony Turgis,9,Stage 9,30,0,1,0,5,0,0,0,36
2025,20251289,Anthony Turgis,10,Stage 10,0,0,1,0,0,0,0,0,1
2025,20251289,Anthony Turgis,11,Stage 11,0,0,1,0,0,0,0,0,1
2025,20251289,Anthony Turgis,12,Stage 12,0,0,1,0,5,0,0,0,6
2025,20251289,Anthony Turgis,13,Stage 13,0,0,0,0,0,0,0,0,0
2025,20251289,Anthony Turgis,14,Stage 14,0,0,0,0,8,0,0,0,8
2025,20251289,Anthony Turgis,15,Stage 15,0,0,0,0,0,0,0,0,0
2025,20251289,Anthony Turgis,16,Stage 16,0,0,1,0,0,0,0,0,1
2025,20251289,Anthony Turgis,17,Stage 17,0,0,1,0,4,0,0,0,5
2025,20251289,Anthony Turgis,18,Stage 18,0,0,1,0,12,0,0,0,13
2025,20251289,Anthony Turgis,19,Stage 19,0,0,2,0,12,0,0,0,14
2025,20251289,Anthony Turgis,20,Stage 20,20,0,2,0,0,0,0,0,22
2025,20251289,Anthony Turgis,21,Stage 21,0,0,2,0,8,0,0,0,10
2025,20251289,Anthony Turgis,22,Final Classifications,0,0,40,0,0,0,0,0,40
2025,20251341,Michael Storer,1,Stage 1,0,0,0,0,0,0,0,8,8
2025,20251341,Michael Storer,2,Stage 2,0,0,0,0,0,0,0,0,0
2025,20251341,Michael Storer,3,Stage 3,0,0,0,0,0,0,0,0,0
2025,20251341,Michael Storer,4,Stage 4,0,0,0,0,0,0,0,0,0
2025,20251341,Michael Storer,5,Stage 5,0,0,0,0,0,0,0,0,0
2025,20251341,Michael Storer,6,Stage 6,160,0,0,2,0,0,20,0,182
2025,20251341,Michael Storer,7,Stage 7,0,0,0,0,0,0,0,0,0
2025,20251341,Michael Storer,8,Stage 8,0,0,0,1,0,0,0,0,1
2025,20251341,Michael Storer,9,Stage 9,0,0,0,1,0,0,0,0,1
2025,20251341,Michael Storer,10,Stage 10,120,0,0,0,0,0,20,0,140
2025,20251341,Michael Storer,11,Stage 11,0,0,0,0,0,0,0,0,0
2025,20251341,Michael Storer,12,Stage 12,0,0,0,0,0,4,0,0,4
2025,20251341,Michael Storer,13,Stage 13,0,0,0,0,0,0,0,0,0
2025,20251341,Michael Storer,14,Stage 14,0,0,0,0,1,4,0,0,5
2025,20251341,Michael Storer,15,Stage 15,0,0,0,0,0,0,20,2,22
2025,20251341,Michael Storer,16,Stage 16,0,0,0,0,0,0,0,0,0
2025,20251341,Michael Storer,17,Stage 17,0,0,0,0,0,0,0,0,0
2025,20251341,Michael Storer,18,Stage 18,25,0,0,0,0,0,0,0,25
2025,20251341,Michael Storer,19,Stage 19,0,0,0,0,0,0,0,0,0
2025,20251341,Michael Storer,20,Stage 20,0,0,0,0,0,0,0,0,0
2025,20251341,Michael Storer,21,Stage 21,0,0,0,0,0,0,0,0,0
2025,20251341,Michael Storer,22,Final Classifications,0,0,0,0,0,0,0,0,0
2025,20250197,Paul Penhoët,1,Stage 1,95,14,4,0,4,0,0,4,121
2025,20250197,Paul Penhoët,2,Stage 2,0,0,0,0,0,0,0,8,8
2025,20250197,Paul Penhoët,3,Stage 3,0,0,0,0,16,0,0,8,24
2025,20250197,Paul Penhoët,4,Stage 4,0,0,0,0,0,0,0,4,4
2025,20250197,Paul Penhoët,5,Stage 5,0,0,0,0,0,0,0,0,0
2025,20250197,Paul Penhoët,6,Stage 6,0,0,0,0,0,0,0,2,2
2025,20250197,Paul Penhoët,7,Stage 7,0,0,0,0,0,0,0,2,2
2025,20250197,Paul Penhoët,8,Stage 8,0,0,0,0,0,0,0,2,2
2025,20250197,Paul Penhoët,9,Stage 9,120,0,0,0,0,0,0,2,122
2025,20250197,Paul Penhoët,10,Stage 10,0,0,0,0,0,0,0,0,0
2025,20250197,Paul Penhoët,11,Stage 11,0,0,0,0,0,0,0,2,2
2025,20250197,Paul Penhoët,12,Stage 12,0,0,0,0,0,0,0,0,0
2025,20250197,Paul Penhoët,13,Stage 13,0,0,0,0,0,0,0,0,0
2025,20250197,Paul Penhoët,14,Stage 14,0,0,0,0,0,0,0,0,0
2025,20250197,Paul Penhoët,15,Stage 15,0,0,0,0,0,0,0,0,0
2025,20250197,Paul Penhoët,16,Stage 16,0,0,0,0,0,0,0,0,0
2025,20250197,Paul Penhoët,17,Stage 17,95,0,0,0,0,0,0,0,95
2025,20250197,Paul Penhoët,18,Stage 18,0,0,0,0,0,0,0,0,0
2025,20250197,Paul Penhoët,19,Stage 19,0,0,0,0,0,0,0,0,0
2025,20250197,Paul Penhoët,20,Stage 20,0,0,0,0,0,0,0,0,0
2025,20250197,Paul Penhoët,21,Stage 21,0,0,0,0,0,0,0,0,0
2025,20250197,Paul Penhoët,22,Final Classifications,0,0,0,0,0,0,0,0,0
2025,20250278,Quinn Simmons,1,Stage 1,0,0,0,0,0,0,0,0,0
2025,20250278,Quinn Simmons,2,Stage 2,0,0,0,0,0,0,0,0,0
2025,20250278,Quinn Simmons,3,Stage 3,0,0,0,0,0,0,0,4,4
2025,20250278,Quinn Simmons,4,Stage 4,0,0,0,0,0,0,0,0,0
2025,20250278,Quinn Simmons,5,Stage 5,0,0,0,0,0,0,0,0,0
2025,20250278,Quinn Simmons,6,Stage 6,180,0,0,0,6,0,20,0,206
2025,20250278,Quinn Simmons,7,Stage 7,0,0,0,0,2,0,0,0,2
2025,20250278,Quinn Simmons,8,Stage 8,0,0,0,0,4,0,0,8,12
2025,20250278,Quinn Simmons,9,Stage 9,0,0,0,0,0,0,0,4,4
2025,20250278,Quinn Simmons,10,Stage 10,0,0,0,0,3,0,20,0,23
2025,20250278,Quinn Simmons,11,Stage 11,70,0,0,0,5,0,0,0,75
2025,20250278,Quinn Simmons,12,Stage 12,0,0,0,0,0,0,0,0,0
2025,20250278,Quinn Simmons,13,Stage 13,0,0,0,0,0,0,0,0,0
2025,20250278,Quinn Simmons,14,Stage 14,0,0,0,0,6,0,0,0,6
2025,20250278,Quinn Simmons,15,Stage 15,0,0,0,0,0,0,20,0,20
2025,20250278,Quinn Simmons,16,Stage 16,0,0,0,0,0,0,0,0,0
2025,20250278,Quinn Simmons,17,Stage 17,0,0,0,0,2,0,0,8,10
2025,20250278,Quinn Simmons,18,Stage 18,0,0,0,0,5,0,0,0,5
2025,20250278,Quinn Simmons,19,Stage 19,0,0,0,0,8,0,0,0,8
2025,20250278,Quinn Simmons,20,Stage 20,0,0,0,0,0,0,0,0,0
2025,20250278,Quinn Simmons,21,Stage 21,0,0,0,0,0,0,0,0,0
2025,20250278,Quinn Simmons,22,Final Classifications,0,0,5,0,0,0,0,0,5
2025,20250405,Tobias Lund Andresen,1,Stage 1,0,0,0,0,3,0,0,0,3
2025,20250405,Tobias Lund Andresen,2,Stage 2,0,0,0,0,0,0,0,0,0
2025,20250405,Tobias Lund Andresen,3,Stage 3,50,0,0,0,0,0,0,0,50
2025,20250405,Tobias Lund Andresen,4,Stage 4,0,0,0,0,0,0,0,0,0
2025,20250405,Tobias Lund Andresen,5,Stage 5,0,0,0,0,0,0,0,0,0
2025,20250405,Tobias Lund Andresen,6,Stage 6,0,0,0,0,0,0,0,0,0
2025,20250405,Tobias Lund Andresen,7,Stage 7,0,0,0,0,0,0,0,2,2
2025,20250405,Tobias Lund Andresen,8,Stage 8,110,0,0,0,0,0,0,0,110
2025,20250405,Tobias Lund Andresen,9,Stage 9,0,0,0,0,0,0,0,0,0
2025,20250405,Tobias Lund Andresen,10,Stage 10,0,0,0,0,0,0,0,0,0
2025,20250405,Tobias Lund Andresen,11,Stage 11,0,0,0,0,0,0,0,0,0
2025,20250405,Tobias Lund Andresen,12,Stage 12,0,0,0,0,0,0,0,0,0
2025,20250405,Tobias Lund Andresen,13,Stage 13,0,0,0,0,0,0,0,0,0
2025,20250405,Tobias Lund Andresen,14,Stage 14,0,0,0,0,0,0,0,0,0
2025,20250405,Tobias Lund Andresen,15,Stage 15,0,0,0,0,1,0,0,0,1
2025,20250405,Tobias Lund Andresen,16,Stage 16,0,0,0,0,0,0,0,0,0
2025,20250405,Tobias Lund Andresen,17,Stage 17,160,0,0,0,0,0,0,0,160
2025,20250405,Tobias Lund Andresen,18,Stage 18,0,0,0,0,0,0,0,0,0
2025,20250405,Tobias Lund Andresen,19,Stage 19,0,0,0,0,0,0,0,0,0
2025,20250405,Tobias Lund Andresen,20,Stage 20,0,0,0,0,0,0,0,4,4
2025,20250405,Tobias Lund Andresen,21,Stage 21,40,0,0,0,0,0,0,0,40
2025,20250405,Tobias Lund Andresen,22,Final Classifications,0,0,0,0,0,0,0,0,0
2025,20251345,Matteo Trentin,1,Stage 1,120,16,0,0,0,0,0,8,144
2025,20251345,Matteo Trentin,2,Stage 2,0,0,0,0,0,0,0,0,0
2025,20251345,Matteo Trentin,3,Stage 3,0,0,0,0,0,0,0,0,0
2025,20251345,Matteo Trentin,4,Stage 4,0,0,0,0,0,0,0,0,0
2025,20251345,Matteo Trentin,5,Stage 5,0,0,0,0,0,0,0,0,0
2025,20251345,Matteo Trentin,6,Stage 6,0,0,0,0,0,0,0,2,2
2025,20251345,Matteo Trentin,7,Stage 7,0,0,0,0,0,0,0,0,0
2025,20251345,Matteo Trentin,8,Stage 8,0,0,0,0,0,0,0,0,0
2025,20251345,Matteo Trentin,9,Stage 9,12,0,0,0,0,0,0,0,12
2025,20251345,Matteo Trentin,10,Stage 10,0,0,0,0,0,0,0,0,0
2025,20251345,Matteo Trentin,11,Stage 11,0,0,0,0,0,0,0,0,0
2025,20251345,Matteo Trentin,12,Stage 12,0,0,0,0,2,0,0,0,2
2025,20251345,Matteo Trentin,13,Stage 13,0,0,0,0,0,0,0,0,0
2025,20251345,Matteo Trentin,14,Stage 14,0,0,0,0,3,0,0,0,3
2025,20251345,Matteo Trentin,15,Stage 15,0,0,0,0,0,0,0,2,2
2025,20251345,Matteo Trentin,16,Stage 16,0,0,0,0,12,0,0,0,12
2025,20251345,Matteo Trentin,17,Stage 17,0,0,0,0,0,0,0,0,0
2025,20251345,Matteo Trentin,18,Stage 18,0,0,0,0,0,0,0,0,0
2025,20251345,Matteo Trentin,19,Stage 19,0,0,0,0,0,0,0,0,0
2025,20251345,Matteo Trentin,20,Stage 20,50,0,0,0,3,0,20,0,73
2025,20251345,Matteo Trentin,21,Stage 21,110,0,0,0,0,0,0,0,110
2025,20251345,Matteo Trentin,22,Final Classifications,0,0,0,0,0,0,0,0,0
2025,20250462,João Almeida,1,Stage 1,0,0,0,0,0,0,0,0,0
2025,20250462,João Almeida,2,Stage 2,25,8,0,0,0,0,0,8,41
2025,20250462,João Almeida,3,Stage 3,0,6,0,0,0,0,0,4,10
2025,20250462,João Almeida,4,Stage 4,110,13,0,0,0,0,0,14,137
2025,20250462,João Almeida,5,Stage 5,80,14,0,0,0,0,0,0,94
2025,20250462,João Almeida,6,Stage 6,0,14,0,0,0,0,0,8,22
2025,20250462,João Almeida,7,Stage 7,0,0,0,0,0,0,0,20,20
2025,20250462,João Almeida,8,Stage 8,0,0,0,0,0,0,0,12,12
2025,20250462,João Almeida,9,Stage 9,0,0,0,0,0,0,0,12,12
2025,20250462,João Almeida,10,Stage 10,0,0,0,0,0,0,0,0,0
2025,20250462,João Almeida,11,Stage 11,0,0,0,0,0,0,0,0,0
2025,20250462,João Almeida,12,Stage 12,0,0,0,0,0,0,0,0,0
2025,20250462,João Almeida,13,Stage 13,0,0,0,0,0,0,0,0,0
2025,20250462,João Almeida,14,Stage 14,0,0,0,0,0,0,0,0,0
2025,20250462,João Almeida,15,Stage 15,0,0,0,0,0,0,0,0,0
2025,20250462,João Almeida,16,Stage 16,0,0,0,0,0,0,0,0,0
2025,20250462,João Almeida,17,Stage 17,0,0,0,0,0,0,0,0,0
2025,20250462,João Almeida,18,Stage 18,0,0,0,0,0,0,0,0,0
2025,20250462,João Almeida,19,Stage 19,0,0,0,0,0,0,0,0,0
2025,20250462,João Almeida,20,Stage 20,0,0,0,0,0,0,0,0,0
2025,20250462,João Almeida,21,Stage 21,0,0,0,0,0,0,0,0,0
2025,20250462,João Almeida,22,Final Classifications,0,0,0,0,0,0,0,0,0
2025,20250058,Phil Bauhaus,1,Stage 1,0,0,0,0,0,0,0,0,0
2025,20250058,Phil Bauhaus,2,Stage 2,0,0,0,0,0,0,0,0,0
2025,20250058,Phil Bauhaus,3,Stage 3,160,0,0,0,0,0,0,0,160
2025,20250058,Phil Bauhaus,4,Stage 4,0,0,0,0,0,0,0,0,0
2025,20250058,Phil Bauhaus,5,Stage 5,0,0,0,0,0,0,0,0,0
2025,20250058,Phil Bauhaus,6,Stage 6,0,0,0,0,0,0,0,0,0
2025,20250058,Phil Bauhaus,7,Stage 7,0,0,0,0,0,0,0,0,0
2025,20250058,Phil Bauhaus,8,Stage 8,40,0,0,0,0,0,0,0,40
2025,20250058,Phil Bauhaus,9,Stage 9,95,0,0,0,0,0,0,0,95
2025,20250058,Phil Bauhaus,10,Stage 10,0,0,0,0,0,0,0,0,0
2025,20250058,Phil Bauhaus,11,Stage 11,0,0,0,0,0,0,0,0,0
2025,20250058,Phil Bauhaus,12,Stage 12,0,0,0,0,0,0,0,0,0
2025,20250058,Phil Bauhaus,13,Stage 13,0,0,0,0,0,0,0,0,0
2025,20250058,Phil Bauhaus,14,Stage 14,0,0,0,0,0,0,0,0,0
2025,20250058,Phil Bauhaus,15,Stage 15,0,0,0,0,0,0,0,0,0
2025,20250058,Phil Bauhaus,16,Stage 16,0,0,0,0,0,0,0,2,2
2025,20250058,Phil Bauhaus,17,Stage 17,40,0,0,0,0,0,0,0,40
2025,20250058,Phil Bauhaus,18,Stage 18,0,0,0,0,0,0,0,0,0
2025,20250058,Phil Bauhaus,19,Stage 19,0,0,0,0,0,0,0,0,0
2025,20250058,Phil Bauhaus,20,Stage 20,0,0,0,0,0,0,0,0,0
2025,20250058,Phil Bauhaus,21,Stage 21,0,0,0,0,0,0,0,2,2
2025,20250058,Phil Bauhaus,22,Final Classifications,0,0,0,0,0,0,0,0,0
2025,20250017,Jasper Philipsen,1,Stage 1,220,30,12,0,8,0,0,2,272
2025,20250017,Jasper Philipsen,2,Stage 2,0,14,12,0,3,0,0,18,47
2025,20250017,Jasper Philipsen,3,Stage 3,0,0,0,0,0,0,0,10,10
2025,20250017,Jasper Philipsen,4,Stage 4,0,0,0,0,0,0,0,0,0
2025,20250017,Jasper Philipsen,5,Stage 5,0,0,0,0,0,0,0,0,0
2025,20250017,Jasper Philipsen,6,Stage 6,0,0,0,0,0,0,0,0,0
2025,20250017,Jasper Philipsen,7,Stage 7,0,0,0,0,0,0,0,0,0
2025,20250017,Jasper Philipsen,8,Stage 8,0,0,0,0,0,0,0,0,0
2025,20250017,Jasper Philipsen,9,Stage 9,0,0,0,0,0,0,0,0,0
2025,20250017,Jasper Philipsen,10,Stage 10,0,0,0,0,0,0,0,0,0
2025,20250017,Jasper Philipsen,11,Stage 11,0,0,0,0,0,0,0,0,0
2025,20250017,Jasper Philipsen,12,Stage 12,0,0,0,0,0,0,0,0,0
2025,20250017,Jasper Philipsen,13,Stage 13,0,0,0,0,0,0,0,0,0
2025,20250017,Jasper Philipsen,14,Stage 14,0,0,0,0,0,0,0,0,0
2025,20250017,Jasper Philipsen,15,Stage 15,0,0,0,0,0,0,0,0,0
2025,20250017,Jasper Philipsen,16,Stage 16,0,0,0,0,0,0,0,0,0
2025,20250017,Jasper Philipsen,17,Stage 17,0,0,0,0,0,0,0,0,0
2025,20250017,Jasper Philipsen,18,Stage 18,0,0,0,0,0,0,0,0,0
2025,20250017,Jasper Philipsen,19,Stage 19,0,0,0,0,0,0,0,0,0
2025,20250017,Jasper Philipsen,20,Stage 20,0,0,0,0,0,0,0,0,0
2025,20250017,Jasper Philipsen,21,Stage 21,0,0,0,0,0,0,0,0,0
2025,20250017,Jasper Philipsen,22,Final Classifications,0,0,0,0,0,0,0,0,0
2025,20250328,Jordi Meeus,1,Stage 1,0,0,0,0,5,0,0,0,5
2025,20250328,Jordi Meeus,2,Stage 2,0,0,0,0,0,0,0,0,0
2025,20250328,Jordi Meeus,3,Stage 3,0,0,0,0,0,0,0,0,0
2025,20250328,Jordi Meeus,4,Stage 4,0,0,0,0,0,0,0,0,0
2025,20250328,Jordi Meeus,5,Stage 5,0,0,0,0,0,0,0,0,0
2025,20250328,Jordi Meeus,6,Stage 6,0,0,0,0,0,0,0,0,0
2025,20250328,Jordi Meeus,7,Stage 7,0,0,0,0,0,0,0,0,0
2025,20250328,Jordi Meeus,8,Stage 8,0,0,0,0,0,0,0,0,0
2025,20250328,Jordi Meeus,9,Stage 9,80,0,0,0,0,0,0,0,80
2025,20250328,Jordi Meeus,10,Stage 10,0,0,0,0,0,0,0,0,0
2025,20250328,Jordi Meeus,11,Stage 11,0,0,0,0,0,0,0,0,0
2025,20250328,Jordi Meeus,12,Stage 12,0,0,0,0,0,0,0,2,2
2025,20250328,Jordi Meeus,13,Stage 13,0,0,0,0,0,0,0,0,0
2025,20250328,Jordi Meeus,14,Stage 14,0,0,0,0,0,0,0,2,2
2025,20250328,Jordi Meeus,15,Stage 15,0,0,0,0,0,0,0,4,4
2025,20250328,Jordi Meeus,16,Stage 16,0,0,0,0,0,0,0,4,4
2025,20250328,Jordi Meeus,17,Stage 17,180,0,0,0,0,0,0,4,184
2025,20250328,Jordi Meeus,18,Stage 18,0,0,0,0,0,0,0,4,4
2025,20250328,Jordi Meeus,19,Stage 19,0,0,0,0,0,0,0,4,4
2025,20250328,Jordi Meeus,20,Stage 20,0,0,0,0,0,0,0,4,4
2025,20250328,Jordi Meeus,21,Stage 21,0,0,0,0,0,0,0,4,4
2025,20250328,Jordi Meeus,22,Final Classifications,0,0,0,0,0,0,0,30,30
2025,20251414,Søren Wærenskjold,1,Stage 1,160,22,1,0,0,0,0,0,183
2025,20251414,Søren Wærenskjold,2,Stage 2,0,0,0,0,0,0,0,0,0
2025,20251414,Søren Wærenskjold,3,Stage 3,140,0,1,0,3,0,0,0,144
2025,20251414,Søren Wærenskjold,4,Stage 4,0,0,0,0,0,0,0,0,0
2025,20251414,Søren Wærenskjold,5,Stage 5,0,0,0,0,0,0,0,0,0
2025,20251414,Søren Wærenskjold,6,Stage 6,0,0,0,0,0,0,0,0,0
2025,20251414,Søren Wærenskjold,7,Stage 7,0,0,0,0,0,0,0,0,0
2025,20251414,Søren Wærenskjold,8,Stage 8,0,0,0,0,0,0,0,0,0
2025,20251414,Søren Wærenskjold,9,Stage 9,0,0,0,0,0,0,0,0,0
2025,20251414,Søren Wærenskjold,10,Stage 10,0,0,0,0,0,0,0,0,0
2025,20251414,Søren Wærenskjold,11,Stage 11,0,0,0,0,0,0,0,0,0
2025,20251414,Søren Wærenskjold,12,Stage 12,0,0,0,0,0,0,0,0,0
2025,20251414,Søren Wærenskjold,13,Stage 13,0,0,0,0,0,0,0,0,0
2025,20251414,Søren Wærenskjold,14,Stage 14,0,0,0,0,0,0,0,0,0
2025,20251414,Søren Wærenskjold,15,Stage 15,0,0,0,0,0,0,0,0,0
2025,20251414,Søren Wærenskjold,16,Stage 16,0,0,0,0,0,0,0,0,0
2025,20251414,Søren Wærenskjold,17,Stage 17,0,0,0,0,0,0,0,0,0
2025,20251414,Søren Wærenskjold,18,Stage 18,0,0,0,0,0,0,0,0,0
2025,20251414,Søren Wærenskjold,19,Stage 19,0,0,0,0,0,0,0,0,0
2025,20251414,Søren Wærenskjold,20,Stage 20,0,0,0,0,0,0,0,0,0
2025,20251414,Søren Wærenskjold,21,Stage 21,0,0,0,0,0,0,0,0,0
2025,20251414,Søren Wærenskjold,22,Final Classifications,0,0,0,0,0,0,0,0,0
2025,20250216,Axel Laurance,1,Stage 1,0,0,0,0,0,0,0,0,0
2025,20250216,Axel Laurance,2,Stage 2,0,0,0,0,0,0,0,0,0
2025,20250216,Axel Laurance,3,Stage 3,0,0,0,0,0,0,0,0,0
2025,20250216,Axel Laurance,4,Stage 4,0,0,0,0,0,0,0,0,0
2025,20250216,Axel Laurance,5,Stage 5,0,0,0,0,0,0,0,0,0
2025,20250216,Axel Laurance,6,Stage 6,0,0,0,0,0,0,0,0,0
2025,20250216,Axel Laurance,7,Stage 7,70,0,0,0,0,0,0,0,70
2025,20250216,Axel Laurance,8,Stage 8,0,0,0,0,0,0,0,0,0
2025,20250216,Axel Laurance,9,Stage 9,0,0,0,0,0,0,0,0,0
2025,20250216,Axel Laurance,10,Stage 10,0,0,0,0,0,0,0,4,4
2025,20250216,Axel Laurance,11,Stage 11,110,0,0,0,1,0,0,0,111
2025,20250216,Axel Laurance,12,Stage 12,0,0,0,0,0,0,0,0,0
2025,20250216,Axel Laurance,13,Stage 13,0,0,0,0,0,0,0,0,0
2025,20250216,Axel Laurance,14,Stage 14,0,0,0,0,0,0,0,8,8
2025,20250216,Axel Laurance,15,Stage 15,120,0,0,0,0,0,0,0,120
2025,20250216,Axel Laurance,16,Stage 16,0,0,0,0,0,0,0,0,0
2025,20250216,Axel Laurance,17,Stage 17,0,0,0,0,0,0,0,0,0
2025,20250216,Axel Laurance,18,Stage 18,0,0,0,0,0,0,0,0,0
2025,20250216,Axel Laurance,19,Stage 19,0,0,0,0,0,0,0,8,8
2025,20250216,Axel Laurance,20,Stage 20,0,0,0,0,0,0,0,0,0
2025,20250216,Axel Laurance,21,Stage 21,4,0,0,0,0,0,0,0,4
2025,20250216,Axel Laurance,22,Final Classifications,0,0,0,0,0,0,0,0,0
2025,20251324,Alberto Dainese,1,Stage 1,0,0,0,0,0,0,0,8,8
2025,20251324,Alberto Dainese,2,Stage 2,0,0,0,0,0,0,0,0,0
2025,20251324,Alberto Dainese,3,Stage 3,60,0,0,0,0,0,0,0,60
2025,20251324,Alberto Dainese,4,Stage 4,0,0,0,0,0,0,0,0,0
2025,20251324,Alberto Dainese,5,Stage 5,0,0,0,0,0,0,0,0,0
2025,20251324,Alberto Dainese,6,Stage 6,0,0,0,0,0,0,0,2,2
2025,20251324,Alberto Dainese,7,Stage 7,0,0,0,0,0,0,0,0,0
2025,20251324,Alberto Dainese,8,Stage 8,80,0,0,0,0,0,0,0,80
2025,20251324,Alberto Dainese,9,Stage 9,20,0,0,0,0,0,0,0,20
2025,20251324,Alberto Dainese,10,Stage 10,0,0,0,0,0,0,0,0,0
2025,20251324,Alberto Dainese,11,Stage 11,40,0,0,0,0,0,0,0,40
2025,20251324,Alberto Dainese,12,Stage 12,0,0,0,0,0,0,0,0,0
2025,20251324,Alberto Dainese,13,Stage 13,0,0,0,0,0,0,0,0,0
2025,20251324,Alberto Dainese,14,Stage 14,0,0,0,0,0,0,0,0,0
2025,20251324,Alberto Dainese,15,Stage 15,0,0,0,0,0,0,0,2,2
2025,20251324,Alberto Dainese,16,Stage 16,0,0,0,0,0,0,0,0,0
2025,20251324,Alberto Dainese,17,Stage 17,110,0,0,0,0,0,0,0,110
2025,20251324,Alberto Dainese,18,Stage 18,0,0,0,0,0,0,0,0,0
2025,20251324,Alberto Dainese,19,Stage 19,0,0,0,0,0,0,0,0,0
2025,20251324,Alberto Dainese,20,Stage 20,0,0,0,0,0,0,0,0,0
2025,20251324,Alberto Dainese,21,Stage 21,0,0,0,0,0,0,0,0,0
2025,20251324,Alberto Dainese,22,Final Classifications,0,0,0,0,0,0,0,0,0
2025,20250300,Enric Mas,1,Stage 1,0,0,0,0,0,0,0,0,0
2025,20250300,Enric Mas,2,Stage 2,40,15,0,0,0,0,0,0,55
2025,20250300,Enric Mas,3,Stage 3,0,15,0,0,0,0,0,0,15
2025,20250300,Enric Mas,4,Stage 4,16,15,0,0,0,0,0,0,31
2025,20250300,Enric Mas,5,Stage 5,0,8,0,0,0,0,0,0,8
2025,20250300,Enric Mas,6,Stage 6,12,8,0,0,0,0,0,0,20
2025,20250300,Enric Mas,7,Stage 7,8,8,0,0,0,0,0,0,16
2025,20250300,Enric Mas,8,Stage 8,0,8,0,0,0,0,0,0,8
2025,20250300,Enric Mas,9,Stage 9,0,8,0,0,0,0,0,0,8
2025,20250300,Enric Mas,10,Stage 10,0,8,0,0,0,0,0,0,8
2025,20250300,Enric Mas,11,Stage 11,0,8,0,0,0,0,0,0,8
2025,20250300,Enric Mas,12,Stage 12,0,6,0,0,0,0,0,0,6
2025,20250300,Enric Mas,13,Stage 13,20,6,0,0,0,0,0,0,26
2025,20250300,Enric Mas,14,Stage 14,0,0,0,0,0,0,0,0,0
2025,20250300,Enric Mas,15,Stage 15,0,1,0,0,0,0,0,0,1
2025,20250300,Enric Mas,16,Stage 16,95,3,0,0,6,4,0,0,108
2025,20250300,Enric Mas,17,Stage 17,0,3,0,0,0,0,0,0,3
2025,20250300,Enric Mas,18,Stage 18,0,0,0,0,0,0,0,0,0
2025,20250300,Enric Mas,19,Stage 19,0,0,0,0,0,0,0,0,0
2025,20250300,Enric Mas,20,Stage 20,0,0,0,0,0,0,0,0,0
2025,20250300,Enric Mas,21,Stage 21,0,0,0,0,0,0,0,0,0
2025,20250300,Enric Mas,22,Final Classifications,0,0,0,0,0,0,0,0,0
2025,20250061,Santiago Buitrago,1,Stage 1,0,0,0,0,0,0,0,0,0
2025,20250061,Santiago Buitrago,2,Stage 2,35,4,0,0,0,0,0,0,39
2025,20250061,Santiago Buitrago,3,Stage 3,0,5,0,0,0,0,0,2,7
2025,20250061,Santiago Buitrago,4,Stage 4,0,4,0,0,0,0,0,0,4
2025,20250061,Santiago Buitrago,5,Stage 5,0,7,0,0,0,0,0,0,7
2025,20250061,Santiago Buitrago,6,Stage 6,16,7,0,0,0,0,0,0,23
2025,20250061,Santiago Buitrago,7,Stage 7,0,0,0,0,0,0,0,0,0
2025,20250061,Santiago Buitrago,8,Stage 8,0,0,0,0,0,0,0,0,0
2025,20250061,Santiago Buitrago,9,Stage 9,0,0,0,0,0,0,0,0,0
2025,20250061,Santiago Buitrago,10,Stage 10,0,0,0,0,0,0,0,0,0
2025,20250061,Santiago Buitrago,11,Stage 11,0,0,0,0,0,0,0,0,0
2025,20250061,Santiago Buitrago,12,Stage 12,0,0,0,0,0,0,0,0,0
2025,20250061,Santiago Buitrago,13,Stage 13,4,0,0,0,0,0,0,0,4
2025,20250061,Santiago Buitrago,14,Stage 14,0,0,0,0,0,0,0,0,0
2025,20250061,Santiago Buitrago,15,Stage 15,25,0,0,0,0,0,0,0,25
2025,20250061,Santiago Buitrago,16,Stage 16,160,0,0,0,0,20,0,0,180
2025,20250061,Santiago Buitrago,17,Stage 17,0,0,0,0,0,0,0,0,0
2025,20250061,Santiago Buitrago,18,Stage 18,12,0,0,0,0,0,0,0,12
2025,20250061,Santiago Buitrago,19,Stage 19,0,0,0,0,0,0,0,0,0
2025,20250061,Santiago Buitrago,20,Stage 20,0,0,0,0,0,0,0,0,0
2025,20250061,Santiago Buitrago,21,Stage 21,0,0,0,0,0,0,0,2,2
2025,20250061,Santiago Buitrago,22,Final Classifications,0,0,0,0,0,0,0,0,0
2025,20250519,Simone Velasco,1,Stage 1,0,0,0,0,0,0,0,0,0
2025,20250519,Simone Velasco,2,Stage 2,70,0,0,0,0,0,0,0,70
2025,20250519,Simone Velasco,3,Stage 3,0,0,0,0,0,0,0,0,0
2025,20250519,Simone Velasco,4,Stage 4,0,0,0,0,0,0,0,0,0
2025,20250519,Simone Velasco,5,Stage 5,0,0,0,0,0,0,0,0,0
2025,20250519,Simone Velasco,6,Stage 6,0,0,0,0,0,0,0,0,0
2025,20250519,Simone Velasco,7,Stage 7,0,0,0,0,0,0,0,0,0
2025,20250519,Simone Velasco,8,Stage 8,0,0,0,0,0,0,0,0,0
2025,20250519,Simone Velasco,9,Stage 9,0,0,0,0,0,0,0,0,0
2025,20250519,Simone Velasco,10,Stage 10,0,0,0,0,0,0,0,0,0
2025,20250519,Simone Velasco,11,Stage 11,25,0,0,0,0,0,0,0,25
2025,20250519,Simone Velasco,12,Stage 12,0,0,0,0,6,0,0,0,6
2025,20250519,Simone Velasco,13,Stage 13,0,0,0,0,0,0,0,0,0
2025,20250519,Simone Velasco,14,Stage 14,0,0,0,0,0,0,0,0,0
2025,20250519,Simone Velasco,15,Stage 15,0,0,0,0,0,0,0,0,0
2025,20250519,Simone Velasco,16,Stage 16,0,0,0,0,16,0,0,0,16
2025,20250519,Simone Velasco,17,Stage 17,0,0,0,0,0,0,0,0,0
2025,20250519,Simone Velasco,18,Stage 18,0,0,0,0,0,0,0,0,0
2025,20250519,Simone Velasco,19,Stage 19,0,0,0,0,0,0,0,0,0
2025,20250519,Simone Velasco,20,Stage 20,140,0,0,0,20,0,20,0,180
2025,20250519,Simone Velasco,21,Stage 21,0,0,0,0,0,0,0,4,4
2025,20250519,Simone Velasco,22,Final Classifications,0,0,0,0,0,0,0,0,0
2025,20250435,Tiesj Benoot,1,Stage 1,0,0,0,0,0,0,0,0,0
2025,20250435,Tiesj Benoot,2,Stage 2,0,0,0,0,0,0,0,8,8
2025,20250435,Tiesj Benoot,3,Stage 3,0,0,0,0,0,0,0,6,6
2025,20250435,Tiesj Benoot,4,Stage 4,20,0,0,0,0,0,0,12,32
2025,20250435,Tiesj Benoot,5,Stage 5,0,0,0,0,0,0,0,0,0
2025,20250435,Tiesj Benoot,6,Stage 6,0,0,0,0,0,0,0,8,8
2025,20250435,Tiesj Benoot,7,Stage 7,0,0,0,0,0,0,0,12,12
2025,20250435,Tiesj Benoot,8,Stage 8,0,0,0,0,0,0,0,12,12
2025,20250435,Tiesj Benoot,9,Stage 9,0,0,0,0,0,0,0,8,8
2025,20250435,Tiesj Benoot,10,Stage 10,0,0,0,0,0,0,0,16,16
2025,20250435,Tiesj Benoot,11,Stage 11,0,0,0,0,0,0,0,8,8
2025,20250435,Tiesj Benoot,12,Stage 12,0,0,0,0,0,0,0,16,16
2025,20250435,Tiesj Benoot,13,Stage 13,0,0,0,0,0,0,0,0,0
2025,20250435,Tiesj Benoot,14,Stage 14,0,0,0,0,0,0,0,14,14
2025,20250435,Tiesj Benoot,15,Stage 15,0,0,0,0,0,0,0,16,16
2025,20250435,Tiesj Benoot,16,Stage 16,0,0,0,0,0,0,0,12,12
2025,20250435,Tiesj Benoot,17,Stage 17,0,0,0,0,0,0,0,12,12
2025,20250435,Tiesj Benoot,18,Stage 18,0,0,0,0,0,0,0,14,14
2025,20250435,Tiesj Benoot,19,Stage 19,0,0,0,0,0,0,0,16,16
2025,20250435,Tiesj Benoot,20,Stage 20,0,0,0,0,0,0,0,12,12
2025,20250435,Tiesj Benoot,21,Stage 21,0,0,0,0,0,0,0,20,20
2025,20250435,Tiesj Benoot,22,Final Classifications,0,0,0,0,0,0,0,50,50
2025,20250348,Pascal Eenkhoorn,1,Stage 1,0,0,0,0,0,0,0,0,0
2025,20250348,Pascal Eenkhoorn,2,Stage 2,0,0,0,0,0,0,0,0,0
2025,20250348,Pascal Eenkhoorn,3,Stage 3,0,0,0,0,0,0,0,8,8
2025,20250348,Pascal Eenkhoorn,4,Stage 4,0,0,0,0,0,0,0,0,0
2025,20250348,Pascal Eenkhoorn,5,Stage 5,0,0,0,0,0,0,0,0,0
2025,20250348,Pascal Eenkhoorn,6,Stage 6,0,0,0,0,0,0,0,2,2
2025,20250348,Pascal Eenkhoorn,7,Stage 7,0,0,0,0,0,0,0,4,4
2025,20250348,Pascal Eenkhoorn,8,Stage 8,0,0,0,0,0,0,0,4,4
2025,20250348,Pascal Eenkhoorn,9,Stage 9,0,0,0,0,0,0,0,12,12
2025,20250348,Pascal Eenkhoorn,10,Stage 10,0,0,0,0,0,0,0,2,2
2025,20250348,Pascal Eenkhoorn,11,Stage 11,0,0,0,0,0,0,0,2,2
2025,20250348,Pascal Eenkhoorn,12,Stage 12,0,0,0,0,0,0,0,2,2
2025,20250348,Pascal Eenkhoorn,13,Stage 13,0,0,0,0,0,0,0,0,0
2025,20250348,Pascal Eenkhoorn,14,Stage 14,0,0,0,0,0,0,0,0,0
2025,20250348,Pascal Eenkhoorn,15,Stage 15,35,0,0,0,12,0,0,0,47
2025,20250348,Pascal Eenkhoorn,16,Stage 16,0,0,0,0,3,0,0,8,11
2025,20250348,Pascal Eenkhoorn,17,Stage 17,0,0,0,0,0,0,0,0,0
2025,20250348,Pascal Eenkhoorn,18,Stage 18,0,0,0,0,0,0,0,0,0
2025,20250348,Pascal Eenkhoorn,19,Stage 19,0,0,0,0,0,0,0,0,0
2025,20250348,Pascal Eenkhoorn,20,Stage 20,160,0,0,0,16,0,20,0,196
2025,20250348,Pascal Eenkhoorn,21,Stage 21,0,0,0,0,0,0,0,0,0
2025,20250348,Pascal Eenkhoorn,22,Final Classifications,0,0,0,0,0,0,0,0,0
2025,20250483,Nils Politt,1,Stage 1,0,0,0,0,0,0,0,0,0
2025,20250483,Nils Politt,2,Stage 2,0,0,0,0,0,0,0,8,8
2025,20250483,Nils Politt,3,Stage 3,0,0,0,0,0,0,0,4,4
2025,20250483,Nils Politt,4,Stage 4,0,0,0,0,0,0,0,14,14
2025,20250483,Nils Politt,5,Stage 5,20,0,0,0,0,0,0,0,20
2025,20250483,Nils Politt,6,Stage 6,0,0,0,0,0,0,0,8,8
2025,20250483,Nils Politt,7,Stage 7,0,0,0,0,0,0,0,20,20
2025,20250483,Nils Politt,8,Stage 8,0,0,0,0,0,0,0,12,12
2025,20250483,Nils Politt,9,Stage 9,0,0,0,0,0,0,0,12,12
2025,20250483,Nils Politt,10,Stage 10,0,0,0,0,0,0,0,8,8
2025,20250483,Nils Politt,11,Stage 11,0,0,0,0,0,0,0,8,8
2025,20250483,Nils Politt,12,Stage 12,0,0,0,0,0,0,0,20,20
2025,20250483,Nils Politt,13,Stage 13,0,0,0,0,0,0,0,0,0
2025,20250483,Nils Politt,14,Stage 14,0,0,0,0,0,0,0,16,16
2025,20250483,Nils Politt,15,Stage 15,0,0,0,0,0,0,0,20,20
2025,20250483,Nils Politt,16,Stage 16,0,0,0,0,0,0,0,12,12
2025,20250483,Nils Politt,17,Stage 17,0,0,0,0,0,0,0,12,12
2025,20250483,Nils Politt,18,Stage 18,0,0,0,0,0,0,0,16,16
2025,20250483,Nils Politt,19,Stage 19,0,0,0,0,0,0,0,14,14
2025,20250483,Nils Politt,20,Stage 20,0,0,0,0,0,0,0,12,12
2025,20250483,Nils Politt,21,Stage 21,0,0,0,0,0,0,0,12,12
2025,20250483,Nils Politt,22,Final Classifications,0,0,0,0,0,0,0,40,40
2025,20250193,Guillaume Martin,1,Stage 1,0,0,0,0,0,0,0,4,4
2025,20250193,Guillaume Martin,2,Stage 2,20,1,0,0,0,0,0,8,29
2025,20250193,Guillaume Martin,3,Stage 3,0,7,0,0,0,0,0,8,15
2025,20250193,Guillaume Martin,4,Stage 4,0,5,0,0,0,0,0,4,9
2025,20250193,Guillaume Martin,5,Stage 5,0,0,0,0,0,0,0,0,0
2025,20250193,Guillaume Martin,6,Stage 6,0,0,0,0,0,0,0,2,2
2025,20250193,Guillaume Martin,7,Stage 7,0,1,0,0,0,0,0,2,3
2025,20250193,Guillaume Martin,8,Stage 8,0,2,0,0,0,0,0,2,4
2025,20250193,Guillaume Martin,9,Stage 9,0,3,0,0,0,0,0,2,5
2025,20250193,Guillaume Martin,10,Stage 10,0,5,0,0,0,0,0,0,5
2025,20250193,Guillaume Martin,11,Stage 11,0,6,0,0,0,0,0,2,8
2025,20250193,Guillaume Martin,12,Stage 12,35,7,0,0,0,0,0,0,42
2025,20250193,Guillaume Martin,13,Stage 13,0,7,0,0,0,0,0,0,7
2025,20250193,Guillaume Martin,14,Stage 14,0,8,0,0,0,0,0,0,8
2025,20250193,Guillaume Martin,15,Stage 15,4,8,0,0,0,0,0,0,12
2025,20250193,Guillaume Martin,16,Stage 16,0,8,0,0,0,0,0,0,8
2025,20250193,Guillaume Martin,17,Stage 17,0,8,0,0,0,0,0,0,8
2025,20250193,Guillaume Martin,18,Stage 18,0,5,0,0,0,0,0,0,5
2025,20250193,Guillaume Martin,19,Stage 19,0,4,0,0,0,0,0,0,4
2025,20250193,Guillaume Martin,20,Stage 20,0,5,0,0,0,0,0,0,5
2025,20250193,Guillaume Martin,21,Stage 21,0,5,0,0,0,0,0,0,5
2025,20250193,Guillaume Martin,22,Final Classifications,0,90,0,0,0,0,0,0,90
2025,20250485,Marc Soler,1,Stage 1,0,0,0,0,0,0,0,0,0
2025,20250485,Marc Soler,2,Stage 2,0,0,0,0,0,0,0,8,8
2025,20250485,Marc Soler,3,Stage 3,0,0,0,0,0,0,0,4,4
2025,20250485,Marc Soler,4,Stage 4,0,0,0,0,0,0,0,14,14
2025,20250485,Marc Soler,5,Stage 5,0,0,0,0,0,0,0,0,0
2025,20250485,Marc Soler,6,Stage 6,0,0,0,0,0,0,0,8,8
2025,20250485,Marc Soler,7,Stage 7,0,0,0,0,0,0,0,20,20
2025,20250485,Marc Soler,8,Stage 8,0,0,0,0,0,0,0,12,12
2025,20250485,Marc Soler,9,Stage 9,0,0,0,0,0,0,0,12,12
2025,20250485,Marc Soler,10,Stage 10,0,0,0,0,0,0,0,8,8
2025,20250485,Marc Soler,11,Stage 11,0,0,0,0,0,0,0,8,8
2025,20250485,Marc Soler,12,Stage 12,0,0,0,0,0,0,0,20,20
2025,20250485,Marc Soler,13,Stage 13,0,0,0,0,0,0,0,0,0
2025,20250485,Marc Soler,14,Stage 14,0,0,0,0,0,0,0,16,16
2025,20250485,Marc Soler,15,Stage 15,0,0,0,0,0,0,0,20,20
2025,20250485,Marc Soler,16,Stage 16,0,0,0,0,0,0,0,12,12
2025,20250485,Marc Soler,17,Stage 17,0,0,0,0,0,0,0,12,12
2025,20250485,Marc Soler,18,Stage 18,0,0,0,0,0,0,0,16,16
2025,20250485,Marc Soler,19,Stage 19,0,0,0,0,0,0,0,14,14
2025,20250485,Marc Soler,20,Stage 20,0,0,0,0,0,0,0,12,12
2025,20250485,Marc Soler,21,Stage 21,0,0,0,0,0,0,0,12,12
2025,20250485,Marc Soler,22,Final Classifications,0,0,0,0,0,0,0,40,50
2025,20250220,Carlos Rodríguez,1,Stage 1,0,0,0,0,0,0,0,0,0
2025,20250220,Carlos Rodríguez,2,Stage 2,0,0,0,0,0,0,0,0,0
2025,20250220,Carlos Rodríguez,3,Stage 3,0,0,0,0,0,0,0,0,0
2025,20250220,Carlos Rodríguez,4,Stage 4,0,0,0,0,0,0,0,0,0
2025,20250220,Carlos Rodríguez,5,Stage 5,0,5,0,0,0,0,0,0,5
2025,20250220,Carlos Rodríguez,6,Stage 6,0,4,0,0,0,0,0,0,4
2025,20250220,Carlos Rodríguez,7,Stage 7,25,6,0,0,0,0,0,0,31
2025,20250220,Carlos Rodríguez,8,Stage 8,0,6,0,0,0,0,0,0,6
2025,20250220,Carlos Rodríguez,9,Stage 9,0,6,0,0,0,0,0,0,6
2025,20250220,Carlos Rodríguez,10,Stage 10,12,9,0,0,0,0,0,4,25
2025,20250220,Carlos Rodríguez,11,Stage 11,0,9,0,0,0,0,0,0,9
2025,20250220,Carlos Rodríguez,12,Stage 12,0,9,0,0,0,0,0,0,9
2025,20250220,Carlos Rodríguez,13,Stage 13,35,9,0,0,0,0,0,0,44
2025,20250220,Carlos Rodríguez,14,Stage 14,50,11,0,0,0,2,0,8,71
2025,20250220,Carlos Rodríguez,15,Stage 15,8,12,0,0,0,0,0,0,20
2025,20250220,Carlos Rodríguez,16,Stage 16,25,11,0,0,0,0,0,0,36
2025,20250220,Carlos Rodríguez,17,Stage 17,0,11,0,0,0,0,0,0,11
2025,20250220,Carlos Rodríguez,18,Stage 18,0,0,0,0,0,0,0,0,0
2025,20250220,Carlos Rodríguez,19,Stage 19,0,0,0,0,0,0,0,0,0
2025,20250220,Carlos Rodríguez,20,Stage 20,0,0,0,0,0,0,0,0,0
2025,20250220,Carlos Rodríguez,21,Stage 21,0,0,0,0,0,0,0,0,0
2025,20250220,Carlos Rodríguez,22,Final Classifications,0,0,0,0,0,0,0,0,0
2025,20250137,Aurélien Paret-Peintre,1,Stage 1,0,0,0,0,0,0,0,0,0
2025,20250137,Aurélien Paret-Peintre,2,Stage 2,95,9,0,0,0,0,0,0,104
2025,20250137,Aurélien Paret-Peintre,3,Stage 3,0,10,0,0,0,0,0,0,10
2025,20250137,Aurélien Paret-Peintre,4,Stage 4,40,9,0,0,0,0,0,0,49
2025,20250137,Aurélien Paret-Peintre,5,Stage 5,0,9,0,0,0,0,0,0,9
2025,20250137,Aurélien Paret-Peintre,6,Stage 6,0,5,0,0,0,0,0,0,5
2025,20250137,Aurélien Paret-Peintre,7,Stage 7,0,4,0,0,0,0,0,0,4
2025,20250137,Aurélien Paret-Peintre,8,Stage 8,0,4,0,0,0,0,0,0,4
2025,20250137,Aurélien Paret-Peintre,9,Stage 9,0,4,0,0,0,0,0,0,4
2025,20250137,Aurélien Paret-Peintre,10,Stage 10,0,0,0,0,0,0,0,2,2
2025,20250137,Aurélien Paret-Peintre,11,Stage 11,0,0,0,0,0,0,0,0,0
2025,20250137,Aurélien Paret-Peintre,12,Stage 12,4,0,0,0,0,0,0,0,4
2025,20250137,Aurélien Paret-Peintre,13,Stage 13,0,0,0,0,0,0,0,0,0
2025,20250137,Aurélien Paret-Peintre,14,Stage 14,0,0,0,0,0,0,0,2,2
2025,20250137,Aurélien Paret-Peintre,15,Stage 15,0,0,0,0,0,0,0,0,0
2025,20250137,Aurélien Paret-Peintre,16,Stage 16,0,0,0,0,0,0,0,0,0
2025,20250137,Aurélien Paret-Peintre,17,Stage 17,0,0,0,0,0,0,0,0,0
2025,20250137,Aurélien Paret-Peintre,18,Stage 18,0,0,0,0,0,0,0,0,0
2025,20250137,Aurélien Paret-Peintre,19,Stage 19,35,0,0,0,0,0,0,0,35
2025,20250137,Aurélien Paret-Peintre,20,Stage 20,0,0,0,0,0,0,0,0,0
2025,20250137,Aurélien Paret-Peintre,21,Stage 21,0,0,0,0,0,0,0,0,0
2025,20250137,Aurélien Paret-Peintre,22,Final Classifications,0,0,0,0,0,0,0,0,40
2025,20250888,Pascal Ackermann,1,Stage 1,8,2,0,0,0,0,0,0,10
2025,20250888,Pascal Ackermann,2,Stage 2,0,0,0,0,0,0,0,0,0
2025,20250888,Pascal Ackermann,3,Stage 3,80,0,0,0,0,0,0,0,80
2025,20250888,Pascal Ackermann,4,Stage 4,0,0,0,0,0,0,0,0,0
2025,20250888,Pascal Ackermann,5,Stage 5,0,0,0,0,0,0,0,0,0
2025,20250888,Pascal Ackermann,6,Stage 6,0,0,0,0,0,0,0,0,0
2025,20250888,Pascal Ackermann,7,Stage 7,0,0,0,0,0,0,0,0,0
2025,20250888,Pascal Ackermann,8,Stage 8,140,0,0,0,0,0,0,0,140
2025,20250888,Pascal Ackermann,9,Stage 9,40,0,0,0,0,0,0,0,40
2025,20250888,Pascal Ackermann,10,Stage 10,0,0,0,0,0,0,0,0,0
2025,20250888,Pascal Ackermann,11,Stage 11,0,0,0,0,0,0,0,0,0
2025,20250888,Pascal Ackermann,12,Stage 12,0,0,0,0,0,0,0,0,0
2025,20250888,Pascal Ackermann,13,Stage 13,0,0,0,0,0,0,0,0,0
2025,20250888,Pascal Ackermann,14,Stage 14,0,0,0,0,0,0,0,0,0
2025,20250888,Pascal Ackermann,15,Stage 15,0,0,0,0,0,0,0,0,0
2025,20250888,Pascal Ackermann,16,Stage 16,0,0,0,0,0,0,0,0,0
2025,20250888,Pascal Ackermann,17,Stage 17,0,0,0,0,0,0,0,0,0
2025,20250888,Pascal Ackermann,18,Stage 18,0,0,0,0,0,0,0,0,0
2025,20250888,Pascal Ackermann,19,Stage 19,0,0,0,0,0,0,0,0,0
2025,20250888,Pascal Ackermann,20,Stage 20,0,0,0,0,0,0,0,0,0
2025,20250888,Pascal Ackermann,21,Stage 21,0,0,0,0,0,0,0,0,0
2025,20250888,Pascal Ackermann,22,Final Classifications,0,0,0,0,0,0,0,0,0
2025,20250408,Pavel Bittner,1,Stage 1,0,0,0,0,0,0,0,0,0
2025,20250408,Pavel Bittner,2,Stage 2,0,0,0,0,0,0,0,0,0
2025,20250408,Pavel Bittner,3,Stage 3,120,0,0,0,0,0,0,0,120
2025,20250408,Pavel Bittner,4,Stage 4,0,0,0,0,0,0,0,0,0
2025,20250408,Pavel Bittner,5,Stage 5,0,0,0,0,0,0,0,0,0
2025,20250408,Pavel Bittner,6,Stage 6,0,0,0,0,0,0,0,0,0
2025,20250408,Pavel Bittner,7,Stage 7,0,0,0,0,0,0,0,2,2
2025,20250408,Pavel Bittner,8,Stage 8,0,0,0,0,0,0,0,0,0
2025,20250408,Pavel Bittner,9,Stage 9,140,0,0,0,0,0,0,0,140
2025,20250408,Pavel Bittner,10,Stage 10,0,0,0,0,0,0,0,0,0
2025,20250408,Pavel Bittner,11,Stage 11,0,0,0,0,0,0,0,0,0
2025,20250408,Pavel Bittner,12,Stage 12,0,0,0,0,0,0,0,0,0
2025,20250408,Pavel Bittner,13,Stage 13,0,0,0,0,0,0,0,0,0
2025,20250408,Pavel Bittner,14,Stage 14,0,0,0,0,0,0,0,0,0
2025,20250408,Pavel Bittner,15,Stage 15,0,0,0,0,0,0,0,0,0
2025,20250408,Pavel Bittner,16,Stage 16,0,0,0,0,0,0,0,0,0
2025,20250408,Pavel Bittner,17,Stage 17,0,0,0,0,0,0,0,2,2
2025,20250408,Pavel Bittner,18,Stage 18,0,0,0,0,0,0,0,0,0
2025,20250408,Pavel Bittner,19,Stage 19,0,0,0,0,0,0,0,0,0
2025,20250408,Pavel Bittner,20,Stage 20,0,0,0,0,0,0,0,4,4
2025,20250408,Pavel Bittner,21,Stage 21,0,0,0,0,0,0,0,0,0
2025,20250408,Pavel Bittner,22,Final Classifications,0,0,0,0,0,0,0,0,0
2025,20250484,Pavel Sivakov,1,Stage 1,0,0,0,0,0,0,0,0,0
2025,20250484,Pavel Sivakov,2,Stage 2,0,0,0,0,0,0,0,8,8
2025,20250484,Pavel Sivakov,3,Stage 3,0,0,0,0,0,0,0,4,4
2025,20250484,Pavel Sivakov,4,Stage 4,0,0,0,0,0,0,0,14,14
2025,20250484,Pavel Sivakov,5,Stage 5,0,0,0,0,0,0,0,0,0
2025,20250484,Pavel Sivakov,6,Stage 6,0,0,0,0,0,0,0,8,8
2025,20250484,Pavel Sivakov,7,Stage 7,0,0,0,0,0,0,0,20,20
2025,20250484,Pavel Sivakov,8,Stage 8,0,0,0,0,0,0,0,12,12
2025,20250484,Pavel Sivakov,9,Stage 9,0,0,0,0,0,0,0,12,12
2025,20250484,Pavel Sivakov,10,Stage 10,0,0,0,0,0,0,0,8,8
2025,20250484,Pavel Sivakov,11,Stage 11,0,0,0,0,0,0,0,8,8
2025,20250484,Pavel Sivakov,12,Stage 12,0,0,0,0,0,0,0,20,20
2025,20250484,Pavel Sivakov,13,Stage 13,0,0,0,0,0,0,0,0,0
2025,20250484,Pavel Sivakov,14,Stage 14,0,0,0,0,0,0,0,16,16
2025,20250484,Pavel Sivakov,15,Stage 15,0,0,0,0,0,0,0,20,20
2025,20250484,Pavel Sivakov,16,Stage 16,0,0,0,0,0,0,0,12,12
2025,20250484,Pavel Sivakov,17,Stage 17,0,0,0,0,0,0,0,12,12
2025,20250484,Pavel Sivakov,18,Stage 18,0,0,0,0,0,0,0,16,16
2025,20250484,Pavel Sivakov,19,Stage 19,0,0,0,0,0,0,0,14,14
2025,20250484,Pavel Sivakov,20,Stage 20,0,0,0,0,0,0,0,12,12
2025,20250484,Pavel Sivakov,21,Stage 21,0,0,0,0,0,0,0,12,12
2025,20250484,Pavel Sivakov,22,Final Classifications,0,0,0,0,0,0,0,40,40
2025,20250400,Mauro Schmid,1,Stage 1,0,0,0,0,0,0,0,0,0
2025,20250400,Mauro Schmid,2,Stage 2,0,0,0,0,0,0,0,0,0
2025,20250400,Mauro Schmid,3,Stage 3,0,0,0,0,0,0,0,0,0
2025,20250400,Mauro Schmid,4,Stage 4,0,0,0,0,0,0,0,0,0
2025,20250400,Mauro Schmid,5,Stage 5,4,0,0,0,0,0,0,0,4
2025,20250400,Mauro Schmid,6,Stage 6,0,0,0,0,0,0,0,0,0
2025,20250400,Mauro Schmid,7,Stage 7,0,0,0,0,0,0,0,0,0
2025,20250400,Mauro Schmid,8,Stage 8,0,0,0,0,0,0,0,0,0
2025,20250400,Mauro Schmid,9,Stage 9,0,0,0,0,0,0,0,0,0
2025,20250400,Mauro Schmid,10,Stage 10,0,0,0,0,5,0,20,0,25
2025,20250400,Mauro Schmid,11,Stage 11,180,0,0,0,12,0,20,0,212
2025,20250400,Mauro Schmid,12,Stage 12,0,0,0,0,0,0,0,0,0
2025,20250400,Mauro Schmid,13,Stage 13,0,0,0,0,0,0,0,0,0
2025,20250400,Mauro Schmid,14,Stage 14,0,0,0,0,0,0,0,0,0
2025,20250400,Mauro Schmid,15,Stage 15,0,0,0,0,0,0,0,0,0
2025,20250400,Mauro Schmid,16,Stage 16,0,0,0,0,0,0,0,0,0
2025,20250400,Mauro Schmid,17,Stage 17,0,0,0,0,0,0,0,0,0
2025,20250400,Mauro Schmid,18,Stage 18,0,0,0,0,0,0,0,8,8
2025,20250400,Mauro Schmid,19,Stage 19,0,0,0,0,0,0,0,0,0
2025,20250400,Mauro Schmid,20,Stage 20,0,0,0,0,0,0,0,0,0
2025,20250400,Mauro Schmid,21,Stage 21,0,0,0,0,0,0,0,0,0
2025,20250400,Mauro Schmid,22,Final Classifications,0,0,0,0,0,0,0,0,0
2025,20250200,Clément Russo,1,Stage 1,110,15,0,0,0,0,0,4,129
2025,20250200,Clément Russo,2,Stage 2,0,0,0,0,0,0,0,8,8
2025,20250200,Clément Russo,3,Stage 3,4,0,0,0,0,0,0,8,12
2025,20250200,Clément Russo,4,Stage 4,0,0,0,0,0,0,0,4,4
2025,20250200,Clément Russo,5,Stage 5,0,0,0,0,0,0,0,0,0
2025,20250200,Clément Russo,6,Stage 6,0,0,0,0,0,0,0,2,2
2025,20250200,Clément Russo,7,Stage 7,0,0,0,0,0,0,0,2,2
2025,20250200,Clément Russo,8,Stage 8,0,0,0,0,0,0,0,2,2
2025,20250200,Clément Russo,9,Stage 9,0,0,0,0,0,0,0,2,2
2025,20250200,Clément Russo,10,Stage 10,0,0,0,0,0,0,0,0,0
2025,20250200,Clément Russo,11,Stage 11,0,0,0,0,0,0,0,2,2
2025,20250200,Clément Russo,12,Stage 12,0,0,0,0,0,0,0,0,0
2025,20250200,Clément Russo,13,Stage 13,0,0,0,0,0,0,0,0,0
2025,20250200,Clément Russo,14,Stage 14,0,0,0,0,0,0,0,0,0
2025,20250200,Clément Russo,15,Stage 15,0,0,0,0,0,0,0,0,0
2025,20250200,Clément Russo,16,Stage 16,0,0,0,0,0,0,0,0,0
2025,20250200,Clément Russo,17,Stage 17,70,0,0,0,0,0,0,0,70
2025,20250200,Clément Russo,18,Stage 18,0,0,0,0,0,0,0,0,0
2025,20250200,Clément Russo,19,Stage 19,0,0,0,0,0,0,0,0,0
2025,20250200,Clément Russo,20,Stage 20,0,0,0,0,0,0,0,0,0
2025,20250200,Clément Russo,21,Stage 21,12,0,0,0,0,0,0,0,12
2025,20250200,Clément Russo,22,Final Classifications,0,0,0,0,0,0,0,0,0
2025,20250117,Bruno Armirail,1,Stage 1,0,0,0,0,0,0,0,0,0
2025,20250117,Bruno Armirail,2,Stage 2,0,0,0,0,8,0,20,0,28
2025,20250117,Bruno Armirail,3,Stage 3,0,0,0,0,0,0,0,0,0
2025,20250117,Bruno Armirail,4,Stage 4,0,0,0,0,0,0,0,0,0
2025,20250117,Bruno Armirail,5,Stage 5,140,0,0,0,0,0,0,0,140
2025,20250117,Bruno Armirail,6,Stage 6,0,0,0,0,0,0,0,0,0
2025,20250117,Bruno Armirail,7,Stage 7,0,0,0,0,0,0,0,0,0
2025,20250117,Bruno Armirail,8,Stage 8,0,0,0,0,0,0,0,0,0
2025,20250117,Bruno Armirail,9,Stage 9,0,0,0,0,0,0,0,0,0
2025,20250117,Bruno Armirail,10,Stage 10,0,0,0,0,16,0,0,2,18
2025,20250117,Bruno Armirail,11,Stage 11,0,0,0,0,0,0,0,0,0
2025,20250117,Bruno Armirail,12,Stage 12,16,0,0,1,0,6,0,0,23
2025,20250117,Bruno Armirail,13,Stage 13,8,0,0,0,0,0,0,0,8
2025,20250117,Bruno Armirail,14,Stage 14,0,0,0,0,0,0,0,2,2
2025,20250117,Bruno Armirail,15,Stage 15,0,0,0,0,0,0,0,0,0
2025,20250117,Bruno Armirail,16,Stage 16,0,0,0,0,0,0,0,0,0
2025,20250117,Bruno Armirail,17,Stage 17,0,0,0,0,0,0,0,0,0
2025,20250117,Bruno Armirail,18,Stage 18,0,0,0,0,0,10,0,0,10
2025,20250117,Bruno Armirail,19,Stage 19,0,0,0,0,0,4,0,0,4
2025,20250117,Bruno Armirail,20,Stage 20,0,0,0,0,0,0,0,0,0
2025,20250117,Bruno Armirail,21,Stage 21,0,0,0,0,0,0,0,0,0
2025,20250117,Bruno Armirail,22,Final Classifications,0,0,0,0,0,0,0,0,10
2025,20250279,Mattias Skjelmose,1,Stage 1,0,0,0,0,0,0,0,0,0
2025,20250279,Mattias Skjelmose,2,Stage 2,0,6,0,0,0,0,0,0,6
2025,20250279,Mattias Skjelmose,3,Stage 3,0,3,0,0,0,0,0,4,7
2025,20250279,Mattias Skjelmose,4,Stage 4,70,11,0,0,0,0,0,0,81
2025,20250279,Mattias Skjelmose,5,Stage 5,8,11,0,0,0,0,0,0,19
2025,20250279,Mattias Skjelmose,6,Stage 6,0,9,0,0,0,0,0,4,13
2025,20250279,Mattias Skjelmose,7,Stage 7,40,11,0,0,0,0,0,0,51
2025,20250279,Mattias Skjelmose,8,Stage 8,0,11,0,0,0,0,0,8,19
2025,20250279,Mattias Skjelmose,9,Stage 9,0,11,0,0,0,0,0,4,15
2025,20250279,Mattias Skjelmose,10,Stage 10,0,6,0,0,0,0,0,0,6
2025,20250279,Mattias Skjelmose,11,Stage 11,0,3,0,0,0,0,0,0,3
2025,20250279,Mattias Skjelmose,12,Stage 12,0,3,0,0,0,10,0,0,13
2025,20250279,Mattias Skjelmose,13,Stage 13,0,2,0,0,0,0,0,0,2
2025,20250279,Mattias Skjelmose,14,Stage 14,0,0,0,0,0,0,0,0,0
2025,20250279,Mattias Skjelmose,15,Stage 15,0,0,0,0,0,0,0,0,0
2025,20250279,Mattias Skjelmose,16,Stage 16,0,0,0,0,0,0,0,0,0
2025,20250279,Mattias Skjelmose,17,Stage 17,0,0,0,0,0,0,0,0,0
2025,20250279,Mattias Skjelmose,18,Stage 18,0,0,0,0,0,0,0,0,0
2025,20250279,Mattias Skjelmose,19,Stage 19,0,0,0,0,0,0,0,0,0
2025,20250279,Mattias Skjelmose,20,Stage 20,0,0,0,0,0,0,0,0,0
2025,20250279,Mattias Skjelmose,21,Stage 21,0,0,0,0,0,0,0,0,0
2025,20250279,Mattias Skjelmose,22,Final Classifications,0,0,0,0,0,0,0,0,0
2025,20250311,Einer Rubio,1,Stage 1,0,0,0,0,0,0,0,0,0
2025,20250311,Einer Rubio,2,Stage 2,0,0,0,0,0,0,0,0,0
2025,20250311,Einer Rubio,3,Stage 3,0,0,0,0,0,0,0,0,0
2025,20250311,Einer Rubio,4,Stage 4,0,0,0,0,0,0,0,0,0
2025,20250311,Einer Rubio,5,Stage 5,0,0,0,0,0,0,0,0,0
2025,20250311,Einer Rubio,6,Stage 6,0,0,0,0,0,0,0,0,0
2025,20250311,Einer Rubio,7,Stage 7,0,0,0,0,0,0,0,0,0
2025,20250311,Einer Rubio,8,Stage 8,0,0,0,0,0,0,0,0,0
2025,20250311,Einer Rubio,9,Stage 9,0,0,0,0,0,0,0,0,0
2025,20250311,Einer Rubio,10,Stage 10,0,0,0,0,0,0,0,0,0
2025,20250311,Einer Rubio,11,Stage 11,0,0,0,0,0,0,0,0,0
2025,20250311,Einer Rubio,12,Stage 12,50,0,0,0,0,2,0,0,52
2025,20250311,Einer Rubio,13,Stage 13,0,0,0,0,0,0,0,0,0
2025,20250311,Einer Rubio,14,Stage 14,25,0,0,0,0,2,0,0,27
2025,20250311,Einer Rubio,15,Stage 15,0,0,0,0,0,0,0,0,0
2025,20250311,Einer Rubio,16,Stage 16,0,0,0,0,0,0,0,0,0
2025,20250311,Einer Rubio,17,Stage 17,0,0,0,0,0,0,0,0,0
2025,20250311,Einer Rubio,18,Stage 18,120,0,0,0,0,18,0,0,138
2025,20250311,Einer Rubio,19,Stage 19,0,0,0,0,0,6,0,0,6
2025,20250311,Einer Rubio,20,Stage 20,0,0,0,0,0,0,0,0,0
2025,20250311,Einer Rubio,21,Stage 21,0,0,0,0,0,0,0,0,0
2025,20250311,Einer Rubio,22,Final Classifications,0,0,0,0,0,0,0,0,0
2025,20250398,Luke Plapp,1,Stage 1,0,0,0,0,0,0,0,0,0
2025,20250398,Luke Plapp,2,Stage 2,0,0,0,0,0,0,0,0,0
2025,20250398,Luke Plapp,3,Stage 3,0,0,0,0,0,0,0,0,0
2025,20250398,Luke Plapp,4,Stage 4,0,0,0,0,0,0,0,0,0
2025,20250398,Luke Plapp,5,Stage 5,70,0,0,0,0,0,0,0,70
2025,20250398,Luke Plapp,6,Stage 6,0,0,0,0,0,0,0,0,0
2025,20250398,Luke Plapp,7,Stage 7,0,0,0,0,0,0,0,0,0
2025,20250398,Luke Plapp,8,Stage 8,0,0,0,0,0,0,0,0,0
2025,20250398,Luke Plapp,9,Stage 9,0,0,0,0,1,0,0,0,1
2025,20250398,Luke Plapp,10,Stage 10,0,0,0,0,0,0,20,0,20
2025,20250398,Luke Plapp,11,Stage 11,0,0,0,0,0,0,0,4,4
2025,20250398,Luke Plapp,12,Stage 12,0,0,0,0,0,0,0,0,0
2025,20250398,Luke Plapp,13,Stage 13,120,0,0,0,0,0,0,0,120
2025,20250398,Luke Plapp,14,Stage 14,0,0,0,0,0,0,0,0,0
2025,20250398,Luke Plapp,15,Stage 15,0,0,0,0,0,0,0,0,0
2025,20250398,Luke Plapp,16,Stage 16,0,0,0,0,0,0,0,0,0
2025,20250398,Luke Plapp,17,Stage 17,0,0,0,0,0,0,0,0,0
2025,20250398,Luke Plapp,18,Stage 18,0,0,0,0,0,0,0,8,8
2025,20250398,Luke Plapp,19,Stage 19,0,0,0,0,0,0,0,0,0
2025,20250398,Luke Plapp,20,Stage 20,0,0,0,0,0,0,0,0,0
2025,20250398,Luke Plapp,21,Stage 21,0,0,0,0,0,0,0,0,0
2025,20250398,Luke Plapp,22,Final Classifications,0,0,0,0,0,0,0,0,0
2025,20250501,Sergio Higuita,1,Stage 1,0,0,0,0,0,0,0,0,0
2025,20250501,Sergio Higuita,2,Stage 2,0,0,0,0,0,0,0,0,0
2025,20250501,Sergio Higuita,3,Stage 3,0,0,0,0,0,0,0,0,0
2025,20250501,Sergio Higuita,4,Stage 4,0,0,0,0,0,0,0,0,0
2025,20250501,Sergio Higuita,5,Stage 5,0,0,0,0,0,0,0,0,0
2025,20250501,Sergio Higuita,6,Stage 6,0,0,0,0,0,0,0,0,0
2025,20250501,Sergio Higuita,7,Stage 7,4,0,0,0,0,0,0,0,4
2025,20250501,Sergio Higuita,8,Stage 8,0,0,0,0,0,0,0,0,0
2025,20250501,Sergio Higuita,9,Stage 9,0,0,0,0,0,0,0,0,0
2025,20250501,Sergio Higuita,10,Stage 10,4,0,0,0,0,0,0,0,4
2025,20250501,Sergio Higuita,11,Stage 11,0,0,0,0,0,0,0,0,0
2025,20250501,Sergio Higuita,12,Stage 12,30,0,0,0,0,0,0,0,30
2025,20250501,Sergio Higuita,13,Stage 13,0,0,0,0,0,0,0,0,0
2025,20250501,Sergio Higuita,14,Stage 14,4,2,0,0,0,0,0,0,6
2025,20250501,Sergio Higuita,15,Stage 15,0,2,0,0,0,0,0,0,2
2025,20250501,Sergio Higuita,16,Stage 16,0,2,0,0,0,0,0,0,2
2025,20250501,Sergio Higuita,17,Stage 17,0,2,0,0,0,0,0,0,2
2025,20250501,Sergio Higuita,18,Stage 18,30,6,0,0,0,0,0,0,36
2025,20250501,Sergio Higuita,19,Stage 19,0,6,0,0,0,0,0,0,6
2025,20250501,Sergio Higuita,20,Stage 20,0,7,0,0,0,0,0,0,7
2025,20250501,Sergio Higuita,21,Stage 21,0,7,0,0,0,0,0,4,11
2025,20250501,Sergio Higuita,22,Final Classifications,0,110,0,0,0,0,0,0,110
2025,20250341,Aleksandr Vlasov,1,Stage 1,0,0,0,0,0,0,0,0,0
2025,20250341,Aleksandr Vlasov,2,Stage 2,0,0,0,0,0,0,0,0,0
2025,20250341,Aleksandr Vlasov,3,Stage 3,0,0,0,0,0,0,0,0,0
2025,20250341,Aleksandr Vlasov,4,Stage 4,0,0,0,0,0,0,0,0,0
2025,20250341,Aleksandr Vlasov,5,Stage 5,0,0,0,0,0,0,0,0,0
2025,20250341,Aleksandr Vlasov,6,Stage 6,0,0,0,0,0,0,0,0,0
2025,20250341,Aleksandr Vlasov,7,Stage 7,0,0,0,0,0,0,0,0,0
2025,20250341,Aleksandr Vlasov,8,Stage 8,0,0,0,0,0,0,0,0,0
2025,20250341,Aleksandr Vlasov,9,Stage 9,0,0,0,0,0,0,0,0,0
2025,20250341,Aleksandr Vlasov,10,Stage 10,0,0,0,0,0,0,0,0,0
2025,20250341,Aleksandr Vlasov,11,Stage 11,0,0,0,0,0,0,0,0,0
2025,20250341,Aleksandr Vlasov,12,Stage 12,0,0,0,0,0,0,0,2,2
2025,20250341,Aleksandr Vlasov,13,Stage 13,0,0,0,0,0,0,0,0,0
2025,20250341,Aleksandr Vlasov,14,Stage 14,0,0,0,0,0,20,0,2,22
2025,20250341,Aleksandr Vlasov,15,Stage 15,110,0,0,0,0,0,0,4,114
2025,20250341,Aleksandr Vlasov,16,Stage 16,0,0,0,0,0,0,0,4,4
2025,20250341,Aleksandr Vlasov,17,Stage 17,0,0,0,0,0,0,0,8,8
2025,20250341,Aleksandr Vlasov,18,Stage 18,0,0,0,0,0,0,0,4,4
2025,20250341,Aleksandr Vlasov,19,Stage 19,0,0,0,0,0,0,0,4,4
2025,20250341,Aleksandr Vlasov,20,Stage 20,0,0,0,0,0,0,0,4,4
2025,20250341,Aleksandr Vlasov,21,Stage 21,0,0,0,0,0,0,0,4,4
2025,20250341,Aleksandr Vlasov,22,Final Classifications,0,0,0,0,0,0,0,30,50
2025,20250429,Frank Van Den Broek,1,Stage 1,0,0,0,0,0,0,0,0,0
2025,20250429,Frank Van Den Broek,2,Stage 2,0,0,0,0,0,0,0,0,0
2025,20250429,Frank Van Den Broek,3,Stage 3,0,0,0,0,0,0,0,0,0
2025,20250429,Frank Van Den Broek,4,Stage 4,0,0,0,0,0,0,0,0,0
2025,20250429,Frank Van Den Broek,5,Stage 5,0,0,0,0,0,0,0,0,0
2025,20250429,Frank Van Den Broek,6,Stage 6,0,0,0,0,0,0,0,0,0
2025,20250429,Frank Van Den Broek,7,Stage 7,0,0,0,0,0,0,0,2,2
2025,20250429,Frank Van Den Broek,8,Stage 8,0,0,0,0,0,0,0,0,0
2025,20250429,Frank Van Den Broek,9,Stage 9,0,0,0,0,0,0,0,0,0
2025,20250429,Frank Van Den Broek,10,Stage 10,0,0,0,0,0,0,0,0,0
2025,20250429,Frank Van Den Broek,11,Stage 11,0,0,0,0,0,0,0,0,0
2025,20250429,Frank Van Den Broek,12,Stage 12,0,0,0,0,0,0,0,0,0
2025,20250429,Frank Van Den Broek,13,Stage 13,0,0,0,0,0,0,0,0,0
2025,20250429,Frank Van Den Broek,14,Stage 14,0,0,0,0,0,0,0,0,0
2025,20250429,Frank Van Den Broek,15,Stage 15,0,0,0,0,0,0,0,0,0
2025,20250429,Frank Van Den Broek,16,Stage 16,0,0,0,0,0,0,0,0,0
2025,20250429,Frank Van Den Broek,17,Stage 17,0,0,0,0,0,0,0,2,2
2025,20250429,Frank Van Den Broek,18,Stage 18,0,0,0,0,0,0,0,0,0
2025,20250429,Frank Van Den Broek,19,Stage 19,0,0,0,0,0,0,0,0,0
2025,20250429,Frank Van Den Broek,20,Stage 20,180,0,0,0,12,0,20,0,212
2025,20250429,Frank Van Den Broek,21,Stage 21,0,0,0,0,0,0,0,0,0
2025,20250429,Frank Van Den Broek,22,Final Classifications,0,0,0,0,0,0,0,0,0
2025,20250514,Harold Tejada,1,Stage 1,0,0,0,0,0,0,0,0,0
2025,20250514,Harold Tejada,2,Stage 2,0,0,0,0,0,0,0,0,0
2025,20250514,Harold Tejada,3,Stage 3,0,0,0,0,0,0,0,0,0
2025,20250514,Harold Tejada,4,Stage 4,0,0,0,0,0,0,0,0,0
2025,20250514,Harold Tejada,5,Stage 5,0,0,0,0,0,0,0,0,0
2025,20250514,Harold Tejada,6,Stage 6,95,0,0,0,0,0,20,0,115
2025,20250514,Harold Tejada,7,Stage 7,0,0,0,0,0,0,0,0,0
2025,20250514,Harold Tejada,8,Stage 8,0,0,0,0,0,0,0,0,0
2025,20250514,Harold Tejada,9,Stage 9,0,0,0,0,0,0,0,0,0
2025,20250514,Harold Tejada,10,Stage 10,0,0,0,0,0,0,0,0,0
2025,20250514,Harold Tejada,11,Stage 11,0,0,0,0,0,0,0,0,0
2025,20250514,Harold Tejada,12,Stage 12,0,0,0,0,0,0,0,0,0
2025,20250514,Harold Tejada,13,Stage 13,0,0,0,0,0,0,0,0,0
2025,20250514,Harold Tejada,14,Stage 14,40,0,0,0,0,0,0,0,40
2025,20250514,Harold Tejada,15,Stage 15,50,0,0,0,0,0,0,0,50
2025,20250514,Harold Tejada,16,Stage 16,0,0,0,0,0,0,0,0,0
2025,20250514,Harold Tejada,17,Stage 17,0,0,0,0,0,0,0,0,0
2025,20250514,Harold Tejada,18,Stage 18,0,0,0,0,0,0,0,0,0
2025,20250514,Harold Tejada,19,Stage 19,4,0,0,0,0,0,0,0,4
2025,20250514,Harold Tejada,20,Stage 20,0,0,0,0,0,0,0,0,0
2025,20250514,Harold Tejada,21,Stage 21,0,0,0,0,0,0,0,4,4
2025,20250514,Harold Tejada,22,Final Classifications,0,0,0,0,0,0,0,0,0
2025,20250170,Harry Sweeny,1,Stage 1,30,7,0,0,0,0,0,0,37
2025,20250170,Harry Sweeny,2,Stage 2,0,0,0,0,0,0,0,0,0
2025,20250170,Harry Sweeny,3,Stage 3,0,0,0,0,0,0,0,0,0
2025,20250170,Harry Sweeny,4,Stage 4,0,0,0,0,0,0,0,0,0
2025,20250170,Harry Sweeny,5,Stage 5,0,0,0,0,0,0,0,0,0
2025,20250170,Harry Sweeny,6,Stage 6,0,0,0,0,0,0,0,8,8
2025,20250170,Harry Sweeny,7,Stage 7,0,0,0,0,0,0,0,0,0
2025,20250170,Harry Sweeny,8,Stage 8,0,0,0,0,0,0,0,0,0
2025,20250170,Harry Sweeny,9,Stage 9,0,0,0,0,0,0,0,0,0
2025,20250170,Harry Sweeny,10,Stage 10,0,0,0,0,12,0,20,10,42
2025,20250170,Harry Sweeny,11,Stage 11,0,0,0,0,0,0,0,8,8
2025,20250170,Harry Sweeny,12,Stage 12,0,0,0,0,0,0,0,0,0
2025,20250170,Harry Sweeny,13,Stage 13,25,0,0,0,0,0,0,0,25
2025,20250170,Harry Sweeny,14,Stage 14,0,0,0,0,0,0,0,0,0
2025,20250170,Harry Sweeny,15,Stage 15,0,0,0,0,0,0,0,0,0
2025,20250170,Harry Sweeny,16,Stage 16,0,0,0,0,0,0,0,4,4
2025,20250170,Harry Sweeny,17,Stage 17,0,0,0,0,0,0,0,0,0
2025,20250170,Harry Sweeny,18,Stage 18,0,0,0,0,0,0,0,0,0
2025,20250170,Harry Sweeny,19,Stage 19,0,0,0,0,0,0,0,0,0
2025,20250170,Harry Sweeny,20,Stage 20,60,0,0,0,5,0,20,0,85
2025,20250170,Harry Sweeny,21,Stage 21,0,0,0,0,0,0,0,0,0
2025,20250170,Harry Sweeny,22,Final Classifications,0,0,0,0,0,0,0,0,0
2025,20250370,Ilan Van Wilder,1,Stage 1,0,0,0,0,0,0,0,0,0
2025,20250370,Ilan Van Wilder,2,Stage 2,0,0,0,0,0,0,0,0,0
2025,20250370,Ilan Van Wilder,3,Stage 3,0,0,0,0,0,0,0,8,8
2025,20250370,Ilan Van Wilder,4,Stage 4,0,0,0,0,0,0,0,0,0
2025,20250370,Ilan Van Wilder,5,Stage 5,0,0,0,0,0,0,0,0,0
2025,20250370,Ilan Van Wilder,6,Stage 6,0,0,0,0,0,0,0,2,2
2025,20250370,Ilan Van Wilder,7,Stage 7,0,0,0,0,0,0,0,4,4
2025,20250370,Ilan Van Wilder,8,Stage 8,0,0,0,0,0,0,0,4,4
2025,20250370,Ilan Van Wilder,9,Stage 9,0,0,0,0,0,0,0,12,12
2025,20250370,Ilan Van Wilder,10,Stage 10,0,0,0,0,0,0,0,2,2
2025,20250370,Ilan Van Wilder,11,Stage 11,0,0,0,0,0,0,0,2,2
2025,20250370,Ilan Van Wilder,12,Stage 12,0,0,0,0,0,0,0,2,2
2025,20250370,Ilan Van Wilder,13,Stage 13,0,0,0,0,0,0,0,0,0
2025,20250370,Ilan Van Wilder,14,Stage 14,0,0,0,0,0,0,0,0,0
2025,20250370,Ilan Van Wilder,15,Stage 15,0,0,0,0,0,0,0,0,0
2025,20250370,Ilan Van Wilder,16,Stage 16,140,0,0,0,0,15,0,8,163
2025,20250370,Ilan Van Wilder,17,Stage 17,0,0,0,0,0,0,0,0,0
2025,20250370,Ilan Van Wilder,18,Stage 18,0,0,0,0,0,0,0,0,0
2025,20250370,Ilan Van Wilder,19,Stage 19,0,0,0,0,0,0,0,0,0
2025,20250370,Ilan Van Wilder,20,Stage 20,0,0,0,0,0,0,0,2,2
2025,20250370,Ilan Van Wilder,21,Stage 21,0,0,0,0,0,0,0,0,0
2025,20250370,Ilan Van Wilder,22,Final Classifications,0,0,0,0,0,0,0,0,0
2025,20250047,Cristián Rodríguez,1,Stage 1,0,0,0,0,0,0,0,0,0
2025,20250047,Cristián Rodríguez,2,Stage 2,0,0,0,0,0,0,0,0,0
2025,20250047,Cristián Rodríguez,3,Stage 3,0,0,0,0,0,0,0,0,0
2025,20250047,Cristián Rodríguez,4,Stage 4,0,0,0,0,0,0,0,0,0
2025,20250047,Cristián Rodríguez,5,Stage 5,0,0,0,0,0,0,0,0,0
2025,20250047,Cristián Rodríguez,6,Stage 6,0,0,0,0,0,0,0,0,0
2025,20250047,Cristián Rodríguez,7,Stage 7,16,0,0,0,0,0,0,2,18
2025,20250047,Cristián Rodríguez,8,Stage 8,0,0,0,0,0,0,0,2,2
2025,20250047,Cristián Rodríguez,9,Stage 9,0,0,0,0,0,0,0,2,2
2025,20250047,Cristián Rodríguez,10,Stage 10,0,0,0,0,0,0,0,0,0
2025,20250047,Cristián Rodríguez,11,Stage 11,0,0,0,0,0,0,0,0,0
2025,20250047,Cristián Rodríguez,12,Stage 12,60,2,0,0,0,0,0,2,64
2025,20250047,Cristián Rodríguez,13,Stage 13,12,3,0,0,0,0,0,0,15
2025,20250047,Cristián Rodríguez,14,Stage 14,0,3,0,0,0,0,0,0,3
2025,20250047,Cristián Rodríguez,15,Stage 15,0,3,0,0,0,0,0,0,3
2025,20250047,Cristián Rodríguez,16,Stage 16,0,4,0,0,0,0,0,0,4
2025,20250047,Cristián Rodríguez,17,Stage 17,0,4,0,0,0,0,0,0,4
2025,20250047,Cristián Rodríguez,18,Stage 18,0,0,0,0,0,0,0,0,0
2025,20250047,Cristián Rodríguez,19,Stage 19,0,0,0,0,0,0,0,0,0
2025,20250047,Cristián Rodríguez,20,Stage 20,0,1,0,0,0,0,0,0,1
2025,20250047,Cristián Rodríguez,21,Stage 21,0,1,0,0,0,0,0,0,1
2025,20250047,Cristián Rodríguez,22,Final Classifications,0,55,0,0,0,0,0,20,75
2025,20250073,Matej Mohorič,1,Stage 1,0,0,0,0,0,0,0,0,0
2025,20250073,Matej Mohorič,2,Stage 2,0,0,0,0,0,0,0,0,0
2025,20250073,Matej Mohorič,3,Stage 3,0,0,0,0,0,0,0,2,2
2025,20250073,Matej Mohorič,4,Stage 4,0,0,0,0,0,0,0,0,0
2025,20250073,Matej Mohorič,5,Stage 5,0,0,0,0,0,0,0,0,0
2025,20250073,Matej Mohorič,6,Stage 6,0,0,0,0,0,0,0,0,0
2025,20250073,Matej Mohorič,7,Stage 7,0,0,0,0,0,0,0,0,0
2025,20250073,Matej Mohorič,8,Stage 8,0,0,0,0,0,0,0,0,0
2025,20250073,Matej Mohorič,9,Stage 9,0,0,0,0,0,0,0,0,0
2025,20250073,Matej Mohorič,10,Stage 10,0,0,0,0,0,0,0,0,0
2025,20250073,Matej Mohorič,11,Stage 11,0,0,0,0,0,0,0,0,0
2025,20250073,Matej Mohorič,12,Stage 12,0,0,0,0,0,0,0,0,0
2025,20250073,Matej Mohorič,13,Stage 13,0,0,0,0,0,0,0,0,0
2025,20250073,Matej Mohorič,14,Stage 14,0,0,0,0,0,0,0,0,0
2025,20250073,Matej Mohorič,15,Stage 15,0,0,0,0,6,0,20,0,26
2025,20250073,Matej Mohorič,16,Stage 16,0,0,0,0,0,0,0,2,2
2025,20250073,Matej Mohorič,17,Stage 17,0,0,0,0,0,0,0,0,0
2025,20250073,Matej Mohorič,18,Stage 18,0,0,0,0,0,0,0,0,0
2025,20250073,Matej Mohorič,19,Stage 19,0,0,0,0,0,0,0,0,0
2025,20250073,Matej Mohorič,20,Stage 20,0,0,0,0,0,0,0,0,0
2025,20250073,Matej Mohorič,21,Stage 21,160,0,0,0,0,0,0,0,160
2025,20250073,Matej Mohorič,22,Final Classifications,0,0,0,0,0,0,0,0,0
2025,20250515,Mike Teunissen,1,Stage 1,50,10,0,0,0,0,0,0,60
2025,20250515,Mike Teunissen,2,Stage 2,0,0,0,0,0,0,0,0,0
2025,20250515,Mike Teunissen,3,Stage 3,0,0,0,0,0,0,0,0,0
2025,20250515,Mike Teunissen,4,Stage 4,0,0,0,0,0,0,0,0,0
2025,20250515,Mike Teunissen,5,Stage 5,0,0,0,0,0,0,0,0,0
2025,20250515,Mike Teunissen,6,Stage 6,0,0,0,0,0,0,0,0,0
2025,20250515,Mike Teunissen,7,Stage 7,0,0,0,0,0,0,0,0,0
2025,20250515,Mike Teunissen,8,Stage 8,0,0,0,0,0,0,0,0,0
2025,20250515,Mike Teunissen,9,Stage 9,0,0,0,0,0,0,0,0,0
2025,20250515,Mike Teunissen,10,Stage 10,0,0,0,0,0,0,0,0,0
2025,20250515,Mike Teunissen,11,Stage 11,0,0,0,0,0,0,0,0,0
2025,20250515,Mike Teunissen,12,Stage 12,0,0,0,0,0,0,0,0,0
2025,20250515,Mike Teunissen,13,Stage 13,0,0,0,0,0,0,0,0,0
2025,20250515,Mike Teunissen,14,Stage 14,0,0,0,0,0,0,0,0,0
2025,20250515,Mike Teunissen,15,Stage 15,0,0,0,0,0,0,0,0,0
2025,20250515,Mike Teunissen,16,Stage 16,0,0,0,0,0,0,0,0,0
2025,20250515,Mike Teunissen,17,Stage 17,25,0,0,0,0,0,0,0,25
2025,20250515,Mike Teunissen,18,Stage 18,0,0,0,0,0,0,0,0,0
2025,20250515,Mike Teunissen,19,Stage 19,0,0,0,0,0,0,0,0,0
2025,20250515,Mike Teunissen,20,Stage 20,30,0,0,0,0,0,0,0,30
2025,20250515,Mike Teunissen,21,Stage 21,70,0,0,0,0,0,0,4,74
2025,20250515,Mike Teunissen,22,Final Classifications,0,0,0,0,0,0,0,0,0
2025,20250281,Jasper Stuyven,1,Stage 1,0,0,0,0,0,0,0,0,0
2025,20250281,Jasper Stuyven,2,Stage 2,0,0,0,0,0,0,0,0,0
2025,20250281,Jasper Stuyven,3,Stage 3,0,0,0,0,0,0,0,4,4
2025,20250281,Jasper Stuyven,4,Stage 4,0,0,0,0,0,0,0,0,0
2025,20250281,Jasper Stuyven,5,Stage 5,0,0,0,0,0,0,0,0,0
2025,20250281,Jasper Stuyven,6,Stage 6,0,0,0,0,0,0,0,4,4
2025,20250281,Jasper Stuyven,7,Stage 7,0,0,0,0,0,0,0,0,0
2025,20250281,Jasper Stuyven,8,Stage 8,0,0,0,0,0,0,0,8,8
2025,20250281,Jasper Stuyven,9,Stage 9,0,0,0,0,0,0,0,4,4
2025,20250281,Jasper Stuyven,10,Stage 10,0,0,0,0,0,0,0,0,0
2025,20250281,Jasper Stuyven,11,Stage 11,0,0,0,0,0,0,0,0,0
2025,20250281,Jasper Stuyven,12,Stage 12,0,0,0,0,0,0,0,0,0
2025,20250281,Jasper Stuyven,13,Stage 13,0,0,0,0,0,0,0,0,0
2025,20250281,Jasper Stuyven,14,Stage 14,0,0,0,0,0,0,0,0,0
2025,20250281,Jasper Stuyven,15,Stage 15,95,0,0,0,0,0,0,0,95
2025,20250281,Jasper Stuyven,16,Stage 16,0,0,0,0,0,0,0,0,0
2025,20250281,Jasper Stuyven,17,Stage 17,60,0,0,0,0,0,0,8,68
2025,20250281,Jasper Stuyven,18,Stage 18,0,0,0,0,0,0,0,0,0
2025,20250281,Jasper Stuyven,19,Stage 19,0,0,0,0,4,0,0,0,4
2025,20250281,Jasper Stuyven,20,Stage 20,0,0,0,0,0,0,0,0,0
2025,20250281,Jasper Stuyven,21,Stage 21,0,0,0,0,0,0,0,0,0
2025,20250281,Jasper Stuyven,22,Final Classifications,0,0,0,0,0,0,0,0,0
2025,20250016,Xandro Meurisse,1,Stage 1,0,0,0,0,0,0,0,18,18
2025,20250016,Xandro Meurisse,2,Stage 2,0,0,0,0,0,0,0,18,18
2025,20250016,Xandro Meurisse,3,Stage 3,0,0,0,0,0,0,0,10,10
2025,20250016,Xandro Meurisse,4,Stage 4,0,0,0,0,0,0,0,12,12
2025,20250016,Xandro Meurisse,5,Stage 5,0,0,0,0,0,0,0,0,0
2025,20250016,Xandro Meurisse,6,Stage 6,0,0,0,0,0,0,0,8,8
2025,20250016,Xandro Meurisse,7,Stage 7,12,0,0,0,0,0,0,0,12
2025,20250016,Xandro Meurisse,8,Stage 8,0,0,0,0,0,0,0,2,2
2025,20250016,Xandro Meurisse,9,Stage 9,0,0,0,0,0,0,0,0,0
2025,20250016,Xandro Meurisse,10,Stage 10,0,0,0,0,0,0,0,0,0
2025,20250016,Xandro Meurisse,11,Stage 11,0,0,0,0,0,0,0,2,2
2025,20250016,Xandro Meurisse,12,Stage 12,0,0,0,0,0,0,0,0,0
2025,20250016,Xandro Meurisse,13,Stage 13,0,0,0,0,0,0,0,0,0
2025,20250016,Xandro Meurisse,14,Stage 14,0,0,0,0,0,0,0,0,0
2025,20250016,Xandro Meurisse,15,Stage 15,0,0,0,0,0,0,0,0,0
2025,20250016,Xandro Meurisse,16,Stage 16,35,0,0,0,0,0,0,0,35
2025,20250016,Xandro Meurisse,17,Stage 17,0,0,0,0,0,0,0,0,0
2025,20250016,Xandro Meurisse,18,Stage 18,0,0,0,0,0,0,0,0,0
2025,20250016,Xandro Meurisse,19,Stage 19,0,0,0,0,0,0,0,0,0
2025,20250016,Xandro Meurisse,20,Stage 20,12,0,0,0,0,0,0,8,20
2025,20250016,Xandro Meurisse,21,Stage 21,0,0,0,0,0,0,0,0,0
2025,20250016,Xandro Meurisse,22,Final Classifications,0,0,0,0,0,0,0,0,45
2025,20250303,Gregor Mühlberger,1,Stage 1,0,0,0,0,0,0,0,0,0
2025,20250303,Gregor Mühlberger,2,Stage 2,0,0,0,0,0,0,0,0,0
2025,20250303,Gregor Mühlberger,3,Stage 3,0,0,0,0,0,0,0,0,0
2025,20250303,Gregor Mühlberger,4,Stage 4,0,0,0,0,0,0,0,0,0
2025,20250303,Gregor Mühlberger,5,Stage 5,0,0,0,0,0,0,0,0,0
2025,20250303,Gregor Mühlberger,6,Stage 6,0,0,0,0,0,0,0,0,0
2025,20250303,Gregor Mühlberger,7,Stage 7,0,0,0,0,0,0,0,0,0
2025,20250303,Gregor Mühlberger,8,Stage 8,0,0,0,0,0,0,0,0,0
2025,20250303,Gregor Mühlberger,9,Stage 9,0,0,0,0,0,0,0,0,0
2025,20250303,Gregor Mühlberger,10,Stage 10,0,0,0,0,0,0,0,0,0
2025,20250303,Gregor Mühlberger,11,Stage 11,0,0,0,0,0,0,0,0,0
2025,20250303,Gregor Mühlberger,12,Stage 12,0,0,0,0,0,0,0,0,0
2025,20250303,Gregor Mühlberger,13,Stage 13,0,0,0,0,0,0,0,0,0
2025,20250303,Gregor Mühlberger,14,Stage 14,0,0,0,0,0,0,0,0,0
2025,20250303,Gregor Mühlberger,15,Stage 15,0,0,0,0,0,0,0,0,0
2025,20250303,Gregor Mühlberger,16,Stage 16,50,0,0,0,0,0,0,0,50
2025,20250303,Gregor Mühlberger,17,Stage 17,0,0,0,0,0,0,0,0,0
2025,20250303,Gregor Mühlberger,18,Stage 18,0,0,0,0,0,15,0,0,15
2025,20250303,Gregor Mühlberger,19,Stage 19,25,3,0,0,0,0,0,0,28
2025,20250303,Gregor Mühlberger,20,Stage 20,0,3,0,0,0,0,0,0,3
2025,20250303,Gregor Mühlberger,21,Stage 21,0,3,0,0,0,0,0,0,3
2025,20250303,Gregor Mühlberger,22,Final Classifications,0,70,0,0,0,0,0,0,70
2025,20250912,Jake Stewart,1,Stage 1,0,0,0,0,0,0,0,0,0
2025,20250912,Jake Stewart,2,Stage 2,0,0,0,0,0,0,0,0,0
2025,20250912,Jake Stewart,3,Stage 3,30,0,0,0,0,0,0,0,30
2025,20250912,Jake Stewart,4,Stage 4,0,0,0,0,0,0,0,0,0
2025,20250912,Jake Stewart,5,Stage 5,0,0,0,0,0,0,0,0,0
2025,20250912,Jake Stewart,6,Stage 6,0,0,0,0,0,0,0,0,0
2025,20250912,Jake Stewart,7,Stage 7,0,0,0,0,0,0,0,0,0
2025,20250912,Jake Stewart,8,Stage 8,0,0,0,0,0,0,0,0,0
2025,20250912,Jake Stewart,9,Stage 9,0,0,0,0,0,0,0,0,0
2025,20250912,Jake Stewart,10,Stage 10,0,0,0,0,0,0,0,0,0
2025,20250912,Jake Stewart,11,Stage 11,0,0,0,0,0,0,0,0,0
2025,20250912,Jake Stewart,12,Stage 12,0,0,0,0,0,0,0,0,0
2025,20250912,Jake Stewart,13,Stage 13,0,0,0,0,0,0,0,0,0
2025,20250912,Jake Stewart,14,Stage 14,0,0,0,0,0,0,0,0,0
2025,20250912,Jake Stewart,15,Stage 15,0,0,0,0,8,0,0,0,8
2025,20250912,Jake Stewart,16,Stage 16,0,0,0,0,0,0,0,0,0
2025,20250912,Jake Stewart,17,Stage 17,0,0,0,0,0,0,0,0,0
2025,20250912,Jake Stewart,18,Stage 18,0,0,0,0,0,0,0,0,0
2025,20250912,Jake Stewart,19,Stage 19,0,0,0,0,0,0,0,0,0
2025,20250912,Jake Stewart,20,Stage 20,110,0,0,0,0,0,20,0,130
2025,20250912,Jake Stewart,21,Stage 21,0,0,0,0,0,0,0,0,0
2025,20250912,Jake Stewart,22,Final Classifications,0,0,0,0,0,0,0,0,0
2025,20250890,Joseph Blackmore,1,Stage 1,0,0,0,0,0,0,0,0,0
2025,20250890,Joseph Blackmore,2,Stage 2,0,13,0,0,0,0,0,0,13
2025,20250890,Joseph Blackmore,3,Stage 3,0,14,0,0,0,0,0,0,14
2025,20250890,Joseph Blackmore,4,Stage 4,0,6,0,0,0,0,0,0,6
2025,20250890,Joseph Blackmore,5,Stage 5,0,0,0,0,0,0,0,0,0
2025,20250890,Joseph Blackmore,6,Stage 6,0,0,0,0,0,0,0,0,0
2025,20250890,Joseph Blackmore,7,Stage 7,0,0,0,0,0,0,0,0,0
2025,20250890,Joseph Blackmore,8,Stage 8,0,0,0,0,0,0,0,0,0
2025,20250890,Joseph Blackmore,9,Stage 9,0,0,0,0,0,0,0,0,0
2025,20250890,Joseph Blackmore,10,Stage 10,110,0,0,0,4,0,20,0,134
2025,20250890,Joseph Blackmore,11,Stage 11,0,0,0,0,0,0,0,0,0
2025,20250890,Joseph Blackmore,12,Stage 12,0,0,0,0,0,0,0,0,0
2025,20250890,Joseph Blackmore,13,Stage 13,0,0,0,0,0,0,0,0,0
2025,20250890,Joseph Blackmore,14,Stage 14,0,0,0,0,0,0,0,0,0
2025,20250890,Joseph Blackmore,15,Stage 15,0,0,0,0,0,0,0,0,0
2025,20250890,Joseph Blackmore,16,Stage 16,0,0,0,0,0,0,0,0,0
2025,20250890,Joseph Blackmore,17,Stage 17,0,0,0,0,0,0,0,0,0
2025,20250890,Joseph Blackmore,18,Stage 18,0,0,0,0,0,0,0,0,0
2025,20250890,Joseph Blackmore,19,Stage 19,0,0,0,0,0,0,0,0,0
2025,20250890,Joseph Blackmore,20,Stage 20,0,0,0,0,0,0,0,0,0
2025,20250890,Joseph Blackmore,21,Stage 21,0,0,0,0,0,0,0,0,0
2025,20250890,Joseph Blackmore,22,Final Classifications,0,0,0,0,0,0,0,0,0
2025,20250381,Eddie Dunbar,1,Stage 1,0,0,0,0,0,0,0,0,0
2025,20250381,Eddie Dunbar,2,Stage 2,0,0,0,0,0,0,0,0,0
2025,20250381,Eddie Dunbar,3,Stage 3,0,0,0,0,0,0,0,0,0
2025,20250381,Eddie Dunbar,4,Stage 4,0,0,0,0,0,0,0,0,0
2025,20250381,Eddie Dunbar,5,Stage 5,0,0,0,0,0,0,0,0,0
2025,20250381,Eddie Dunbar,6,Stage 6,140,0,0,4,0,0,20,0,164
2025,20250381,Eddie Dunbar,7,Stage 7,0,0,0,1,0,0,0,0,1
2025,20250381,Eddie Dunbar,8,Stage 8,0,0,0,0,0,0,0,0,0
2025,20250381,Eddie Dunbar,9,Stage 9,0,0,0,0,0,0,0,0,0
2025,20250381,Eddie Dunbar,10,Stage 10,0,0,0,0,0,0,0,0,0
2025,20250381,Eddie Dunbar,11,Stage 11,0,0,0,0,0,0,0,0,0
2025,20250381,Eddie Dunbar,12,Stage 12,0,0,0,0,0,0,0,0,0
2025,20250381,Eddie Dunbar,13,Stage 13,0,0,0,0,0,0,0,0,0
2025,20250381,Eddie Dunbar,14,Stage 14,0,0,0,0,0,0,0,0,0
2025,20250381,Eddie Dunbar,15,Stage 15,0,0,0,0,0,0,0,0,0
2025,20250381,Eddie Dunbar,16,Stage 16,0,0,0,0,0,0,0,0,0
2025,20250381,Eddie Dunbar,17,Stage 17,0,0,0,0,0,0,0,0,0
2025,20250381,Eddie Dunbar,18,Stage 18,0,0,0,0,0,0,0,0,0
2025,20250381,Eddie Dunbar,19,Stage 19,0,0,0,0,0,0,0,0,0
2025,20250381,Eddie Dunbar,20,Stage 20,0,0,0,0,0,0,0,0,0
2025,20250381,Eddie Dunbar,21,Stage 21,0,0,0,0,0,0,0,0,0
2025,20250381,Eddie Dunbar,22,Final Classifications,0,0,0,0,0,0,0,0,0
2025,20250309,Iván Romeo,1,Stage 1,0,0,0,0,0,0,0,0,0
2025,20250309,Iván Romeo,2,Stage 2,0,0,0,0,0,0,0,0,0
2025,20250309,Iván Romeo,3,Stage 3,0,0,0,0,0,0,0,0,0
2025,20250309,Iván Romeo,4,Stage 4,0,0,0,0,0,0,0,0,0
2025,20250309,Iván Romeo,5,Stage 5,95,0,0,0,0,0,0,0,95
2025,20250309,Iván Romeo,6,Stage 6,0,0,0,0,0,0,0,0,0
2025,20250309,Iván Romeo,7,Stage 7,0,0,0,0,0,0,0,0,0
2025,20250309,Iván Romeo,8,Stage 8,0,0,0,0,0,0,0,0,0
2025,20250309,Iván Romeo,9,Stage 9,0,0,0,0,0,0,0,0,0
2025,20250309,Iván Romeo,10,Stage 10,0,0,0,0,8,0,0,0,8
2025,20250309,Iván Romeo,11,Stage 11,0,0,0,0,0,0,0,0,0
2025,20250309,Iván Romeo,12,Stage 12,0,0,0,0,0,0,0,0,0
2025,20250309,Iván Romeo,13,Stage 13,0,0,0,0,0,0,0,0,0
2025,20250309,Iván Romeo,14,Stage 14,0,0,0,0,0,0,0,0,0
2025,20250309,Iván Romeo,15,Stage 15,30,0,0,0,0,0,0,0,30
2025,20250309,Iván Romeo,16,Stage 16,0,0,0,0,0,0,0,0,0
2025,20250309,Iván Romeo,17,Stage 17,0,0,0,0,0,0,0,0,0
2025,20250309,Iván Romeo,18,Stage 18,0,0,0,0,0,0,0,0,0
2025,20250309,Iván Romeo,19,Stage 19,0,0,0,0,0,0,0,0,0
2025,20250309,Iván Romeo,20,Stage 20,0,0,0,0,1,0,20,0,21
2025,20250309,Iván Romeo,21,Stage 21,0,0,0,0,0,0,0,0,0
2025,20250309,Iván Romeo,22,Final Classifications,0,0,0,0,0,0,0,0,0
2025,20251396,Stian Fredheim,1,Stage 1,0,0,0,0,0,0,0,4,4
2025,20251396,Stian Fredheim,2,Stage 2,0,0,0,0,0,0,0,0,0
2025,20251396,Stian Fredheim,3,Stage 3,0,0,0,0,0,0,0,0,0
2025,20251396,Stian Fredheim,4,Stage 4,0,0,0,0,0,0,0,0,0
2025,20251396,Stian Fredheim,5,Stage 5,0,0,0,0,0,0,0,0,0
2025,20251396,Stian Fredheim,6,Stage 6,0,0,0,0,0,0,0,0,0
2025,20251396,Stian Fredheim,7,Stage 7,0,0,0,0,0,0,0,0,0
2025,20251396,Stian Fredheim,8,Stage 8,60,0,0,0,0,0,0,0,60
2025,20251396,Stian Fredheim,9,Stage 9,70,0,0,0,0,0,0,0,70
2025,20251396,Stian Fredheim,10,Stage 10,0,0,0,0,0,0,0,0,0
2025,20251396,Stian Fredheim,11,Stage 11,0,0,0,0,0,0,0,8,8
2025,20251396,Stian Fredheim,12,Stage 12,0,0,0,0,8,0,0,0,8
2025,20251396,Stian Fredheim,13,Stage 13,0,0,0,0,0,0,0,0,0
2025,20251396,Stian Fredheim,14,Stage 14,0,0,0,0,0,0,0,0,0
2025,20251396,Stian Fredheim,15,Stage 15,0,0,0,0,0,0,0,0,0
2025,20251396,Stian Fredheim,16,Stage 16,0,0,0,0,0,0,0,0,0
2025,20251396,Stian Fredheim,17,Stage 17,0,0,0,0,0,0,0,0,0
2025,20251396,Stian Fredheim,18,Stage 18,0,0,0,0,0,0,0,0,0
2025,20251396,Stian Fredheim,19,Stage 19,0,0,0,0,0,0,0,0,0
2025,20251396,Stian Fredheim,20,Stage 20,0,0,0,0,0,0,0,0,0
2025,20251396,Stian Fredheim,21,Stage 21,0,0,0,0,0,0,0,0,0
2025,20251396,Stian Fredheim,22,Final Classifications,0,0,0,0,0,0,0,0,0
2025,20251401,Anders Halland Johannessen,1,Stage 1,0,0,0,0,0,0,0,4,4
2025,20251401,Anders Halland Johannessen,2,Stage 2,0,0,0,0,0,0,0,0,0
2025,20251401,Anders Halland Johannessen,3,Stage 3,0,0,0,0,0,0,0,0,0
2025,20251401,Anders Halland Johannessen,4,Stage 4,0,0,0,0,0,0,0,0,0
2025,20251401,Anders Halland Johannessen,5,Stage 5,0,0,0,0,0,0,0,0,0
2025,20251401,Anders Halland Johannessen,6,Stage 6,0,0,0,0,0,0,0,0,0
2025,20251401,Anders Halland Johannessen,7,Stage 7,0,0,0,0,0,0,0,0,0
2025,20251401,Anders Halland Johannessen,8,Stage 8,0,0,0,0,0,0,0,0,0
2025,20251401,Anders Halland Johannessen,9,Stage 9,0,0,0,0,0,0,0,0,0
2025,20251401,Anders Halland Johannessen,10,Stage 10,95,0,0,0,20,0,20,0,135
2025,20251401,Anders Halland Johannessen,11,Stage 11,0,0,0,0,0,0,0,8,8
2025,20251401,Anders Halland Johannessen,12,Stage 12,0,0,0,0,0,0,0,0,0
2025,20251401,Anders Halland Johannessen,13,Stage 13,0,0,0,0,0,0,0,0,0
2025,20251401,Anders Halland Johannessen,14,Stage 14,0,0,0,0,0,0,0,0,0
2025,20251401,Anders Halland Johannessen,15,Stage 15,0,0,0,0,0,0,0,0,0
2025,20251401,Anders Halland Johannessen,16,Stage 16,0,0,0,0,0,0,0,0,0
2025,20251401,Anders Halland Johannessen,17,Stage 17,0,0,0,0,0,0,0,0,0
2025,20251401,Anders Halland Johannessen,18,Stage 18,0,0,0,0,0,0,0,0,0
2025,20251401,Anders Halland Johannessen,19,Stage 19,0,0,0,0,0,0,0,0,0
2025,20251401,Anders Halland Johannessen,20,Stage 20,0,0,0,0,0,0,0,0,0
2025,20251401,Anders Halland Johannessen,21,Stage 21,0,0,0,0,0,0,0,0,0
2025,20251401,Anders Halland Johannessen,22,Final Classifications,0,0,0,0,0,0,0,0,0
2025,20250192,Valentin Madouas,1,Stage 1,0,0,0,0,0,0,0,4,4
2025,20250192,Valentin Madouas,2,Stage 2,0,0,0,0,0,0,0,8,8
2025,20250192,Valentin Madouas,3,Stage 3,0,0,0,0,0,0,0,8,8
2025,20250192,Valentin Madouas,4,Stage 4,0,0,0,0,0,0,0,4,4
2025,20250192,Valentin Madouas,5,Stage 5,0,0,0,0,0,0,0,0,0
2025,20250192,Valentin Madouas,6,Stage 6,0,0,0,0,0,0,0,2,2
2025,20250192,Valentin Madouas,7,Stage 7,0,0,0,0,0,0,0,2,2
2025,20250192,Valentin Madouas,8,Stage 8,0,0,0,0,0,0,0,2,2
2025,20250192,Valentin Madouas,9,Stage 9,0,0,0,0,0,0,0,2,2
2025,20250192,Valentin Madouas,10,Stage 10,0,0,0,0,0,0,0,0,0
2025,20250192,Valentin Madouas,11,Stage 11,0,0,0,0,0,0,0,2,2
2025,20250192,Valentin Madouas,12,Stage 12,0,0,0,0,0,0,0,0,0
2025,20250192,Valentin Madouas,13,Stage 13,0,0,0,0,0,0,0,0,0
2025,20250192,Valentin Madouas,14,Stage 14,0,0,0,0,0,0,0,0,0
2025,20250192,Valentin Madouas,15,Stage 15,60,0,0,0,0,0,0,0,60
2025,20250192,Valentin Madouas,16,Stage 16,0,0,0,0,0,0,0,0,0
2025,20250192,Valentin Madouas,17,Stage 17,0,0,0,0,0,0,0,0,0
2025,20250192,Valentin Madouas,18,Stage 18,0,2,0,0,0,0,0,0,2
2025,20250192,Valentin Madouas,19,Stage 19,0,0,0,0,0,0,0,0,0
2025,20250192,Valentin Madouas,20,Stage 20,0,0,0,0,0,0,0,0,0
2025,20250192,Valentin Madouas,21,Stage 21,0,0,0,0,0,0,0,0,0
2025,20250192,Valentin Madouas,22,Final Classifications,0,0,0,0,0,0,0,0,50
2025,20251270,Mathieu Burgaudeau,1,Stage 1,0,0,0,0,0,0,0,0,0
2025,20251270,Mathieu Burgaudeau,2,Stage 2,0,0,0,0,0,0,0,0,0
2025,20251270,Mathieu Burgaudeau,3,Stage 3,0,0,0,0,0,0,0,0,0
2025,20251270,Mathieu Burgaudeau,4,Stage 4,0,0,0,0,0,0,0,0,0
2025,20251270,Mathieu Burgaudeau,5,Stage 5,0,0,0,0,0,0,0,0,0
2025,20251270,Mathieu Burgaudeau,6,Stage 6,0,0,0,0,0,0,0,0,0
2025,20251270,Mathieu Burgaudeau,7,Stage 7,0,0,0,0,0,0,0,0,0
2025,20251270,Mathieu Burgaudeau,8,Stage 8,0,0,0,0,0,0,0,0,0
2025,20251270,Mathieu Burgaudeau,9,Stage 9,0,0,0,0,0,0,0,0,0
2025,20251270,Mathieu Burgaudeau,10,Stage 10,0,0,0,0,0,0,0,0,0
2025,20251270,Mathieu Burgaudeau,11,Stage 11,80,0,0,0,6,0,20,0,106
2025,20251270,Mathieu Burgaudeau,12,Stage 12,0,0,0,0,0,0,0,0,0
2025,20251270,Mathieu Burgaudeau,13,Stage 13,0,0,0,0,0,0,0,0,0
2025,20251270,Mathieu Burgaudeau,14,Stage 14,0,0,0,0,0,0,0,0,0
2025,20251270,Mathieu Burgaudeau,15,Stage 15,0,0,0,0,0,0,0,0,0
2025,20251270,Mathieu Burgaudeau,16,Stage 16,0,0,0,0,0,0,0,0,0
2025,20251270,Mathieu Burgaudeau,17,Stage 17,0,0,0,0,16,0,20,0,36
2025,20251270,Mathieu Burgaudeau,18,Stage 18,0,0,0,0,0,0,0,0,0
2025,20251270,Mathieu Burgaudeau,19,Stage 19,0,0,0,0,0,0,0,0,0
2025,20251270,Mathieu Burgaudeau,20,Stage 20,0,0,0,0,0,0,0,0,0
2025,20251270,Mathieu Burgaudeau,21,Stage 21,0,0,0,0,0,0,0,0,0
2025,20251270,Mathieu Burgaudeau,22,Final Classifications,0,0,0,0,0,0,0,0,0
2025,20250497,Yevgeniy Fedorov,1,Stage 1,0,0,0,0,0,0,0,0,0
2025,20250497,Yevgeniy Fedorov,2,Stage 2,0,0,0,0,20,0,20,0,40
2025,20250497,Yevgeniy Fedorov,3,Stage 3,20,0,0,0,0,0,0,0,20
2025,20250497,Yevgeniy Fedorov,4,Stage 4,0,0,0,0,0,0,0,0,0
2025,20250497,Yevgeniy Fedorov,5,Stage 5,0,0,0,0,0,0,0,0,0
2025,20250497,Yevgeniy Fedorov,6,Stage 6,0,0,0,0,0,0,0,0,0
2025,20250497,Yevgeniy Fedorov,7,Stage 7,0,0,0,0,0,0,0,0,0
2025,20250497,Yevgeniy Fedorov,8,Stage 8,0,0,0,0,0,0,0,0,0
2025,20250497,Yevgeniy Fedorov,9,Stage 9,0,0,0,0,0,0,0,0,0
2025,20250497,Yevgeniy Fedorov,10,Stage 10,0,0,0,0,0,0,0,0,0
2025,20250497,Yevgeniy Fedorov,11,Stage 11,0,0,0,0,0,0,0,0,0
2025,20250497,Yevgeniy Fedorov,12,Stage 12,0,0,0,0,0,0,0,0,0
2025,20250497,Yevgeniy Fedorov,13,Stage 13,0,0,0,0,0,0,0,0,0
2025,20250497,Yevgeniy Fedorov,14,Stage 14,0,0,0,0,0,0,0,0,0
2025,20250497,Yevgeniy Fedorov,15,Stage 15,0,0,0,0,0,0,0,0,0
2025,20250497,Yevgeniy Fedorov,16,Stage 16,0,0,0,0,0,0,0,0,0
2025,20250497,Yevgeniy Fedorov,17,Stage 17,80,0,0,0,0,0,0,0,80
2025,20250497,Yevgeniy Fedorov,18,Stage 18,0,0,0,0,0,0,0,0,0
2025,20250497,Yevgeniy Fedorov,19,Stage 19,0,0,0,0,0,0,0,0,0
2025,20250497,Yevgeniy Fedorov,20,Stage 20,0,0,0,0,0,0,0,0,0
2025,20250497,Yevgeniy Fedorov,21,Stage 21,0,0,0,0,0,0,0,0,0
2025,20250497,Yevgeniy Fedorov,22,Final Classifications,0,0,0,0,0,0,0,0,0
2025,20250036,Raúl García Pierna,1,Stage 1,0,0,0,0,0,0,0,0,0
2025,20250036,Raúl García Pierna,2,Stage 2,0,0,0,0,0,0,0,0,0
2025,20250036,Raúl García Pierna,3,Stage 3,0,0,0,0,0,0,0,0,0
2025,20250036,Raúl García Pierna,4,Stage 4,0,0,0,0,0,0,0,0,0
2025,20250036,Raúl García Pierna,5,Stage 5,16,0,0,0,0,0,0,0,16
2025,20250036,Raúl García Pierna,6,Stage 6,0,0,0,0,0,0,0,0,0
2025,20250036,Raúl García Pierna,7,Stage 7,0,0,0,0,0,0,0,2,2
2025,20250036,Raúl García Pierna,8,Stage 8,0,0,0,0,0,0,0,2,2
2025,20250036,Raúl García Pierna,9,Stage 9,0,0,0,0,0,0,0,2,2
2025,20250036,Raúl García Pierna,10,Stage 10,0,0,0,0,0,0,20,0,20
2025,20250036,Raúl García Pierna,11,Stage 11,0,0,0,0,0,0,0,0,0
2025,20250036,Raúl García Pierna,12,Stage 12,40,0,0,0,0,0,0,2,42
2025,20250036,Raúl García Pierna,13,Stage 13,0,0,0,0,0,0,0,0,0
2025,20250036,Raúl García Pierna,14,Stage 14,0,0,0,0,0,0,0,0,0
2025,20250036,Raúl García Pierna,15,Stage 15,0,0,0,0,0,0,0,0,0
2025,20250036,Raúl García Pierna,16,Stage 16,8,0,0,0,0,0,0,0,8
2025,20250036,Raúl García Pierna,17,Stage 17,0,0,0,0,0,0,0,0,0
2025,20250036,Raúl García Pierna,18,Stage 18,0,0,0,0,0,0,0,0,0
2025,20250036,Raúl García Pierna,19,Stage 19,0,0,0,0,0,0,0,0,0
2025,20250036,Raúl García Pierna,20,Stage 20,0,0,0,0,0,0,0,0,0
2025,20250036,Raúl García Pierna,21,Stage 21,0,0,0,0,0,0,0,0,0
2025,20250036,Raúl García Pierna,22,Final Classifications,0,0,0,0,0,0,0,0,45
2025,20250085,Fred Wright,1,Stage 1,0,0,0,0,0,0,0,0,0
2025,20250085,Fred Wright,2,Stage 2,0,0,0,0,0,0,0,0,0
2025,20250085,Fred Wright,3,Stage 3,0,0,0,0,0,0,0,2,2
2025,20250085,Fred Wright,4,Stage 4,0,0,0,0,0,0,0,0,0
2025,20250085,Fred Wright,5,Stage 5,0,0,0,0,0,0,0,0,0
2025,20250085,Fred Wright,6,Stage 6,0,0,0,0,0,0,0,0,0
2025,20250085,Fred Wright,7,Stage 7,0,0,0,0,0,0,0,0,0
2025,20250085,Fred Wright,8,Stage 8,0,0,0,0,0,0,0,0,0
2025,20250085,Fred Wright,9,Stage 9,0,0,0,0,0,0,0,0,0
2025,20250085,Fred Wright,10,Stage 10,0,0,0,0,0,0,0,0,0
2025,20250085,Fred Wright,11,Stage 11,95,0,0,0,8,0,20,0,123
2025,20250085,Fred Wright,12,Stage 12,0,0,0,0,0,0,0,0,0
2025,20250085,Fred Wright,13,Stage 13,0,0,0,0,0,0,0,0,0
2025,20250085,Fred Wright,14,Stage 14,0,0,0,0,0,0,0,0,0
2025,20250085,Fred Wright,15,Stage 15,0,0,0,0,0,0,0,0,0
2025,20250085,Fred Wright,16,Stage 16,0,0,0,0,4,0,0,2,6
2025,20250085,Fred Wright,17,Stage 17,0,0,0,0,0,0,0,0,0
2025,20250085,Fred Wright,18,Stage 18,0,0,0,0,0,0,0,0,0
2025,20250085,Fred Wright,19,Stage 19,0,0,0,0,0,0,0,0,0
2025,20250085,Fred Wright,20,Stage 20,0,0,0,0,0,0,0,0,0
2025,20250085,Fred Wright,21,Stage 21,0,0,0,0,0,0,0,2,2
2025,20250085,Fred Wright,22,Final Classifications,0,0,0,0,0,0,0,0,0
2025,20250147,Vincenzo Albanese,1,Stage 1,0,0,0,0,0,0,0,0,0
2025,20250147,Vincenzo Albanese,2,Stage 2,0,0,0,0,0,0,0,0,0
2025,20250147,Vincenzo Albanese,3,Stage 3,0,0,0,0,0,0,0,0,0
2025,20250147,Vincenzo Albanese,4,Stage 4,0,0,0,0,0,0,0,0,0
2025,20250147,Vincenzo Albanese,5,Stage 5,0,0,0,0,0,0,0,0,0
2025,20250147,Vincenzo Albanese,6,Stage 6,0,0,0,0,0,0,0,8,8
2025,20250147,Vincenzo Albanese,7,Stage 7,0,0,0,0,0,0,0,0,0
2025,20250147,Vincenzo Albanese,8,Stage 8,70,0,0,0,0,0,0,0,70
2025,20250147,Vincenzo Albanese,9,Stage 9,0,0,0,0,0,0,0,0,0
2025,20250147,Vincenzo Albanese,10,Stage 10,0,0,0,0,0,0,0,10,10
2025,20250147,Vincenzo Albanese,11,Stage 11,0,0,0,0,0,0,0,8,8
2025,20250147,Vincenzo Albanese,12,Stage 12,0,0,0,0,0,0,0,0,0
2025,20250147,Vincenzo Albanese,13,Stage 13,0,0,0,0,0,0,0,0,0
2025,20250147,Vincenzo Albanese,14,Stage 14,0,0,0,0,0,0,0,0,0
2025,20250147,Vincenzo Albanese,15,Stage 15,0,0,0,0,0,0,0,0,0
2025,20250147,Vincenzo Albanese,16,Stage 16,0,0,0,0,0,0,0,4,4
2025,20250147,Vincenzo Albanese,17,Stage 17,0,0,0,0,12,0,20,0,32
2025,20250147,Vincenzo Albanese,18,Stage 18,0,0,0,0,0,0,0,0,0
2025,20250147,Vincenzo Albanese,19,Stage 19,0,0,0,0,0,0,0,0,0
2025,20250147,Vincenzo Albanese,20,Stage 20,0,0,0,0,0,0,0,0,0
2025,20250147,Vincenzo Albanese,21,Stage 21,0,0,0,0,0,0,0,0,0
2025,20250147,Vincenzo Albanese,22,Final Classifications,0,0,0,0,0,0,0,0,0
2025,20250291,Will Barta,1,Stage 1,0,0,0,0,0,0,0,0,0
2025,20250291,Will Barta,2,Stage 2,0,0,0,0,0,0,0,0,0
2025,20250291,Will Barta,3,Stage 3,0,0,0,0,0,0,0,0,0
2025,20250291,Will Barta,4,Stage 4,0,0,0,0,0,0,0,0,0
2025,20250291,Will Barta,5,Stage 5,0,0,0,0,0,0,0,0,0
2025,20250291,Will Barta,6,Stage 6,110,0,0,0,0,0,20,0,130
2025,20250291,Will Barta,7,Stage 7,0,0,0,0,0,0,0,0,0
2025,20250291,Will Barta,8,Stage 8,0,0,0,0,0,0,0,0,0
2025,20250291,Will Barta,9,Stage 9,0,0,0,0,0,0,0,0,0
2025,20250291,Will Barta,10,Stage 10,0,0,0,0,0,0,0,0,0
2025,20250291,Will Barta,11,Stage 11,0,0,0,0,0,0,0,0,0
2025,20250291,Will Barta,12,Stage 12,0,0,0,0,0,0,0,0,0
2025,20250291,Will Barta,13,Stage 13,0,0,0,0,0,0,0,0,0
2025,20250291,Will Barta,14,Stage 14,0,0,0,0,0,0,0,0,0
2025,20250291,Will Barta,15,Stage 15,0,0,0,0,0,0,0,0,0
2025,20250291,Will Barta,16,Stage 16,0,0,0,0,0,0,0,0,0
2025,20250291,Will Barta,17,Stage 17,0,0,0,0,0,0,0,0,0
2025,20250291,Will Barta,18,Stage 18,0,0,0,0,0,0,0,0,0
2025,20250291,Will Barta,19,Stage 19,0,0,0,0,1,0,0,0,1
2025,20250291,Will Barta,20,Stage 20,0,0,0,0,0,0,0,0,0
2025,20250291,Will Barta,21,Stage 21,0,0,0,0,0,0,0,0,0
2025,20250291,Will Barta,22,Final Classifications,0,0,0,0,0,0,0,0,0
2025,20250032,Ewen Costiou,1,Stage 1,0,0,0,0,0,0,0,0,0
2025,20250032,Ewen Costiou,2,Stage 2,0,0,0,0,0,0,0,0,0
2025,20250032,Ewen Costiou,3,Stage 3,0,0,0,0,0,0,0,0,0
2025,20250032,Ewen Costiou,4,Stage 4,0,0,0,0,0,0,0,0,0
2025,20250032,Ewen Costiou,5,Stage 5,0,0,0,0,0,0,0,0,0
2025,20250032,Ewen Costiou,6,Stage 6,0,0,0,0,0,0,0,0,0
2025,20250032,Ewen Costiou,7,Stage 7,0,0,0,2,6,0,20,2,30
2025,20250032,Ewen Costiou,8,Stage 8,0,0,0,2,0,0,0,2,4
2025,20250032,Ewen Costiou,9,Stage 9,0,0,0,2,0,0,0,2,4
2025,20250032,Ewen Costiou,10,Stage 10,0,0,0,0,0,0,0,0,0
2025,20250032,Ewen Costiou,11,Stage 11,0,0,0,0,0,0,0,0,0
2025,20250032,Ewen Costiou,12,Stage 12,0,0,0,0,0,0,0,2,2
2025,20250032,Ewen Costiou,13,Stage 13,0,0,0,0,0,0,0,0,0
2025,20250032,Ewen Costiou,14,Stage 14,0,0,0,0,5,0,0,0,5
2025,20250032,Ewen Costiou,15,Stage 15,0,0,0,0,0,0,0,0,0
2025,20250032,Ewen Costiou,16,Stage 16,0,0,0,0,0,0,0,0,0
2025,20250032,Ewen Costiou,17,Stage 17,0,0,0,0,0,0,0,0,0
2025,20250032,Ewen Costiou,18,Stage 18,0,0,0,0,0,0,0,0,0
2025,20250032,Ewen Costiou,19,Stage 19,0,0,0,0,0,0,0,0,0
2025,20250032,Ewen Costiou,20,Stage 20,40,0,0,0,0,0,20,0,60
2025,20250032,Ewen Costiou,21,Stage 21,0,0,0,0,0,0,0,0,0
2025,20250032,Ewen Costiou,22,Final Classifications,0,0,0,0,0,0,0,20,20
2025,20250163,Neilson Powless,1,Stage 1,0,0,0,0,0,0,0,0,0
2025,20250163,Neilson Powless,2,Stage 2,8,10,0,0,0,0,0,0,18
2025,20250163,Neilson Powless,3,Stage 3,0,9,0,0,0,0,0,0,9
2025,20250163,Neilson Powless,4,Stage 4,0,0,0,0,0,0,0,0,0
2025,20250163,Neilson Powless,5,Stage 5,0,0,0,0,0,0,0,0,0
2025,20250163,Neilson Powless,6,Stage 6,0,0,0,0,0,0,0,8,8
2025,20250163,Neilson Powless,7,Stage 7,0,0,0,0,0,0,0,0,0
2025,20250163,Neilson Powless,8,Stage 8,0,0,0,0,1,0,0,0,1
2025,20250163,Neilson Powless,9,Stage 9,0,0,0,0,0,0,0,0,0
2025,20250163,Neilson Powless,10,Stage 10,0,0,0,0,0,0,0,10,10
2025,20250163,Neilson Powless,11,Stage 11,0,0,0,0,0,0,0,8,8
2025,20250163,Neilson Powless,12,Stage 12,0,0,0,0,0,0,0,0,0
2025,20250163,Neilson Powless,13,Stage 13,0,0,0,0,0,0,0,0,0
2025,20250163,Neilson Powless,14,Stage 14,0,0,0,0,0,0,0,0,0
2025,20250163,Neilson Powless,15,Stage 15,20,0,0,0,0,0,20,0,40
2025,20250163,Neilson Powless,16,Stage 16,0,0,0,0,0,0,0,4,4
2025,20250163,Neilson Powless,17,Stage 17,0,0,0,0,0,0,0,0,0
2025,20250163,Neilson Powless,18,Stage 18,0,0,0,0,0,0,0,0,0
2025,20250163,Neilson Powless,19,Stage 19,0,0,0,0,0,0,0,0,0
2025,20250163,Neilson Powless,20,Stage 20,0,0,0,0,0,0,0,0,0
2025,20250163,Neilson Powless,21,Stage 21,25,0,0,0,0,0,0,0,25
2025,20250163,Neilson Powless,22,Final Classifications,0,0,0,0,0,0,0,0,0
2025,20250387,Dylan Groenewegen,1,Stage 1,0,0,0,0,0,0,0,0,0
2025,20250387,Dylan Groenewegen,2,Stage 2,0,0,0,0,0,0,0,0,0
2025,20250387,Dylan Groenewegen,3,Stage 3,35,0,0,0,0,0,0,0,35
2025,20250387,Dylan Groenewegen,4,Stage 4,0,0,0,0,0,0,0,0,0
2025,20250387,Dylan Groenewegen,5,Stage 5,0,0,0,0,0,0,0,0,0
2025,20250387,Dylan Groenewegen,6,Stage 6,0,0,0,0,0,0,0,0,0
2025,20250387,Dylan Groenewegen,7,Stage 7,0,0,0,0,0,0,0,0,0
2025,20250387,Dylan Groenewegen,8,Stage 8,20,0,0,0,0,0,0,0,20
2025,20250387,Dylan Groenewegen,9,Stage 9,25,0,0,0,0,0,0,0,25
2025,20250387,Dylan Groenewegen,10,Stage 10,0,0,0,0,0,0,0,0,0
2025,20250387,Dylan Groenewegen,11,Stage 11,0,0,0,0,0,0,0,4,4
2025,20250387,Dylan Groenewegen,12,Stage 12,0,0,0,0,0,0,0,0,0
2025,20250387,Dylan Groenewegen,13,Stage 13,0,0,0,0,0,0,0,0,0
2025,20250387,Dylan Groenewegen,14,Stage 14,0,0,0,0,0,0,0,0,0
2025,20250387,Dylan Groenewegen,15,Stage 15,0,0,0,0,0,0,0,0,0
2025,20250387,Dylan Groenewegen,16,Stage 16,0,0,0,0,0,0,0,0,0
2025,20250387,Dylan Groenewegen,17,Stage 17,30,0,0,0,0,0,0,0,30
2025,20250387,Dylan Groenewegen,18,Stage 18,0,0,0,0,0,0,0,8,8
2025,20250387,Dylan Groenewegen,19,Stage 19,0,0,0,0,0,0,0,0,0
2025,20250387,Dylan Groenewegen,20,Stage 20,0,0,0,0,0,0,0,0,0
2025,20250387,Dylan Groenewegen,21,Stage 21,0,0,0,0,0,0,0,0,0
2025,20250387,Dylan Groenewegen,22,Final Classifications,0,0,0,0,0,0,0,0,0
2025,20250092,Bryan Coquard,1,Stage 1,0,0,0,0,16,0,0,0,16
2025,20250092,Bryan Coquard,2,Stage 2,0,0,0,0,1,0,0,0,1
2025,20250092,Bryan Coquard,3,Stage 3,0,0,0,0,0,0,0,0,0
2025,20250092,Bryan Coquard,4,Stage 4,0,0,0,0,0,0,0,0,0
2025,20250092,Bryan Coquard,5,Stage 5,0,0,0,0,0,0,0,0,0
2025,20250092,Bryan Coquard,6,Stage 6,0,0,0,0,0,0,0,0,0
2025,20250092,Bryan Coquard,7,Stage 7,0,0,0,0,0,0,0,0,0
2025,20250092,Bryan Coquard,8,Stage 8,95,0,0,0,5,0,0,0,100
2025,20250092,Bryan Coquard,9,Stage 9,0,0,0,0,3,0,0,0,3
2025,20250092,Bryan Coquard,10,Stage 10,0,0,0,0,0,0,0,0,0
2025,20250092,Bryan Coquard,11,Stage 11,0,0,0,0,0,0,0,0,0
2025,20250092,Bryan Coquard,12,Stage 12,0,0,0,0,0,0,0,0,0
2025,20250092,Bryan Coquard,13,Stage 13,0,0,0,0,0,0,0,0,0
2025,20250092,Bryan Coquard,14,Stage 14,0,0,0,0,0,0,0,0,0
2025,20250092,Bryan Coquard,15,Stage 15,0,0,0,0,0,0,0,0,0
2025,20250092,Bryan Coquard,16,Stage 16,0,0,0,0,0,0,0,0,0
2025,20250092,Bryan Coquard,17,Stage 17,0,0,0,0,0,0,0,0,0
2025,20250092,Bryan Coquard,18,Stage 18,0,0,0,0,0,0,0,0,0
2025,20250092,Bryan Coquard,19,Stage 19,0,0,0,0,0,0,0,0,0
2025,20250092,Bryan Coquard,20,Stage 20,0,0,0,0,0,0,0,0,0
2025,20250092,Bryan Coquard,21,Stage 21,0,0,0,0,0,0,0,0,0
2025,20250092,Bryan Coquard,22,Final Classifications,0,0,0,0,0,0,0,0,0
2025,20250150,Alex Baudin,1,Stage 1,0,0,0,0,0,0,0,0,0
2025,20250150,Alex Baudin,2,Stage 2,0,0,0,0,0,0,0,0,0
2025,20250150,Alex Baudin,3,Stage 3,0,0,0,0,0,0,0,0,0
2025,20250150,Alex Baudin,4,Stage 4,35,0,0,0,0,0,0,0,35
2025,20250150,Alex Baudin,5,Stage 5,0,0,0,0,0,0,0,0,0
2025,20250150,Alex Baudin,6,Stage 6,0,0,0,0,0,0,0,8,8
2025,20250150,Alex Baudin,7,Stage 7,0,0,0,0,12,0,20,0,32
2025,20250150,Alex Baudin,8,Stage 8,0,0,0,0,0,0,0,0,0
2025,20250150,Alex Baudin,9,Stage 9,0,0,0,0,0,0,0,0,0
2025,20250150,Alex Baudin,10,Stage 10,0,0,0,0,1,0,20,10,31
2025,20250150,Alex Baudin,11,Stage 11,0,0,0,0,0,0,0,8,8
2025,20250150,Alex Baudin,12,Stage 12,0,0,0,0,0,0,0,0,0
2025,20250150,Alex Baudin,13,Stage 13,0,0,0,0,0,0,0,0,0
2025,20250150,Alex Baudin,14,Stage 14,0,0,0,0,0,0,0,0,0
2025,20250150,Alex Baudin,15,Stage 15,0,0,0,0,0,0,0,0,0
2025,20250150,Alex Baudin,16,Stage 16,0,0,0,0,0,0,0,4,4
2025,20250150,Alex Baudin,17,Stage 17,0,0,0,0,0,0,0,0,0
2025,20250150,Alex Baudin,18,Stage 18,0,0,0,0,0,0,0,0,0
2025,20250150,Alex Baudin,19,Stage 19,0,0,0,0,0,0,0,0,0
2025,20250150,Alex Baudin,20,Stage 20,0,0,0,0,0,0,0,0,0
2025,20250150,Alex Baudin,21,Stage 21,0,0,0,0,0,0,0,0,0
2025,20250150,Alex Baudin,22,Final Classifications,0,0,0,0,0,0,0,0,0
2025,20250229,Samuel Watson,1,Stage 1,60,11,0,0,0,0,0,0,71
2025,20250229,Samuel Watson,2,Stage 2,0,0,0,0,0,0,0,0,0
2025,20250229,Samuel Watson,3,Stage 3,0,0,0,0,0,0,0,0,0
2025,20250229,Samuel Watson,4,Stage 4,0,0,0,0,0,0,0,0,0
2025,20250229,Samuel Watson,5,Stage 5,0,0,0,0,0,0,0,0,0
2025,20250229,Samuel Watson,6,Stage 6,0,0,0,0,0,0,0,0,0
2025,20250229,Samuel Watson,7,Stage 7,0,0,0,0,0,0,0,0,0
2025,20250229,Samuel Watson,8,Stage 8,25,0,0,0,0,0,0,0,25
2025,20250229,Samuel Watson,9,Stage 9,0,0,0,0,0,0,0,0,0
2025,20250229,Samuel Watson,10,Stage 10,0,0,0,0,0,0,0,4,4
2025,20250229,Samuel Watson,11,Stage 11,0,0,0,0,0,0,0,0,0
2025,20250229,Samuel Watson,12,Stage 12,0,0,0,0,0,0,0,0,0
2025,20250229,Samuel Watson,13,Stage 13,0,0,0,0,0,0,0,0,0
2025,20250229,Samuel Watson,14,Stage 14,0,0,0,0,0,0,0,8,8
2025,20250229,Samuel Watson,15,Stage 15,0,0,0,0,0,0,0,0,0
2025,20250229,Samuel Watson,16,Stage 16,0,0,0,0,0,0,0,0,0
2025,20250229,Samuel Watson,17,Stage 17,0,0,0,0,0,0,0,0,0
2025,20250229,Samuel Watson,18,Stage 18,0,0,0,0,0,0,0,0,0
2025,20250229,Samuel Watson,19,Stage 19,0,0,0,0,0,0,0,8,8
2025,20250229,Samuel Watson,20,Stage 20,0,0,0,0,0,0,0,0,0
2025,20250229,Samuel Watson,21,Stage 21,0,0,0,0,0,0,0,0,0
2025,20250229,Samuel Watson,22,Final Classifications,0,0,0,0,0,0,0,0,0
2025,20250021,Jonas Rickaert,1,Stage 1,0,0,0,0,0,0,0,18,18
2025,20250021,Jonas Rickaert,2,Stage 2,0,0,0,0,0,0,0,18,18
2025,20250021,Jonas Rickaert,3,Stage 3,0,0,0,0,0,0,0,10,10
2025,20250021,Jonas Rickaert,4,Stage 4,0,0,0,0,0,0,0,12,12
2025,20250021,Jonas Rickaert,5,Stage 5,0,0,0,0,0,0,0,0,0
2025,20250021,Jonas Rickaert,6,Stage 6,0,0,0,0,0,0,0,8,8
2025,20250021,Jonas Rickaert,7,Stage 7,0,0,0,0,0,0,0,0,0
2025,20250021,Jonas Rickaert,8,Stage 8,0,0,0,0,0,0,0,2,2
2025,20250021,Jonas Rickaert,9,Stage 9,0,0,0,0,16,0,20,0,36
2025,20250021,Jonas Rickaert,10,Stage 10,0,0,0,0,0,0,0,0,0
2025,20250021,Jonas Rickaert,11,Stage 11,0,0,0,0,0,0,0,2,2
2025,20250021,Jonas Rickaert,12,Stage 12,0,0,0,0,0,0,0,0,0
2025,20250021,Jonas Rickaert,13,Stage 13,0,0,0,0,0,0,0,0,0
2025,20250021,Jonas Rickaert,14,Stage 14,0,0,0,0,0,0,0,0,0
2025,20250021,Jonas Rickaert,15,Stage 15,0,0,0,0,0,0,0,0,0
2025,20250021,Jonas Rickaert,16,Stage 16,0,0,0,0,0,0,0,0,0
2025,20250021,Jonas Rickaert,17,Stage 17,0,0,0,0,0,0,0,0,0
2025,20250021,Jonas Rickaert,18,Stage 18,0,0,0,0,0,0,0,0,0
2025,20250021,Jonas Rickaert,19,Stage 19,0,0,0,0,0,0,0,0,0
2025,20250021,Jonas Rickaert,20,Stage 20,0,0,0,0,0,0,0,8,8
2025,20250021,Jonas Rickaert,21,Stage 21,0,0,0,0,0,0,0,0,0
2025,20250021,Jonas Rickaert,22,Final Classifications,0,0,0,0,0,0,0,0,0
2025,20250195,Quentin Pacher,1,Stage 1,0,0,0,0,0,0,0,4,4
2025,20250195,Quentin Pacher,2,Stage 2,0,0,0,0,0,0,0,8,8
2025,20250195,Quentin Pacher,3,Stage 3,0,0,0,0,0,0,0,8,8
2025,20250195,Quentin Pacher,4,Stage 4,0,0,0,0,0,0,0,4,4
2025,20250195,Quentin Pacher,5,Stage 5,0,0,0,0,0,0,0,0,0
2025,20250195,Quentin Pacher,6,Stage 6,0,0,0,0,0,0,0,2,2
2025,20250195,Quentin Pacher,7,Stage 7,0,0,0,0,0,0,0,2,2
2025,20250195,Quentin Pacher,8,Stage 8,0,0,0,0,0,0,0,2,2
2025,20250195,Quentin Pacher,9,Stage 9,0,0,0,0,0,0,0,2,2
2025,20250195,Quentin Pacher,10,Stage 10,0,0,0,0,0,0,20,0,20
2025,20250195,Quentin Pacher,11,Stage 11,20,0,0,0,0,0,0,2,22
2025,20250195,Quentin Pacher,12,Stage 12,0,0,0,0,0,0,0,0,0
2025,20250195,Quentin Pacher,13,Stage 13,0,0,0,0,0,0,0,0,0
2025,20250195,Quentin Pacher,14,Stage 14,0,0,0,0,0,0,0,0,0
2025,20250195,Quentin Pacher,15,Stage 15,0,0,0,0,0,0,0,0,0
2025,20250195,Quentin Pacher,16,Stage 16,0,0,0,0,0,0,0,0,0
2025,20250195,Quentin Pacher,17,Stage 17,0,0,0,0,8,0,20,0,28
2025,20250195,Quentin Pacher,18,Stage 18,0,0,0,0,0,0,0,0,0
2025,20250195,Quentin Pacher,19,Stage 19,0,0,0,0,0,0,0,0,0
2025,20250195,Quentin Pacher,20,Stage 20,0,0,0,0,0,0,0,0,0
2025,20250195,Quentin Pacher,21,Stage 21,0,0,0,0,0,0,0,0,0
2025,20250195,Quentin Pacher,22,Final Classifications,0,0,0,0,0,0,0,0,0
2025,20250145,Bastien Tronchon,1,Stage 1,0,0,0,0,0,0,0,0,0
2025,20250145,Bastien Tronchon,2,Stage 2,0,0,0,0,0,0,0,0,0
2025,20250145,Bastien Tronchon,3,Stage 3,40,0,0,0,0,0,0,0,40
2025,20250145,Bastien Tronchon,4,Stage 4,0,0,0,0,0,0,0,0,0
2025,20250145,Bastien Tronchon,5,Stage 5,0,0,0,0,0,0,0,0,0
2025,20250145,Bastien Tronchon,6,Stage 6,0,0,0,0,1,0,0,0,1
2025,20250145,Bastien Tronchon,7,Stage 7,0,0,0,0,0,0,0,0,0
2025,20250145,Bastien Tronchon,8,Stage 8,30,0,0,0,0,0,0,0,30
2025,20250145,Bastien Tronchon,9,Stage 9,16,0,0,0,0,0,0,0,16
2025,20250145,Bastien Tronchon,10,Stage 10,0,0,0,0,0,0,0,2,2
2025,20250145,Bastien Tronchon,11,Stage 11,0,0,0,0,0,0,0,0,0
2025,20250145,Bastien Tronchon,12,Stage 12,0,0,0,0,0,0,0,0,0
2025,20250145,Bastien Tronchon,13,Stage 13,0,0,0,0,0,0,0,0,0
2025,20250145,Bastien Tronchon,14,Stage 14,0,0,0,0,0,0,0,2,2
2025,20250145,Bastien Tronchon,15,Stage 15,0,0,0,0,0,0,0,0,0
2025,20250145,Bastien Tronchon,16,Stage 16,0,0,0,0,0,0,0,0,0
2025,20250145,Bastien Tronchon,17,Stage 17,0,0,0,0,0,0,0,0,0
2025,20250145,Bastien Tronchon,18,Stage 18,0,0,0,0,0,0,0,0,0
2025,20250145,Bastien Tronchon,19,Stage 19,0,0,0,0,0,0,0,0,0
2025,20250145,Bastien Tronchon,20,Stage 20,0,0,0,0,0,0,0,0,0
2025,20250145,Bastien Tronchon,21,Stage 21,0,0,0,0,0,0,0,0,0
2025,20250145,Bastien Tronchon,22,Final Classifications,0,0,0,0,0,0,0,0,10
2025,20250917,Michael Woods,1,Stage 1,0,0,0,0,0,0,0,0,0
2025,20250917,Michael Woods,2,Stage 2,0,0,0,0,0,0,0,0,0
2025,20250917,Michael Woods,3,Stage 3,0,0,0,0,0,0,0,0,0
2025,20250917,Michael Woods,4,Stage 4,0,0,0,0,0,0,0,0,0
2025,20250917,Michael Woods,5,Stage 5,0,0,0,0,0,0,0,0,0
2025,20250917,Michael Woods,6,Stage 6,0,0,0,0,0,0,0,0,0
2025,20250917,Michael Woods,7,Stage 7,0,0,0,0,0,0,0,0,0
2025,20250917,Michael Woods,8,Stage 8,0,0,0,0,0,0,0,0,0
2025,20250917,Michael Woods,9,Stage 9,0,0,0,0,0,0,0,0,0
2025,20250917,Michael Woods,10,Stage 10,0,0,0,6,6,0,20,0,32
2025,20250917,Michael Woods,11,Stage 11,0,0,0,6,0,0,0,0,6
2025,20250917,Michael Woods,12,Stage 12,0,0,0,6,0,15,0,0,21
2025,20250917,Michael Woods,13,Stage 13,0,0,0,4,0,0,0,0,4
2025,20250917,Michael Woods,14,Stage 14,0,0,0,2,0,25,0,0,27
2025,20250917,Michael Woods,15,Stage 15,0,0,0,2,0,0,0,0,2
2025,20250917,Michael Woods,16,Stage 16,0,0,0,2,0,0,0,0,2
2025,20250917,Michael Woods,17,Stage 17,0,0,0,2,0,0,0,0,2
2025,20250917,Michael Woods,18,Stage 18,0,0,0,0,0,0,0,0,0
2025,20250917,Michael Woods,19,Stage 19,0,0,0,0,0,0,0,0,0
2025,20250917,Michael Woods,20,Stage 20,0,0,0,0,0,0,0,0,0
2025,20250917,Michael Woods,21,Stage 21,0,0,0,0,0,0,0,0,0
2025,20250917,Michael Woods,22,Final Classifications,0,0,0,5,0,0,0,0,5
2025,20250172,Michael Valgren,1,Stage 1,0,0,0,0,0,0,0,0,0
2025,20250172,Michael Valgren,2,Stage 2,0,0,0,0,0,0,0,0,0
2025,20250172,Michael Valgren,3,Stage 3,0,0,0,0,0,0,0,0,0
2025,20250172,Michael Valgren,4,Stage 4,0,0,0,0,0,0,0,0,0
2025,20250172,Michael Valgren,5,Stage 5,0,0,0,0,0,0,0,0,0
2025,20250172,Michael Valgren,6,Stage 6,0,0,0,0,0,0,0,8,8
2025,20250172,Michael Valgren,7,Stage 7,0,0,0,0,0,0,0,0,0
2025,20250172,Michael Valgren,8,Stage 8,0,0,0,0,0,0,0,0,0
2025,20250172,Michael Valgren,9,Stage 9,0,0,0,0,0,0,0,0,0
2025,20250172,Michael Valgren,10,Stage 10,0,0,0,0,0,0,0,10,10
2025,20250172,Michael Valgren,11,Stage 11,0,0,0,0,0,0,0,8,8
2025,20250172,Michael Valgren,12,Stage 12,0,0,0,0,0,0,0,0,0
2025,20250172,Michael Valgren,13,Stage 13,0,0,0,0,0,0,0,0,0
2025,20250172,Michael Valgren,14,Stage 14,0,0,0,0,0,0,0,0,0
2025,20250172,Michael Valgren,15,Stage 15,70,0,0,0,0,0,0,0,70
2025,20250172,Michael Valgren,16,Stage 16,0,0,0,0,0,0,0,4,4
2025,20250172,Michael Valgren,17,Stage 17,0,0,0,0,0,0,0,0,0
2025,20250172,Michael Valgren,18,Stage 18,0,0,0,0,0,0,0,0,0
2025,20250172,Michael Valgren,19,Stage 19,0,0,0,0,0,0,0,0,0
2025,20250172,Michael Valgren,20,Stage 20,0,0,0,0,0,0,0,0,0
2025,20250172,Michael Valgren,21,Stage 21,0,0,0,0,0,0,0,0,0
2025,20250172,Michael Valgren,22,Final Classifications,0,0,0,0,0,0,0,0,0
2025,20250031,Amaury Capiot,1,Stage 1,0,0,0,0,0,0,0,0,0
2025,20250031,Amaury Capiot,2,Stage 2,0,0,0,0,0,0,0,0,0
2025,20250031,Amaury Capiot,3,Stage 3,70,0,0,0,0,0,0,0,70
2025,20250031,Amaury Capiot,4,Stage 4,0,0,0,0,0,0,0,0,0
2025,20250031,Amaury Capiot,5,Stage 5,0,0,0,0,0,0,0,0,0
2025,20250031,Amaury Capiot,6,Stage 6,0,0,0,0,0,0,0,0,0
2025,20250031,Amaury Capiot,7,Stage 7,0,0,0,0,0,0,0,2,2
2025,20250031,Amaury Capiot,8,Stage 8,0,0,0,0,0,0,0,2,2
2025,20250031,Amaury Capiot,9,Stage 9,0,0,0,0,0,0,0,2,2
2025,20250031,Amaury Capiot,10,Stage 10,0,0,0,0,0,0,0,0,0
2025,20250031,Amaury Capiot,11,Stage 11,0,0,0,0,0,0,0,0,0
2025,20250031,Amaury Capiot,12,Stage 12,0,0,0,0,0,0,0,2,2
2025,20250031,Amaury Capiot,13,Stage 13,0,0,0,0,0,0,0,0,0
2025,20250031,Amaury Capiot,14,Stage 14,0,0,0,0,0,0,0,0,0
2025,20250031,Amaury Capiot,15,Stage 15,0,0,0,0,0,0,0,0,0
2025,20250031,Amaury Capiot,16,Stage 16,0,0,0,0,0,0,0,0,0
2025,20250031,Amaury Capiot,17,Stage 17,0,0,0,0,0,0,0,0,0
2025,20250031,Amaury Capiot,18,Stage 18,0,0,0,0,0,0,0,0,0
2025,20250031,Amaury Capiot,19,Stage 19,0,0,0,0,0,0,0,0,0
2025,20250031,Amaury Capiot,20,Stage 20,0,0,0,0,0,0,0,0,0
2025,20250031,Amaury Capiot,21,Stage 21,0,0,0,0,0,0,0,0,0
2025,20250031,Amaury Capiot,22,Final Classifications,0,0,0,0,0,0,0,0,20
2025,20251337,Marius Mayrhofer,1,Stage 1,70,12,0,0,0,0,0,8,90
2025,20251337,Marius Mayrhofer,2,Stage 2,0,0,0,0,0,0,0,0,0
2025,20251337,Marius Mayrhofer,3,Stage 3,0,0,0,0,0,0,0,0,0
2025,20251337,Marius Mayrhofer,4,Stage 4,0,0,0,0,0,0,0,0,0
2025,20251337,Marius Mayrhofer,5,Stage 5,0,0,0,0,0,0,0,0,0
2025,20251337,Marius Mayrhofer,6,Stage 6,0,0,0,0,0,0,0,2,2
2025,20251337,Marius Mayrhofer,7,Stage 7,0,0,0,0,0,0,0,0,0
2025,20251337,Marius Mayrhofer,8,Stage 8,0,0,0,0,0,0,0,0,0
2025,20251337,Marius Mayrhofer,9,Stage 9,0,0,0,0,0,0,0,0,0
2025,20251337,Marius Mayrhofer,10,Stage 10,0,0,0,0,0,0,0,0,0
2025,20251337,Marius Mayrhofer,11,Stage 11,0,0,0,0,0,0,0,0,0
2025,20251337,Marius Mayrhofer,12,Stage 12,0,0,0,0,0,0,0,0,0
2025,20251337,Marius Mayrhofer,13,Stage 13,0,0,0,0,0,0,0,0,0
2025,20251337,Marius Mayrhofer,14,Stage 14,0,0,0,0,0,0,0,0,0
2025,20251337,Marius Mayrhofer,15,Stage 15,0,0,0,0,0,0,0,2,2
2025,20251337,Marius Mayrhofer,16,Stage 16,0,0,0,0,0,0,0,0,0
2025,20251337,Marius Mayrhofer,17,Stage 17,0,0,0,0,0,0,0,0,0
2025,20251337,Marius Mayrhofer,18,Stage 18,0,0,0,0,0,0,0,0,0
2025,20251337,Marius Mayrhofer,19,Stage 19,0,0,0,0,0,0,0,0,0
2025,20251337,Marius Mayrhofer,20,Stage 20,0,0,0,0,0,0,0,0,0
2025,20251337,Marius Mayrhofer,21,Stage 21,0,0,0,0,0,0,0,0,0
2025,20251337,Marius Mayrhofer,22,Final Classifications,0,0,0,0,0,0,0,0,0
2025,20250297,Iván García Cortina,1,Stage 1,40,9,0,0,0,0,0,0,49
2025,20250297,Iván García Cortina,2,Stage 2,0,0,0,0,0,0,0,0,0
2025,20250297,Iván García Cortina,3,Stage 3,0,0,0,0,0,0,0,0,0
2025,20250297,Iván García Cortina,4,Stage 4,0,0,0,0,0,0,0,0,0
2025,20250297,Iván García Cortina,5,Stage 5,0,0,0,0,0,0,0,0,0
2025,20250297,Iván García Cortina,6,Stage 6,0,0,0,0,0,0,0,0,0
2025,20250297,Iván García Cortina,7,Stage 7,0,0,0,0,20,0,20,0,40
2025,20250297,Iván García Cortina,8,Stage 8,0,0,0,0,0,0,0,0,0
2025,20250297,Iván García Cortina,9,Stage 9,0,0,0,0,0,0,0,0,0
2025,20250297,Iván García Cortina,10,Stage 10,0,0,0,0,0,0,0,0,0
2025,20250297,Iván García Cortina,11,Stage 11,0,0,0,0,0,0,0,0,0
2025,20250297,Iván García Cortina,12,Stage 12,0,0,0,0,0,0,0,0,0
2025,20250297,Iván García Cortina,13,Stage 13,0,0,0,0,0,0,0,0,0
2025,20250297,Iván García Cortina,14,Stage 14,0,0,0,0,0,0,0,0,0
2025,20250297,Iván García Cortina,15,Stage 15,0,0,0,0,0,0,0,0,0
2025,20250297,Iván García Cortina,16,Stage 16,0,0,0,0,0,0,0,0,0
2025,20250297,Iván García Cortina,17,Stage 17,0,0,0,0,0,0,0,0,0
2025,20250297,Iván García Cortina,18,Stage 18,0,0,0,0,0,0,0,0,0
2025,20250297,Iván García Cortina,19,Stage 19,0,0,0,0,3,0,0,0,3
2025,20250297,Iván García Cortina,20,Stage 20,0,0,0,0,0,0,0,0,0
2025,20250297,Iván García Cortina,21,Stage 21,0,0,0,0,0,0,0,0,0
2025,20250297,Iván García Cortina,22,Final Classifications,0,0,0,0,0,0,0,0,0
2025,20250275,Thibau Nys,1,Stage 1,0,0,0,0,0,0,0,0,0
2025,20250275,Thibau Nys,2,Stage 2,0,0,0,0,0,0,0,0,0
2025,20250275,Thibau Nys,3,Stage 3,0,0,0,0,0,0,0,4,4
2025,20250275,Thibau Nys,4,Stage 4,0,0,0,0,0,0,0,0,0
2025,20250275,Thibau Nys,5,Stage 5,0,0,0,0,0,0,0,0,0
2025,20250275,Thibau Nys,6,Stage 6,0,0,0,0,0,0,0,4,4
2025,20250275,Thibau Nys,7,Stage 7,0,0,0,0,0,0,0,0,0
2025,20250275,Thibau Nys,8,Stage 8,0,0,0,0,0,0,0,8,8
2025,20250275,Thibau Nys,9,Stage 9,0,0,0,0,0,0,0,4,4
2025,20250275,Thibau Nys,10,Stage 10,0,0,0,0,0,0,0,0,0
2025,20250275,Thibau Nys,11,Stage 11,0,0,0,0,0,0,0,0,0
2025,20250275,Thibau Nys,12,Stage 12,0,0,0,0,12,0,0,0,12
2025,20250275,Thibau Nys,13,Stage 13,0,0,0,0,0,0,0,0,0
2025,20250275,Thibau Nys,14,Stage 14,0,0,0,0,0,0,0,0,0
2025,20250275,Thibau Nys,15,Stage 15,40,0,0,0,0,0,0,0,40
2025,20250275,Thibau Nys,16,Stage 16,0,0,0,0,0,0,0,0,0
2025,20250275,Thibau Nys,17,Stage 17,0,0,0,0,0,0,0,8,8
2025,20250275,Thibau Nys,18,Stage 18,0,0,0,0,2,0,0,0,2
2025,20250275,Thibau Nys,19,Stage 19,0,0,0,0,5,0,0,0,5
2025,20250275,Thibau Nys,20,Stage 20,0,0,0,0,0,0,0,0,0
2025,20250275,Thibau Nys,21,Stage 21,0,0,0,0,0,0,0,0,0
2025,20250275,Thibau Nys,22,Final Classifications,0,0,0,0,0,0,0,0,0
2025,20250986,Brent Van Moer,1,Stage 1,0,0,0,0,0,0,0,0,0
2025,20250986,Brent Van Moer,2,Stage 2,0,0,0,0,12,0,20,0,32
2025,20250986,Brent Van Moer,3,Stage 3,0,0,0,0,0,0,0,0,0
2025,20250986,Brent Van Moer,4,Stage 4,0,0,0,0,0,0,0,0,0
2025,20250986,Brent Van Moer,5,Stage 5,0,0,0,0,0,0,0,0,0
2025,20250986,Brent Van Moer,6,Stage 6,0,0,0,0,0,0,0,0,0
2025,20250986,Brent Van Moer,7,Stage 7,0,0,0,0,0,0,0,0,0
2025,20250986,Brent Van Moer,8,Stage 8,0,0,0,0,0,0,0,0,0
2025,20250986,Brent Van Moer,9,Stage 9,0,0,0,0,0,0,0,2,2
2025,20250986,Brent Van Moer,10,Stage 10,0,0,0,0,0,0,0,0,0
2025,20250986,Brent Van Moer,11,Stage 11,0,0,0,0,0,0,0,0,0
2025,20250986,Brent Van Moer,12,Stage 12,0,0,0,0,0,0,0,0,0
2025,20250986,Brent Van Moer,13,Stage 13,0,0,0,0,0,0,0,0,0
2025,20250986,Brent Van Moer,14,Stage 14,0,0,0,0,0,0,0,0,0
2025,20250986,Brent Van Moer,15,Stage 15,0,0,0,0,0,0,0,0,0
2025,20250986,Brent Van Moer,16,Stage 16,0,0,0,0,0,0,0,0,0
2025,20250986,Brent Van Moer,17,Stage 17,50,0,0,0,0,0,0,0,50
2025,20250986,Brent Van Moer,18,Stage 18,0,0,0,0,0,0,0,0,0
2025,20250986,Brent Van Moer,19,Stage 19,0,0,0,0,0,0,0,0,0
2025,20250986,Brent Van Moer,20,Stage 20,0,0,0,0,0,0,0,0,0
2025,20250986,Brent Van Moer,21,Stage 21,0,0,0,0,0,0,0,0,0
2025,20250986,Brent Van Moer,22,Final Classifications,0,0,0,0,0,0,0,0,0
2025,20250293,Pablo Castrillo,1,Stage 1,0,0,0,0,0,0,0,0,0
2025,20250293,Pablo Castrillo,2,Stage 2,0,0,0,0,0,0,0,0,0
2025,20250293,Pablo Castrillo,3,Stage 3,0,0,0,0,0,0,0,0,0
2025,20250293,Pablo Castrillo,4,Stage 4,0,0,0,0,0,0,0,0,0
2025,20250293,Pablo Castrillo,5,Stage 5,60,0,0,0,0,0,0,0,60
2025,20250293,Pablo Castrillo,6,Stage 6,0,0,0,0,0,0,0,0,0
2025,20250293,Pablo Castrillo,7,Stage 7,0,0,0,0,0,0,0,0,0
2025,20250293,Pablo Castrillo,8,Stage 8,0,0,0,0,0,0,0,0,0
2025,20250293,Pablo Castrillo,9,Stage 9,0,0,0,0,0,0,0,0,0
2025,20250293,Pablo Castrillo,10,Stage 10,0,0,0,0,0,0,20,0,20
2025,20250293,Pablo Castrillo,11,Stage 11,0,0,0,0,0,0,0,0,0
2025,20250293,Pablo Castrillo,12,Stage 12,0,0,0,0,0,0,0,0,0
2025,20250293,Pablo Castrillo,13,Stage 13,0,0,0,0,0,0,0,0,0
2025,20250293,Pablo Castrillo,14,Stage 14,0,0,0,0,0,0,0,0,0
2025,20250293,Pablo Castrillo,15,Stage 15,0,0,0,0,0,0,0,0,0
2025,20250293,Pablo Castrillo,16,Stage 16,0,0,0,0,0,0,0,0,0
2025,20250293,Pablo Castrillo,17,Stage 17,0,0,0,0,0,0,0,0,0
2025,20250293,Pablo Castrillo,18,Stage 18,0,0,0,0,0,0,0,0,0
2025,20250293,Pablo Castrillo,19,Stage 19,0,0,0,0,0,0,0,0,0
2025,20250293,Pablo Castrillo,20,Stage 20,0,0,0,0,0,0,0,0,0
2025,20250293,Pablo Castrillo,21,Stage 21,0,0,0,0,0,0,0,0,0
2025,20250293,Pablo Castrillo,22,Final Classifications,0,0,0,0,0,0,0,0,0
2025,20250028,Gianni Vermeersch,1,Stage 1,0,0,0,0,0,0,0,18,18
2025,20250028,Gianni Vermeersch,2,Stage 2,0,0,0,0,0,0,0,18,18
2025,20250028,Gianni Vermeersch,3,Stage 3,0,0,0,0,0,0,0,10,10
2025,20250028,Gianni Vermeersch,4,Stage 4,0,0,0,0,0,0,0,12,12
2025,20250028,Gianni Vermeersch,5,Stage 5,0,0,0,0,0,0,0,0,0
2025,20250028,Gianni Vermeersch,6,Stage 6,0,0,0,0,0,0,0,8,8
2025,20250028,Gianni Vermeersch,7,Stage 7,0,0,0,0,0,0,0,0,0
2025,20250028,Gianni Vermeersch,8,Stage 8,0,0,0,0,0,0,0,2,2
2025,20250028,Gianni Vermeersch,9,Stage 9,0,0,0,0,0,0,0,0,0
2025,20250028,Gianni Vermeersch,10,Stage 10,0,0,0,0,0,0,0,0,0
2025,20250028,Gianni Vermeersch,11,Stage 11,0,0,0,0,0,0,0,2,2
2025,20250028,Gianni Vermeersch,12,Stage 12,0,0,0,0,0,0,0,0,0
2025,20250028,Gianni Vermeersch,13,Stage 13,0,0,0,0,0,0,0,0,0
2025,20250028,Gianni Vermeersch,14,Stage 14,0,0,0,0,0,0,0,0,0
2025,20250028,Gianni Vermeersch,15,Stage 15,0,0,0,0,0,0,0,0,0
2025,20250028,Gianni Vermeersch,16,Stage 16,0,0,0,0,0,0,0,0,0
2025,20250028,Gianni Vermeersch,17,Stage 17,0,0,0,0,0,0,0,0,0
2025,20250028,Gianni Vermeersch,18,Stage 18,0,0,0,0,0,0,0,0,0
2025,20250028,Gianni Vermeersch,19,Stage 19,0,0,0,0,0,0,0,0,0
2025,20250028,Gianni Vermeersch,20,Stage 20,0,0,0,0,0,0,0,8,8
2025,20250028,Gianni Vermeersch,21,Stage 21,0,0,0,0,0,0,0,0,0
2025,20250028,Gianni Vermeersch,22,Final Classifications,0,0,0,0,0,0,0,0,0
2025,20250029,Emiel Verstrynge,1,Stage 1,0,0,0,0,0,0,0,18,18
2025,20250029,Emiel Verstrynge,2,Stage 2,0,0,0,0,0,0,0,18,18
2025,20250029,Emiel Verstrynge,3,Stage 3,0,0,0,0,0,0,0,10,10
2025,20250029,Emiel Verstrynge,4,Stage 4,0,0,0,0,0,0,0,12,12
2025,20250029,Emiel Verstrynge,5,Stage 5,0,0,0,0,0,0,0,0,0
2025,20250029,Emiel Verstrynge,6,Stage 6,0,0,0,0,0,0,0,8,8
2025,20250029,Emiel Verstrynge,7,Stage 7,0,0,0,0,0,0,0,0,0
2025,20250029,Emiel Verstrynge,8,Stage 8,0,0,0,0,0,0,0,2,2
2025,20250029,Emiel Verstrynge,9,Stage 9,0,0,0,0,0,0,0,0,0
2025,20250029,Emiel Verstrynge,10,Stage 10,0,0,0,0,0,0,0,0,0
2025,20250029,Emiel Verstrynge,11,Stage 11,0,0,0,0,0,0,0,2,2
2025,20250029,Emiel Verstrynge,12,Stage 12,0,0,0,0,0,0,0,0,0
2025,20250029,Emiel Verstrynge,13,Stage 13,0,0,0,0,0,0,0,0,0
2025,20250029,Emiel Verstrynge,14,Stage 14,0,0,0,0,0,0,0,0,0
2025,20250029,Emiel Verstrynge,15,Stage 15,0,0,0,0,0,0,0,0,0
2025,20250029,Emiel Verstrynge,16,Stage 16,0,0,0,0,0,0,0,0,0
2025,20250029,Emiel Verstrynge,17,Stage 17,0,0,0,0,0,0,0,0,0
2025,20250029,Emiel Verstrynge,18,Stage 18,0,0,0,0,0,0,0,0,0
2025,20250029,Emiel Verstrynge,19,Stage 19,0,0,0,0,0,0,0,0,0
2025,20250029,Emiel Verstrynge,20,Stage 20,0,0,0,0,0,0,0,8,8
2025,20250029,Emiel Verstrynge,21,Stage 21,0,0,0,0,0,0,0,0,0
2025,20250029,Emiel Verstrynge,22,Final Classifications,0,0,0,0,0,0,0,0,0
2025,20250006,Silvan Dillier,1,Stage 1,0,0,0,0,0,0,0,18,18
2025,20250006,Silvan Dillier,2,Stage 2,0,0,0,0,0,0,0,18,18
2025,20250006,Silvan Dillier,3,Stage 3,0,0,0,0,0,0,0,10,10
2025,20250006,Silvan Dillier,4,Stage 4,0,0,0,0,0,0,0,12,12
2025,20250006,Silvan Dillier,5,Stage 5,0,0,0,0,0,0,0,0,0
2025,20250006,Silvan Dillier,6,Stage 6,0,0,0,0,0,0,0,8,8
2025,20250006,Silvan Dillier,7,Stage 7,0,0,0,0,0,0,0,0,0
2025,20250006,Silvan Dillier,8,Stage 8,0,0,0,0,0,0,0,2,2
2025,20250006,Silvan Dillier,9,Stage 9,0,0,0,0,0,0,0,0,0
2025,20250006,Silvan Dillier,10,Stage 10,0,0,0,0,0,0,0,0,0
2025,20250006,Silvan Dillier,11,Stage 11,0,0,0,0,0,0,0,2,2
2025,20250006,Silvan Dillier,12,Stage 12,0,0,0,0,0,0,0,0,0
2025,20250006,Silvan Dillier,13,Stage 13,0,0,0,0,0,0,0,0,0
2025,20250006,Silvan Dillier,14,Stage 14,0,0,0,0,0,0,0,0,0
2025,20250006,Silvan Dillier,15,Stage 15,0,0,0,0,0,0,0,0,0
2025,20250006,Silvan Dillier,16,Stage 16,0,0,0,0,0,0,0,0,0
2025,20250006,Silvan Dillier,17,Stage 17,0,0,0,0,0,0,0,0,0
2025,20250006,Silvan Dillier,18,Stage 18,0,0,0,0,0,0,0,0,0
2025,20250006,Silvan Dillier,19,Stage 19,0,0,0,0,0,0,0,0,0
2025,20250006,Silvan Dillier,20,Stage 20,0,0,0,0,0,0,0,8,8
2025,20250006,Silvan Dillier,21,Stage 21,0,0,0,0,0,0,0,0,0
2025,20250006,Silvan Dillier,22,Final Classifications,0,0,0,0,0,0,0,0,0
2025,20250148,Kasper Asgreen,1,Stage 1,0,0,0,0,0,0,0,0,0
2025,20250148,Kasper Asgreen,2,Stage 2,0,0,0,0,0,0,0,0,0
2025,20250148,Kasper Asgreen,3,Stage 3,8,0,0,0,0,0,0,0,8
2025,20250148,Kasper Asgreen,4,Stage 4,0,0,0,0,16,0,20,0,36
2025,20250148,Kasper Asgreen,5,Stage 5,0,0,0,0,0,0,0,0,0
2025,20250148,Kasper Asgreen,6,Stage 6,0,0,0,0,0,0,0,8,8
2025,20250148,Kasper Asgreen,7,Stage 7,0,0,0,0,0,0,0,0,0
2025,20250148,Kasper Asgreen,8,Stage 8,0,0,0,0,0,0,0,0,0
2025,20250148,Kasper Asgreen,9,Stage 9,0,0,0,0,0,0,0,0,0
2025,20250148,Kasper Asgreen,10,Stage 10,0,0,0,0,0,0,0,10,10
2025,20250148,Kasper Asgreen,11,Stage 11,0,0,0,0,0,0,0,8,8
2025,20250148,Kasper Asgreen,12,Stage 12,0,0,0,0,0,0,0,0,0
2025,20250148,Kasper Asgreen,13,Stage 13,0,0,0,0,0,0,0,0,0
2025,20250148,Kasper Asgreen,14,Stage 14,0,0,0,0,0,0,0,0,0
2025,20250148,Kasper Asgreen,15,Stage 15,0,0,0,0,0,0,0,0,0
2025,20250148,Kasper Asgreen,16,Stage 16,0,0,0,0,0,0,0,4,4
2025,20250148,Kasper Asgreen,17,Stage 17,0,0,0,0,0,0,0,0,0
2025,20250148,Kasper Asgreen,18,Stage 18,0,0,0,0,0,0,0,0,0
2025,20250148,Kasper Asgreen,19,Stage 19,0,0,0,0,0,0,0,0,0
2025,20250148,Kasper Asgreen,20,Stage 20,0,0,0,0,0,0,0,0,0
2025,20250148,Kasper Asgreen,21,Stage 21,0,0,0,0,0,0,0,0,0
2025,20250148,Kasper Asgreen,22,Final Classifications,0,0,0,0,0,0,0,0,0
2025,20250337,Mick Van Dijke,1,Stage 1,0,0,0,0,0,0,0,0,0
2025,20250337,Mick Van Dijke,2,Stage 2,0,0,0,0,0,0,0,0,0
2025,20250337,Mick Van Dijke,3,Stage 3,0,0,0,0,0,0,0,0,0
2025,20250337,Mick Van Dijke,4,Stage 4,0,0,0,0,0,0,0,0,0
2025,20250337,Mick Van Dijke,5,Stage 5,0,0,0,0,0,0,0,0,0
2025,20250337,Mick Van Dijke,6,Stage 6,0,0,0,0,0,0,0,0,0
2025,20250337,Mick Van Dijke,7,Stage 7,0,0,0,0,0,0,0,0,0
2025,20250337,Mick Van Dijke,8,Stage 8,0,0,0,0,0,0,0,0,0
2025,20250337,Mick Van Dijke,9,Stage 9,0,0,0,0,0,0,0,0,0
2025,20250337,Mick Van Dijke,10,Stage 10,0,0,0,0,0,0,0,0,0
2025,20250337,Mick Van Dijke,11,Stage 11,0,0,0,0,0,0,0,0,0
2025,20250337,Mick Van Dijke,12,Stage 12,0,0,0,0,0,0,0,2,2
2025,20250337,Mick Van Dijke,13,Stage 13,0,0,0,0,0,0,0,0,0
2025,20250337,Mick Van Dijke,14,Stage 14,0,0,0,0,0,0,0,2,2
2025,20250337,Mick Van Dijke,15,Stage 15,0,0,0,0,0,0,0,4,4
2025,20250337,Mick Van Dijke,16,Stage 16,0,0,0,0,0,0,0,4,4
2025,20250337,Mick Van Dijke,17,Stage 17,8,0,0,0,0,0,0,8,16
2025,20250337,Mick Van Dijke,18,Stage 18,0,0,0,0,0,0,0,4,4
2025,20250337,Mick Van Dijke,19,Stage 19,0,0,0,0,0,0,0,4,4
2025,20250337,Mick Van Dijke,20,Stage 20,0,0,0,0,0,0,0,4,4
2025,20250337,Mick Van Dijke,21,Stage 21,0,0,0,0,0,0,0,4,4
2025,20250337,Mick Van Dijke,22,Final Classifications,0,0,0,0,0,0,0,30,30
2025,20250110,Alexis Renard,1,Stage 1,0,0,0,0,0,0,0,0,0
2025,20250110,Alexis Renard,2,Stage 2,0,0,0,0,0,0,0,0,0
2025,20250110,Alexis Renard,3,Stage 3,0,0,0,0,0,0,0,0,0
2025,20250110,Alexis Renard,4,Stage 4,0,0,0,0,0,0,0,0,0
2025,20250110,Alexis Renard,5,Stage 5,0,0,0,0,0,0,0,0,0
2025,20250110,Alexis Renard,6,Stage 6,0,0,0,0,0,0,0,0,0
2025,20250110,Alexis Renard,7,Stage 7,0,0,0,0,0,0,0,0,0
2025,20250110,Alexis Renard,8,Stage 8,0,0,0,0,0,0,0,0,0
2025,20250110,Alexis Renard,9,Stage 9,50,0,0,0,0,0,0,0,50
2025,20250110,Alexis Renard,10,Stage 10,0,0,0,0,0,0,0,0,0
2025,20250110,Alexis Renard,11,Stage 11,0,0,0,0,0,0,0,0,0
2025,20250110,Alexis Renard,12,Stage 12,0,0,0,0,0,0,0,0,0
2025,20250110,Alexis Renard,13,Stage 13,0,0,0,0,0,0,0,0,0
2025,20250110,Alexis Renard,14,Stage 14,0,0,0,0,0,0,0,0,0
2025,20250110,Alexis Renard,15,Stage 15,0,0,0,0,0,0,0,0,0
2025,20250110,Alexis Renard,16,Stage 16,0,0,0,0,0,0,0,0,0
2025,20250110,Alexis Renard,17,Stage 17,20,0,0,0,0,0,0,0,20
2025,20250110,Alexis Renard,18,Stage 18,0,0,0,0,0,0,0,0,0
2025,20250110,Alexis Renard,19,Stage 19,0,0,0,0,0,0,0,0,0
2025,20250110,Alexis Renard,20,Stage 20,0,0,0,0,0,0,0,0,0
2025,20250110,Alexis Renard,21,Stage 21,0,0,0,0,0,0,0,0,0
2025,20250110,Alexis Renard,22,Final Classifications,0,0,0,0,0,0,0,0,0
2025,20250340,Danny Van Poppel,1,Stage 1,0,0,0,0,0,0,0,0,0
2025,20250340,Danny Van Poppel,2,Stage 2,0,0,0,0,0,0,0,0,0
2025,20250340,Danny Van Poppel,3,Stage 3,0,0,0,0,0,0,0,0,0
2025,20250340,Danny Van Poppel,4,Stage 4,0,0,0,0,0,0,0,0,0
2025,20250340,Danny Van Poppel,5,Stage 5,0,0,0,0,0,0,0,0,0
2025,20250340,Danny Van Poppel,6,Stage 6,0,0,0,0,0,0,0,0,0
2025,20250340,Danny Van Poppel,7,Stage 7,0,0,0,0,0,0,0,0,0
2025,20250340,Danny Van Poppel,8,Stage 8,50,0,0,0,0,0,0,0,50
2025,20250340,Danny Van Poppel,9,Stage 9,8,0,0,0,0,0,0,0,8
2025,20250340,Danny Van Poppel,10,Stage 10,0,0,0,0,0,0,0,0,0
2025,20250340,Danny Van Poppel,11,Stage 11,0,0,0,0,0,0,0,0,0
2025,20250340,Danny Van Poppel,12,Stage 12,0,0,0,0,0,0,0,2,2
2025,20250340,Danny Van Poppel,13,Stage 13,0,0,0,0,0,0,0,0,0
2025,20250340,Danny Van Poppel,14,Stage 14,0,0,0,0,0,0,0,2,2
2025,20250340,Danny Van Poppel,15,Stage 15,0,0,0,0,0,0,0,4,4
2025,20250340,Danny Van Poppel,16,Stage 16,0,0,0,0,0,0,0,4,4
2025,20250340,Danny Van Poppel,17,Stage 17,0,0,0,0,0,0,0,0,0
2025,20250340,Danny Van Poppel,18,Stage 18,0,0,0,0,0,0,0,0,0
2025,20250340,Danny Van Poppel,19,Stage 19,0,0,0,0,0,0,0,0,0
2025,20250340,Danny Van Poppel,20,Stage 20,0,0,0,0,0,0,0,0,0
2025,20250340,Danny Van Poppel,21,Stage 21,0,0,0,0,0,0,0,0,0
2025,20250340,Danny Van Poppel,22,Final Classifications,0,0,0,0,0,0,0,0,0
2025,20250176,Lewis Askey,1,Stage 1,0,0,0,0,0,0,0,4,4
2025,20250176,Lewis Askey,2,Stage 2,0,0,0,0,0,0,0,8,8
2025,20250176,Lewis Askey,3,Stage 3,0,0,0,0,0,0,0,8,8
2025,20250176,Lewis Askey,4,Stage 4,0,0,0,0,0,0,0,4,4
2025,20250176,Lewis Askey,5,Stage 5,0,0,0,0,0,0,0,0,0
2025,20250176,Lewis Askey,6,Stage 6,0,0,0,0,0,0,0,2,2
2025,20250176,Lewis Askey,7,Stage 7,0,0,0,0,0,0,0,2,2
2025,20250176,Lewis Askey,8,Stage 8,35,0,0,0,0,0,0,2,37
2025,20250176,Lewis Askey,9,Stage 9,0,0,0,0,0,0,0,2,2
2025,20250176,Lewis Askey,10,Stage 10,0,0,0,0,0,0,0,0,0
2025,20250176,Lewis Askey,11,Stage 11,0,0,0,0,0,0,0,2,2
2025,20250176,Lewis Askey,12,Stage 12,0,0,0,0,0,0,0,0,0
2025,20250176,Lewis Askey,13,Stage 13,0,0,0,0,0,0,0,0,0
2025,20250176,Lewis Askey,14,Stage 14,0,0,0,0,0,0,0,0,0
2025,20250176,Lewis Askey,15,Stage 15,0,0,0,0,0,0,0,0,0
2025,20250176,Lewis Askey,16,Stage 16,0,0,0,0,0,0,0,0,0
2025,20250176,Lewis Askey,17,Stage 17,0,0,0,0,0,0,0,0,0
2025,20250176,Lewis Askey,18,Stage 18,0,0,0,0,0,0,0,0,0
2025,20250176,Lewis Askey,19,Stage 19,0,0,0,0,0,0,0,0,0
2025,20250176,Lewis Askey,20,Stage 20,0,0,0,0,0,0,0,0,0
2025,20250176,Lewis Askey,21,Stage 21,0,0,0,0,0,0,0,0,0
2025,20250176,Lewis Askey,22,Final Classifications,0,0,0,0,0,0,0,0,0
2025,20250964,Jenno Berckmoes,1,Stage 1,0,0,0,0,0,0,0,0,0
2025,20250964,Jenno Berckmoes,2,Stage 2,60,0,0,0,0,0,0,0,60
2025,20250964,Jenno Berckmoes,3,Stage 3,0,4,0,0,0,0,0,0,4
2025,20250964,Jenno Berckmoes,4,Stage 4,0,3,0,0,0,0,0,0,3
2025,20250964,Jenno Berckmoes,5,Stage 5,0,0,0,0,0,0,0,0,0
2025,20250964,Jenno Berckmoes,6,Stage 6,0,0,0,0,0,0,0,0,0
2025,20250964,Jenno Berckmoes,7,Stage 7,0,0,0,0,0,0,0,0,0
2025,20250964,Jenno Berckmoes,8,Stage 8,0,0,0,0,0,0,0,0,0
2025,20250964,Jenno Berckmoes,9,Stage 9,0,0,0,0,0,0,0,2,2
2025,20250964,Jenno Berckmoes,10,Stage 10,0,0,0,0,0,0,0,0,0
2025,20250964,Jenno Berckmoes,11,Stage 11,0,0,0,0,0,0,0,0,0
2025,20250964,Jenno Berckmoes,12,Stage 12,0,0,0,0,0,0,0,0,0
2025,20250964,Jenno Berckmoes,13,Stage 13,0,0,0,0,0,0,0,0,0
2025,20250964,Jenno Berckmoes,14,Stage 14,0,0,0,0,0,0,0,0,0
2025,20250964,Jenno Berckmoes,15,Stage 15,0,0,0,0,0,0,0,0,0
2025,20250964,Jenno Berckmoes,16,Stage 16,0,0,0,0,0,0,0,0,0
2025,20250964,Jenno Berckmoes,17,Stage 17,0,0,0,0,0,0,0,0,0
2025,20250964,Jenno Berckmoes,18,Stage 18,0,0,0,0,0,0,0,0,0
2025,20250964,Jenno Berckmoes,19,Stage 19,0,0,0,0,0,0,0,0,0
2025,20250964,Jenno Berckmoes,20,Stage 20,0,0,0,0,0,0,0,0,0
2025,20250964,Jenno Berckmoes,21,Stage 21,0,0,0,0,0,0,0,0,0
2025,20250964,Jenno Berckmoes,22,Final Classifications,0,0,0,0,0,0,0,0,0
2025,20250333,Laurence Pithie,1,Stage 1,0,0,0,0,0,0,0,0,0
2025,20250333,Laurence Pithie,2,Stage 2,0,0,0,0,0,0,0,0,0
2025,20250333,Laurence Pithie,3,Stage 3,0,0,0,0,0,0,0,0,0
2025,20250333,Laurence Pithie,4,Stage 4,0,0,0,0,0,0,0,0,0
2025,20250333,Laurence Pithie,5,Stage 5,0,0,0,0,0,0,0,0,0
2025,20250333,Laurence Pithie,6,Stage 6,0,0,0,0,0,0,0,0,0
2025,20250333,Laurence Pithie,7,Stage 7,0,0,0,0,0,0,0,0,0
2025,20250333,Laurence Pithie,8,Stage 8,0,0,0,0,0,0,0,0,0
2025,20250333,Laurence Pithie,9,Stage 9,0,0,0,0,0,0,0,0,0
2025,20250333,Laurence Pithie,10,Stage 10,0,0,0,0,0,0,0,0,0
2025,20250333,Laurence Pithie,11,Stage 11,0,0,0,0,0,0,0,0,0
2025,20250333,Laurence Pithie,12,Stage 12,0,0,0,0,3,0,0,2,5
2025,20250333,Laurence Pithie,13,Stage 13,0,0,0,0,0,0,0,0,0
2025,20250333,Laurence Pithie,14,Stage 14,0,0,0,0,0,0,0,2,2
2025,20250333,Laurence Pithie,15,Stage 15,0,0,0,0,0,0,0,4,4
2025,20250333,Laurence Pithie,16,Stage 16,0,0,0,0,0,0,0,4,4
2025,20250333,Laurence Pithie,17,Stage 17,0,0,0,0,0,0,0,8,8
2025,20250333,Laurence Pithie,18,Stage 18,0,0,0,0,0,0,0,4,4
2025,20250333,Laurence Pithie,19,Stage 19,0,0,0,0,0,0,0,4,4
2025,20250333,Laurence Pithie,20,Stage 20,0,0,0,0,0,0,0,4,4
2025,20250333,Laurence Pithie,21,Stage 21,0,0,0,0,0,0,0,4,4
2025,20250333,Laurence Pithie,22,Final Classifications,0,0,0,0,0,0,0,30,30
2025,20250034,Arnaud Démare,1,Stage 1,0,0,0,0,0,0,0,0,0
2025,20250034,Arnaud Démare,2,Stage 2,0,0,0,0,0,0,0,0,0
2025,20250034,Arnaud Démare,3,Stage 3,0,0,0,0,0,0,0,0,0
2025,20250034,Arnaud Démare,4,Stage 4,0,0,0,0,0,0,0,0,0
2025,20250034,Arnaud Démare,5,Stage 5,0,0,0,0,0,0,0,0,0
2025,20250034,Arnaud Démare,6,Stage 6,0,0,0,0,0,0,0,0,0
2025,20250034,Arnaud Démare,7,Stage 7,0,0,0,0,0,0,0,2,2
2025,20250034,Arnaud Démare,8,Stage 8,4,0,0,0,0,0,0,2,6
2025,20250034,Arnaud Démare,9,Stage 9,35,0,0,0,0,0,0,2,37
2025,20250034,Arnaud Démare,10,Stage 10,0,0,0,0,0,0,0,0,0
2025,20250034,Arnaud Démare,11,Stage 11,0,0,0,0,0,0,0,0,0
2025,20250034,Arnaud Démare,12,Stage 12,0,0,0,0,0,0,0,2,2
2025,20250034,Arnaud Démare,13,Stage 13,0,0,0,0,0,0,0,0,0
2025,20250034,Arnaud Démare,14,Stage 14,0,0,0,0,0,0,0,0,0
2025,20250034,Arnaud Démare,15,Stage 15,0,0,0,0,0,0,0,0,0
2025,20250034,Arnaud Démare,16,Stage 16,0,0,0,0,0,0,0,0,0
2025,20250034,Arnaud Démare,17,Stage 17,0,0,0,0,0,0,0,0,0
2025,20250034,Arnaud Démare,18,Stage 18,0,0,0,0,0,0,0,0,0
2025,20250034,Arnaud Démare,19,Stage 19,0,0,0,0,0,0,0,0,0
2025,20250034,Arnaud Démare,20,Stage 20,0,0,0,0,0,0,0,0,0
2025,20250034,Arnaud Démare,21,Stage 21,0,0,0,0,0,0,0,0,0
2025,20250034,Arnaud Démare,22,Final Classifications,0,0,0,0,0,0,0,0,20
2025,20250208,Tobias Foss,1,Stage 1,0,0,0,0,0,0,0,0,0
2025,20250208,Tobias Foss,2,Stage 2,0,0,0,0,0,0,0,0,0
2025,20250208,Tobias Foss,3,Stage 3,0,0,0,0,0,0,0,0,0
2025,20250208,Tobias Foss,4,Stage 4,0,0,0,0,0,0,0,0,0
2025,20250208,Tobias Foss,5,Stage 5,30,0,0,0,0,0,0,0,30
2025,20250208,Tobias Foss,6,Stage 6,0,0,0,0,0,0,0,0,0
2025,20250208,Tobias Foss,7,Stage 7,0,0,0,0,0,0,0,0,0
2025,20250208,Tobias Foss,8,Stage 8,0,0,0,0,0,0,0,0,0
2025,20250208,Tobias Foss,9,Stage 9,0,0,0,0,0,0,0,0,0
2025,20250208,Tobias Foss,10,Stage 10,0,0,0,0,0,0,0,4,4
2025,20250208,Tobias Foss,11,Stage 11,0,0,0,0,0,0,0,0,0
2025,20250208,Tobias Foss,12,Stage 12,0,0,0,0,1,0,0,0,1
2025,20250208,Tobias Foss,13,Stage 13,0,0,0,0,0,0,0,0,0
2025,20250208,Tobias Foss,14,Stage 14,0,0,0,0,0,0,0,8,8
2025,20250208,Tobias Foss,15,Stage 15,0,0,0,0,0,0,0,0,0
2025,20250208,Tobias Foss,16,Stage 16,0,0,0,0,0,0,0,0,0
2025,20250208,Tobias Foss,17,Stage 17,0,0,0,0,0,0,0,0,0
2025,20250208,Tobias Foss,18,Stage 18,0,0,0,0,0,0,0,0,0
2025,20250208,Tobias Foss,19,Stage 19,0,0,0,0,0,15,0,8,23
2025,20250208,Tobias Foss,20,Stage 20,0,0,0,0,0,0,0,0,0
2025,20250208,Tobias Foss,21,Stage 21,0,0,0,0,0,0,0,0,0
2025,20250208,Tobias Foss,22,Final Classifications,0,0,0,0,0,0,0,0,0
2025,20250329,Gianni Moscon,1,Stage 1,0,0,0,0,0,0,0,0,0
2025,20250329,Gianni Moscon,2,Stage 2,0,0,0,0,0,0,0,0,0
2025,20250329,Gianni Moscon,3,Stage 3,0,0,0,0,0,0,0,0,0
2025,20250329,Gianni Moscon,4,Stage 4,0,0,0,0,0,0,0,0,0
2025,20250329,Gianni Moscon,5,Stage 5,0,0,0,0,0,0,0,0,0
2025,20250329,Gianni Moscon,6,Stage 6,0,0,0,0,0,0,0,0,0
2025,20250329,Gianni Moscon,7,Stage 7,0,0,0,0,0,0,0,0,0
2025,20250329,Gianni Moscon,8,Stage 8,0,0,0,0,0,0,0,0,0
2025,20250329,Gianni Moscon,9,Stage 9,0,0,0,0,0,0,0,0,0
2025,20250329,Gianni Moscon,10,Stage 10,0,0,0,0,0,0,0,0,0
2025,20250329,Gianni Moscon,11,Stage 11,0,0,0,0,0,0,0,0,0
2025,20250329,Gianni Moscon,12,Stage 12,0,0,0,0,0,0,0,2,2
2025,20250329,Gianni Moscon,13,Stage 13,0,0,0,0,0,0,0,0,0
2025,20250329,Gianni Moscon,14,Stage 14,0,0,0,0,0,0,0,2,2
2025,20250329,Gianni Moscon,15,Stage 15,0,0,0,0,0,0,0,4,4
2025,20250329,Gianni Moscon,16,Stage 16,0,0,0,0,0,0,0,4,4
2025,20250329,Gianni Moscon,17,Stage 17,0,0,0,0,0,0,0,8,8
2025,20250329,Gianni Moscon,18,Stage 18,0,0,0,0,0,0,0,4,4
2025,20250329,Gianni Moscon,19,Stage 19,0,0,0,0,0,0,0,4,4
2025,20250329,Gianni Moscon,20,Stage 20,0,0,0,0,0,0,0,4,4
2025,20250329,Gianni Moscon,21,Stage 21,0,0,0,0,0,0,0,4,4
2025,20250329,Gianni Moscon,22,Final Classifications,0,0,0,0,0,0,0,30,30
2025,20250407,Warren Barguil,1,Stage 1,0,0,0,0,0,0,0,0,0
2025,20250407,Warren Barguil,2,Stage 2,0,0,0,0,0,0,0,0,0
2025,20250407,Warren Barguil,3,Stage 3,0,0,0,0,0,0,0,0,0
2025,20250407,Warren Barguil,4,Stage 4,0,0,0,0,0,0,0,0,0
2025,20250407,Warren Barguil,5,Stage 5,0,0,0,0,0,0,0,0,0
2025,20250407,Warren Barguil,6,Stage 6,0,0,0,0,0,0,0,0,0
2025,20250407,Warren Barguil,7,Stage 7,0,0,0,0,0,0,0,2,2
2025,20250407,Warren Barguil,8,Stage 8,0,0,0,0,0,0,0,0,0
2025,20250407,Warren Barguil,9,Stage 9,0,0,0,0,0,0,0,0,0
2025,20250407,Warren Barguil,10,Stage 10,0,0,0,0,0,0,0,0,0
2025,20250407,Warren Barguil,11,Stage 11,0,0,0,0,0,0,0,0,0
2025,20250407,Warren Barguil,12,Stage 12,0,0,0,0,0,0,0,0,0
2025,20250407,Warren Barguil,13,Stage 13,0,0,0,0,0,0,0,0,0
2025,20250407,Warren Barguil,14,Stage 14,0,0,0,0,0,0,0,0,0
2025,20250407,Warren Barguil,15,Stage 15,16,0,0,0,0,0,0,0,16
2025,20250407,Warren Barguil,16,Stage 16,0,0,0,0,0,0,0,0,0
2025,20250407,Warren Barguil,17,Stage 17,0,0,0,0,0,0,0,2,2
2025,20250407,Warren Barguil,18,Stage 18,0,0,0,0,0,0,0,0,0
2025,20250407,Warren Barguil,19,Stage 19,0,0,0,0,0,0,0,0,0
2025,20250407,Warren Barguil,20,Stage 20,0,0,0,0,0,0,0,4,4
2025,20250407,Warren Barguil,21,Stage 21,0,0,0,0,0,0,0,0,0
2025,20250407,Warren Barguil,22,Final Classifications,0,0,0,0,0,0,0,0,40
2025,20250422,Niklas Märkl,1,Stage 1,35,8,0,0,0,0,0,0,43
2025,20250422,Niklas Märkl,2,Stage 2,0,0,0,0,0,0,0,0,0
2025,20250422,Niklas Märkl,3,Stage 3,12,0,0,0,0,0,0,0,12
2025,20250422,Niklas Märkl,4,Stage 4,0,0,0,0,0,0,0,0,0
2025,20250422,Niklas Märkl,5,Stage 5,0,0,0,0,0,0,0,0,0
2025,20250422,Niklas Märkl,6,Stage 6,0,0,0,0,0,0,0,0,0
2025,20250422,Niklas Märkl,7,Stage 7,0,0,0,0,0,0,0,2,2
2025,20250422,Niklas Märkl,8,Stage 8,0,0,0,0,0,0,0,0,0
2025,20250422,Niklas Märkl,9,Stage 9,0,0,0,0,0,0,0,0,0
2025,20250422,Niklas Märkl,10,Stage 10,0,0,0,0,0,0,0,0,0
2025,20250422,Niklas Märkl,11,Stage 11,0,0,0,0,0,0,0,0,0
2025,20250422,Niklas Märkl,12,Stage 12,0,0,0,0,0,0,0,0,0
2025,20250422,Niklas Märkl,13,Stage 13,0,0,0,0,0,0,0,0,0
2025,20250422,Niklas Märkl,14,Stage 14,0,0,0,0,0,0,0,0,0
2025,20250422,Niklas Märkl,15,Stage 15,0,0,0,0,0,0,0,0,0
2025,20250422,Niklas Märkl,16,Stage 16,0,0,0,0,0,0,0,0,0
2025,20250422,Niklas Märkl,17,Stage 17,0,0,0,0,0,0,0,2,2
2025,20250422,Niklas Märkl,18,Stage 18,0,0,0,0,0,0,0,0,0
2025,20250422,Niklas Märkl,19,Stage 19,0,0,0,0,0,0,0,0,0
2025,20250422,Niklas Märkl,20,Stage 20,0,0,0,0,0,0,0,4,4
2025,20250422,Niklas Märkl,21,Stage 21,0,0,0,0,0,0,0,0,0
2025,20250422,Niklas Märkl,22,Final Classifications,0,0,0,0,0,0,0,0,0
2025,20251407,Andreas Leknessund,1,Stage 1,0,0,0,0,0,0,0,4,4
2025,20251407,Andreas Leknessund,2,Stage 2,0,0,0,1,16,0,20,0,37
2025,20251407,Andreas Leknessund,3,Stage 3,0,0,0,1,0,0,0,0,1
2025,20251407,Andreas Leknessund,4,Stage 4,0,0,0,0,0,0,0,0,0
2025,20251407,Andreas Leknessund,5,Stage 5,0,0,0,0,0,0,0,0,0
2025,20251407,Andreas Leknessund,6,Stage 6,0,0,0,0,0,0,0,0,0
2025,20251407,Andreas Leknessund,7,Stage 7,0,0,0,0,0,0,0,0,0
2025,20251407,Andreas Leknessund,8,Stage 8,0,0,0,0,0,0,0,0,0
2025,20251407,Andreas Leknessund,9,Stage 9,0,0,0,0,0,0,0,0,0
2025,20251407,Andreas Leknessund,10,Stage 10,0,0,0,0,0,0,0,0,0
2025,20251407,Andreas Leknessund,11,Stage 11,0,0,0,0,0,0,0,8,8
2025,20251407,Andreas Leknessund,12,Stage 12,0,0,0,0,0,0,0,0,0
2025,20251407,Andreas Leknessund,13,Stage 13,0,0,0,0,0,0,0,0,0
2025,20251407,Andreas Leknessund,14,Stage 14,0,0,0,0,0,0,0,0,0
2025,20251407,Andreas Leknessund,15,Stage 15,12,0,0,0,0,0,0,0,12
2025,20251407,Andreas Leknessund,16,Stage 16,0,0,0,0,0,0,0,0,0
2025,20251407,Andreas Leknessund,17,Stage 17,0,0,0,0,0,0,0,0,0
2025,20251407,Andreas Leknessund,18,Stage 18,0,0,0,0,0,0,0,0,0
2025,20251407,Andreas Leknessund,19,Stage 19,0,0,0,0,0,0,0,0,0
2025,20251407,Andreas Leknessund,20,Stage 20,0,0,0,0,0,0,0,0,0
2025,20251407,Andreas Leknessund,21,Stage 21,0,0,0,0,0,0,0,0,0
2025,20251407,Andreas Leknessund,22,Final Classifications,0,0,0,0,0,0,0,0,0
2025,20250113,Dylan Teuns,1,Stage 1,0,0,0,0,0,0,0,0,0
2025,20250113,Dylan Teuns,2,Stage 2,0,0,0,0,0,0,0,0,0
2025,20250113,Dylan Teuns,3,Stage 3,0,0,0,0,0,0,0,0,0
2025,20250113,Dylan Teuns,4,Stage 4,0,0,0,0,0,0,0,0,0
2025,20250113,Dylan Teuns,5,Stage 5,0,0,0,0,0,0,0,0,0
2025,20250113,Dylan Teuns,6,Stage 6,0,0,0,0,0,0,0,0,0
2025,20250113,Dylan Teuns,7,Stage 7,0,0,0,0,0,0,0,0,0
2025,20250113,Dylan Teuns,8,Stage 8,0,0,0,0,0,0,0,0,0
2025,20250113,Dylan Teuns,9,Stage 9,0,0,0,0,0,0,0,0,0
2025,20250113,Dylan Teuns,10,Stage 10,0,0,0,0,0,0,0,0,0
2025,20250113,Dylan Teuns,11,Stage 11,0,0,0,0,0,0,0,0,0
2025,20250113,Dylan Teuns,12,Stage 12,0,0,0,0,0,0,0,0,0
2025,20250113,Dylan Teuns,13,Stage 13,0,0,0,0,0,0,0,0,0
2025,20250113,Dylan Teuns,14,Stage 14,0,0,0,0,0,0,0,0,0
2025,20250113,Dylan Teuns,15,Stage 15,0,0,0,0,0,0,0,0,0
2025,20250113,Dylan Teuns,16,Stage 16,0,0,0,0,0,0,0,0,0
2025,20250113,Dylan Teuns,17,Stage 17,0,0,0,0,0,0,0,0,0
2025,20250113,Dylan Teuns,18,Stage 18,0,0,0,0,0,0,0,0,0
2025,20250113,Dylan Teuns,19,Stage 19,0,0,0,0,0,0,0,0,0
2025,20250113,Dylan Teuns,20,Stage 20,0,0,0,0,0,0,0,0,0
2025,20250113,Dylan Teuns,21,Stage 21,60,0,0,0,0,0,0,0,60
2025,20250113,Dylan Teuns,22,Final Classifications,0,0,0,0,0,0,0,0,0
2025,20250089,Alex Aranburu,1,Stage 1,0,0,0,0,0,0,0,0,0
2025,20250089,Alex Aranburu,2,Stage 2,0,0,0,0,0,0,0,0,0
2025,20250089,Alex Aranburu,3,Stage 3,0,0,0,0,0,0,0,0,0
2025,20250089,Alex Aranburu,4,Stage 4,0,0,0,0,0,0,0,0,0
2025,20250089,Alex Aranburu,5,Stage 5,0,0,0,0,0,0,0,0,0
2025,20250089,Alex Aranburu,6,Stage 6,0,0,0,0,0,0,0,0,0
2025,20250089,Alex Aranburu,7,Stage 7,0,0,0,0,0,0,0,0,0
2025,20250089,Alex Aranburu,8,Stage 8,0,0,0,0,0,0,0,0,0
2025,20250089,Alex Aranburu,9,Stage 9,0,0,0,0,0,0,0,0,0
2025,20250089,Alex Aranburu,10,Stage 10,0,0,0,0,0,0,0,0,0
2025,20250089,Alex Aranburu,11,Stage 11,8,0,0,0,0,0,0,0,8
2025,20250089,Alex Aranburu,12,Stage 12,0,0,0,0,0,0,0,0,0
2025,20250089,Alex Aranburu,13,Stage 13,0,0,0,0,0,0,0,0,0
2025,20250089,Alex Aranburu,14,Stage 14,0,0,0,0,0,0,0,0,0
2025,20250089,Alex Aranburu,15,Stage 15,0,0,0,0,0,0,0,0,0
2025,20250089,Alex Aranburu,16,Stage 16,20,0,0,0,0,0,0,0,20
2025,20250089,Alex Aranburu,17,Stage 17,0,0,0,0,0,0,0,0,0
2025,20250089,Alex Aranburu,18,Stage 18,0,0,0,0,0,0,0,0,0
2025,20250089,Alex Aranburu,19,Stage 19,0,0,0,0,0,0,0,0,0
2025,20250089,Alex Aranburu,20,Stage 20,0,0,0,0,0,0,0,0,0
2025,20250089,Alex Aranburu,21,Stage 21,30,0,0,0,0,0,0,0,30
2025,20250089,Alex Aranburu,22,Final Classifications,0,0,0,0,0,0,0,0,0
2025,20251331,Marc Hirschi,1,Stage 1,0,0,0,0,0,0,0,8,8
2025,20251331,Marc Hirschi,2,Stage 2,30,0,0,0,0,0,0,0,30
2025,20251331,Marc Hirschi,3,Stage 3,0,0,0,0,0,0,0,0,0
2025,20251331,Marc Hirschi,4,Stage 4,4,7,0,0,0,0,0,0,11
2025,20251331,Marc Hirschi,5,Stage 5,0,0,0,0,0,0,0,0,0
2025,20251331,Marc Hirschi,6,Stage 6,0,0,0,0,0,0,0,2,2
2025,20251331,Marc Hirschi,7,Stage 7,0,0,0,0,0,0,0,0,0
2025,20251331,Marc Hirschi,8,Stage 8,0,0,0,0,0,0,0,0,0
2025,20251331,Marc Hirschi,9,Stage 9,0,0,0,0,0,0,0,0,0
2025,20251331,Marc Hirschi,10,Stage 10,0,0,0,0,0,0,0,0,0
2025,20251331,Marc Hirschi,11,Stage 11,0,0,0,0,0,0,0,0,0
2025,20251331,Marc Hirschi,12,Stage 12,0,0,0,0,0,0,0,0,0
2025,20251331,Marc Hirschi,13,Stage 13,0,0,0,0,0,0,0,0,0
2025,20251331,Marc Hirschi,14,Stage 14,0,0,0,0,0,0,0,0,0
2025,20251331,Marc Hirschi,15,Stage 15,0,0,0,0,0,0,0,2,2
2025,20251331,Marc Hirschi,16,Stage 16,0,0,0,0,0,0,0,0,0
2025,20251331,Marc Hirschi,17,Stage 17,0,0,0,0,0,0,0,0,0
2025,20251331,Marc Hirschi,18,Stage 18,0,0,0,0,0,0,0,0,0
2025,20251331,Marc Hirschi,19,Stage 19,0,0,0,0,0,0,0,0,0
2025,20251331,Marc Hirschi,20,Stage 20,0,0,0,0,0,0,0,0,0
2025,20251331,Marc Hirschi,21,Stage 21,0,0,0,0,0,0,0,0,0
2025,20251331,Marc Hirschi,22,Final Classifications,0,0,0,0,0,0,0,0,0
2025,20251274,Alexandre Delettre,1,Stage 1,0,0,0,0,0,0,0,0,0
2025,20251274,Alexandre Delettre,2,Stage 2,50,0,0,0,0,0,0,0,50
2025,20251274,Alexandre Delettre,3,Stage 3,0,2,0,0,0,0,0,0,2
2025,20251274,Alexandre Delettre,4,Stage 4,0,0,0,0,0,0,0,0,0
2025,20251274,Alexandre Delettre,5,Stage 5,0,0,0,0,0,0,0,0,0
2025,20251274,Alexandre Delettre,6,Stage 6,0,0,0,0,0,0,0,0,0
2025,20251274,Alexandre Delettre,7,Stage 7,0,0,0,0,0,0,0,0,0
2025,20251274,Alexandre Delettre,8,Stage 8,0,0,0,0,0,0,0,0,0
2025,20251274,Alexandre Delettre,9,Stage 9,0,0,0,0,0,0,0,0,0
2025,20251274,Alexandre Delettre,10,Stage 10,0,0,0,0,0,0,0,0,0
2025,20251274,Alexandre Delettre,11,Stage 11,0,0,0,0,0,0,0,0,0
2025,20251274,Alexandre Delettre,12,Stage 12,0,0,0,0,0,0,0,0,0
2025,20251274,Alexandre Delettre,13,Stage 13,0,0,0,0,0,0,0,0,0
2025,20251274,Alexandre Delettre,14,Stage 14,0,0,0,0,0,0,0,0,0
2025,20251274,Alexandre Delettre,15,Stage 15,0,0,0,0,0,0,0,0,0
2025,20251274,Alexandre Delettre,16,Stage 16,0,0,0,0,0,0,0,0,0
2025,20251274,Alexandre Delettre,17,Stage 17,0,0,0,0,0,0,0,0,0
2025,20251274,Alexandre Delettre,18,Stage 18,0,0,0,0,0,0,0,0,0
2025,20251274,Alexandre Delettre,19,Stage 19,0,0,0,0,0,0,0,0,0
2025,20251274,Alexandre Delettre,20,Stage 20,0,0,0,0,0,0,0,0,0
2025,20251274,Alexandre Delettre,21,Stage 21,0,0,0,0,0,0,0,0,0
2025,20251274,Alexandre Delettre,22,Final Classifications,0,0,0,0,0,0,0,0,0
2025,20250227,Geraint Thomas,1,Stage 1,0,0,0,0,0,0,0,0,0
2025,20250227,Geraint Thomas,2,Stage 2,0,0,0,0,0,0,0,0,0
2025,20250227,Geraint Thomas,3,Stage 3,0,0,0,0,0,0,0,0,0
2025,20250227,Geraint Thomas,4,Stage 4,0,0,0,0,0,0,0,0,0
2025,20250227,Geraint Thomas,5,Stage 5,0,0,0,0,0,0,0,0,0
2025,20250227,Geraint Thomas,6,Stage 6,0,0,0,0,0,0,0,0,0
2025,20250227,Geraint Thomas,7,Stage 7,0,0,0,0,8,0,20,0,28
2025,20250227,Geraint Thomas,8,Stage 8,0,0,0,0,0,0,0,0,0
2025,20250227,Geraint Thomas,9,Stage 9,0,0,0,0,0,0,0,0,0
2025,20250227,Geraint Thomas,10,Stage 10,0,0,0,0,0,0,0,4,4
2025,20250227,Geraint Thomas,11,Stage 11,0,0,0,0,0,0,0,0,0
2025,20250227,Geraint Thomas,12,Stage 12,0,0,0,0,0,0,0,0,0
2025,20250227,Geraint Thomas,13,Stage 13,0,0,0,0,0,0,0,0,0
2025,20250227,Geraint Thomas,14,Stage 14,0,0,0,0,0,0,0,8,8
2025,20250227,Geraint Thomas,15,Stage 15,0,0,0,0,0,0,0,0,0
2025,20250227,Geraint Thomas,16,Stage 16,0,0,0,0,0,0,0,0,0
2025,20250227,Geraint Thomas,17,Stage 17,0,0,0,0,0,0,0,0,0
2025,20250227,Geraint Thomas,18,Stage 18,0,0,0,0,0,0,0,0,0
2025,20250227,Geraint Thomas,19,Stage 19,0,0,0,0,0,0,0,8,8
2025,20250227,Geraint Thomas,20,Stage 20,0,0,0,0,0,0,0,0,0
2025,20250227,Geraint Thomas,21,Stage 21,0,0,0,0,0,0,0,0,0
2025,20250227,Geraint Thomas,22,Final Classifications,0,0,0,0,0,0,0,0,0
2025,20250114,Benjamin Thomas,1,Stage 1,0,0,0,12,0,0,20,0,32
2025,20250114,Benjamin Thomas,2,Stage 2,0,0,0,6,0,0,0,0,6
2025,20250114,Benjamin Thomas,3,Stage 3,0,0,0,6,0,0,0,0,6
2025,20250114,Benjamin Thomas,4,Stage 4,0,0,0,2,0,0,0,0,2
2025,20250114,Benjamin Thomas,5,Stage 5,0,0,0,2,0,0,0,0,2
2025,20250114,Benjamin Thomas,6,Stage 6,0,0,0,0,0,0,0,0,0
2025,20250114,Benjamin Thomas,7,Stage 7,0,0,0,0,0,0,0,0,0
2025,20250114,Benjamin Thomas,8,Stage 8,0,0,0,0,0,0,0,0,0
2025,20250114,Benjamin Thomas,9,Stage 9,0,0,0,0,0,0,0,0,0
2025,20250114,Benjamin Thomas,10,Stage 10,0,0,0,0,0,0,0,0,0
2025,20250114,Benjamin Thomas,11,Stage 11,0,0,0,0,0,0,0,0,0
2025,20250114,Benjamin Thomas,12,Stage 12,0,0,0,0,0,0,0,0,0
2025,20250114,Benjamin Thomas,13,Stage 13,0,0,0,0,0,0,0,0,0
2025,20250114,Benjamin Thomas,14,Stage 14,0,0,0,0,0,0,0,0,0
2025,20250114,Benjamin Thomas,15,Stage 15,0,0,0,0,0,0,0,0,0
2025,20250114,Benjamin Thomas,16,Stage 16,0,0,0,0,0,0,0,0,0
2025,20250114,Benjamin Thomas,17,Stage 17,0,0,0,0,0,0,0,0,0
2025,20250114,Benjamin Thomas,18,Stage 18,0,0,0,0,0,0,0,0,0
2025,20250114,Benjamin Thomas,19,Stage 19,0,0,0,0,0,0,0,0,0
2025,20250114,Benjamin Thomas,20,Stage 20,0,0,0,0,0,0,0,0,0
2025,20250114,Benjamin Thomas,21,Stage 21,0,0,0,0,0,0,0,0,0
2025,20250114,Benjamin Thomas,22,Final Classifications,0,0,0,0,0,0,0,0,0
2025,20251329,Marco Haller,1,Stage 1,0,0,0,0,0,0,0,8,8
2025,20251329,Marco Haller,2,Stage 2,0,0,0,0,0,0,0,0,0
2025,20251329,Marco Haller,3,Stage 3,0,0,0,0,0,0,0,0,0
2025,20251329,Marco Haller,4,Stage 4,0,0,0,0,0,0,0,0,0
2025,20251329,Marco Haller,5,Stage 5,0,0,0,0,0,0,0,0,0
2025,20251329,Marco Haller,6,Stage 6,0,0,0,0,0,0,0,2,2
2025,20251329,Marco Haller,7,Stage 7,0,0,0,0,16,0,20,0,36
2025,20251329,Marco Haller,8,Stage 8,0,0,0,0,0,0,0,0,0
2025,20251329,Marco Haller,9,Stage 9,0,0,0,0,0,0,0,0,0
2025,20251329,Marco Haller,10,Stage 10,0,0,0,0,0,0,0,0,0
2025,20251329,Marco Haller,11,Stage 11,0,0,0,0,0,0,0,0,0
2025,20251329,Marco Haller,12,Stage 12,0,0,0,0,0,0,0,0,0
2025,20251329,Marco Haller,13,Stage 13,0,0,0,0,0,0,0,0,0
2025,20251329,Marco Haller,14,Stage 14,0,0,0,0,0,0,0,0,0
2025,20251329,Marco Haller,15,Stage 15,0,0,0,0,0,0,0,2,2
2025,20251329,Marco Haller,16,Stage 16,0,0,0,0,0,0,0,0,0
2025,20251329,Marco Haller,17,Stage 17,0,0,0,0,0,0,0,0,0
2025,20251329,Marco Haller,18,Stage 18,0,0,0,0,0,0,0,0,0
2025,20251329,Marco Haller,19,Stage 19,0,0,0,0,0,0,0,0,0
2025,20251329,Marco Haller,20,Stage 20,0,0,0,0,0,0,0,0,0
2025,20251329,Marco Haller,21,Stage 21,0,0,0,0,0,0,0,0,0
2025,20251329,Marco Haller,22,Final Classifications,0,0,0,0,0,0,0,0,0
2025,20250365,Maximilian Schachmann,1,Stage 1,0,0,0,0,0,0,0,0,0
2025,20250365,Maximilian Schachmann,2,Stage 2,0,0,0,0,0,0,0,0,0
2025,20250365,Maximilian Schachmann,3,Stage 3,0,0,0,0,0,0,0,8,8
2025,20250365,Maximilian Schachmann,4,Stage 4,0,0,0,0,0,0,0,0,0
2025,20250365,Maximilian Schachmann,5,Stage 5,0,0,0,0,0,0,0,0,0
2025,20250365,Maximilian Schachmann,6,Stage 6,0,0,0,0,0,0,0,2,2
2025,20250365,Maximilian Schachmann,7,Stage 7,0,0,0,0,0,0,0,4,4
2025,20250365,Maximilian Schachmann,8,Stage 8,0,0,0,0,0,0,0,4,4
2025,20250365,Maximilian Schachmann,9,Stage 9,0,0,0,0,0,0,0,12,12
2025,20250365,Maximilian Schachmann,10,Stage 10,0,0,0,0,0,0,0,2,2
2025,20250365,Maximilian Schachmann,11,Stage 11,0,0,0,0,0,0,0,2,2
2025,20250365,Maximilian Schachmann,12,Stage 12,0,0,0,0,0,0,0,2,2
2025,20250365,Maximilian Schachmann,13,Stage 13,0,0,0,0,0,0,0,0,0
2025,20250365,Maximilian Schachmann,14,Stage 14,0,0,0,0,0,0,0,0,0
2025,20250365,Maximilian Schachmann,15,Stage 15,0,0,0,0,0,0,0,0,0
2025,20250365,Maximilian Schachmann,16,Stage 16,0,0,0,0,0,0,0,8,8
2025,20250365,Maximilian Schachmann,17,Stage 17,0,0,0,0,0,0,0,0,0
2025,20250365,Maximilian Schachmann,18,Stage 18,0,0,0,0,0,0,0,0,0
2025,20250365,Maximilian Schachmann,19,Stage 19,0,0,0,0,0,0,0,0,0
2025,20250365,Maximilian Schachmann,20,Stage 20,0,0,0,0,0,0,0,2,2
2025,20250365,Maximilian Schachmann,21,Stage 21,0,0,0,0,0,0,0,0,0
2025,20250365,Maximilian Schachmann,22,Final Classifications,0,0,0,0,0,0,0,0,0
2025,20250369,Bert Van Lerberghe,1,Stage 1,0,0,0,0,0,0,0,0,0
2025,20250369,Bert Van Lerberghe,2,Stage 2,0,0,0,0,0,0,0,0,0
2025,20250369,Bert Van Lerberghe,3,Stage 3,0,0,0,0,0,0,0,8,8
2025,20250369,Bert Van Lerberghe,4,Stage 4,0,0,0,0,0,0,0,0,0
2025,20250369,Bert Van Lerberghe,5,Stage 5,0,0,0,0,0,0,0,0,0
2025,20250369,Bert Van Lerberghe,6,Stage 6,0,0,0,0,0,0,0,2,2
2025,20250369,Bert Van Lerberghe,7,Stage 7,0,0,0,0,0,0,0,4,4
2025,20250369,Bert Van Lerberghe,8,Stage 8,0,0,0,0,0,0,0,4,4
2025,20250369,Bert Van Lerberghe,9,Stage 9,0,0,0,0,0,0,0,12,12
2025,20250369,Bert Van Lerberghe,10,Stage 10,0,0,0,0,0,0,0,2,2
2025,20250369,Bert Van Lerberghe,11,Stage 11,0,0,0,0,0,0,0,2,2
2025,20250369,Bert Van Lerberghe,12,Stage 12,0,0,0,0,0,0,0,2,2
2025,20250369,Bert Van Lerberghe,13,Stage 13,0,0,0,0,0,0,0,0,0
2025,20250369,Bert Van Lerberghe,14,Stage 14,0,0,0,0,0,0,0,0,0
2025,20250369,Bert Van Lerberghe,15,Stage 15,0,0,0,0,0,0,0,0,0
2025,20250369,Bert Van Lerberghe,16,Stage 16,0,0,0,0,0,0,0,8,8
2025,20250369,Bert Van Lerberghe,17,Stage 17,0,0,0,0,0,0,0,0,0
2025,20250369,Bert Van Lerberghe,18,Stage 18,0,0,0,0,0,0,0,0,0
2025,20250369,Bert Van Lerberghe,19,Stage 19,0,0,0,0,0,0,0,0,0
2025,20250369,Bert Van Lerberghe,20,Stage 20,0,0,0,0,0,0,0,2,2
2025,20250369,Bert Van Lerberghe,21,Stage 21,0,0,0,0,0,0,0,0,0
2025,20250369,Bert Van Lerberghe,22,Final Classifications,0,0,0,0,0,0,0,0,0
2025,20250116,Damien Touzé,1,Stage 1,16,4,0,0,0,0,0,0,20
2025,20250116,Damien Touzé,2,Stage 2,0,0,0,0,0,0,0,0,0
2025,20250116,Damien Touzé,3,Stage 3,25,0,0,0,0,0,0,0,25
2025,20250116,Damien Touzé,4,Stage 4,0,0,0,0,0,0,0,0,0
2025,20250116,Damien Touzé,5,Stage 5,0,0,0,0,0,0,0,0,0
2025,20250116,Damien Touzé,6,Stage 6,0,0,0,0,0,0,0,0,0
2025,20250116,Damien Touzé,7,Stage 7,0,0,0,0,0,0,0,0,0
2025,20250116,Damien Touzé,8,Stage 8,0,0,0,0,0,0,0,0,0
2025,20250116,Damien Touzé,9,Stage 9,0,0,0,0,0,0,0,0,0
2025,20250116,Damien Touzé,10,Stage 10,0,0,0,0,0,0,0,0,0
2025,20250116,Damien Touzé,11,Stage 11,0,0,0,0,0,0,0,0,0
2025,20250116,Damien Touzé,12,Stage 12,0,0,0,0,0,0,0,0,0
2025,20250116,Damien Touzé,13,Stage 13,0,0,0,0,0,0,0,0,0
2025,20250116,Damien Touzé,14,Stage 14,0,0,0,0,0,0,0,0,0
2025,20250116,Damien Touzé,15,Stage 15,0,0,0,0,0,0,0,0,0
2025,20250116,Damien Touzé,16,Stage 16,0,0,0,0,0,0,0,0,0
2025,20250116,Damien Touzé,17,Stage 17,0,0,0,0,0,0,0,0,0
2025,20250116,Damien Touzé,18,Stage 18,0,0,0,0,0,0,0,0,0
2025,20250116,Damien Touzé,19,Stage 19,0,0,0,0,0,0,0,0,0
2025,20250116,Damien Touzé,20,Stage 20,0,0,0,0,0,0,0,0,0
2025,20250116,Damien Touzé,21,Stage 21,0,0,0,0,0,0,0,0,0
2025,20250116,Damien Touzé,22,Final Classifications,0,0,0,0,0,0,0,0,0
2025,20250261,Simone Consonni,1,Stage 1,0,0,0,0,2,0,0,0,2
2025,20250261,Simone Consonni,2,Stage 2,0,0,0,0,0,0,0,0,0
2025,20250261,Simone Consonni,3,Stage 3,0,0,0,0,5,0,0,4,9
2025,20250261,Simone Consonni,4,Stage 4,0,0,0,0,2,0,0,0,2
2025,20250261,Simone Consonni,5,Stage 5,0,0,0,0,0,0,0,0,0
2025,20250261,Simone Consonni,6,Stage 6,0,0,0,0,0,0,0,4,4
2025,20250261,Simone Consonni,7,Stage 7,0,0,0,0,0,0,0,0,0
2025,20250261,Simone Consonni,8,Stage 8,0,0,0,0,0,0,0,8,8
2025,20250261,Simone Consonni,9,Stage 9,0,0,0,0,4,0,0,4,8
2025,20250261,Simone Consonni,10,Stage 10,0,0,0,0,0,0,0,0,0
2025,20250261,Simone Consonni,11,Stage 11,0,0,0,0,0,0,0,0,0
2025,20250261,Simone Consonni,12,Stage 12,0,0,0,0,0,0,0,0,0
2025,20250261,Simone Consonni,13,Stage 13,0,0,0,0,0,0,0,0,0
2025,20250261,Simone Consonni,14,Stage 14,0,0,0,0,0,0,0,0,0
2025,20250261,Simone Consonni,15,Stage 15,0,0,0,0,0,0,0,0,0
2025,20250261,Simone Consonni,16,Stage 16,0,0,0,0,0,0,0,0,0
2025,20250261,Simone Consonni,17,Stage 17,0,0,0,0,3,0,0,8,11
2025,20250261,Simone Consonni,18,Stage 18,0,0,0,0,0,0,0,0,0
2025,20250261,Simone Consonni,19,Stage 19,0,0,0,0,0,0,0,0,0
2025,20250261,Simone Consonni,20,Stage 20,0,0,0,0,0,0,0,0,0
2025,20250261,Simone Consonni,21,Stage 21,0,0,0,0,0,0,0,0,0
2025,20250261,Simone Consonni,22,Final Classifications,0,0,0,0,0,0,0,0,0
2025,20250971,Jarrad Drizners,1,Stage 1,0,0,0,0,0,0,0,0,0
2025,20250971,Jarrad Drizners,2,Stage 2,0,0,0,0,0,0,0,0,0
2025,20250971,Jarrad Drizners,3,Stage 3,0,0,0,0,0,0,0,0,0
2025,20250971,Jarrad Drizners,4,Stage 4,0,0,0,0,1,0,0,0,1
2025,20250971,Jarrad Drizners,5,Stage 5,0,0,0,0,0,0,0,0,0
2025,20250971,Jarrad Drizners,6,Stage 6,0,0,0,0,0,0,0,0,0
2025,20250971,Jarrad Drizners,7,Stage 7,0,0,0,0,0,0,0,0,0
2025,20250971,Jarrad Drizners,8,Stage 8,0,0,0,0,0,0,0,0,0
2025,20250971,Jarrad Drizners,9,Stage 9,0,0,0,0,0,0,0,2,2
2025,20250971,Jarrad Drizners,10,Stage 10,0,0,0,0,0,0,0,0,0
2025,20250971,Jarrad Drizners,11,Stage 11,0,0,0,0,0,0,0,0,0
2025,20250971,Jarrad Drizners,12,Stage 12,0,0,0,0,0,0,0,0,0
2025,20250971,Jarrad Drizners,13,Stage 13,0,0,0,0,0,0,0,0,0
2025,20250971,Jarrad Drizners,14,Stage 14,0,0,0,0,0,0,0,0,0
2025,20250971,Jarrad Drizners,15,Stage 15,0,0,0,0,3,0,0,0,3
2025,20250971,Jarrad Drizners,16,Stage 16,0,0,0,0,2,0,0,0,2
2025,20250971,Jarrad Drizners,17,Stage 17,35,0,0,0,0,0,0,0,35
2025,20250971,Jarrad Drizners,18,Stage 18,0,0,0,0,0,0,0,0,0
2025,20250971,Jarrad Drizners,19,Stage 19,0,0,0,0,0,0,0,0,0
2025,20250971,Jarrad Drizners,20,Stage 20,0,0,0,0,0,0,0,0,0
2025,20250971,Jarrad Drizners,21,Stage 21,0,0,0,0,0,0,0,0,0
2025,20250971,Jarrad Drizners,22,Final Classifications,0,0,0,0,0,0,0,0,0
2025,20250248,Laurenz Rex,1,Stage 1,0,0,0,0,0,0,0,8,8
2025,20250248,Laurenz Rex,2,Stage 2,0,0,0,0,0,0,0,0,0
2025,20250248,Laurenz Rex,3,Stage 3,0,0,0,0,2,0,0,0,2
2025,20250248,Laurenz Rex,4,Stage 4,0,0,0,0,0,0,0,0,0
2025,20250248,Laurenz Rex,5,Stage 5,0,0,0,0,0,0,0,0,0
2025,20250248,Laurenz Rex,6,Stage 6,0,0,0,0,2,0,0,0,2
2025,20250248,Laurenz Rex,7,Stage 7,0,0,0,0,1,0,0,0,1
2025,20250248,Laurenz Rex,8,Stage 8,0,0,0,0,6,0,0,0,6
2025,20250248,Laurenz Rex,9,Stage 9,0,0,0,0,0,0,0,0,0
2025,20250248,Laurenz Rex,10,Stage 10,0,0,0,0,0,0,0,0,0
2025,20250248,Laurenz Rex,11,Stage 11,0,0,0,0,0,0,0,0,0
2025,20250248,Laurenz Rex,12,Stage 12,0,0,0,0,20,0,0,0,20
2025,20250248,Laurenz Rex,13,Stage 13,0,0,0,0,0,0,0,0,0
2025,20250248,Laurenz Rex,14,Stage 14,0,0,0,0,0,0,0,0,0
2025,20250248,Laurenz Rex,15,Stage 15,0,0,0,0,0,0,0,0,0
2025,20250248,Laurenz Rex,16,Stage 16,0,0,0,0,0,0,0,0,0
2025,20250248,Laurenz Rex,17,Stage 17,0,0,0,0,0,0,0,0,0
2025,20250248,Laurenz Rex,18,Stage 18,0,0,0,0,0,0,0,0,0
2025,20250248,Laurenz Rex,19,Stage 19,0,0,0,0,0,0,0,0,0
2025,20250248,Laurenz Rex,20,Stage 20,0,0,0,0,0,0,0,0,0
2025,20250248,Laurenz Rex,21,Stage 21,0,0,0,0,3,0,0,0,3
2025,20250248,Laurenz Rex,22,Final Classifications,0,0,0,0,0,0,0,0,0
2025,20250055,Clément Venturini,1,Stage 1,0,0,0,0,0,0,0,0,0
2025,20250055,Clément Venturini,2,Stage 2,0,0,0,0,0,0,0,0,0
2025,20250055,Clément Venturini,3,Stage 3,0,0,0,0,0,0,0,0,0
2025,20250055,Clément Venturini,4,Stage 4,0,0,0,0,0,0,0,0,0
2025,20250055,Clément Venturini,5,Stage 5,0,0,0,0,0,0,0,0,0
2025,20250055,Clément Venturini,6,Stage 6,0,0,0,0,0,0,0,0,0
2025,20250055,Clément Venturini,7,Stage 7,0,0,0,0,0,0,0,2,2
2025,20250055,Clément Venturini,8,Stage 8,0,0,0,0,0,0,0,2,2
2025,20250055,Clément Venturini,9,Stage 9,0,0,0,0,0,0,0,2,2
2025,20250055,Clément Venturini,10,Stage 10,0,0,0,0,0,0,0,0,0
2025,20250055,Clément Venturini,11,Stage 11,0,0,0,0,0,0,0,0,0
2025,20250055,Clément Venturini,12,Stage 12,0,0,0,0,0,0,0,2,2
2025,20250055,Clément Venturini,13,Stage 13,0,0,0,0,0,0,0,0,0
2025,20250055,Clément Venturini,14,Stage 14,0,0,0,0,0,0,0,0,0
2025,20250055,Clément Venturini,15,Stage 15,0,0,0,0,0,0,0,0,0
2025,20250055,Clément Venturini,16,Stage 16,0,0,0,0,0,0,0,0,0
2025,20250055,Clément Venturini,17,Stage 17,12,0,0,0,0,0,0,0,12
2025,20250055,Clément Venturini,18,Stage 18,0,0,0,0,0,0,0,0,0
2025,20250055,Clément Venturini,19,Stage 19,0,0,0,0,0,0,0,0,0
2025,20250055,Clément Venturini,20,Stage 20,0,0,0,0,0,0,0,0,0
2025,20250055,Clément Venturini,21,Stage 21,0,0,0,0,0,0,0,0,0
2025,20250055,Clément Venturini,22,Final Classifications,0,0,0,0,0,0,0,0,20
2025,20250231,Louis Barré,1,Stage 1,0,0,0,0,0,0,0,8,8
2025,20250231,Louis Barré,2,Stage 2,0,0,0,0,0,0,0,0,0
2025,20250231,Louis Barré,3,Stage 3,0,0,0,0,0,0,0,0,0
2025,20250231,Louis Barré,4,Stage 4,0,0,0,0,0,0,0,0,0
2025,20250231,Louis Barré,5,Stage 5,0,0,0,0,0,0,0,0,0
2025,20250231,Louis Barré,6,Stage 6,0,0,0,0,0,0,0,0,0
2025,20250231,Louis Barré,7,Stage 7,0,0,0,0,0,0,0,0,0
2025,20250231,Louis Barré,8,Stage 8,0,0,0,0,0,0,0,0,0
2025,20250231,Louis Barré,9,Stage 9,0,0,0,0,0,0,0,0,0
2025,20250231,Louis Barré,10,Stage 10,0,0,0,0,0,0,0,0,0
2025,20250231,Louis Barré,11,Stage 11,16,0,0,0,0,0,0,0,16
2025,20250231,Louis Barré,12,Stage 12,0,0,0,0,0,0,0,0,0
2025,20250231,Louis Barré,13,Stage 13,0,0,0,0,0,0,0,0,0
2025,20250231,Louis Barré,14,Stage 14,0,0,0,0,0,0,0,0,0
2025,20250231,Louis Barré,15,Stage 15,0,0,0,0,0,0,0,0,0
2025,20250231,Louis Barré,16,Stage 16,0,0,0,0,0,0,0,0,0
2025,20250231,Louis Barré,17,Stage 17,0,0,0,0,0,0,0,0,0
2025,20250231,Louis Barré,18,Stage 18,0,0,0,0,0,0,0,0,0
2025,20250231,Louis Barré,19,Stage 19,0,0,0,0,0,0,0,0,0
2025,20250231,Louis Barré,20,Stage 20,16,0,0,0,0,0,0,0,16
2025,20250231,Louis Barré,21,Stage 21,0,0,0,0,0,0,0,0,0
2025,20250231,Louis Barré,22,Final Classifications,0,0,0,0,0,0,0,0,0
2025,20250283,Edward Theuns,1,Stage 1,0,0,0,0,0,0,0,0,0
2025,20250283,Edward Theuns,2,Stage 2,0,0,0,0,0,0,0,0,0
2025,20250283,Edward Theuns,3,Stage 3,0,0,0,0,0,0,0,4,4
2025,20250283,Edward Theuns,4,Stage 4,0,0,0,0,0,0,0,0,0
2025,20250283,Edward Theuns,5,Stage 5,0,0,0,0,0,0,0,0,0
2025,20250283,Edward Theuns,6,Stage 6,0,0,0,0,0,0,0,4,4
2025,20250283,Edward Theuns,7,Stage 7,0,0,0,0,0,0,0,0,0
2025,20250283,Edward Theuns,8,Stage 8,0,0,0,0,0,0,0,8,8
2025,20250283,Edward Theuns,9,Stage 9,0,0,0,0,0,0,0,4,4
2025,20250283,Edward Theuns,10,Stage 10,0,0,0,0,0,0,0,0,0
2025,20250283,Edward Theuns,11,Stage 11,0,0,0,0,0,0,0,0,0
2025,20250283,Edward Theuns,12,Stage 12,0,0,0,0,4,0,0,0,4
2025,20250283,Edward Theuns,13,Stage 13,0,0,0,0,0,0,0,0,0
2025,20250283,Edward Theuns,14,Stage 14,0,0,0,0,0,0,0,0,0
2025,20250283,Edward Theuns,15,Stage 15,0,0,0,0,0,0,0,0,0
2025,20250283,Edward Theuns,16,Stage 16,0,0,0,0,0,0,0,0,0
2025,20250283,Edward Theuns,17,Stage 17,0,0,0,0,0,0,0,8,8
2025,20250283,Edward Theuns,18,Stage 18,0,0,0,0,4,0,0,0,4
2025,20250283,Edward Theuns,19,Stage 19,0,0,0,0,2,0,0,0,2
2025,20250283,Edward Theuns,20,Stage 20,0,0,0,0,0,0,0,0,0
2025,20250283,Edward Theuns,21,Stage 21,0,0,0,0,0,0,0,0,0
2025,20250283,Edward Theuns,22,Final Classifications,0,0,0,0,0,0,0,0,0
2025,20251277,Thomas Gachignard,1,Stage 1,0,0,0,0,0,0,0,0,0
2025,20251277,Thomas Gachignard,2,Stage 2,0,0,0,0,0,0,0,0,0
2025,20251277,Thomas Gachignard,3,Stage 3,0,0,0,0,0,0,0,0,0
2025,20251277,Thomas Gachignard,4,Stage 4,0,0,0,0,8,0,20,0,28
2025,20251277,Thomas Gachignard,5,Stage 5,0,0,0,0,0,0,0,0,0
2025,20251277,Thomas Gachignard,6,Stage 6,0,0,0,0,0,0,0,0,0
2025,20251277,Thomas Gachignard,7,Stage 7,0,0,0,0,0,0,0,0,0
2025,20251277,Thomas Gachignard,8,Stage 8,0,0,0,0,0,0,0,0,0
2025,20251277,Thomas Gachignard,9,Stage 9,0,0,0,0,0,0,0,0,0
2025,20251277,Thomas Gachignard,10,Stage 10,0,0,0,0,0,0,0,0,0
2025,20251277,Thomas Gachignard,11,Stage 11,0,0,0,0,0,0,0,0,0
2025,20251277,Thomas Gachignard,12,Stage 12,0,0,0,0,0,0,0,0,0
2025,20251277,Thomas Gachignard,13,Stage 13,0,0,0,0,0,0,0,0,0
2025,20251277,Thomas Gachignard,14,Stage 14,0,0,0,0,0,0,0,0,0
2025,20251277,Thomas Gachignard,15,Stage 15,0,0,0,0,0,0,0,0,0
2025,20251277,Thomas Gachignard,16,Stage 16,0,0,0,0,0,0,0,0,0
2025,20251277,Thomas Gachignard,17,Stage 17,0,0,0,0,0,0,0,0,0
2025,20251277,Thomas Gachignard,18,Stage 18,0,0,0,0,0,0,0,0,0
2025,20251277,Thomas Gachignard,19,Stage 19,0,0,0,0,0,0,0,0,0
2025,20251277,Thomas Gachignard,20,Stage 20,8,0,0,0,0,0,0,0,8
2025,20251277,Thomas Gachignard,21,Stage 21,0,0,0,0,0,0,0,0,0
2025,20251277,Thomas Gachignard,22,Final Classifications,0,0,0,0,0,0,0,0,0
2025,20250177,Cyril Barthe,1,Stage 1,0,0,0,0,0,0,0,4,4
2025,20250177,Cyril Barthe,2,Stage 2,0,0,0,0,0,0,0,8,8
2025,20250177,Cyril Barthe,3,Stage 3,0,0,0,0,0,0,0,8,8
2025,20250177,Cyril Barthe,4,Stage 4,0,0,0,0,0,0,0,4,4
2025,20250177,Cyril Barthe,5,Stage 5,0,0,0,0,0,0,0,0,0
2025,20250177,Cyril Barthe,6,Stage 6,0,0,0,0,0,0,0,2,2
2025,20250177,Cyril Barthe,7,Stage 7,0,0,0,0,0,0,0,2,2
2025,20250177,Cyril Barthe,8,Stage 8,0,0,0,0,0,0,0,2,2
2025,20250177,Cyril Barthe,9,Stage 9,0,0,0,0,0,0,0,2,2
2025,20250177,Cyril Barthe,10,Stage 10,0,0,0,0,0,0,0,0,0
2025,20250177,Cyril Barthe,11,Stage 11,0,0,0,0,0,0,0,2,2
2025,20250177,Cyril Barthe,12,Stage 12,0,0,0,0,0,0,0,0,0
2025,20250177,Cyril Barthe,13,Stage 13,0,0,0,0,0,0,0,0,0
2025,20250177,Cyril Barthe,14,Stage 14,0,0,0,0,0,0,0,0,0
2025,20250177,Cyril Barthe,15,Stage 15,0,0,0,0,0,0,0,0,0
2025,20250177,Cyril Barthe,16,Stage 16,0,0,0,0,0,0,0,0,0
2025,20250177,Cyril Barthe,17,Stage 17,0,0,0,0,0,0,0,0,0
2025,20250177,Cyril Barthe,18,Stage 18,0,0,0,0,0,0,0,0,0
2025,20250177,Cyril Barthe,19,Stage 19,0,0,0,0,0,0,0,0,0
2025,20250177,Cyril Barthe,20,Stage 20,0,0,0,0,0,0,0,0,0
2025,20250177,Cyril Barthe,21,Stage 21,0,0,0,0,0,0,0,0,0
2025,20250177,Cyril Barthe,22,Final Classifications,0,0,0,0,0,0,0,0,0
2025,20250904,Alexey Lutsenko,1,Stage 1,0,0,0,0,0,0,0,0,0
2025,20250904,Alexey Lutsenko,2,Stage 2,0,0,0,0,0,0,0,0,0
2025,20250904,Alexey Lutsenko,3,Stage 3,0,0,0,0,0,0,0,0,0
2025,20250904,Alexey Lutsenko,4,Stage 4,8,0,0,0,0,0,0,0,8
2025,20250904,Alexey Lutsenko,5,Stage 5,0,0,0,0,0,0,0,0,0
2025,20250904,Alexey Lutsenko,6,Stage 6,0,0,0,0,0,0,0,0,0
2025,20250904,Alexey Lutsenko,7,Stage 7,0,0,0,0,0,0,0,0,0
2025,20250904,Alexey Lutsenko,8,Stage 8,0,0,0,0,0,0,0,0,0
2025,20250904,Alexey Lutsenko,9,Stage 9,0,0,0,0,0,0,0,0,0
2025,20250904,Alexey Lutsenko,10,Stage 10,0,0,0,0,0,0,0,0,0
2025,20250904,Alexey Lutsenko,11,Stage 11,0,0,0,0,0,0,0,0,0
2025,20250904,Alexey Lutsenko,12,Stage 12,0,0,0,0,0,0,0,0,0
2025,20250904,Alexey Lutsenko,13,Stage 13,0,0,0,0,0,0,0,0,0
2025,20250904,Alexey Lutsenko,14,Stage 14,0,0,0,0,0,0,0,0,0
2025,20250904,Alexey Lutsenko,15,Stage 15,0,0,0,0,5,0,20,0,25
2025,20250904,Alexey Lutsenko,16,Stage 16,0,0,0,0,0,0,0,0,0
2025,20250904,Alexey Lutsenko,17,Stage 17,0,0,0,0,0,0,0,0,0
2025,20250904,Alexey Lutsenko,18,Stage 18,0,0,0,0,0,0,0,0,0
2025,20250904,Alexey Lutsenko,19,Stage 19,0,0,0,0,0,0,0,0,0
2025,20250904,Alexey Lutsenko,20,Stage 20,0,0,0,0,0,0,0,0,0
2025,20250904,Alexey Lutsenko,21,Stage 21,0,0,0,0,0,0,0,0,0
2025,20250904,Alexey Lutsenko,22,Final Classifications,0,0,0,0,0,0,0,0,0
2025,20250090,Emanuel Buchmann,1,Stage 1,0,0,0,0,0,0,0,0,0
2025,20250090,Emanuel Buchmann,2,Stage 2,4,7,0,0,0,0,0,0,11
2025,20250090,Emanuel Buchmann,3,Stage 3,0,11,0,0,0,0,0,0,11
2025,20250090,Emanuel Buchmann,4,Stage 4,0,0,0,0,0,0,0,0,0
2025,20250090,Emanuel Buchmann,5,Stage 5,0,0,0,0,0,0,0,0,0
2025,20250090,Emanuel Buchmann,6,Stage 6,0,0,0,0,0,0,0,0,0
2025,20250090,Emanuel Buchmann,7,Stage 7,0,0,0,0,0,0,0,0,0
2025,20250090,Emanuel Buchmann,8,Stage 8,0,0,0,0,0,0,0,0,0
2025,20250090,Emanuel Buchmann,9,Stage 9,0,1,0,0,0,0,0,0,1
2025,20250090,Emanuel Buchmann,10,Stage 10,0,1,0,0,0,0,0,0,1
2025,20250090,Emanuel Buchmann,11,Stage 11,0,1,0,0,0,0,0,0,1
2025,20250090,Emanuel Buchmann,12,Stage 12,0,1,0,0,0,0,0,0,1
2025,20250090,Emanuel Buchmann,13,Stage 13,0,0,0,0,0,0,0,0,0
2025,20250090,Emanuel Buchmann,14,Stage 14,0,0,0,0,0,0,0,0,0
2025,20250090,Emanuel Buchmann,15,Stage 15,0,0,0,0,0,0,0,0,0
2025,20250090,Emanuel Buchmann,16,Stage 16,0,0,0,0,0,0,0,0,0
2025,20250090,Emanuel Buchmann,17,Stage 17,0,0,0,0,0,0,0,0,0
2025,20250090,Emanuel Buchmann,18,Stage 18,0,0,0,0,1,0,0,0,1
2025,20250090,Emanuel Buchmann,19,Stage 19,0,0,0,0,0,0,0,0,0
2025,20250090,Emanuel Buchmann,20,Stage 20,0,0,0,0,0,0,0,0,0
2025,20250090,Emanuel Buchmann,21,Stage 21,0,0,0,0,0,0,0,0,0
2025,20250090,Emanuel Buchmann,22,Final Classifications,0,0,0,0,0,0,0,0,5
2025,20250905,Krists Neilands,1,Stage 1,25,6,0,0,0,0,0,0,31
2025,20250905,Krists Neilands,2,Stage 2,0,0,0,0,0,0,0,0,0
2025,20250905,Krists Neilands,3,Stage 3,0,0,0,0,0,0,0,0,0
2025,20250905,Krists Neilands,4,Stage 4,0,0,0,0,0,0,0,0,0
2025,20250905,Krists Neilands,5,Stage 5,0,0,0,0,0,0,0,0,0
2025,20250905,Krists Neilands,6,Stage 6,0,0,0,0,0,0,0,0,0
2025,20250905,Krists Neilands,7,Stage 7,0,0,0,0,0,0,0,0,0
2025,20250905,Krists Neilands,8,Stage 8,0,0,0,0,0,0,0,0,0
2025,20250905,Krists Neilands,9,Stage 9,0,0,0,0,0,0,0,0,0
2025,20250905,Krists Neilands,10,Stage 10,0,0,0,0,0,0,0,0,0
2025,20250905,Krists Neilands,11,Stage 11,0,0,0,0,0,0,0,0,0
2025,20250905,Krists Neilands,12,Stage 12,0,0,0,0,0,0,0,0,0
2025,20250905,Krists Neilands,13,Stage 13,0,0,0,0,0,0,0,0,0
2025,20250905,Krists Neilands,14,Stage 14,0,0,0,0,0,0,0,0,0
2025,20250905,Krists Neilands,15,Stage 15,0,0,0,0,0,0,0,0,0
2025,20250905,Krists Neilands,16,Stage 16,0,0,0,0,1,0,0,0,1
2025,20250905,Krists Neilands,17,Stage 17,0,0,0,0,0,0,0,0,0
2025,20250905,Krists Neilands,18,Stage 18,0,0,0,0,0,0,0,0,0
2025,20250905,Krists Neilands,19,Stage 19,0,0,0,0,0,0,0,0,0
2025,20250905,Krists Neilands,20,Stage 20,0,0,0,0,0,0,0,0,0
2025,20250905,Krists Neilands,21,Stage 21,0,0,0,0,0,0,0,0,0
2025,20250905,Krists Neilands,22,Final Classifications,0,0,0,0,0,0,0,0,0
2025,20250043,Mathis Le Berre,1,Stage 1,0,0,0,0,0,0,0,0,0
2025,20250043,Mathis Le Berre,2,Stage 2,0,0,0,0,0,0,0,0,0
2025,20250043,Mathis Le Berre,3,Stage 3,0,0,0,0,0,0,0,0,0
2025,20250043,Mathis Le Berre,4,Stage 4,0,0,0,0,0,0,0,0,0
2025,20250043,Mathis Le Berre,5,Stage 5,0,0,0,0,0,0,0,0,0
2025,20250043,Mathis Le Berre,6,Stage 6,0,0,0,0,0,0,0,0,0
2025,20250043,Mathis Le Berre,7,Stage 7,0,0,0,0,0,0,0,2,2
2025,20250043,Mathis Le Berre,8,Stage 8,0,0,0,0,0,0,0,2,2
2025,20250043,Mathis Le Berre,9,Stage 9,0,0,0,0,0,0,0,2,2
2025,20250043,Mathis Le Berre,10,Stage 10,0,0,0,0,0,0,0,0,0
2025,20250043,Mathis Le Berre,11,Stage 11,0,0,0,0,0,0,0,0,0
2025,20250043,Mathis Le Berre,12,Stage 12,0,0,0,0,0,0,0,2,2
2025,20250043,Mathis Le Berre,13,Stage 13,0,0,0,0,0,0,0,0,0
2025,20250043,Mathis Le Berre,14,Stage 14,0,0,0,0,0,0,0,0,0
2025,20250043,Mathis Le Berre,15,Stage 15,0,0,0,0,0,0,0,0,0
2025,20250043,Mathis Le Berre,16,Stage 16,0,0,0,0,0,0,0,0,0
2025,20250043,Mathis Le Berre,17,Stage 17,0,0,0,0,0,0,0,0,0
2025,20250043,Mathis Le Berre,18,Stage 18,0,0,0,0,0,0,0,0,0
2025,20250043,Mathis Le Berre,19,Stage 19,0,0,0,0,0,0,0,0,0
2025,20250043,Mathis Le Berre,20,Stage 20,4,0,0,0,0,0,0,0,4
2025,20250043,Mathis Le Berre,21,Stage 21,0,0,0,0,0,0,0,0,0
2025,20250043,Mathis Le Berre,22,Final Classifications,0,0,0,0,0,0,0,20,20
2025,20250280,Toms Skujiņš,1,Stage 1,0,0,0,0,0,0,0,0,0
2025,20250280,Toms Skujiņš,2,Stage 2,0,0,0,0,0,0,0,0,0
2025,20250280,Toms Skujiņš,3,Stage 3,0,0,0,0,0,0,0,4,4
2025,20250280,Toms Skujiņš,4,Stage 4,0,0,0,0,0,0,0,0,0
2025,20250280,Toms Skujiņš,5,Stage 5,0,0,0,0,0,0,0,0,0
2025,20250280,Toms Skujiņš,6,Stage 6,0,0,0,0,0,0,0,4,4
2025,20250280,Toms Skujiņš,7,Stage 7,0,0,0,0,0,0,0,0,0
2025,20250280,Toms Skujiņš,8,Stage 8,0,0,0,0,0,0,0,8,8
2025,20250280,Toms Skujiņš,9,Stage 9,0,0,0,0,0,0,0,4,4
2025,20250280,Toms Skujiņš,10,Stage 10,0,0,0,0,0,0,0,0,0
2025,20250280,Toms Skujiņš,11,Stage 11,0,0,0,0,0,0,0,0,0
2025,20250280,Toms Skujiņš,12,Stage 12,0,0,0,0,0,0,0,0,0
2025,20250280,Toms Skujiņš,13,Stage 13,0,0,0,0,0,0,0,0,0
2025,20250280,Toms Skujiņš,14,Stage 14,0,0,0,0,0,0,0,0,0
2025,20250280,Toms Skujiņš,15,Stage 15,0,0,0,0,0,0,0,0,0
2025,20250280,Toms Skujiņš,16,Stage 16,0,0,0,0,0,0,0,0,0
2025,20250280,Toms Skujiņš,17,Stage 17,0,0,0,0,0,0,0,8,8
2025,20250280,Toms Skujiņš,18,Stage 18,0,0,0,0,0,0,0,0,0
2025,20250280,Toms Skujiņš,19,Stage 19,0,0,0,0,0,0,0,0,0
2025,20250280,Toms Skujiņš,20,Stage 20,0,0,0,0,0,0,0,0,0
2025,20250280,Toms Skujiņš,21,Stage 21,0,0,0,0,0,0,0,0,0
2025,20250280,Toms Skujiņš,22,Final Classifications,0,0,0,0,0,0,0,0,0
2025,20250119,Clément Berthet,1,Stage 1,0,0,0,0,0,0,0,0,0
2025,20250119,Clément Berthet,2,Stage 2,0,0,0,0,0,0,0,0,0
2025,20250119,Clément Berthet,3,Stage 3,0,0,0,0,0,0,0,0,0
2025,20250119,Clément Berthet,4,Stage 4,0,0,0,0,0,0,0,0,0
2025,20250119,Clément Berthet,5,Stage 5,0,0,0,0,0,0,0,0,0
2025,20250119,Clément Berthet,6,Stage 6,0,0,0,0,0,0,0,0,0
2025,20250119,Clément Berthet,7,Stage 7,0,0,0,0,0,0,0,0,0
2025,20250119,Clément Berthet,8,Stage 8,0,0,0,0,0,0,0,0,0
2025,20250119,Clément Berthet,9,Stage 9,0,0,0,0,0,0,0,0,0
2025,20250119,Clément Berthet,10,Stage 10,0,0,0,0,0,0,0,2,2
2025,20250119,Clément Berthet,11,Stage 11,0,0,0,0,0,0,0,0,0
2025,20250119,Clément Berthet,12,Stage 12,0,0,0,0,0,0,0,0,0
2025,20250119,Clément Berthet,13,Stage 13,0,0,0,0,0,0,0,0,0
2025,20250119,Clément Berthet,14,Stage 14,0,0,0,0,0,0,0,2,2
2025,20250119,Clément Berthet,15,Stage 15,0,0,0,0,0,0,0,0,0
2025,20250119,Clément Berthet,16,Stage 16,0,0,0,0,0,0,0,0,0
2025,20250119,Clément Berthet,17,Stage 17,0,0,0,0,0,0,0,0,0
2025,20250119,Clément Berthet,18,Stage 18,0,0,0,0,0,0,0,0,0
2025,20250119,Clément Berthet,19,Stage 19,12,0,0,0,0,0,0,0,12
2025,20250119,Clément Berthet,20,Stage 20,0,0,0,0,0,0,0,0,0
2025,20250119,Clément Berthet,21,Stage 21,0,0,0,0,0,0,0,0,0
2025,20250119,Clément Berthet,22,Final Classifications,0,0,0,0,0,0,0,0,10
2025,20250233,Vito Braet,1,Stage 1,0,0,0,0,0,0,0,8,8
2025,20250233,Vito Braet,2,Stage 2,0,0,0,0,0,0,0,0,0
2025,20250233,Vito Braet,3,Stage 3,0,0,0,0,0,0,0,0,0
2025,20250233,Vito Braet,4,Stage 4,0,0,0,0,0,0,0,0,0
2025,20250233,Vito Braet,5,Stage 5,0,0,0,0,0,0,0,0,0
2025,20250233,Vito Braet,6,Stage 6,0,0,0,0,0,0,0,0,0
2025,20250233,Vito Braet,7,Stage 7,0,0,0,0,0,0,0,0,0
2025,20250233,Vito Braet,8,Stage 8,0,0,0,0,0,0,0,0,0
2025,20250233,Vito Braet,9,Stage 9,0,0,0,0,0,0,0,0,0
2025,20250233,Vito Braet,10,Stage 10,0,0,0,0,0,0,0,0,0
2025,20250233,Vito Braet,11,Stage 11,0,0,0,0,0,0,0,0,0
2025,20250233,Vito Braet,12,Stage 12,0,0,0,0,0,0,0,0,0
2025,20250233,Vito Braet,13,Stage 13,0,0,0,0,0,0,0,0,0
2025,20250233,Vito Braet,14,Stage 14,0,0,0,0,0,0,0,0,0
2025,20250233,Vito Braet,15,Stage 15,0,0,0,0,0,0,0,0,0
2025,20250233,Vito Braet,16,Stage 16,0,0,0,0,0,0,0,0,0
2025,20250233,Vito Braet,17,Stage 17,16,0,0,0,0,0,0,0,16
2025,20250233,Vito Braet,18,Stage 18,0,0,0,0,0,0,0,0,0
2025,20250233,Vito Braet,19,Stage 19,0,0,0,0,0,0,0,0,0
2025,20250233,Vito Braet,20,Stage 20,0,0,0,0,0,0,0,0,0
2025,20250233,Vito Braet,21,Stage 21,0,0,0,0,2,0,0,0,2
2025,20250233,Vito Braet,22,Final Classifications,0,0,0,0,0,0,0,0,0
2025,20250305,Nelson Oliveira,1,Stage 1,0,0,0,0,0,0,0,0,0
2025,20250305,Nelson Oliveira,2,Stage 2,0,0,0,0,0,0,0,0,0
2025,20250305,Nelson Oliveira,3,Stage 3,0,0,0,0,0,0,0,0,0
2025,20250305,Nelson Oliveira,4,Stage 4,0,0,0,0,0,0,0,0,0
2025,20250305,Nelson Oliveira,5,Stage 5,25,0,0,0,0,0,0,0,25
2025,20250305,Nelson Oliveira,6,Stage 6,0,0,0,0,0,0,0,0,0
2025,20250305,Nelson Oliveira,7,Stage 7,0,0,0,0,0,0,0,0,0
2025,20250305,Nelson Oliveira,8,Stage 8,0,0,0,0,0,0,0,0,0
2025,20250305,Nelson Oliveira,9,Stage 9,0,0,0,0,0,0,0,0,0
2025,20250305,Nelson Oliveira,10,Stage 10,0,0,0,0,0,0,0,0,0
2025,20250305,Nelson Oliveira,11,Stage 11,0,0,0,0,0,0,0,0,0
2025,20250305,Nelson Oliveira,12,Stage 12,0,0,0,0,0,0,0,0,0
2025,20250305,Nelson Oliveira,13,Stage 13,0,0,0,0,0,0,0,0,0
2025,20250305,Nelson Oliveira,14,Stage 14,0,0,0,0,0,0,0,0,0
2025,20250305,Nelson Oliveira,15,Stage 15,0,0,0,0,0,0,0,0,0
2025,20250305,Nelson Oliveira,16,Stage 16,0,0,0,0,0,0,0,0,0
2025,20250305,Nelson Oliveira,17,Stage 17,0,0,0,0,0,0,0,0,0
2025,20250305,Nelson Oliveira,18,Stage 18,0,0,0,0,0,0,0,0,0
2025,20250305,Nelson Oliveira,19,Stage 19,0,0,0,0,0,0,0,0,0
2025,20250305,Nelson Oliveira,20,Stage 20,0,0,0,0,0,0,0,0,0
2025,20250305,Nelson Oliveira,21,Stage 21,0,0,0,0,0,0,0,0,0
2025,20250305,Nelson Oliveira,22,Final Classifications,0,0,0,0,0,0,0,0,0
2025,20250142,Callum Scotson,1,Stage 1,0,0,0,0,0,0,0,0,0
2025,20250142,Callum Scotson,2,Stage 2,0,0,0,0,0,0,0,0,0
2025,20250142,Callum Scotson,3,Stage 3,0,0,0,0,0,0,0,0,0
2025,20250142,Callum Scotson,4,Stage 4,0,0,0,0,0,0,0,0,0
2025,20250142,Callum Scotson,5,Stage 5,0,0,0,0,0,0,0,0,0
2025,20250142,Callum Scotson,6,Stage 6,0,0,0,0,0,0,0,0,0
2025,20250142,Callum Scotson,7,Stage 7,0,0,0,0,0,0,0,0,0
2025,20250142,Callum Scotson,8,Stage 8,0,0,0,0,0,0,0,0,0
2025,20250142,Callum Scotson,9,Stage 9,0,0,0,0,0,0,0,0,0
2025,20250142,Callum Scotson,10,Stage 10,0,0,0,0,0,0,0,2,2
2025,20250142,Callum Scotson,11,Stage 11,0,0,0,0,0,0,0,0,0
2025,20250142,Callum Scotson,12,Stage 12,0,0,0,0,0,0,0,0,0
2025,20250142,Callum Scotson,13,Stage 13,0,0,0,0,0,0,0,0,0
2025,20250142,Callum Scotson,14,Stage 14,8,0,0,0,0,0,0,2,10
2025,20250142,Callum Scotson,15,Stage 15,0,0,0,0,0,0,0,0,0
2025,20250142,Callum Scotson,16,Stage 16,0,0,0,0,0,0,0,0,0
2025,20250142,Callum Scotson,17,Stage 17,0,0,0,0,0,0,0,0,0
2025,20250142,Callum Scotson,18,Stage 18,0,0,0,0,0,0,0,0,0
2025,20250142,Callum Scotson,19,Stage 19,0,0,0,0,0,0,0,0,0
2025,20250142,Callum Scotson,20,Stage 20,0,0,0,0,0,0,0,0,0
2025,20250142,Callum Scotson,21,Stage 21,0,0,0,0,0,0,0,0,0
2025,20250142,Callum Scotson,22,Final Classifications,0,0,0,0,0,0,0,0,10
2025,20251291,Mattéo Vercher,1,Stage 1,0,0,0,0,0,0,20,0,20
2025,20251291,Mattéo Vercher,2,Stage 2,0,0,0,0,0,0,0,0,0
2025,20251291,Mattéo Vercher,3,Stage 3,0,0,0,0,0,0,0,0,0
2025,20251291,Mattéo Vercher,4,Stage 4,0,0,0,0,0,0,0,0,0
2025,20251291,Mattéo Vercher,5,Stage 5,0,0,0,0,0,0,0,0,0
2025,20251291,Mattéo Vercher,6,Stage 6,0,0,0,0,0,0,0,0,0
2025,20251291,Mattéo Vercher,7,Stage 7,0,0,0,0,0,0,0,0,0
2025,20251291,Mattéo Vercher,8,Stage 8,0,0,0,0,0,0,0,0,0
2025,20251291,Mattéo Vercher,9,Stage 9,0,0,0,0,0,0,0,0,0
2025,20251291,Mattéo Vercher,10,Stage 10,0,0,0,0,0,0,0,0,0
2025,20251291,Mattéo Vercher,11,Stage 11,0,0,0,0,0,0,0,0,0
2025,20251291,Mattéo Vercher,12,Stage 12,0,0,0,0,0,0,0,0,0
2025,20251291,Mattéo Vercher,13,Stage 13,0,0,0,0,0,0,0,0,0
2025,20251291,Mattéo Vercher,14,Stage 14,0,0,0,0,0,0,0,0,0
2025,20251291,Mattéo Vercher,15,Stage 15,0,0,0,0,0,0,0,0,0
2025,20251291,Mattéo Vercher,16,Stage 16,0,0,0,0,0,0,0,0,0
2025,20251291,Mattéo Vercher,17,Stage 17,0,0,0,0,0,0,0,0,0
2025,20251291,Mattéo Vercher,18,Stage 18,0,0,0,0,0,0,0,0,0
2025,20251291,Mattéo Vercher,19,Stage 19,0,0,0,0,0,0,0,0,0
2025,20251291,Mattéo Vercher,20,Stage 20,0,0,0,0,0,0,0,0,0
2025,20251291,Mattéo Vercher,21,Stage 21,0,0,0,0,0,0,0,0,0
2025,20251291,Mattéo Vercher,22,Final Classifications,0,0,0,0,0,0,0,0,0
2025,20250225,Connor Swift,1,Stage 1,0,0,0,0,0,0,0,0,0
2025,20250225,Connor Swift,2,Stage 2,0,0,0,0,0,0,0,0,0
2025,20250225,Connor Swift,3,Stage 3,0,0,0,0,0,0,0,0,0
2025,20250225,Connor Swift,4,Stage 4,0,0,0,0,0,0,0,0,0
2025,20250225,Connor Swift,5,Stage 5,0,0,0,0,0,0,0,0,0
2025,20250225,Connor Swift,6,Stage 6,0,0,0,0,0,0,0,0,0
2025,20250225,Connor Swift,7,Stage 7,0,0,0,0,0,0,0,0,0
2025,20250225,Connor Swift,8,Stage 8,0,0,0,0,0,0,0,0,0
2025,20250225,Connor Swift,9,Stage 9,0,0,0,0,0,0,0,0,0
2025,20250225,Connor Swift,10,Stage 10,0,0,0,0,0,0,0,4,4
2025,20250225,Connor Swift,11,Stage 11,0,0,0,0,0,0,0,0,0
2025,20250225,Connor Swift,12,Stage 12,0,0,0,0,0,0,0,0,0
2025,20250225,Connor Swift,13,Stage 13,0,0,0,0,0,0,0,0,0
2025,20250225,Connor Swift,14,Stage 14,0,0,0,0,0,0,0,8,8
2025,20250225,Connor Swift,15,Stage 15,0,0,0,0,0,0,0,0,0
2025,20250225,Connor Swift,16,Stage 16,0,0,0,0,0,0,0,0,0
2025,20250225,Connor Swift,17,Stage 17,0,0,0,0,0,0,0,0,0
2025,20250225,Connor Swift,18,Stage 18,0,0,0,0,0,0,0,0,0
2025,20250225,Connor Swift,19,Stage 19,0,0,0,0,0,0,0,8,8
2025,20250225,Connor Swift,20,Stage 20,0,0,0,0,0,0,0,0,0
2025,20250225,Connor Swift,21,Stage 21,0,0,0,0,0,0,0,0,0
2025,20250225,Connor Swift,22,Final Classifications,0,0,0,0,0,0,0,0,0
2025,20250493,Cees Bol,1,Stage 1,0,0,0,0,0,0,0,0,0
2025,20250493,Cees Bol,2,Stage 2,0,0,0,0,0,0,0,0,0
2025,20250493,Cees Bol,3,Stage 3,0,0,0,0,0,0,0,0,0
2025,20250493,Cees Bol,4,Stage 4,0,0,0,0,0,0,0,0,0
2025,20250493,Cees Bol,5,Stage 5,0,0,0,0,0,0,0,0,0
2025,20250493,Cees Bol,6,Stage 6,0,0,0,0,0,0,0,0,0
2025,20250493,Cees Bol,7,Stage 7,0,0,0,0,0,0,0,0,0
2025,20250493,Cees Bol,8,Stage 8,12,0,0,0,0,0,0,0,12
2025,20250493,Cees Bol,9,Stage 9,4,0,0,0,0,0,0,0,4
2025,20250493,Cees Bol,10,Stage 10,0,0,0,0,0,0,0,0,0
2025,20250493,Cees Bol,11,Stage 11,0,0,0,0,0,0,0,0,0
2025,20250493,Cees Bol,12,Stage 12,0,0,0,0,0,0,0,0,0
2025,20250493,Cees Bol,13,Stage 13,0,0,0,0,0,0,0,0,0
2025,20250493,Cees Bol,14,Stage 14,0,0,0,0,0,0,0,0,0
2025,20250493,Cees Bol,15,Stage 15,0,0,0,0,0,0,0,0,0
2025,20250493,Cees Bol,16,Stage 16,0,0,0,0,0,0,0,0,0
2025,20250493,Cees Bol,17,Stage 17,0,0,0,0,0,0,0,0,0
2025,20250493,Cees Bol,18,Stage 18,0,0,0,0,0,0,0,0,0
2025,20250493,Cees Bol,19,Stage 19,0,0,0,0,0,0,0,0,0
2025,20250493,Cees Bol,20,Stage 20,0,0,0,0,0,0,0,0,0
2025,20250493,Cees Bol,21,Stage 21,0,0,0,0,0,0,0,0,0
2025,20250493,Cees Bol,22,Final Classifications,0,0,0,0,0,0,0,0,0
2025,20250494,Clément Champoussin,1,Stage 1,0,0,0,0,0,0,0,0,0
2025,20250494,Clément Champoussin,2,Stage 2,0,0,0,0,0,0,0,0,0
2025,20250494,Clément Champoussin,3,Stage 3,0,0,0,0,0,0,0,0,0
2025,20250494,Clément Champoussin,4,Stage 4,0,0,0,0,0,0,0,0,0
2025,20250494,Clément Champoussin,5,Stage 5,0,0,0,0,0,0,0,0,0
2025,20250494,Clément Champoussin,6,Stage 6,0,0,0,0,0,0,0,0,0
2025,20250494,Clément Champoussin,7,Stage 7,0,0,0,0,0,0,0,0,0
2025,20250494,Clément Champoussin,8,Stage 8,0,0,0,0,0,0,0,0,0
2025,20250494,Clément Champoussin,9,Stage 9,0,0,0,0,0,0,0,0,0
2025,20250494,Clément Champoussin,10,Stage 10,0,0,0,0,0,0,0,0,0
2025,20250494,Clément Champoussin,11,Stage 11,12,0,0,0,0,0,0,0,12
2025,20250494,Clément Champoussin,12,Stage 12,0,0,0,0,0,0,0,0,0
2025,20250494,Clément Champoussin,13,Stage 13,0,0,0,0,0,0,0,0,0
2025,20250494,Clément Champoussin,14,Stage 14,0,0,0,0,0,0,0,0,0
2025,20250494,Clément Champoussin,15,Stage 15,0,0,0,0,0,0,0,0,0
2025,20250494,Clément Champoussin,16,Stage 16,0,0,0,0,0,0,0,0,0
2025,20250494,Clément Champoussin,17,Stage 17,0,0,0,0,0,0,0,0,0
2025,20250494,Clément Champoussin,18,Stage 18,0,0,0,0,0,0,0,0,0
2025,20250494,Clément Champoussin,19,Stage 19,0,0,0,0,0,0,0,0,0
2025,20250494,Clément Champoussin,20,Stage 20,0,0,0,0,0,0,0,0,0
2025,20250494,Clément Champoussin,21,Stage 21,0,0,0,0,0,0,0,4,4
2025,20250494,Clément Champoussin,22,Final Classifications,0,0,0,0,0,0,0,0,0
2025,20250244,Hugo Page,1,Stage 1,0,0,0,0,0,0,0,8,8
2025,20250244,Hugo Page,2,Stage 2,0,0,0,0,0,0,0,0,0
2025,20250244,Hugo Page,3,Stage 3,0,0,0,0,6,0,0,0,6
2025,20250244,Hugo Page,4,Stage 4,0,0,0,0,0,0,0,0,0
2025,20250244,Hugo Page,5,Stage 5,0,0,0,0,0,0,0,0,0
2025,20250244,Hugo Page,6,Stage 6,0,0,0,0,0,0,0,0,0
2025,20250244,Hugo Page,7,Stage 7,0,0,0,0,0,0,0,0,0
2025,20250244,Hugo Page,8,Stage 8,0,0,0,0,0,0,0,0,0
2025,20250244,Hugo Page,9,Stage 9,0,0,0,0,0,0,0,0,0
2025,20250244,Hugo Page,10,Stage 10,0,0,0,0,0,0,0,0,0
2025,20250244,Hugo Page,11,Stage 11,0,0,0,0,0,0,0,0,0
2025,20250244,Hugo Page,12,Stage 12,0,0,0,0,0,0,0,0,0
2025,20250244,Hugo Page,13,Stage 13,0,0,0,0,0,0,0,0,0
2025,20250244,Hugo Page,14,Stage 14,0,0,0,0,0,0,0,0,0
2025,20250244,Hugo Page,15,Stage 15,0,0,0,0,0,0,0,0,0
2025,20250244,Hugo Page,16,Stage 16,0,0,0,0,0,0,0,0,0
2025,20250244,Hugo Page,17,Stage 17,0,0,0,0,0,0,0,0,0
2025,20250244,Hugo Page,18,Stage 18,0,0,0,0,0,0,0,0,0
2025,20250244,Hugo Page,19,Stage 19,0,0,0,0,0,0,0,0,0
2025,20250244,Hugo Page,20,Stage 20,0,0,0,0,0,0,0,0,0
2025,20250244,Hugo Page,21,Stage 21,0,0,0,0,1,0,0,0,1
2025,20250244,Hugo Page,22,Final Classifications,0,0,0,0,0,0,0,0,0
2025,20250346,Mattia Cattaneo,1,Stage 1,0,0,0,0,1,0,0,0,1
2025,20250346,Mattia Cattaneo,2,Stage 2,0,0,0,0,0,0,0,0,0
2025,20250346,Mattia Cattaneo,3,Stage 3,0,0,0,0,0,0,0,8,8
2025,20250346,Mattia Cattaneo,4,Stage 4,0,0,0,0,0,0,0,0,0
2025,20250346,Mattia Cattaneo,5,Stage 5,0,0,0,0,0,0,0,0,0
2025,20250346,Mattia Cattaneo,6,Stage 6,0,0,0,0,0,0,0,2,2
2025,20250346,Mattia Cattaneo,7,Stage 7,0,0,0,0,0,0,0,4,4
2025,20250346,Mattia Cattaneo,8,Stage 8,0,0,0,0,0,0,0,0,0
2025,20250346,Mattia Cattaneo,9,Stage 9,0,0,0,0,0,0,0,0,0
2025,20250346,Mattia Cattaneo,10,Stage 10,0,0,0,0,0,0,0,0,0
2025,20250346,Mattia Cattaneo,11,Stage 11,0,0,0,0,0,0,0,0,0
2025,20250346,Mattia Cattaneo,12,Stage 12,0,0,0,0,0,0,0,0,0
2025,20250346,Mattia Cattaneo,13,Stage 13,0,0,0,0,0,0,0,0,0
2025,20250346,Mattia Cattaneo,14,Stage 14,0,0,0,0,0,0,0,0,0
2025,20250346,Mattia Cattaneo,15,Stage 15,0,0,0,0,0,0,0,0,0
2025,20250346,Mattia Cattaneo,16,Stage 16,0,0,0,0,0,0,0,0,0
2025,20250346,Mattia Cattaneo,17,Stage 17,0,0,0,0,0,0,0,0,0
2025,20250346,Mattia Cattaneo,18,Stage 18,0,0,0,0,0,0,0,0,0
2025,20250346,Mattia Cattaneo,19,Stage 19,0,0,0,0,0,0,0,0,0
2025,20250346,Mattia Cattaneo,20,Stage 20,0,0,0,0,0,0,0,0,0
2025,20250346,Mattia Cattaneo,21,Stage 21,0,0,0,0,0,0,0,0,0
2025,20250346,Mattia Cattaneo,22,Final Classifications,0,0,0,0,0,0,0,0,0
2025,20250136,Oliver Naesen,1,Stage 1,0,0,0,0,0,0,0,0,0
2025,20250136,Oliver Naesen,2,Stage 2,0,0,0,0,0,0,0,0,0
2025,20250136,Oliver Naesen,3,Stage 3,0,0,0,0,0,0,0,0,0
2025,20250136,Oliver Naesen,4,Stage 4,0,0,0,0,0,0,0,0,0
2025,20250136,Oliver Naesen,5,Stage 5,0,0,0,0,0,0,0,0,0
2025,20250136,Oliver Naesen,6,Stage 6,0,0,0,0,0,0,0,0,0
2025,20250136,Oliver Naesen,7,Stage 7,0,0,0,0,0,0,0,0,0
2025,20250136,Oliver Naesen,8,Stage 8,0,0,0,0,0,0,0,0,0
2025,20250136,Oliver Naesen,9,Stage 9,0,0,0,0,0,0,0,0,0
2025,20250136,Oliver Naesen,10,Stage 10,0,0,0,0,0,0,0,2,2
2025,20250136,Oliver Naesen,11,Stage 11,0,0,0,0,0,0,0,0,0
2025,20250136,Oliver Naesen,12,Stage 12,0,0,0,0,0,0,0,0,0
2025,20250136,Oliver Naesen,13,Stage 13,0,0,0,0,0,0,0,0,0
2025,20250136,Oliver Naesen,14,Stage 14,0,0,0,0,0,0,0,2,2
2025,20250136,Oliver Naesen,15,Stage 15,0,0,0,0,0,0,0,0,0
2025,20250136,Oliver Naesen,16,Stage 16,0,0,0,0,0,0,0,0,0
2025,20250136,Oliver Naesen,17,Stage 17,0,0,0,0,0,0,0,0,0
2025,20250136,Oliver Naesen,18,Stage 18,0,0,0,0,0,0,0,0,0
2025,20250136,Oliver Naesen,19,Stage 19,0,0,0,0,0,0,0,0,0
2025,20250136,Oliver Naesen,20,Stage 20,0,0,0,0,0,0,0,0,0
2025,20250136,Oliver Naesen,21,Stage 21,0,0,0,0,0,0,0,0,0
2025,20250136,Oliver Naesen,22,Final Classifications,0,0,0,0,0,0,0,0,10
2025,20250424,Tim Naberman,1,Stage 1,0,0,0,0,0,0,0,0,0
2025,20250424,Tim Naberman,2,Stage 2,0,0,0,0,0,0,0,0,0
2025,20250424,Tim Naberman,3,Stage 3,0,0,0,0,0,0,0,0,0
2025,20250424,Tim Naberman,4,Stage 4,0,0,0,0,0,0,0,0,0
2025,20250424,Tim Naberman,5,Stage 5,0,0,0,0,0,0,0,0,0
2025,20250424,Tim Naberman,6,Stage 6,0,0,0,0,0,0,0,0,0
2025,20250424,Tim Naberman,7,Stage 7,0,0,0,0,0,0,0,2,2
2025,20250424,Tim Naberman,8,Stage 8,0,0,0,0,0,0,0,0,0
2025,20250424,Tim Naberman,9,Stage 9,0,0,0,0,0,0,0,0,0
2025,20250424,Tim Naberman,10,Stage 10,0,0,0,0,0,0,0,0,0
2025,20250424,Tim Naberman,11,Stage 11,0,0,0,0,0,0,0,0,0
2025,20250424,Tim Naberman,12,Stage 12,0,0,0,0,0,0,0,0,0
2025,20250424,Tim Naberman,13,Stage 13,0,0,0,0,0,0,0,0,0
2025,20250424,Tim Naberman,14,Stage 14,0,0,0,0,0,0,0,0,0
2025,20250424,Tim Naberman,15,Stage 15,0,0,0,0,0,0,0,0,0
2025,20250424,Tim Naberman,16,Stage 16,0,0,0,0,0,0,0,0,0
2025,20250424,Tim Naberman,17,Stage 17,0,0,0,0,0,0,0,2,2
2025,20250424,Tim Naberman,18,Stage 18,0,0,0,0,0,0,0,0,0
2025,20250424,Tim Naberman,19,Stage 19,0,0,0,0,0,0,0,0,0
2025,20250424,Tim Naberman,20,Stage 20,0,0,0,0,0,0,0,4,4
2025,20250424,Tim Naberman,21,Stage 21,0,0,0,0,5,0,0,0,5
2025,20250424,Tim Naberman,22,Final Classifications,0,0,0,0,0,0,0,0,0
2025,20250395,Luka Mezgec,1,Stage 1,0,0,0,0,0,0,0,0,0
2025,20250395,Luka Mezgec,2,Stage 2,0,0,0,0,0,0,0,0,0
2025,20250395,Luka Mezgec,3,Stage 3,0,0,0,0,0,0,0,0,0
2025,20250395,Luka Mezgec,4,Stage 4,0,0,0,0,0,0,0,0,0
2025,20250395,Luka Mezgec,5,Stage 5,0,0,0,0,0,0,0,0,0
2025,20250395,Luka Mezgec,6,Stage 6,0,0,0,0,0,0,0,0,0
2025,20250395,Luka Mezgec,7,Stage 7,0,0,0,0,0,0,0,0,0
2025,20250395,Luka Mezgec,8,Stage 8,0,0,0,0,0,0,0,0,0
2025,20250395,Luka Mezgec,9,Stage 9,0,0,0,0,0,0,0,0,0
2025,20250395,Luka Mezgec,10,Stage 10,0,0,0,0,0,0,0,0,0
2025,20250395,Luka Mezgec,11,Stage 11,0,0,0,0,0,0,0,4,4
2025,20250395,Luka Mezgec,12,Stage 12,0,0,0,0,0,0,0,0,0
2025,20250395,Luka Mezgec,13,Stage 13,0,0,0,0,0,0,0,0,0
2025,20250395,Luka Mezgec,14,Stage 14,0,0,0,0,0,0,0,0,0
2025,20250395,Luka Mezgec,15,Stage 15,0,0,0,0,0,0,0,0,0
2025,20250395,Luka Mezgec,16,Stage 16,0,0,0,0,0,0,0,0,0
2025,20250395,Luka Mezgec,17,Stage 17,0,0,0,0,0,0,0,0,0
2025,20250395,Luka Mezgec,18,Stage 18,0,0,0,0,0,0,0,8,8
2025,20250395,Luka Mezgec,19,Stage 19,0,0,0,0,0,0,0,0,0
2025,20250395,Luka Mezgec,20,Stage 20,0,0,0,0,0,0,0,0,0
2025,20250395,Luka Mezgec,21,Stage 21,0,0,0,0,0,0,0,0,0
2025,20250395,Luka Mezgec,22,Final Classifications,0,0,0,0,0,0,0,0,0
2025,20251393,Magnus Cort,1,Stage 1,0,0,0,0,0,0,0,4,4
2025,20251393,Magnus Cort,2,Stage 2,0,0,0,0,0,0,0,0,0
2025,20251393,Magnus Cort,3,Stage 3,0,0,0,0,0,0,0,0,0
2025,20251393,Magnus Cort,4,Stage 4,0,0,0,0,0,0,0,0,0
2025,20251393,Magnus Cort,5,Stage 5,0,0,0,0,0,0,0,0,0
2025,20251393,Magnus Cort,6,Stage 6,0,0,0,0,0,0,0,0,0
2025,20251393,Magnus Cort,7,Stage 7,0,0,0,0,0,0,0,0,0
2025,20251393,Magnus Cort,8,Stage 8,0,0,0,0,0,0,0,0,0
2025,20251393,Magnus Cort,9,Stage 9,0,0,0,0,0,0,0,0,0
2025,20251393,Magnus Cort,10,Stage 10,0,0,0,0,0,0,0,0,0
2025,20251393,Magnus Cort,11,Stage 11,0,0,0,0,0,0,0,8,8
2025,20251393,Magnus Cort,12,Stage 12,0,0,0,0,0,0,0,0,0
2025,20251393,Magnus Cort,13,Stage 13,0,0,0,0,0,0,0,0,0
2025,20251393,Magnus Cort,14,Stage 14,0,0,0,0,0,0,0,0,0
2025,20251393,Magnus Cort,15,Stage 15,0,0,0,0,0,0,0,0,0
2025,20251393,Magnus Cort,16,Stage 16,0,0,0,0,0,0,0,0,0
2025,20251393,Magnus Cort,17,Stage 17,0,0,0,0,0,0,0,0,0
2025,20251393,Magnus Cort,18,Stage 18,0,0,0,0,0,0,0,0,0
2025,20251393,Magnus Cort,19,Stage 19,0,0,0,0,0,0,0,0,0
2025,20251393,Magnus Cort,20,Stage 20,0,0,0,0,0,0,0,0,0
2025,20251393,Magnus Cort,21,Stage 21,0,0,0,0,0,0,0,0,0
2025,20251393,Magnus Cort,22,Final Classifications,0,0,0,0,0,0,0,0,0
2025,20251397,Markus Hoelgaard,1,Stage 1,0,0,0,0,0,0,0,4,4
2025,20251397,Markus Hoelgaard,2,Stage 2,0,0,0,0,0,0,0,0,0
2025,20251397,Markus Hoelgaard,3,Stage 3,0,0,0,0,0,0,0,0,0
2025,20251397,Markus Hoelgaard,4,Stage 4,0,0,0,0,0,0,0,0,0
2025,20251397,Markus Hoelgaard,5,Stage 5,0,0,0,0,0,0,0,0,0
2025,20251397,Markus Hoelgaard,6,Stage 6,0,0,0,0,0,0,0,0,0
2025,20251397,Markus Hoelgaard,7,Stage 7,0,0,0,0,0,0,0,0,0
2025,20251397,Markus Hoelgaard,8,Stage 8,0,0,0,0,0,0,0,0,0
2025,20251397,Markus Hoelgaard,9,Stage 9,0,0,0,0,0,0,0,0,0
2025,20251397,Markus Hoelgaard,10,Stage 10,0,0,0,0,0,0,0,0,0
2025,20251397,Markus Hoelgaard,11,Stage 11,0,0,0,0,0,0,0,8,8
2025,20251397,Markus Hoelgaard,12,Stage 12,0,0,0,0,0,0,0,0,0
2025,20251397,Markus Hoelgaard,13,Stage 13,0,0,0,0,0,0,0,0,0
2025,20251397,Markus Hoelgaard,14,Stage 14,0,0,0,0,0,0,0,0,0
2025,20251397,Markus Hoelgaard,15,Stage 15,0,0,0,0,0,0,0,0,0
2025,20251397,Markus Hoelgaard,16,Stage 16,0,0,0,0,0,0,0,0,0
2025,20251397,Markus Hoelgaard,17,Stage 17,0,0,0,0,0,0,0,0,0
2025,20251397,Markus Hoelgaard,18,Stage 18,0,0,0,0,0,0,0,0,0
2025,20251397,Markus Hoelgaard,19,Stage 19,0,0,0,0,0,0,0,0,0
2025,20251397,Markus Hoelgaard,20,Stage 20,0,0,0,0,0,0,0,0,0
2025,20251397,Markus Hoelgaard,21,Stage 21,0,0,0,0,0,0,0,0,0
2025,20251397,Markus Hoelgaard,22,Final Classifications,0,0,0,0,0,0,0,0,0
2025,20250382,Luke Durbridge,1,Stage 1,0,0,0,0,0,0,0,0,0
2025,20250382,Luke Durbridge,2,Stage 2,0,0,0,0,0,0,0,0,0
2025,20250382,Luke Durbridge,3,Stage 3,0,0,0,0,0,0,0,0,0
2025,20250382,Luke Durbridge,4,Stage 4,0,0,0,0,0,0,0,0,0
2025,20250382,Luke Durbridge,5,Stage 5,0,0,0,0,0,0,0,0,0
2025,20250382,Luke Durbridge,6,Stage 6,0,0,0,0,0,0,0,0,0
2025,20250382,Luke Durbridge,7,Stage 7,0,0,0,0,0,0,0,0,0
2025,20250382,Luke Durbridge,8,Stage 8,0,0,0,0,0,0,0,0,0
2025,20250382,Luke Durbridge,9,Stage 9,0,0,0,0,0,0,0,0,0
2025,20250382,Luke Durbridge,10,Stage 10,0,0,0,0,0,0,0,0,0
2025,20250382,Luke Durbridge,11,Stage 11,0,0,0,0,0,0,0,4,4
2025,20250382,Luke Durbridge,12,Stage 12,0,0,0,0,0,0,0,0,0
2025,20250382,Luke Durbridge,13,Stage 13,0,0,0,0,0,0,0,0,0
2025,20250382,Luke Durbridge,14,Stage 14,0,0,0,0,0,0,0,0,0
2025,20250382,Luke Durbridge,15,Stage 15,0,0,0,0,0,0,0,0,0
2025,20250382,Luke Durbridge,16,Stage 16,0,0,0,0,0,0,0,0,0
2025,20250382,Luke Durbridge,17,Stage 17,0,0,0,0,0,0,0,0,0
2025,20250382,Luke Durbridge,18,Stage 18,0,0,0,0,0,0,0,8,8
2025,20250382,Luke Durbridge,19,Stage 19,0,0,0,0,0,0,0,0,0
2025,20250382,Luke Durbridge,20,Stage 20,0,0,0,0,0,0,0,0,0
2025,20250382,Luke Durbridge,21,Stage 21,0,0,0,0,0,0,0,0,0
2025,20250382,Luke Durbridge,22,Final Classifications,0,0,0,0,0,0,0,0,0
2025,20250399,Elmar Reinders,1,Stage 1,0,0,0,0,0,0,0,0,0
2025,20250399,Elmar Reinders,2,Stage 2,0,0,0,0,0,0,0,0,0
2025,20250399,Elmar Reinders,3,Stage 3,0,0,0,0,0,0,0,0,0
2025,20250399,Elmar Reinders,4,Stage 4,0,0,0,0,0,0,0,0,0
2025,20250399,Elmar Reinders,5,Stage 5,0,0,0,0,0,0,0,0,0
2025,20250399,Elmar Reinders,6,Stage 6,0,0,0,0,0,0,0,0,0
2025,20250399,Elmar Reinders,7,Stage 7,0,0,0,0,0,0,0,0,0
2025,20250399,Elmar Reinders,8,Stage 8,0,0,0,0,0,0,0,0,0
2025,20250399,Elmar Reinders,9,Stage 9,0,0,0,0,0,0,0,0,0
2025,20250399,Elmar Reinders,10,Stage 10,0,0,0,0,0,0,0,0,0
2025,20250399,Elmar Reinders,11,Stage 11,0,0,0,0,0,0,0,4,4
2025,20250399,Elmar Reinders,12,Stage 12,0,0,0,0,0,0,0,0,0
2025,20250399,Elmar Reinders,13,Stage 13,0,0,0,0,0,0,0,0,0
2025,20250399,Elmar Reinders,14,Stage 14,0,0,0,0,0,0,0,0,0
2025,20250399,Elmar Reinders,15,Stage 15,0,0,0,0,0,0,0,0,0
2025,20250399,Elmar Reinders,16,Stage 16,0,0,0,0,0,0,0,0,0
2025,20250399,Elmar Reinders,17,Stage 17,0,0,0,0,0,0,0,0,0
2025,20250399,Elmar Reinders,18,Stage 18,0,0,0,0,0,0,0,8,8
2025,20250399,Elmar Reinders,19,Stage 19,0,0,0,0,0,0,0,0,0
2025,20250399,Elmar Reinders,20,Stage 20,0,0,0,0,0,0,0,0,0
2025,20250399,Elmar Reinders,21,Stage 21,0,0,0,0,0,0,0,0,0
2025,20250399,Elmar Reinders,22,Final Classifications,0,0,0,0,0,0,0,0,0
2025,20251336,Fabian Lienhard,1,Stage 1,0,0,0,0,0,0,0,8,8
2025,20251336,Fabian Lienhard,2,Stage 2,0,0,0,0,0,0,0,0,0
2025,20251336,Fabian Lienhard,3,Stage 3,0,0,0,0,0,0,0,0,0
2025,20251336,Fabian Lienhard,4,Stage 4,0,0,0,0,0,0,0,0,0
2025,20251336,Fabian Lienhard,5,Stage 5,0,0,0,0,0,0,0,0,0
2025,20251336,Fabian Lienhard,6,Stage 6,0,0,0,0,0,0,0,2,2
2025,20251336,Fabian Lienhard,7,Stage 7,0,0,0,0,0,0,0,0,0
2025,20251336,Fabian Lienhard,8,Stage 8,0,0,0,0,0,0,0,0,0
2025,20251336,Fabian Lienhard,9,Stage 9,0,0,0,0,0,0,0,0,0
2025,20251336,Fabian Lienhard,10,Stage 10,0,0,0,0,0,0,0,0,0
2025,20251336,Fabian Lienhard,11,Stage 11,0,0,0,0,0,0,0,0,0
2025,20251336,Fabian Lienhard,12,Stage 12,0,0,0,0,0,0,0,0,0
2025,20251336,Fabian Lienhard,13,Stage 13,0,0,0,0,0,0,0,0,0
2025,20251336,Fabian Lienhard,14,Stage 14,0,0,0,0,0,0,0,0,0
2025,20251336,Fabian Lienhard,15,Stage 15,0,0,0,0,0,0,0,2,2
2025,20251336,Fabian Lienhard,16,Stage 16,0,0,0,0,0,0,0,0,0
2025,20251336,Fabian Lienhard,17,Stage 17,0,0,0,0,0,0,0,0,0
2025,20251336,Fabian Lienhard,18,Stage 18,0,0,0,0,0,0,0,0,0
2025,20251336,Fabian Lienhard,19,Stage 19,0,0,0,0,0,0,0,0,0
2025,20251336,Fabian Lienhard,20,Stage 20,0,0,0,0,0,0,0,0,0
2025,20251336,Fabian Lienhard,21,Stage 21,0,0,0,0,0,0,0,0,0
2025,20251336,Fabian Lienhard,22,Final Classifications,0,0,0,0,0,0,0,0,0
2025,20250257,Georg Zimmermann,1,Stage 1,0,0,0,0,0,0,0,8,8
2025,20250257,Georg Zimmermann,2,Stage 2,0,0,0,0,0,0,0,0,0
2025,20250257,Georg Zimmermann,3,Stage 3,0,0,0,0,0,0,0,0,0
2025,20250257,Georg Zimmermann,4,Stage 4,0,0,0,0,0,0,0,0,0
2025,20250257,Georg Zimmermann,5,Stage 5,0,0,0,0,0,0,0,0,0
2025,20250257,Georg Zimmermann,6,Stage 6,0,0,0,0,0,0,0,0,0
2025,20250257,Georg Zimmermann,7,Stage 7,0,0,0,0,0,0,0,0,0
2025,20250257,Georg Zimmermann,8,Stage 8,0,0,0,0,3,0,0,0,3
2025,20250257,Georg Zimmermann,9,Stage 9,0,0,0,0,0,0,0,0,0
2025,20250257,Georg Zimmermann,10,Stage 10,0,0,0,0,0,0,0,0,0
2025,20250257,Georg Zimmermann,11,Stage 11,0,0,0,0,0,0,0,0,0
2025,20250257,Georg Zimmermann,12,Stage 12,0,0,0,0,0,0,0,0,0
2025,20250257,Georg Zimmermann,13,Stage 13,0,0,0,0,0,0,0,0,0
2025,20250257,Georg Zimmermann,14,Stage 14,0,0,0,0,0,0,0,0,0
2025,20250257,Georg Zimmermann,15,Stage 15,0,0,0,0,0,0,0,0,0
2025,20250257,Georg Zimmermann,16,Stage 16,0,0,0,0,0,0,0,0,0
2025,20250257,Georg Zimmermann,17,Stage 17,0,0,0,0,0,0,0,0,0
2025,20250257,Georg Zimmermann,18,Stage 18,0,0,0,0,0,0,0,0,0
2025,20250257,Georg Zimmermann,19,Stage 19,0,0,0,0,0,0,0,0,0
2025,20250257,Georg Zimmermann,20,Stage 20,0,0,0,0,0,0,0,0,0
2025,20250257,Georg Zimmermann,21,Stage 21,0,0,0,0,0,0,0,0,0
2025,20250257,Georg Zimmermann,22,Final Classifications,0,0,0,0,0,0,0,0,0
2025,20250256,Roel Van Sintmaartensdijk,1,Stage 1,0,0,0,0,0,0,0,8,8
2025,20250256,Roel Van Sintmaartensdijk,2,Stage 2,0,0,0,0,0,0,0,0,0
2025,20250256,Roel Van Sintmaartensdijk,3,Stage 3,0,0,0,0,0,0,0,0,0
2025,20250256,Roel Van Sintmaartensdijk,4,Stage 4,0,0,0,0,0,0,0,0,0
2025,20250256,Roel Van Sintmaartensdijk,5,Stage 5,0,0,0,0,0,0,0,0,0
2025,20250256,Roel Van Sintmaartensdijk,6,Stage 6,0,0,0,0,0,0,0,0,0
2025,20250256,Roel Van Sintmaartensdijk,7,Stage 7,0,0,0,0,0,0,0,0,0
2025,20250256,Roel Van Sintmaartensdijk,8,Stage 8,0,0,0,0,2,0,0,0,2
2025,20250256,Roel Van Sintmaartensdijk,9,Stage 9,0,0,0,0,0,0,0,0,0
2025,20250256,Roel Van Sintmaartensdijk,10,Stage 10,0,0,0,0,0,0,0,0,0
2025,20250256,Roel Van Sintmaartensdijk,11,Stage 11,0,0,0,0,0,0,0,0,0
2025,20250256,Roel Van Sintmaartensdijk,12,Stage 12,0,0,0,0,0,0,0,0,0
2025,20250256,Roel Van Sintmaartensdijk,13,Stage 13,0,0,0,0,0,0,0,0,0
2025,20250256,Roel Van Sintmaartensdijk,14,Stage 14,0,0,0,0,0,0,0,0,0
2025,20250256,Roel Van Sintmaartensdijk,15,Stage 15,0,0,0,0,0,0,0,0,0
2025,20250256,Roel Van Sintmaartensdijk,16,Stage 16,0,0,0,0,0,0,0,0,0
2025,20250256,Roel Van Sintmaartensdijk,17,Stage 17,0,0,0,0,0,0,0,0,0
2025,20250256,Roel Van Sintmaartensdijk,18,Stage 18,0,0,0,0,0,0,0,0,0
2025,20250256,Roel Van Sintmaartensdijk,19,Stage 19,0,0,0,0,0,0,0,0,0
2025,20250256,Roel Van Sintmaartensdijk,20,Stage 20,0,0,0,0,0,0,0,0,0
2025,20250256,Roel Van Sintmaartensdijk,21,Stage 21,0,0,0,0,0,0,0,0,0
2025,20250256,Roel Van Sintmaartensdijk,22,Final Classifications,0,0,0,0,0,0,0,0,0
2025,20250173,Marijn Van Den Berg,1,Stage 1,0,0,0,0,0,0,0,0,0
2025,20250173,Marijn Van Den Berg,2,Stage 2,0,0,0,0,0,0,0,0,0
2025,20250173,Marijn Van Den Berg,3,Stage 3,0,0,0,0,0,0,0,0,0
2025,20250173,Marijn Van Den Berg,4,Stage 4,0,0,0,0,0,0,0,0,0
2025,20250173,Marijn Van Den Berg,5,Stage 5,0,0,0,0,0,0,0,0,0
2025,20250173,Marijn Van Den Berg,6,Stage 6,0,0,0,0,0,0,0,8,8
2025,20250173,Marijn Van Den Berg,7,Stage 7,0,0,0,0,0,0,0,0,0
2025,20250173,Marijn Van Den Berg,8,Stage 8,0,0,0,0,0,0,0,0,0
2025,20250173,Marijn Van Den Berg,9,Stage 9,0,0,0,0,0,0,0,0,0
2025,20250173,Marijn Van Den Berg,10,Stage 10,0,0,0,0,0,0,0,0,0
2025,20250173,Marijn Van Den Berg,11,Stage 11,0,0,0,0,0,0,0,0,0
2025,20250173,Marijn Van Den Berg,12,Stage 12,0,0,0,0,0,0,0,0,0
2025,20250173,Marijn Van Den Berg,13,Stage 13,0,0,0,0,0,0,0,0,0
2025,20250173,Marijn Van Den Berg,14,Stage 14,0,0,0,0,0,0,0,0,0
2025,20250173,Marijn Van Den Berg,15,Stage 15,0,0,0,0,0,0,0,0,0
2025,20250173,Marijn Van Den Berg,16,Stage 16,0,0,0,0,0,0,0,0,0
2025,20250173,Marijn Van Den Berg,17,Stage 17,0,0,0,0,0,0,0,0,0
2025,20250173,Marijn Van Den Berg,18,Stage 18,0,0,0,0,0,0,0,0,0
2025,20250173,Marijn Van Den Berg,19,Stage 19,0,0,0,0,0,0,0,0,0
2025,20250173,Marijn Van Den Berg,20,Stage 20,0,0,0,0,0,0,0,0,0
2025,20250173,Marijn Van Den Berg,21,Stage 21,0,0,0,0,0,0,0,0,0
2025,20250173,Marijn Van Den Berg,22,Final Classifications,0,0,0,0,0,0,0,0,0
2025,20250250,Jonas Rutsch,1,Stage 1,0,0,0,0,0,0,0,8,8
2025,20250250,Jonas Rutsch,2,Stage 2,0,0,0,0,0,0,0,0,0
2025,20250250,Jonas Rutsch,3,Stage 3,0,0,0,0,0,0,0,0,0
2025,20250250,Jonas Rutsch,4,Stage 4,0,0,0,0,0,0,0,0,0
2025,20250250,Jonas Rutsch,5,Stage 5,0,0,0,0,0,0,0,0,0
2025,20250250,Jonas Rutsch,6,Stage 6,0,0,0,0,0,0,0,0,0
2025,20250250,Jonas Rutsch,7,Stage 7,0,0,0,0,0,0,0,0,0
2025,20250250,Jonas Rutsch,8,Stage 8,0,0,0,0,0,0,0,0,0
2025,20250250,Jonas Rutsch,9,Stage 9,0,0,0,0,0,0,0,0,0
2025,20250250,Jonas Rutsch,10,Stage 10,0,0,0,0,0,0,0,0,0
2025,20250250,Jonas Rutsch,11,Stage 11,0,0,0,0,0,0,0,0,0
2025,20250250,Jonas Rutsch,12,Stage 12,0,0,0,0,0,0,0,0,0
2025,20250250,Jonas Rutsch,13,Stage 13,0,0,0,0,0,0,0,0,0
2025,20250250,Jonas Rutsch,14,Stage 14,0,0,0,0,0,0,0,0,0
2025,20250250,Jonas Rutsch,15,Stage 15,0,0,0,0,0,0,0,0,0
2025,20250250,Jonas Rutsch,16,Stage 16,0,0,0,0,0,0,0,0,0
2025,20250250,Jonas Rutsch,17,Stage 17,0,0,0,0,0,0,0,0,0
2025,20250250,Jonas Rutsch,18,Stage 18,0,0,0,0,0,0,0,0,0
2025,20250250,Jonas Rutsch,19,Stage 19,0,0,0,0,0,0,0,0,0
2025,20250250,Jonas Rutsch,20,Stage 20,0,0,0,0,0,0,0,0,0
2025,20250250,Jonas Rutsch,21,Stage 21,0,0,0,0,0,0,0,0,0
2025,20250250,Jonas Rutsch,22,Final Classifications,0,0,0,0,0,0,0,0,0
2025,20250416,Sean Flynn,1,Stage 1,0,0,0,0,0,0,0,0,0
2025,20250416,Sean Flynn,2,Stage 2,0,0,0,0,0,0,0,0,0
2025,20250416,Sean Flynn,3,Stage 3,0,0,0,0,0,0,0,0,0
2025,20250416,Sean Flynn,4,Stage 4,0,0,0,0,0,0,0,0,0
2025,20250416,Sean Flynn,5,Stage 5,0,0,0,0,0,0,0,0,0
2025,20250416,Sean Flynn,6,Stage 6,0,0,0,0,0,0,0,0,0
2025,20250416,Sean Flynn,7,Stage 7,0,0,0,0,0,0,0,2,2
2025,20250416,Sean Flynn,8,Stage 8,0,0,0,0,0,0,0,0,0
2025,20250416,Sean Flynn,9,Stage 9,0,0,0,0,0,0,0,0,0
2025,20250416,Sean Flynn,10,Stage 10,0,0,0,0,0,0,0,0,0
2025,20250416,Sean Flynn,11,Stage 11,0,0,0,0,0,0,0,0,0
2025,20250416,Sean Flynn,12,Stage 12,0,0,0,0,0,0,0,0,0
2025,20250416,Sean Flynn,13,Stage 13,0,0,0,0,0,0,0,0,0
2025,20250416,Sean Flynn,14,Stage 14,0,0,0,0,0,0,0,0,0
2025,20250416,Sean Flynn,15,Stage 15,0,0,0,0,0,0,0,0,0
2025,20250416,Sean Flynn,16,Stage 16,0,0,0,0,0,0,0,0,0
2025,20250416,Sean Flynn,17,Stage 17,0,0,0,0,0,0,0,2,2
2025,20250416,Sean Flynn,18,Stage 18,0,0,0,0,0,0,0,0,0
2025,20250416,Sean Flynn,19,Stage 19,0,0,0,0,0,0,0,0,0
2025,20250416,Sean Flynn,20,Stage 20,0,0,0,0,0,0,0,4,4
2025,20250416,Sean Flynn,21,Stage 21,0,0,0,0,0,0,0,0,0
2025,20250416,Sean Flynn,22,Final Classifications,0,0,0,0,0,0,0,0,0
2025,20250068,Kamil Gradek,1,Stage 1,0,0,0,0,0,0,0,0,0
2025,20250068,Kamil Gradek,2,Stage 2,0,0,0,0,0,0,0,0,0
2025,20250068,Kamil Gradek,3,Stage 3,0,0,0,0,0,0,0,2,2
2025,20250068,Kamil Gradek,4,Stage 4,0,0,0,0,0,0,0,0,0
2025,20250068,Kamil Gradek,5,Stage 5,0,0,0,0,0,0,0,0,0
2025,20250068,Kamil Gradek,6,Stage 6,0,0,0,0,0,0,0,0,0
2025,20250068,Kamil Gradek,7,Stage 7,0,0,0,0,0,0,0,0,0
2025,20250068,Kamil Gradek,8,Stage 8,0,0,0,0,0,0,0,0,0
2025,20250068,Kamil Gradek,9,Stage 9,0,0,0,0,0,0,0,0,0
2025,20250068,Kamil Gradek,10,Stage 10,0,0,0,0,0,0,0,0,0
2025,20250068,Kamil Gradek,11,Stage 11,0,0,0,0,0,0,0,0,0
2025,20250068,Kamil Gradek,12,Stage 12,0,0,0,0,0,0,0,0,0
2025,20250068,Kamil Gradek,13,Stage 13,0,0,0,0,0,0,0,0,0
2025,20250068,Kamil Gradek,14,Stage 14,0,0,0,0,0,0,0,0,0
2025,20250068,Kamil Gradek,15,Stage 15,0,0,0,0,0,0,0,0,0
2025,20250068,Kamil Gradek,16,Stage 16,0,0,0,0,0,0,0,2,2
2025,20250068,Kamil Gradek,17,Stage 17,0,0,0,0,0,0,0,0,0
2025,20250068,Kamil Gradek,18,Stage 18,0,0,0,0,0,0,0,0,0
2025,20250068,Kamil Gradek,19,Stage 19,0,0,0,0,0,0,0,0,0
2025,20250068,Kamil Gradek,20,Stage 20,0,0,0,0,0,0,0,0,0
2025,20250068,Kamil Gradek,21,Stage 21,0,0,0,0,0,0,0,2,2
2025,20250068,Kamil Gradek,22,Final Classifications,0,0,0,0,0,0,0,0,0
2025,20250078,Robert Stannard,1,Stage 1,0,0,0,0,0,0,0,0,0
2025,20250078,Robert Stannard,2,Stage 2,0,0,0,0,0,0,0,0,0
2025,20250078,Robert Stannard,3,Stage 3,0,0,0,0,0,0,0,2,2
2025,20250078,Robert Stannard,4,Stage 4,0,0,0,0,0,0,0,0,0
2025,20250078,Robert Stannard,5,Stage 5,0,0,0,0,0,0,0,0,0
2025,20250078,Robert Stannard,6,Stage 6,0,0,0,0,0,0,0,0,0
2025,20250078,Robert Stannard,7,Stage 7,0,0,0,0,0,0,0,0,0
2025,20250078,Robert Stannard,8,Stage 8,0,0,0,0,0,0,0,0,0
2025,20250078,Robert Stannard,9,Stage 9,0,0,0,0,0,0,0,0,0
2025,20250078,Robert Stannard,10,Stage 10,0,0,0,0,0,0,0,0,0
2025,20250078,Robert Stannard,11,Stage 11,0,0,0,0,0,0,0,0,0
2025,20250078,Robert Stannard,12,Stage 12,0,0,0,0,0,0,0,0,0
2025,20250078,Robert Stannard,13,Stage 13,0,0,0,0,0,0,0,0,0
2025,20250078,Robert Stannard,14,Stage 14,0,0,0,0,0,0,0,0,0
2025,20250078,Robert Stannard,15,Stage 15,0,0,0,0,0,0,0,0,0
2025,20250078,Robert Stannard,16,Stage 16,0,0,0,0,0,0,0,2,2
2025,20250078,Robert Stannard,17,Stage 17,0,0,0,0,0,0,0,0,0
2025,20250078,Robert Stannard,18,Stage 18,0,0,0,0,0,0,0,0,0
2025,20250078,Robert Stannard,19,Stage 19,0,0,0,0,0,0,0,0,0
2025,20250078,Robert Stannard,20,Stage 20,0,0,0,0,0,0,0,0,0
2025,20250078,Robert Stannard,21,Stage 21,0,0,0,0,0,0,0,2,2
2025,20250078,Robert Stannard,22,Final Classifications,0,0,0,0,0,0,0,0,0
2025,20250069,Jack Haig,1,Stage 1,0,0,0,0,0,0,0,0,0
2025,20250069,Jack Haig,2,Stage 2,0,0,0,0,0,0,0,0,0
2025,20250069,Jack Haig,3,Stage 3,0,0,0,0,0,0,0,2,2
2025,20250069,Jack Haig,4,Stage 4,0,0,0,0,0,0,0,0,0
2025,20250069,Jack Haig,5,Stage 5,0,1,0,0,0,0,0,0,1
2025,20250069,Jack Haig,6,Stage 6,0,1,0,0,0,0,0,0,1
2025,20250069,Jack Haig,7,Stage 7,0,0,0,0,0,0,0,0,0
2025,20250069,Jack Haig,8,Stage 8,0,0,0,0,0,0,0,0,0
2025,20250069,Jack Haig,9,Stage 9,0,0,0,0,0,0,0,0,0
2025,20250069,Jack Haig,10,Stage 10,0,0,0,0,0,0,0,0,0
2025,20250069,Jack Haig,11,Stage 11,0,0,0,0,0,0,0,0,0
2025,20250069,Jack Haig,12,Stage 12,0,0,0,0,0,0,0,0,0
2025,20250069,Jack Haig,13,Stage 13,0,0,0,0,0,0,0,0,0
2025,20250069,Jack Haig,14,Stage 14,0,0,0,0,0,0,0,0,0
2025,20250069,Jack Haig,15,Stage 15,0,0,0,0,0,0,0,0,0
2025,20250069,Jack Haig,16,Stage 16,0,0,0,0,0,0,0,0,0
2025,20250069,Jack Haig,17,Stage 17,0,0,0,0,0,0,0,0,0
2025,20250069,Jack Haig,18,Stage 18,0,0,0,0,0,0,0,0,0
2025,20250069,Jack Haig,19,Stage 19,0,0,0,0,0,0,0,0,0
2025,20250069,Jack Haig,20,Stage 20,0,0,0,0,0,0,0,0,0
2025,20250069,Jack Haig,21,Stage 21,0,0,0,0,0,0,0,0,0
2025,20250069,Jack Haig,22,Final Classifications,0,0,0,0,0,0,0,0,0
2025,20250985,Lennert Van Eetvelt,1,Stage 1,0,0,0,0,0,0,0,0,0
2025,20250985,Lennert Van Eetvelt,2,Stage 2,0,0,0,0,0,0,0,0,0
2025,20250985,Lennert Van Eetvelt,3,Stage 3,0,0,0,0,0,0,0,0,0
2025,20250985,Lennert Van Eetvelt,4,Stage 4,0,0,0,0,0,0,0,0,0
2025,20250985,Lennert Van Eetvelt,5,Stage 5,0,0,0,0,0,0,0,0,0
2025,20250985,Lennert Van Eetvelt,6,Stage 6,0,0,0,0,0,0,0,0,0
2025,20250985,Lennert Van Eetvelt,7,Stage 7,0,0,0,0,0,0,0,0,0
2025,20250985,Lennert Van Eetvelt,8,Stage 8,0,0,0,0,0,0,0,0,0
2025,20250985,Lennert Van Eetvelt,9,Stage 9,0,0,0,0,0,0,0,2,2
2025,20250985,Lennert Van Eetvelt,10,Stage 10,0,0,0,0,0,0,0,0,0
2025,20250985,Lennert Van Eetvelt,11,Stage 11,0,0,0,0,0,0,0,0,0
2025,20250985,Lennert Van Eetvelt,12,Stage 12,0,0,0,0,0,0,0,0,0
2025,20250985,Lennert Van Eetvelt,13,Stage 13,0,0,0,0,0,0,0,0,0
2025,20250985,Lennert Van Eetvelt,14,Stage 14,0,0,0,0,0,0,0,0,0
2025,20250985,Lennert Van Eetvelt,15,Stage 15,0,0,0,0,0,0,0,0,0
2025,20250985,Lennert Van Eetvelt,16,Stage 16,0,0,0,0,0,0,0,0,0
2025,20250985,Lennert Van Eetvelt,17,Stage 17,0,0,0,0,0,0,0,0,0
2025,20250985,Lennert Van Eetvelt,18,Stage 18,0,0,0,0,0,0,0,0,0
2025,20250985,Lennert Van Eetvelt,19,Stage 19,0,0,0,0,0,0,0,0,0
2025,20250985,Lennert Van Eetvelt,20,Stage 20,0,0,0,0,0,0,0,0,0
2025,20250985,Lennert Van Eetvelt,21,Stage 21,0,0,0,0,0,0,0,0,0
2025,20250985,Lennert Van Eetvelt,22,Final Classifications,0,0,0,0,0,0,0,0,0
2025,20251271,Steff Cras,1,Stage 1,0,0,0,0,0,0,0,0,0
2025,20251271,Steff Cras,2,Stage 2,0,0,0,0,0,0,0,0,0
2025,20251271,Steff Cras,3,Stage 3,0,0,0,0,0,0,0,0,0
2025,20251271,Steff Cras,4,Stage 4,0,0,0,0,0,0,0,0,0
2025,20251271,Steff Cras,5,Stage 5,0,2,0,0,0,0,0,0,2
2025,20251271,Steff Cras,6,Stage 6,0,0,0,0,0,0,0,0,0
2025,20251271,Steff Cras,7,Stage 7,0,0,0,0,0,0,0,0,0
2025,20251271,Steff Cras,8,Stage 8,0,0,0,0,0,0,0,0,0
2025,20251271,Steff Cras,9,Stage 9,0,0,0,0,0,0,0,0,0
2025,20251271,Steff Cras,10,Stage 10,0,0,0,0,0,0,0,0,0
2025,20251271,Steff Cras,11,Stage 11,0,0,0,0,0,0,0,0,0
2025,20251271,Steff Cras,12,Stage 12,0,0,0,0,0,0,0,0,0
2025,20251271,Steff Cras,13,Stage 13,0,0,0,0,0,0,0,0,0
2025,20251271,Steff Cras,14,Stage 14,0,0,0,0,0,0,0,0,0
2025,20251271,Steff Cras,15,Stage 15,0,0,0,0,0,0,0,0,0
2025,20251271,Steff Cras,16,Stage 16,0,0,0,0,0,0,0,0,0
2025,20251271,Steff Cras,17,Stage 17,0,0,0,0,0,0,0,0,0
2025,20251271,Steff Cras,18,Stage 18,0,0,0,0,0,0,0,0,0
2025,20251271,Steff Cras,19,Stage 19,0,0,0,0,0,0,0,0,0
2025,20251271,Steff Cras,20,Stage 20,0,0,0,0,0,0,0,0,0
2025,20251271,Steff Cras,21,Stage 21,0,0,0,0,0,0,0,0,0
2025,20251271,Steff Cras,22,Final Classifications,0,0,0,0,0,0,0,0,0
2025,20250903,Matis Louvel,1,Stage 1,0,0,0,0,0,0,0,0,0
2025,20250903,Matis Louvel,2,Stage 2,0,0,0,0,0,0,0,0,0
2025,20250903,Matis Louvel,3,Stage 3,0,0,0,0,0,0,0,0,0
2025,20250903,Matis Louvel,4,Stage 4,0,0,0,0,0,0,0,0,0
2025,20250903,Matis Louvel,5,Stage 5,0,0,0,0,0,0,0,0,0
2025,20250903,Matis Louvel,6,Stage 6,0,0,0,0,0,0,0,0,0
2025,20250903,Matis Louvel,7,Stage 7,0,0,0,0,0,0,0,0,0
2025,20250903,Matis Louvel,8,Stage 8,0,0,0,0,0,0,0,0,0
2025,20250903,Matis Louvel,9,Stage 9,0,0,0,0,0,0,0,0,0
2025,20250903,Matis Louvel,10,Stage 10,0,0,0,0,0,0,0,0,0
2025,20250903,Matis Louvel,11,Stage 11,0,0,0,0,0,0,0,0,0
2025,20250903,Matis Louvel,12,Stage 12,0,0,0,0,0,0,0,0,0
2025,20250903,Matis Louvel,13,Stage 13,0,0,0,0,0,0,0,0,0
2025,20250903,Matis Louvel,14,Stage 14,0,0,0,0,2,0,0,0,2
2025,20250903,Matis Louvel,15,Stage 15,0,0,0,0,0,0,0,0,0
2025,20250903,Matis Louvel,16,Stage 16,0,0,0,0,0,0,0,0,0
2025,20250903,Matis Louvel,17,Stage 17,0,0,0,0,0,0,0,0,0
2025,20250903,Matis Louvel,18,Stage 18,0,0,0,0,0,0,0,0,0
2025,20250903,Matis Louvel,19,Stage 19,0,0,0,0,0,0,0,0,0
2025,20250903,Matis Louvel,20,Stage 20,0,0,0,0,0,0,0,0,0
2025,20250903,Matis Louvel,21,Stage 21,0,0,0,0,0,0,0,0,0
2025,20250903,Matis Louvel,22,Final Classifications,0,0,0,0,0,0,0,0,0
2025,20250974,Sébastien Grignard,1,Stage 1,0,0,0,0,0,0,0,0,0
2025,20250974,Sébastien Grignard,2,Stage 2,0,0,0,0,0,0,0,0,0
2025,20250974,Sébastien Grignard,3,Stage 3,0,0,0,0,0,0,0,0,0
2025,20250974,Sébastien Grignard,4,Stage 4,0,0,0,0,0,0,0,0,0
2025,20250974,Sébastien Grignard,5,Stage 5,0,0,0,0,0,0,0,0,0
2025,20250974,Sébastien Grignard,6,Stage 6,0,0,0,0,0,0,0,0,0
2025,20250974,Sébastien Grignard,7,Stage 7,0,0,0,0,0,0,0,0,0
2025,20250974,Sébastien Grignard,8,Stage 8,0,0,0,0,0,0,0,0,0
2025,20250974,Sébastien Grignard,9,Stage 9,0,0,0,0,0,0,0,2,2
2025,20250974,Sébastien Grignard,10,Stage 10,0,0,0,0,0,0,0,0,0
2025,20250974,Sébastien Grignard,11,Stage 11,0,0,0,0,0,0,0,0,0
2025,20250974,Sébastien Grignard,12,Stage 12,0,0,0,0,0,0,0,0,0
2025,20250974,Sébastien Grignard,13,Stage 13,0,0,0,0,0,0,0,0,0
2025,20250974,Sébastien Grignard,14,Stage 14,0,0,0,0,0,0,0,0,0
2025,20250974,Sébastien Grignard,15,Stage 15,0,0,0,0,0,0,0,0,0
2025,20250974,Sébastien Grignard,16,Stage 16,0,0,0,0,0,0,0,0,0
2025,20250974,Sébastien Grignard,17,Stage 17,0,0,0,0,0,0,0,0,0
2025,20250974,Sébastien Grignard,18,Stage 18,0,0,0,0,0,0,0,0,0
2025,20250974,Sébastien Grignard,19,Stage 19,0,0,0,0,0,0,0,0,0
2025,20250974,Sébastien Grignard,20,Stage 20,0,0,0,0,0,0,0,0,0
2025,20250974,Sébastien Grignard,21,Stage 21,0,0,0,0,0,0,0,0,0
2025,20250974,Sébastien Grignard,22,Final Classifications,0,0,0,0,0,0,0,0,0
2025,20250979,Eduardo Sepúlveda,1,Stage 1,0,0,0,0,0,0,0,0,0
2025,20250979,Eduardo Sepúlveda,2,Stage 2,0,0,0,0,0,0,0,0,0
2025,20250979,Eduardo Sepúlveda,3,Stage 3,0,0,0,0,0,0,0,0,0
2025,20250979,Eduardo Sepúlveda,4,Stage 4,0,0,0,0,0,0,0,0,0
2025,20250979,Eduardo Sepúlveda,5,Stage 5,0,0,0,0,0,0,0,0,0
2025,20250979,Eduardo Sepúlveda,6,Stage 6,0,0,0,0,0,0,0,0,0
2025,20250979,Eduardo Sepúlveda,7,Stage 7,0,0,0,0,0,0,0,0,0
2025,20250979,Eduardo Sepúlveda,8,Stage 8,0,0,0,0,0,0,0,0,0
2025,20250979,Eduardo Sepúlveda,9,Stage 9,0,0,0,0,0,0,0,2,2
2025,20250979,Eduardo Sepúlveda,10,Stage 10,0,0,0,0,0,0,0,0,0
2025,20250979,Eduardo Sepúlveda,11,Stage 11,0,0,0,0,0,0,0,0,0
2025,20250979,Eduardo Sepúlveda,12,Stage 12,0,0,0,0,0,0,0,0,0
2025,20250979,Eduardo Sepúlveda,13,Stage 13,0,0,0,0,0,0,0,0,0
2025,20250979,Eduardo Sepúlveda,14,Stage 14,0,0,0,0,0,0,0,0,0
2025,20250979,Eduardo Sepúlveda,15,Stage 15,0,0,0,0,0,0,0,0,0
2025,20250979,Eduardo Sepúlveda,16,Stage 16,0,0,0,0,0,0,0,0,0
2025,20250979,Eduardo Sepúlveda,17,Stage 17,0,0,0,0,0,0,0,0,0
2025,20250979,Eduardo Sepúlveda,18,Stage 18,0,0,0,0,0,0,0,0,0
2025,20250979,Eduardo Sepúlveda,19,Stage 19,0,0,0,0,0,0,0,0,0
2025,20250979,Eduardo Sepúlveda,20,Stage 20,0,0,0,0,0,0,0,0,0
2025,20250979,Eduardo Sepúlveda,21,Stage 21,0,0,0,0,0,0,0,0,0
2025,20250979,Eduardo Sepúlveda,22,Final Classifications,0,0,0,0,0,0,0,0,0
2025,20250210,Filippo Ganna,1,Stage 1,0,0,0,0,0,0,0,0,0
2025,20250210,Filippo Ganna,2,Stage 2,0,0,0,0,0,0,0,0,0
2025,20250210,Filippo Ganna,3,Stage 3,0,0,0,0,0,0,0,0,0
2025,20250210,Filippo Ganna,4,Stage 4,0,0,0,0,0,0,0,0,0
2025,20250210,Filippo Ganna,5,Stage 5,0,0,0,0,0,0,0,0,0
2025,20250210,Filippo Ganna,6,Stage 6,0,0,0,0,0,0,0,0,0
2025,20250210,Filippo Ganna,7,Stage 7,0,0,0,0,0,0,0,0,0
2025,20250210,Filippo Ganna,8,Stage 8,0,0,0,0,0,0,0,0,0
2025,20250210,Filippo Ganna,9,Stage 9,0,0,0,0,0,0,0,0,0
2025,20250210,Filippo Ganna,10,Stage 10,0,0,0,0,0,0,0,0,0
2025,20250210,Filippo Ganna,11,Stage 11,0,0,0,0,0,0,0,0,0
2025,20250210,Filippo Ganna,12,Stage 12,0,0,0,0,0,0,0,0,0
2025,20250210,Filippo Ganna,13,Stage 13,0,0,0,0,0,0,0,0,0
2025,20250210,Filippo Ganna,14,Stage 14,0,0,0,0,0,0,0,0,0
2025,20250210,Filippo Ganna,15,Stage 15,0,0,0,0,0,0,0,0,0
2025,20250210,Filippo Ganna,16,Stage 16,0,0,0,0,0,0,0,0,0
2025,20250210,Filippo Ganna,17,Stage 17,0,0,0,0,0,0,0,0,0
2025,20250210,Filippo Ganna,18,Stage 18,0,0,0,0,0,0,0,0,0
2025,20250210,Filippo Ganna,19,Stage 19,0,0,0,0,0,0,0,0,0
2025,20250210,Filippo Ganna,20,Stage 20,0,0,0,0,0,0,0,0,0
2025,20250210,Filippo Ganna,21,Stage 21,0,0,0,0,0,0,0,0,0
2025,20250210,Filippo Ganna,22,Final Classifications,0,0,0,0,0,0,0,0,0
2025,20250099,Ion Izagirre,1,Stage 1,0,0,0,0,0,0,0,0,0
2025,20250099,Ion Izagirre,2,Stage 2,0,0,0,0,0,0,0,0,0
2025,20250099,Ion Izagirre,3,Stage 3,0,0,0,0,0,0,0,0,0
2025,20250099,Ion Izagirre,4,Stage 4,0,0,0,0,0,0,0,0,0
2025,20250099,Ion Izagirre,5,Stage 5,0,0,0,0,0,0,0,0,0
2025,20250099,Ion Izagirre,6,Stage 6,0,0,0,0,0,0,0,0,0
2025,20250099,Ion Izagirre,7,Stage 7,0,0,0,0,0,0,0,0,0
2025,20250099,Ion Izagirre,8,Stage 8,0,0,0,0,0,0,0,0,0
2025,20250099,Ion Izagirre,9,Stage 9,0,0,0,0,0,0,0,0,0
2025,20250099,Ion Izagirre,10,Stage 10,0,0,0,0,0,0,0,0,0
2025,20250099,Ion Izagirre,11,Stage 11,0,0,0,0,0,0,0,0,0
2025,20250099,Ion Izagirre,12,Stage 12,0,0,0,0,0,0,0,0,0
2025,20250099,Ion Izagirre,13,Stage 13,0,0,0,0,0,0,0,0,0
2025,20250099,Ion Izagirre,14,Stage 14,0,0,0,0,0,0,0,0,0
2025,20250099,Ion Izagirre,15,Stage 15,0,0,0,0,0,0,0,0,0
2025,20250099,Ion Izagirre,16,Stage 16,0,0,0,0,0,0,0,0,0
2025,20250099,Ion Izagirre,17,Stage 17,0,0,0,0,0,0,0,0,0
2025,20250099,Ion Izagirre,18,Stage 18,0,0,0,0,0,0,0,0,0
2025,20250099,Ion Izagirre,19,Stage 19,0,0,0,0,0,0,0,0,0
2025,20250099,Ion Izagirre,20,Stage 20,0,0,0,0,0,0,0,0,0
2025,20250099,Ion Izagirre,21,Stage 21,0,0,0,0,0,0,0,0,0
2025,20250099,Ion Izagirre,22,Final Classifications,0,0,0,0,0,0,0,0,0
2025,20250121,Stefan Bissegger,1,Stage 1,0,0,0,0,0,0,0,0,0
2025,20250121,Stefan Bissegger,2,Stage 2,0,0,0,0,0,0,0,0,0
2025,20250121,Stefan Bissegger,3,Stage 3,0,0,0,0,0,0,0,0,0
2025,20250121,Stefan Bissegger,4,Stage 4,0,0,0,0,0,0,0,0,0
2025,20250121,Stefan Bissegger,5,Stage 5,0,0,0,0,0,0,0,0,0
2025,20250121,Stefan Bissegger,6,Stage 6,0,0,0,0,0,0,0,0,0
2025,20250121,Stefan Bissegger,7,Stage 7,0,0,0,0,0,0,0,0,0
2025,20250121,Stefan Bissegger,8,Stage 8,0,0,0,0,0,0,0,0,0
2025,20250121,Stefan Bissegger,9,Stage 9,0,0,0,0,0,0,0,0,0
2025,20250121,Stefan Bissegger,10,Stage 10,0,0,0,0,0,0,0,0,0
2025,20250121,Stefan Bissegger,11,Stage 11,0,0,0,0,0,0,0,0,0
2025,20250121,Stefan Bissegger,12,Stage 12,0,0,0,0,0,0,0,0,0
2025,20250121,Stefan Bissegger,13,Stage 13,0,0,0,0,0,0,0,0,0
2025,20250121,Stefan Bissegger,14,Stage 14,0,0,0,0,0,0,0,0,0
2025,20250121,Stefan Bissegger,15,Stage 15,0,0,0,0,0,0,0,0,0
2025,20250121,Stefan Bissegger,16,Stage 16,0,0,0,0,0,0,0,0,0
2025,20250121,Stefan Bissegger,17,Stage 17,0,0,0,0,0,0,0,0,0
2025,20250121,Stefan Bissegger,18,Stage 18,0,0,0,0,0,0,0,0,0
2025,20250121,Stefan Bissegger,19,Stage 19,0,0,0,0,0,0,0,0,0
2025,20250121,Stefan Bissegger,20,Stage 20,0,0,0,0,0,0,0,0,0
2025,20250121,Stefan Bissegger,21,Stage 21,0,0,0,0,0,0,0,0,0
2025,20250121,Stefan Bissegger,22,Final Classifications,0,0,0,0,0,0,0,0,0
2025,20251279,Emilien Jeannière,1,Stage 1,0,0,0,0,0,0,0,0,0
2025,20251279,Emilien Jeannière,2,Stage 2,0,0,0,0,0,0,0,0,0
2025,20251279,Emilien Jeannière,3,Stage 3,0,0,0,0,0,0,0,0,0
2025,20251279,Emilien Jeannière,4,Stage 4,0,0,0,0,0,0,0,0,0
2025,20251279,Emilien Jeannière,5,Stage 5,0,0,0,0,0,0,0,0,0
2025,20251279,Emilien Jeannière,6,Stage 6,0,0,0,0,0,0,0,0,0
2025,20251279,Emilien Jeannière,7,Stage 7,0,0,0,0,0,0,0,0,0
2025,20251279,Emilien Jeannière,8,Stage 8,0,0,0,0,0,0,0,0,0
2025,20251279,Emilien Jeannière,9,Stage 9,0,0,0,0,0,0,0,0,0
2025,20251279,Emilien Jeannière,10,Stage 10,0,0,0,0,0,0,0,0,0
2025,20251279,Emilien Jeannière,11,Stage 11,0,0,0,0,0,0,0,0,0
2025,20251279,Emilien Jeannière,12,Stage 12,0,0,0,0,0,0,0,0,0
2025,20251279,Emilien Jeannière,13,Stage 13,0,0,0,0,0,0,0,0,0
2025,20251279,Emilien Jeannière,14,Stage 14,0,0,0,0,0,0,0,0,0
2025,20251279,Emilien Jeannière,15,Stage 15,0,0,0,0,0,0,0,0,0
2025,20251279,Emilien Jeannière,16,Stage 16,0,0,0,0,0,0,0,0,0
2025,20251279,Emilien Jeannière,17,Stage 17,0,0,0,0,0,0,0,0,0
2025,20251279,Emilien Jeannière,18,Stage 18,0,0,0,0,0,0,0,0,0
2025,20251279,Emilien Jeannière,19,Stage 19,0,0,0,0,0,0,0,0,0
2025,20251279,Emilien Jeannière,20,Stage 20,0,0,0,0,0,0,0,0,0
2025,20251279,Emilien Jeannière,21,Stage 21,0,0,0,0,0,0,0,0,0
2025,20251279,Emilien Jeannière,22,Final Classifications,0,0,0,0,0,0,0,0,0
2025,20250891,Guillaume Boivin,1,Stage 1,0,0,0,0,0,0,0,0,0
2025,20250891,Guillaume Boivin,2,Stage 2,0,0,0,0,0,0,0,0,0
2025,20250891,Guillaume Boivin,3,Stage 3,0,0,0,0,0,0,0,0,0
2025,20250891,Guillaume Boivin,4,Stage 4,0,0,0,0,0,0,0,0,0
2025,20250891,Guillaume Boivin,5,Stage 5,0,0,0,0,0,0,0,0,0
2025,20250891,Guillaume Boivin,6,Stage 6,0,0,0,0,0,0,0,0,0
2025,20250891,Guillaume Boivin,7,Stage 7,0,0,0,0,0,0,0,0,0
2025,20250891,Guillaume Boivin,8,Stage 8,0,0,0,0,0,0,0,0,0
2025,20250891,Guillaume Boivin,9,Stage 9,0,0,0,0,0,0,0,0,0
2025,20250891,Guillaume Boivin,10,Stage 10,0,0,0,0,0,0,0,0,0
2025,20250891,Guillaume Boivin,11,Stage 11,0,0,0,0,0,0,0,0,0
2025,20250891,Guillaume Boivin,12,Stage 12,0,0,0,0,0,0,0,0,0
2025,20250891,Guillaume Boivin,13,Stage 13,0,0,0,0,0,0,0,0,0
2025,20250891,Guillaume Boivin,14,Stage 14,0,0,0,0,0,0,0,0,0
2025,20250891,Guillaume Boivin,15,Stage 15,0,0,0,0,0,0,0,0,0
2025,20250891,Guillaume Boivin,16,Stage 16,0,0,0,0,0,0,0,0,0
2025,20250891,Guillaume Boivin,17,Stage 17,0,0,0,0,0,0,0,0,0
2025,20250891,Guillaume Boivin,18,Stage 18,0,0,0,0,0,0,0,0,0
2025,20250891,Guillaume Boivin,19,Stage 19,0,0,0,0,0,0,0,0,0
2025,20250891,Guillaume Boivin,20,Stage 20,0,0,0,0,0,0,0,0,0
2025,20250891,Guillaume Boivin,21,Stage 21,0,0,0,0,0,0,0,0,0
2025,20250891,Guillaume Boivin,22,Final Classifications,0,0,0,0,0,0,0,0,0
2025,20250968,Jasper De Buyst,1,Stage 1,0,0,0,0,0,0,0,0,0
2025,20250968,Jasper De Buyst,2,Stage 2,0,0,0,0,0,0,0,0,0
2025,20250968,Jasper De Buyst,3,Stage 3,0,0,0,0,0,0,0,0,0
2025,20250968,Jasper De Buyst,4,Stage 4,0,0,0,0,0,0,0,0,0
2025,20250968,Jasper De Buyst,5,Stage 5,0,0,0,0,0,0,0,0,0
2025,20250968,Jasper De Buyst,6,Stage 6,0,0,0,0,0,0,0,0,0
2025,20250968,Jasper De Buyst,7,Stage 7,0,0,0,0,0,0,0,0,0
2025,20250968,Jasper De Buyst,8,Stage 8,0,0,0,0,0,0,0,0,0
2025,20250968,Jasper De Buyst,9,Stage 9,0,0,0,0,0,0,0,0,0
2025,20250968,Jasper De Buyst,10,Stage 10,0,0,0,0,0,0,0,0,0
2025,20250968,Jasper De Buyst,11,Stage 11,0,0,0,0,0,0,0,0,0
2025,20250968,Jasper De Buyst,12,Stage 12,0,0,0,0,0,0,0,0,0
2025,20250968,Jasper De Buyst,13,Stage 13,0,0,0,0,0,0,0,0,0
2025,20250968,Jasper De Buyst,14,Stage 14,0,0,0,0,0,0,0,0,0
2025,20250968,Jasper De Buyst,15,Stage 15,0,0,0,0,0,0,0,0,0
2025,20250968,Jasper De Buyst,16,Stage 16,0,0,0,0,0,0,0,0,0
2025,20250968,Jasper De Buyst,17,Stage 17,0,0,0,0,0,0,0,0,0
2025,20250968,Jasper De Buyst,18,Stage 18,0,0,0,0,0,0,0,0,0
2025,20250968,Jasper De Buyst,19,Stage 19,0,0,0,0,0,0,0,0,0
2025,20250968,Jasper De Buyst,20,Stage 20,0,0,0,0,0,0,0,0,0
2025,20250968,Jasper De Buyst,21,Stage 21,0,0,0,0,0,0,0,0,0
2025,20250968,Jasper De Buyst,22,Final Classifications,0,0,0,0,0,0,0,0,0
2026,20261259,Tadej Pogačar,1,Stage 1,0,0,0,0,0,0,0,30,30
2026,20261259,Tadej Pogačar,2,Stage 2,180,26,6,1,0,0,0,16,229
2026,20261259,Tadej Pogačar,3,Stage 3,220,30,12,0,0,0,0,8,270
2026,20261259,Tadej Pogačar,4,Stage 4,0,18,8,0,0,0,0,0,26
2026,20261259,Tadej Pogačar,5,Stage 5,0,18,1,0,0,0,0,0,19
2026,20261259,Tadej Pogačar,6,Stage 6,220,30,2,12,0,30,0,6,300
2026,20261259,Tadej Pogačar,7,Stage 7,0,30,1,12,0,0,0,4,47
2026,20261259,Tadej Pogačar,8,Stage 8,0,30,0,12,0,0,0,4,46
2026,20261259,Tadej Pogačar,9,Stage 9,50,30,0,12,3,0,0,6,101
2026,20261259,Tadej Pogačar,10,Stage 10,220,30,0,12,0,17,0,4,283
2026,20261259,Tadej Pogačar,11,Stage 11,0,30,0,12,0,0,0,4,46
2026,20261259,Tadej Pogačar,12,Stage 12,0,30,0,12,0,0,0,4,46
2026,20261259,Tadej Pogačar,13,Stage 13,0,30,0,12,0,0,0,4,46
2026,20261259,Tadej Pogačar,14,Stage 14,220,30,0,12,0,15,0,8,285
2026,20261259,Tadej Pogačar,15,Stage 15,180,30,0,12,0,25,0,8,255
2026,20261259,Tadej Pogačar,16,Stage 16,180,30,1,12,0,0,0,0,223
2026,20261259,Tadej Pogačar,17,Stage 17,0,30,1,12,0,0,0,6,49
2026,20261259,Tadej Pogačar,18,Stage 18,35,30,1,12,0,0,0,6,84
2026,20261259,Tadej Pogačar,19,Stage 19,220,30,1,8,0,30,0,6,295
2026,20261259,Tadej Pogačar,20,Stage 20,140,30,1,8,0,15,0,6,200
2026,20261259,Tadej Pogačar,21,Stage 21,0,30,1,8,0,0,0,6,45
2026,20261259,Tadej Pogačar,22,Final Classifications,0,600,30,100,0,0,0,40,770
2026,20260858,Remco Evenepoel,1,Stage 1,0,0,0,0,0,0,0,20,20
2026,20260858,Remco Evenepoel,2,Stage 2,160,22,4,0,0,0,0,2,188
2026,20260858,Remco Evenepoel,3,Stage 3,80,22,2,0,0,0,0,4,108
2026,20260858,Remco Evenepoel,4,Stage 4,0,14,0,0,0,0,0,4,18
2026,20260858,Remco Evenepoel,5,Stage 5,0,14,0,0,0,0,0,4,18
2026,20260858,Remco Evenepoel,6,Stage 6,140,18,0,0,0,4,0,4,166
2026,20260858,Remco Evenepoel,7,Stage 7,0,18,0,0,0,0,0,4,22
2026,20260858,Remco Evenepoel,8,Stage 8,0,18,0,0,0,0,0,4,22
2026,20260858,Remco Evenepoel,9,Stage 9,40,18,0,0,0,0,0,0,58
2026,20260858,Remco Evenepoel,10,Stage 10,180,22,0,0,0,4,0,0,206
2026,20260858,Remco Evenepoel,11,Stage 11,0,22,0,0,0,0,0,0,22
2026,20260858,Remco Evenepoel,12,Stage 12,12,22,0,0,0,0,0,0,34
2026,20260858,Remco Evenepoel,13,Stage 13,0,22,0,0,0,0,0,2,24
2026,20260858,Remco Evenepoel,14,Stage 14,120,22,0,0,0,2,0,0,144
2026,20260858,Remco Evenepoel,15,Stage 15,220,26,0,2,0,30,0,2,280
2026,20260858,Remco Evenepoel,16,Stage 16,220,26,0,4,0,0,0,0,250
2026,20260858,Remco Evenepoel,17,Stage 17,0,26,0,4,0,0,0,2,32
2026,20260858,Remco Evenepoel,18,Stage 18,70,26,0,4,0,0,0,2,102
2026,20260858,Remco Evenepoel,19,Stage 19,110,26,0,4,0,6,0,2,148
2026,20260858,Remco Evenepoel,20,Stage 20,180,26,0,2,0,10,0,2,220
2026,20260858,Remco Evenepoel,21,Stage 21,0,26,0,2,0,0,0,2,30
2026,20260858,Remco Evenepoel,22,Final Classifications,0,500,15,40,0,0,0,30,585
2026,20261246,Isaac Del Toro,1,Stage 1,0,0,0,0,0,0,0,30,30
2026,20261246,Isaac Del Toro,2,Stage 2,220,18,12,0,0,0,0,16,266
2026,20261246,Isaac Del Toro,3,Stage 3,70,18,6,0,0,0,0,24,118
2026,20261246,Isaac Del Toro,4,Stage 4,0,13,2,0,0,0,0,0,15
2026,20261246,Isaac Del Toro,5,Stage 5,0,13,0,0,0,0,0,0,13
2026,20261246,Isaac Del Toro,6,Stage 6,160,22,0,0,0,10,0,18,210
2026,20261246,Isaac Del Toro,7,Stage 7,0,22,0,0,0,0,0,10,32
2026,20261246,Isaac Del Toro,8,Stage 8,0,22,0,0,0,0,0,10,32
2026,20261246,Isaac Del Toro,9,Stage 9,35,22,0,0,12,0,0,12,81
2026,20261246,Isaac Del Toro,10,Stage 10,80,14,0,0,0,4,0,20,118
2026,20261246,Isaac Del Toro,11,Stage 11,0,14,0,0,0,0,0,12,26
2026,20261246,Isaac Del Toro,12,Stage 12,0,14,0,0,0,0,0,12,26
2026,20261246,Isaac Del Toro,13,Stage 13,0,13,0,0,0,0,0,12,25
2026,20261246,Isaac Del Toro,14,Stage 14,180,14,0,0,0,4,0,20,218
2026,20261246,Isaac Del Toro,15,Stage 15,160,22,0,1,0,20,0,16,219
2026,20261246,Isaac Del Toro,16,Stage 16,120,22,0,1,0,0,0,0,143
2026,20261246,Isaac Del Toro,17,Stage 17,0,22,0,1,0,0,0,12,35
2026,20261246,Isaac Del Toro,18,Stage 18,16,22,0,1,0,0,0,12,51
2026,20261246,Isaac Del Toro,19,Stage 19,95,22,0,1,0,4,0,20,142
2026,20261246,Isaac Del Toro,20,Stage 20,120,22,0,0,0,6,0,12,160
2026,20261246,Isaac Del Toro,21,Stage 21,0,22,0,0,0,0,0,12,34
2026,20261246,Isaac Del Toro,22,Final Classifications,0,400,10,20,0,0,0,40,470
2026,20260368,Paul Seixas,1,Stage 1,0,0,0,0,0,0,0,15,15
2026,20260368,Paul Seixas,2,Stage 2,70,15,0,0,0,0,0,0,85
2026,20260368,Paul Seixas,3,Stage 3,140,15,0,0,0,0,0,0,155
2026,20260368,Paul Seixas,4,Stage 4,0,11,0,0,0,0,0,0,11
2026,20260368,Paul Seixas,5,Stage 5,0,11,0,0,0,0,0,8,19
2026,20260368,Paul Seixas,6,Stage 6,120,15,0,2,0,20,0,0,157
2026,20260368,Paul Seixas,7,Stage 7,0,15,0,2,0,0,0,0,17
2026,20260368,Paul Seixas,8,Stage 8,0,15,0,2,0,0,0,2,19
2026,20260368,Paul Seixas,9,Stage 9,25,15,0,1,0,0,0,0,41
2026,20260368,Paul Seixas,10,Stage 10,160,16,0,2,0,6,0,0,184
2026,20260368,Paul Seixas,11,Stage 11,0,16,0,2,0,0,0,4,22
2026,20260368,Paul Seixas,12,Stage 12,0,16,0,2,0,0,0,4,22
2026,20260368,Paul Seixas,13,Stage 13,0,15,0,1,0,0,0,0,16
2026,20260368,Paul Seixas,14,Stage 14,160,18,0,2,0,6,0,0,186
2026,20260368,Paul Seixas,15,Stage 15,140,18,0,4,0,15,0,0,177
2026,20260368,Paul Seixas,16,Stage 16,140,18,0,2,0,0,0,0,160
2026,20260368,Paul Seixas,17,Stage 17,0,18,0,2,0,0,0,2,22
2026,20260368,Paul Seixas,18,Stage 18,20,18,0,2,0,0,0,0,40
2026,20260368,Paul Seixas,19,Stage 19,70,18,0,0,0,0,0,0,88
2026,20260368,Paul Seixas,20,Stage 20,60,18,0,0,0,2,0,0,80
2026,20260368,Paul Seixas,21,Stage 21,0,18,0,0,0,0,0,0,18
2026,20260368,Paul Seixas,22,Final Classifications,0,350,0,15,0,0,0,20,385
2026,20260625,Mads Pedersen,1,Stage 1,0,0,0,0,0,0,0,25,25
2026,20260625,Mads Pedersen,2,Stage 2,0,0,0,0,10,0,0,0,10
2026,20260625,Mads Pedersen,3,Stage 3,0,0,4,0,20,0,20,2,46
2026,20260625,Mads Pedersen,4,Stage 4,220,0,12,0,14,0,0,14,260
2026,20260625,Mads Pedersen,5,Stage 5,95,0,12,0,14,0,0,10,131
2026,20260625,Mads Pedersen,6,Stage 6,0,0,12,0,20,0,0,8,40
2026,20260625,Mads Pedersen,7,Stage 7,70,0,12,0,14,0,0,8,104
2026,20260625,Mads Pedersen,8,Stage 8,40,0,12,0,8,0,0,8,68
2026,20260625,Mads Pedersen,9,Stage 9,110,0,12,0,20,0,0,8,150
2026,20260625,Mads Pedersen,10,Stage 10,0,0,12,0,20,0,0,8,40
2026,20260625,Mads Pedersen,11,Stage 11,50,0,12,0,5,0,0,8,75
2026,20260625,Mads Pedersen,12,Stage 12,70,0,12,0,16,0,0,8,106
2026,20260625,Mads Pedersen,13,Stage 13,0,0,12,0,16,0,0,8,36
2026,20260625,Mads Pedersen,14,Stage 14,0,0,12,0,16,0,0,8,36
2026,20260625,Mads Pedersen,15,Stage 15,0,0,12,0,16,0,0,8,36
2026,20260625,Mads Pedersen,16,Stage 16,0,0,12,0,0,0,0,0,12
2026,20260625,Mads Pedersen,17,Stage 17,80,0,12,0,20,0,0,8,120
2026,20260625,Mads Pedersen,18,Stage 18,0,0,12,0,20,2,20,8,62
2026,20260625,Mads Pedersen,19,Stage 19,0,0,12,0,20,0,0,8,40
2026,20260625,Mads Pedersen,20,Stage 20,0,0,12,0,20,0,0,8,40
2026,20260625,Mads Pedersen,21,Stage 21,160,0,12,0,10,0,0,8,190
2026,20260625,Mads Pedersen,22,Final Classifications,0,0,120,0,0,0,0,50,170
2026,20260392,Richard Carapaz,1,Stage 1,0,0,0,0,0,0,0,0,0
2026,20260392,Richard Carapaz,2,Stage 2,30,2,0,0,0,0,0,0,32
2026,20260392,Richard Carapaz,3,Stage 3,160,9,0,0,0,0,0,0,169
2026,20260392,Richard Carapaz,4,Stage 4,0,5,0,0,0,0,0,6,11
2026,20260392,Richard Carapaz,5,Stage 5,0,5,0,0,0,0,0,6,11
2026,20260392,Richard Carapaz,6,Stage 6,0,5,0,0,0,0,0,0,5
2026,20260392,Richard Carapaz,7,Stage 7,0,0,0,0,0,0,0,0,0
2026,20260392,Richard Carapaz,8,Stage 8,0,0,0,0,0,0,0,0,0
2026,20260392,Richard Carapaz,9,Stage 9,0,0,0,0,0,0,0,0,0
2026,20260392,Richard Carapaz,10,Stage 10,50,3,0,6,0,25,0,0,84
2026,20260392,Richard Carapaz,11,Stage 11,0,3,0,6,0,0,0,0,9
2026,20260392,Richard Carapaz,12,Stage 12,0,3,0,6,0,0,0,0,9
2026,20260392,Richard Carapaz,13,Stage 13,0,2,0,6,0,0,0,0,8
2026,20260392,Richard Carapaz,14,Stage 14,80,6,0,6,0,20,20,0,132
2026,20260392,Richard Carapaz,15,Stage 15,40,9,0,6,0,0,0,0,55
2026,20260392,Richard Carapaz,16,Stage 16,0,9,0,6,0,0,0,0,15
2026,20260392,Richard Carapaz,17,Stage 17,0,9,0,6,0,0,0,0,15
2026,20260392,Richard Carapaz,18,Stage 18,220,11,0,6,12,25,20,0,294
2026,20260392,Richard Carapaz,19,Stage 19,160,13,0,12,1,30,0,0,216
2026,20260392,Richard Carapaz,20,Stage 20,220,13,0,12,2,100,20,0,367
2026,20260392,Richard Carapaz,21,Stage 21,0,13,0,12,0,0,0,0,25
2026,20260392,Richard Carapaz,22,Final Classifications,0,200,0,120,0,0,0,0,320
2026,20260627,Mattias Skjelmose,1,Stage 1,0,0,0,0,0,0,0,25,25
2026,20260627,Mattias Skjelmose,2,Stage 2,120,5,0,0,0,0,0,0,125
2026,20260627,Mattias Skjelmose,3,Stage 3,50,7,0,0,0,0,0,2,59
2026,20260627,Mattias Skjelmose,4,Stage 4,0,3,0,0,0,0,0,22,25
2026,20260627,Mattias Skjelmose,5,Stage 5,0,4,0,0,0,0,0,10,14
2026,20260627,Mattias Skjelmose,6,Stage 6,80,12,0,0,0,2,0,8,102
2026,20260627,Mattias Skjelmose,7,Stage 7,0,12,0,0,0,0,0,8,20
2026,20260627,Mattias Skjelmose,8,Stage 8,0,12,0,0,0,0,0,8,20
2026,20260627,Mattias Skjelmose,9,Stage 9,0,12,0,0,0,0,0,8,20
2026,20260627,Mattias Skjelmose,10,Stage 10,110,13,0,0,0,0,0,8,131
2026,20260627,Mattias Skjelmose,11,Stage 11,0,13,0,0,0,0,0,8,21
2026,20260627,Mattias Skjelmose,12,Stage 12,0,13,0,0,0,0,0,8,21
2026,20260627,Mattias Skjelmose,13,Stage 13,0,12,0,0,0,0,0,8,20
2026,20260627,Mattias Skjelmose,14,Stage 14,60,13,0,0,0,0,0,8,81
2026,20260627,Mattias Skjelmose,15,Stage 15,95,14,0,0,0,4,0,8,121
2026,20260627,Mattias Skjelmose,16,Stage 16,160,15,0,0,0,0,0,0,175
2026,20260627,Mattias Skjelmose,17,Stage 17,0,15,0,0,0,0,0,8,23
2026,20260627,Mattias Skjelmose,18,Stage 18,30,15,0,0,0,0,0,8,53
2026,20260627,Mattias Skjelmose,19,Stage 19,80,15,0,0,0,2,0,8,105
2026,20260627,Mattias Skjelmose,20,Stage 20,80,15,0,0,0,0,0,8,103
2026,20260627,Mattias Skjelmose,21,Stage 21,0,15,0,0,12,0,0,10,37
2026,20260627,Mattias Skjelmose,22,Final Classifications,0,260,0,0,0,0,0,50,310
2026,20260017,Jasper Philipsen,1,Stage 1,0,0,0,0,0,0,0,10,10
2026,20260017,Jasper Philipsen,2,Stage 2,0,0,0,0,8,0,0,0,8
2026,20260017,Jasper Philipsen,3,Stage 3,0,0,0,0,0,0,0,0,0
2026,20260017,Jasper Philipsen,4,Stage 4,0,0,0,0,16,0,0,0,16
2026,20260017,Jasper Philipsen,5,Stage 5,120,0,4,0,10,0,0,0,134
2026,20260017,Jasper Philipsen,6,Stage 6,0,0,4,0,12,0,0,0,16
2026,20260017,Jasper Philipsen,7,Stage 7,120,0,2,0,8,0,0,0,130
2026,20260017,Jasper Philipsen,8,Stage 8,140,0,4,0,12,0,0,0,156
2026,20260017,Jasper Philipsen,9,Stage 9,0,0,4,0,14,0,0,8,26
2026,20260017,Jasper Philipsen,10,Stage 10,0,0,4,0,12,0,0,0,16
2026,20260017,Jasper Philipsen,11,Stage 11,160,0,6,0,8,0,0,0,174
2026,20260017,Jasper Philipsen,12,Stage 12,160,0,6,0,14,0,0,0,180
2026,20260017,Jasper Philipsen,13,Stage 13,0,0,8,0,20,0,0,0,28
2026,20260017,Jasper Philipsen,14,Stage 14,0,0,8,0,20,0,0,0,28
2026,20260017,Jasper Philipsen,15,Stage 15,0,0,8,0,20,0,0,0,28
2026,20260017,Jasper Philipsen,16,Stage 16,0,0,8,0,0,0,0,0,8
2026,20260017,Jasper Philipsen,17,Stage 17,220,0,8,0,6,0,0,0,234
2026,20260017,Jasper Philipsen,18,Stage 18,0,0,8,0,0,0,0,0,8
2026,20260017,Jasper Philipsen,19,Stage 19,0,0,8,0,0,0,0,0,8
2026,20260017,Jasper Philipsen,20,Stage 20,0,0,8,0,0,0,0,0,8
2026,20260017,Jasper Philipsen,21,Stage 21,180,0,8,0,0,0,0,8,196
2026,20260017,Jasper Philipsen,22,Final Classifications,0,0,100,0,0,0,0,0,100
2026,20260608,Juan Ayuso,1,Stage 1,0,0,0,0,0,0,0,25,25
2026,20260608,Juan Ayuso,2,Stage 2,40,16,0,0,0,0,0,0,56
2026,20260608,Juan Ayuso,3,Stage 3,60,16,0,0,0,0,0,2,78
2026,20260608,Juan Ayuso,4,Stage 4,0,12,0,0,0,0,0,22,34
2026,20260608,Juan Ayuso,5,Stage 5,0,12,0,0,0,0,0,10,22
2026,20260608,Juan Ayuso,6,Stage 6,95,16,0,0,0,0,0,8,119
2026,20260608,Juan Ayuso,7,Stage 7,0,16,0,0,0,0,0,8,24
2026,20260608,Juan Ayuso,8,Stage 8,0,16,0,0,0,0,0,8,24
2026,20260608,Juan Ayuso,9,Stage 9,0,16,0,0,0,0,0,8,24
2026,20260608,Juan Ayuso,10,Stage 10,120,18,0,0,0,0,0,8,146
2026,20260608,Juan Ayuso,11,Stage 11,0,18,0,0,0,0,0,8,26
2026,20260608,Juan Ayuso,12,Stage 12,0,18,0,0,0,0,0,8,26
2026,20260608,Juan Ayuso,13,Stage 13,0,16,0,0,0,0,0,8,24
2026,20260608,Juan Ayuso,14,Stage 14,110,16,0,0,0,0,0,8,134
2026,20260608,Juan Ayuso,15,Stage 15,80,15,0,0,0,2,0,8,105
2026,20260608,Juan Ayuso,16,Stage 16,25,16,0,0,0,0,0,0,41
2026,20260608,Juan Ayuso,17,Stage 17,0,16,0,0,0,0,0,8,24
2026,20260608,Juan Ayuso,18,Stage 18,40,16,0,0,0,0,0,8,64
2026,20260608,Juan Ayuso,19,Stage 19,16,14,0,0,0,0,0,8,38
2026,20260608,Juan Ayuso,20,Stage 20,70,14,0,0,0,25,20,8,137
2026,20260608,Juan Ayuso,21,Stage 21,0,14,0,0,3,0,0,10,27
2026,20260608,Juan Ayuso,22,Final Classifications,0,220,0,0,0,0,0,50,270
2026,20260124,Lenny Martinez,1,Stage 1,0,0,0,0,0,0,0,0,0
2026,20260124,Lenny Martinez,2,Stage 2,80,12,0,0,0,0,0,0,92
2026,20260124,Lenny Martinez,3,Stage 3,35,13,0,0,0,0,0,0,48
2026,20260124,Lenny Martinez,4,Stage 4,0,9,0,0,0,0,0,0,9
2026,20260124,Lenny Martinez,5,Stage 5,0,9,0,0,0,0,0,0,9
2026,20260124,Lenny Martinez,6,Stage 6,70,13,0,6,0,21,0,0,110
2026,20260124,Lenny Martinez,7,Stage 7,0,13,0,6,0,0,0,0,19
2026,20260124,Lenny Martinez,8,Stage 8,0,13,0,6,0,0,0,0,19
2026,20260124,Lenny Martinez,9,Stage 9,0,13,0,6,0,0,0,0,19
2026,20260124,Lenny Martinez,10,Stage 10,60,12,0,0,0,0,0,0,72
2026,20260124,Lenny Martinez,11,Stage 11,0,12,0,0,0,0,0,0,12
2026,20260124,Lenny Martinez,12,Stage 12,0,12,0,0,0,0,0,0,12
2026,20260124,Lenny Martinez,13,Stage 13,0,11,0,0,0,0,0,0,11
2026,20260124,Lenny Martinez,14,Stage 14,50,11,0,0,0,0,0,0,61
2026,20260124,Lenny Martinez,15,Stage 15,110,13,0,0,0,6,0,0,129
2026,20260124,Lenny Martinez,16,Stage 16,4,14,0,0,0,0,0,0,18
2026,20260124,Lenny Martinez,17,Stage 17,0,14,0,0,0,0,0,0,14
2026,20260124,Lenny Martinez,18,Stage 18,80,14,0,0,0,0,0,0,94
2026,20260124,Lenny Martinez,19,Stage 19,180,16,0,2,0,25,0,0,223
2026,20260124,Lenny Martinez,20,Stage 20,110,16,0,1,0,4,0,0,131
2026,20260124,Lenny Martinez,21,Stage 21,0,16,0,1,0,0,0,0,17
2026,20260124,Lenny Martinez,22,Final Classifications,0,300,0,30,0,0,0,0,330
2026,20261164,Jonas Vingegaard,1,Stage 1,0,30,0,0,0,0,0,50,80
2026,20261164,Jonas Vingegaard,2,Stage 2,140,30,1,0,0,0,0,0,171
2026,20261164,Jonas Vingegaard,3,Stage 3,180,26,8,0,0,0,0,0,214
2026,20261164,Jonas Vingegaard,4,Stage 4,0,16,6,0,0,0,0,0,22
2026,20261164,Jonas Vingegaard,5,Stage 5,0,16,0,0,0,0,0,0,16
2026,20261164,Jonas Vingegaard,6,Stage 6,180,26,0,8,0,25,0,0,239
2026,20261164,Jonas Vingegaard,7,Stage 7,0,26,0,8,0,0,0,0,34
2026,20261164,Jonas Vingegaard,8,Stage 8,0,26,0,8,0,0,0,0,34
2026,20261164,Jonas Vingegaard,9,Stage 9,8,26,0,8,0,0,0,2,44
2026,20261164,Jonas Vingegaard,10,Stage 10,95,26,0,8,0,6,0,2,137
2026,20261164,Jonas Vingegaard,11,Stage 11,0,26,0,8,0,0,0,2,36
2026,20261164,Jonas Vingegaard,12,Stage 12,0,26,0,8,0,0,0,2,36
2026,20261164,Jonas Vingegaard,13,Stage 13,0,26,0,8,0,0,0,0,34
2026,20261164,Jonas Vingegaard,14,Stage 14,140,26,0,4,0,10,0,2,182
2026,20261164,Jonas Vingegaard,15,Stage 15,0,0,0,0,0,0,0,0,0
2026,20261164,Jonas Vingegaard,16,Stage 16,0,0,0,0,0,0,0,0,0
2026,20261164,Jonas Vingegaard,17,Stage 17,0,0,0,0,0,0,0,0,0
2026,20261164,Jonas Vingegaard,18,Stage 18,0,0,0,0,0,0,0,0,0
2026,20261164,Jonas Vingegaard,19,Stage 19,0,0,0,0,0,0,0,0,0
2026,20261164,Jonas Vingegaard,20,Stage 20,0,0,0,0,0,0,0,0,0
2026,20261164,Jonas Vingegaard,21,Stage 21,0,0,0,0,0,0,0,0,0
2026,20261164,Jonas Vingegaard,22,Final Classifications,0,0,0,0,0,0,0,0,0
2026,20261327,Tobias Halland Johannessen,1,Stage 1,0,0,0,0,0,0,0,0,0
2026,20261327,Tobias Halland Johannessen,2,Stage 2,110,9,0,4,0,0,0,0,123
2026,20261327,Tobias Halland Johannessen,3,Stage 3,120,12,1,0,0,0,0,0,133
2026,20261327,Tobias Halland Johannessen,4,Stage 4,0,8,0,0,0,0,0,8,16
2026,20261327,Tobias Halland Johannessen,5,Stage 5,0,8,0,0,0,0,0,8,16
2026,20261327,Tobias Halland Johannessen,6,Stage 6,12,8,0,0,0,0,0,0,20
2026,20261327,Tobias Halland Johannessen,7,Stage 7,0,8,0,0,0,0,0,4,12
2026,20261327,Tobias Halland Johannessen,8,Stage 8,0,8,0,0,0,0,0,0,8
2026,20261327,Tobias Halland Johannessen,9,Stage 9,180,10,0,0,0,0,20,0,210
2026,20261327,Tobias Halland Johannessen,10,Stage 10,12,7,0,0,0,0,0,0,19
2026,20261327,Tobias Halland Johannessen,11,Stage 11,0,7,0,0,0,0,0,8,15
2026,20261327,Tobias Halland Johannessen,12,Stage 12,0,7,0,0,0,0,0,0,7
2026,20261327,Tobias Halland Johannessen,13,Stage 13,0,6,0,0,0,0,0,0,6
2026,20261327,Tobias Halland Johannessen,14,Stage 14,70,7,0,0,0,10,20,0,107
2026,20261327,Tobias Halland Johannessen,15,Stage 15,0,3,0,0,0,0,0,0,3
2026,20261327,Tobias Halland Johannessen,16,Stage 16,0,5,0,0,0,0,0,0,5
2026,20261327,Tobias Halland Johannessen,17,Stage 17,0,5,0,0,0,0,0,0,5
2026,20261327,Tobias Halland Johannessen,18,Stage 18,120,7,0,0,14,2,20,0,163
2026,20261327,Tobias Halland Johannessen,19,Stage 19,120,8,0,0,0,10,0,0,138
2026,20261327,Tobias Halland Johannessen,20,Stage 20,50,9,0,0,16,2,20,0,97
2026,20261327,Tobias Halland Johannessen,21,Stage 21,16,9,0,0,0,0,0,0,25
2026,20261327,Tobias Halland Johannessen,22,Final Classifications,0,130,0,10,0,0,0,0,140
2026,20260846,Thomas Pidcock,1,Stage 1,0,0,0,0,0,0,0,0,0
2026,20260846,Thomas Pidcock,2,Stage 2,60,11,0,0,0,0,0,0,71
2026,20260846,Thomas Pidcock,3,Stage 3,20,10,0,0,0,0,0,0,30
2026,20260846,Thomas Pidcock,4,Stage 4,0,6,0,0,0,0,0,0,6
2026,20260846,Thomas Pidcock,5,Stage 5,0,6,0,0,0,0,0,0,6
2026,20260846,Thomas Pidcock,6,Stage 6,25,6,0,0,0,0,0,0,31
2026,20260846,Thomas Pidcock,7,Stage 7,0,6,0,0,0,0,0,0,6
2026,20260846,Thomas Pidcock,8,Stage 8,0,6,0,0,0,0,0,0,6
2026,20260846,Thomas Pidcock,9,Stage 9,160,8,0,0,8,0,20,0,196
2026,20260846,Thomas Pidcock,10,Stage 10,70,11,0,0,0,0,0,0,81
2026,20260846,Thomas Pidcock,11,Stage 11,0,11,0,0,0,0,0,0,11
2026,20260846,Thomas Pidcock,12,Stage 12,0,11,0,0,0,0,0,0,11
2026,20260846,Thomas Pidcock,13,Stage 13,160,18,0,4,5,15,0,0,202
2026,20260846,Thomas Pidcock,14,Stage 14,12,12,0,1,0,0,0,0,25
2026,20260846,Thomas Pidcock,15,Stage 15,35,12,0,0,0,10,20,0,77
2026,20260846,Thomas Pidcock,16,Stage 16,40,13,0,0,0,0,0,0,53
2026,20260846,Thomas Pidcock,17,Stage 17,0,13,0,0,0,0,0,0,13
2026,20260846,Thomas Pidcock,18,Stage 18,60,13,0,0,0,0,0,0,73
2026,20260846,Thomas Pidcock,19,Stage 19,4,12,0,0,0,0,0,0,16
2026,20260846,Thomas Pidcock,20,Stage 20,20,12,0,0,0,0,0,0,32
2026,20260846,Thomas Pidcock,21,Stage 21,0,12,0,0,0,0,0,0,12
2026,20260846,Thomas Pidcock,22,Final Classifications,0,180,0,0,0,0,0,0,180
2026,20260356,Olav Kooij,1,Stage 1,0,0,0,0,0,0,0,15,15
2026,20260356,Olav Kooij,2,Stage 2,0,0,0,0,0,0,0,0,0
2026,20260356,Olav Kooij,3,Stage 3,0,0,0,0,0,0,0,0,0
2026,20260356,Olav Kooij,4,Stage 4,0,0,0,0,0,0,0,0,0
2026,20260356,Olav Kooij,5,Stage 5,220,0,2,0,0,0,0,0,222
2026,20260356,Olav Kooij,6,Stage 6,0,0,1,0,0,0,0,0,1
2026,20260356,Olav Kooij,7,Stage 7,0,0,0,0,0,0,0,0,0
2026,20260356,Olav Kooij,8,Stage 8,160,0,1,0,0,0,0,0,161
2026,20260356,Olav Kooij,9,Stage 9,0,0,1,0,0,0,0,0,1
2026,20260356,Olav Kooij,10,Stage 10,0,0,1,0,0,0,0,2,3
2026,20260356,Olav Kooij,11,Stage 11,180,0,1,0,0,0,0,0,181
2026,20260356,Olav Kooij,12,Stage 12,180,0,1,0,0,0,0,0,181
2026,20260356,Olav Kooij,13,Stage 13,0,0,1,0,0,0,0,0,1
2026,20260356,Olav Kooij,14,Stage 14,0,0,1,0,0,0,0,2,3
2026,20260356,Olav Kooij,15,Stage 15,0,0,2,0,0,0,0,0,2
2026,20260356,Olav Kooij,16,Stage 16,0,0,2,0,0,0,0,0,2
2026,20260356,Olav Kooij,17,Stage 17,160,0,2,0,0,0,0,0,162
2026,20260356,Olav Kooij,18,Stage 18,0,0,2,0,0,0,0,0,2
2026,20260356,Olav Kooij,19,Stage 19,0,0,2,0,0,0,0,0,2
2026,20260356,Olav Kooij,20,Stage 20,0,0,2,0,0,0,0,0,2
2026,20260356,Olav Kooij,21,Stage 21,120,0,2,0,0,0,0,0,122
2026,20260356,Olav Kooij,22,Final Classifications,0,0,40,0,0,0,0,20,60
2026,20260803,Biniam Girmay,1,Stage 1,0,0,0,0,0,0,0,0,0
2026,20260803,Biniam Girmay,2,Stage 2,0,0,0,0,12,0,0,0,12
2026,20260803,Biniam Girmay,3,Stage 3,0,0,0,0,0,0,0,0,0
2026,20260803,Biniam Girmay,4,Stage 4,0,0,1,0,20,0,0,0,21
2026,20260803,Biniam Girmay,5,Stage 5,110,0,8,0,12,0,0,0,130
2026,20260803,Biniam Girmay,6,Stage 6,0,0,6,0,10,0,0,0,16
2026,20260803,Biniam Girmay,7,Stage 7,160,0,8,0,12,0,0,0,180
2026,20260803,Biniam Girmay,8,Stage 8,180,0,6,0,5,0,0,0,191
2026,20260803,Biniam Girmay,9,Stage 9,0,0,8,0,16,0,0,0,24
2026,20260803,Biniam Girmay,10,Stage 10,0,0,8,0,14,0,0,0,22
2026,20260803,Biniam Girmay,11,Stage 11,110,0,8,0,4,0,0,0,122
2026,20260803,Biniam Girmay,12,Stage 12,140,0,8,0,8,0,0,0,156
2026,20260803,Biniam Girmay,13,Stage 13,0,0,6,0,14,0,0,0,20
2026,20260803,Biniam Girmay,14,Stage 14,0,0,6,0,12,0,0,0,18
2026,20260803,Biniam Girmay,15,Stage 15,0,0,6,0,12,0,0,0,18
2026,20260803,Biniam Girmay,16,Stage 16,0,0,6,0,0,0,0,0,6
2026,20260803,Biniam Girmay,17,Stage 17,0,0,6,0,0,0,0,0,6
2026,20260803,Biniam Girmay,18,Stage 18,0,0,6,0,0,0,0,0,6
2026,20260803,Biniam Girmay,19,Stage 19,0,0,6,0,0,0,0,0,6
2026,20260803,Biniam Girmay,20,Stage 20,0,0,6,0,0,0,0,0,6
2026,20260803,Biniam Girmay,21,Stage 21,50,0,6,0,0,0,0,0,56
2026,20260803,Biniam Girmay,22,Final Classifications,0,0,80,0,0,0,0,0,80
2026,20260943,Tim Merlier,1,Stage 1,0,0,0,0,0,0,0,0,0
2026,20260943,Tim Merlier,2,Stage 2,0,0,0,0,5,0,0,0,5
2026,20260943,Tim Merlier,3,Stage 3,0,0,0,0,0,0,0,0,0
2026,20260943,Tim Merlier,4,Stage 4,0,0,0,0,0,0,0,0,0
2026,20260943,Tim Merlier,5,Stage 5,160,0,0,0,4,0,0,0,164
2026,20260943,Tim Merlier,6,Stage 6,0,0,0,0,0,0,0,0,0
2026,20260943,Tim Merlier,7,Stage 7,220,0,4,0,6,0,0,0,230
2026,20260943,Tim Merlier,8,Stage 8,220,0,8,0,6,0,0,0,234
2026,20260943,Tim Merlier,9,Stage 9,0,0,6,0,0,0,0,0,6
2026,20260943,Tim Merlier,10,Stage 10,0,0,6,0,0,0,0,0,6
2026,20260943,Tim Merlier,11,Stage 11,25,0,4,0,0,0,0,0,29
2026,20260943,Tim Merlier,12,Stage 12,220,0,4,0,12,0,0,0,236
2026,20260943,Tim Merlier,13,Stage 13,0,0,4,0,0,0,0,0,4
2026,20260943,Tim Merlier,14,Stage 14,0,0,4,0,0,0,0,0,4
2026,20260943,Tim Merlier,15,Stage 15,0,0,0,0,0,0,0,0,0
2026,20260943,Tim Merlier,16,Stage 16,0,0,0,0,0,0,0,0,0
2026,20260943,Tim Merlier,17,Stage 17,0,0,0,0,0,0,0,0,0
2026,20260943,Tim Merlier,18,Stage 18,0,0,0,0,0,0,0,0,0
2026,20260943,Tim Merlier,19,Stage 19,0,0,0,0,0,0,0,0,0
2026,20260943,Tim Merlier,20,Stage 20,0,0,0,0,0,0,0,0,0
2026,20260943,Tim Merlier,21,Stage 21,0,0,0,0,0,0,0,0,0
2026,20260943,Tim Merlier,22,Final Classifications,0,0,0,0,0,0,0,0,0
2026,20260863,Florian Lipowitz,1,Stage 1,0,0,0,0,0,0,0,20,20
2026,20260863,Florian Lipowitz,2,Stage 2,20,13,0,0,0,0,0,6,39
2026,20260863,Florian Lipowitz,3,Stage 3,95,14,0,0,0,0,0,6,115
2026,20260863,Florian Lipowitz,4,Stage 4,0,10,0,0,0,0,0,4,14
2026,20260863,Florian Lipowitz,5,Stage 5,0,10,0,0,0,0,0,4,14
2026,20260863,Florian Lipowitz,6,Stage 6,110,14,0,0,0,15,0,4,143
2026,20260863,Florian Lipowitz,7,Stage 7,0,14,0,0,0,0,0,4,18
2026,20260863,Florian Lipowitz,8,Stage 8,0,14,0,0,0,0,0,4,18
2026,20260863,Florian Lipowitz,9,Stage 9,4,14,0,0,0,0,0,0,18
2026,20260863,Florian Lipowitz,10,Stage 10,140,15,0,0,0,2,0,6,163
2026,20260863,Florian Lipowitz,11,Stage 11,0,15,0,0,0,0,0,2,17
2026,20260863,Florian Lipowitz,12,Stage 12,0,15,0,0,0,0,0,2,17
2026,20260863,Florian Lipowitz,13,Stage 13,0,14,0,0,0,0,0,4,18
2026,20260863,Florian Lipowitz,14,Stage 14,95,15,0,0,0,0,0,2,112
2026,20260863,Florian Lipowitz,15,Stage 15,120,16,0,0,0,10,0,14,160
2026,20260863,Florian Lipowitz,16,Stage 16,0,0,0,0,0,0,0,0,0
2026,20260863,Florian Lipowitz,17,Stage 17,0,0,0,0,0,0,0,0,0
2026,20260863,Florian Lipowitz,18,Stage 18,0,0,0,0,0,0,0,0,0
2026,20260863,Florian Lipowitz,19,Stage 19,0,0,0,0,0,0,0,0,0
2026,20260863,Florian Lipowitz,20,Stage 20,0,0,0,0,0,0,0,0,0
2026,20260863,Florian Lipowitz,21,Stage 21,0,0,0,0,0,0,0,0,0
2026,20260863,Florian Lipowitz,22,Final Classifications,0,0,0,0,0,0,0,0,0
2026,20261388,Max Kanter,1,Stage 1,0,0,0,0,0,0,0,0,0
2026,20261388,Max Kanter,2,Stage 2,0,0,0,0,4,0,0,0,4
2026,20261388,Max Kanter,3,Stage 3,0,0,0,0,0,0,0,0,0
2026,20261388,Max Kanter,4,Stage 4,0,0,0,0,0,0,0,0,0
2026,20261388,Max Kanter,5,Stage 5,180,0,6,0,16,0,0,0,202
2026,20261388,Max Kanter,6,Stage 6,0,0,8,0,14,0,0,0,22
2026,20261388,Max Kanter,7,Stage 7,140,0,6,0,10,0,0,0,156
2026,20261388,Max Kanter,8,Stage 8,70,0,2,0,10,0,0,0,82
2026,20261388,Max Kanter,9,Stage 9,0,0,2,0,0,0,0,0,2
2026,20261388,Max Kanter,10,Stage 10,0,0,2,0,16,0,0,0,18
2026,20261388,Max Kanter,11,Stage 11,12,0,2,0,6,0,0,0,20
2026,20261388,Max Kanter,12,Stage 12,95,0,2,0,10,0,0,0,107
2026,20261388,Max Kanter,13,Stage 13,0,0,2,0,0,0,0,4,6
2026,20261388,Max Kanter,14,Stage 14,0,0,2,0,14,0,0,0,16
2026,20261388,Max Kanter,15,Stage 15,0,0,4,0,14,0,0,0,18
2026,20261388,Max Kanter,16,Stage 16,0,0,4,0,0,0,0,0,4
2026,20261388,Max Kanter,17,Stage 17,0,0,4,0,0,0,0,0,4
2026,20261388,Max Kanter,18,Stage 18,0,0,4,0,0,0,0,0,4
2026,20261388,Max Kanter,19,Stage 19,0,0,4,0,0,0,0,0,4
2026,20261388,Max Kanter,20,Stage 20,0,0,4,0,0,0,0,0,4
2026,20261388,Max Kanter,21,Stage 21,140,0,4,0,0,0,0,0,144
2026,20261388,Max Kanter,22,Final Classifications,0,0,60,0,0,0,0,0,60
2026,20261153,Sepp Kuss,1,Stage 1,0,0,0,0,0,0,0,50,50
2026,20261153,Sepp Kuss,2,Stage 2,0,0,0,0,0,0,0,8,8
2026,20261153,Sepp Kuss,3,Stage 3,0,0,0,0,0,0,0,8,8
2026,20261153,Sepp Kuss,4,Stage 4,0,0,0,0,0,0,0,0,0
2026,20261153,Sepp Kuss,5,Stage 5,0,0,0,0,0,0,0,0,0
2026,20261153,Sepp Kuss,6,Stage 6,60,0,0,0,0,0,0,8,68
2026,20261153,Sepp Kuss,7,Stage 7,0,0,0,0,0,0,0,4,4
2026,20261153,Sepp Kuss,8,Stage 8,0,0,0,0,0,0,0,4,4
2026,20261153,Sepp Kuss,9,Stage 9,0,1,0,0,0,0,0,6,7
2026,20261153,Sepp Kuss,10,Stage 10,0,0,0,0,0,0,0,6,6
2026,20261153,Sepp Kuss,11,Stage 11,0,0,0,0,0,0,0,6,6
2026,20261153,Sepp Kuss,12,Stage 12,0,0,0,0,0,0,0,6,6
2026,20261153,Sepp Kuss,13,Stage 13,0,0,0,0,0,0,0,4,4
2026,20261153,Sepp Kuss,14,Stage 14,16,2,0,0,0,0,0,6,24
2026,20261153,Sepp Kuss,15,Stage 15,0,4,0,0,0,0,0,0,4
2026,20261153,Sepp Kuss,16,Stage 16,0,4,0,0,0,0,0,0,4
2026,20261153,Sepp Kuss,17,Stage 17,0,4,0,0,0,0,0,0,4
2026,20261153,Sepp Kuss,18,Stage 18,0,5,0,0,0,0,0,2,7
2026,20261153,Sepp Kuss,19,Stage 19,140,6,0,0,2,17,0,0,165
2026,20261153,Sepp Kuss,20,Stage 20,160,8,0,4,0,63,20,0,255
2026,20261153,Sepp Kuss,21,Stage 21,0,8,0,4,0,0,0,0,12
2026,20261153,Sepp Kuss,22,Final Classifications,0,120,0,60,0,0,0,10,190
2026,20260626,Quinn Simmons,1,Stage 1,0,0,0,0,0,0,0,25,25
2026,20260626,Quinn Simmons,2,Stage 2,0,0,0,0,0,0,0,0,0
2026,20260626,Quinn Simmons,3,Stage 3,0,0,0,0,0,0,0,2,2
2026,20260626,Quinn Simmons,4,Stage 4,180,0,4,0,10,0,0,18,212
2026,20260626,Quinn Simmons,5,Stage 5,0,0,0,0,0,0,0,10,10
2026,20260626,Quinn Simmons,6,Stage 6,0,0,0,0,5,0,0,8,13
2026,20260626,Quinn Simmons,7,Stage 7,0,0,0,0,0,0,0,8,8
2026,20260626,Quinn Simmons,8,Stage 8,0,0,0,0,0,0,0,8,8
2026,20260626,Quinn Simmons,9,Stage 9,0,0,0,0,0,0,20,8,28
2026,20260626,Quinn Simmons,10,Stage 10,0,0,0,0,0,0,0,8,8
2026,20260626,Quinn Simmons,11,Stage 11,0,0,0,0,3,0,0,8,11
2026,20260626,Quinn Simmons,12,Stage 12,0,0,0,0,1,0,0,8,9
2026,20260626,Quinn Simmons,13,Stage 13,0,0,0,0,0,0,0,8,8
2026,20260626,Quinn Simmons,14,Stage 14,0,0,0,0,6,0,0,8,14
2026,20260626,Quinn Simmons,15,Stage 15,60,0,0,0,6,15,20,8,109
2026,20260626,Quinn Simmons,16,Stage 16,0,0,0,0,0,0,0,0,0
2026,20260626,Quinn Simmons,17,Stage 17,0,0,0,0,5,0,20,8,33
2026,20260626,Quinn Simmons,18,Stage 18,0,0,0,0,0,0,0,8,8
2026,20260626,Quinn Simmons,19,Stage 19,20,0,0,0,8,4,0,8,40
2026,20260626,Quinn Simmons,20,Stage 20,8,3,0,0,0,0,0,8,19
2026,20260626,Quinn Simmons,21,Stage 21,0,3,0,0,0,0,0,10,13
2026,20260626,Quinn Simmons,22,Final Classifications,0,70,0,0,0,0,0,50,120
2026,20261063,Mauro Schmid,1,Stage 1,0,0,0,0,0,0,0,0,0
2026,20261063,Mauro Schmid,2,Stage 2,0,0,0,0,0,0,0,0,0
2026,20261063,Mauro Schmid,3,Stage 3,0,0,0,0,2,0,20,0,22
2026,20261063,Mauro Schmid,4,Stage 4,0,0,0,0,0,0,0,0,0
2026,20261063,Mauro Schmid,5,Stage 5,0,0,0,0,0,0,0,0,0
2026,20261063,Mauro Schmid,6,Stage 6,0,0,0,0,0,0,0,0,0
2026,20261063,Mauro Schmid,7,Stage 7,0,0,0,0,0,0,0,0,0
2026,20261063,Mauro Schmid,8,Stage 8,0,0,0,0,0,0,0,0,0
2026,20261063,Mauro Schmid,9,Stage 9,0,0,0,0,0,0,0,0,0
2026,20261063,Mauro Schmid,10,Stage 10,0,0,0,0,0,0,0,0,0
2026,20261063,Mauro Schmid,11,Stage 11,0,0,0,0,0,0,0,0,0
2026,20261063,Mauro Schmid,12,Stage 12,0,0,0,0,0,0,0,0,0
2026,20261063,Mauro Schmid,13,Stage 13,220,0,0,0,0,10,0,0,230
2026,20261063,Mauro Schmid,14,Stage 14,0,0,0,0,0,0,0,0,0
2026,20261063,Mauro Schmid,15,Stage 15,0,0,0,0,0,0,20,0,20
2026,20261063,Mauro Schmid,16,Stage 16,0,0,0,0,0,0,0,0,0
2026,20261063,Mauro Schmid,17,Stage 17,180,0,0,0,0,0,0,0,180
2026,20261063,Mauro Schmid,18,Stage 18,180,0,0,0,16,14,20,0,230
2026,20261063,Mauro Schmid,19,Stage 19,0,0,0,0,0,0,0,0,0
2026,20261063,Mauro Schmid,20,Stage 20,0,0,0,0,0,0,0,0,0
2026,20261063,Mauro Schmid,21,Stage 21,0,0,0,0,0,0,0,0,0
2026,20261063,Mauro Schmid,22,Final Classifications,0,0,0,0,0,0,0,0,0
2026,20261197,Jordan Jegat,1,Stage 1,0,0,0,0,0,0,0,0,0
2026,20261197,Jordan Jegat,2,Stage 2,0,0,0,0,0,0,0,0,0
2026,20261197,Jordan Jegat,3,Stage 3,30,4,0,0,0,0,0,0,34
2026,20261197,Jordan Jegat,4,Stage 4,0,0,0,0,0,0,0,0,0
2026,20261197,Jordan Jegat,5,Stage 5,0,0,0,0,0,0,0,0,0
2026,20261197,Jordan Jegat,6,Stage 6,40,2,0,0,0,0,0,0,42
2026,20261197,Jordan Jegat,7,Stage 7,0,3,0,0,0,0,0,0,3
2026,20261197,Jordan Jegat,8,Stage 8,0,3,0,0,0,0,0,0,3
2026,20261197,Jordan Jegat,9,Stage 9,70,4,0,0,0,0,0,0,74
2026,20261197,Jordan Jegat,10,Stage 10,0,2,0,0,0,0,0,0,2
2026,20261197,Jordan Jegat,11,Stage 11,0,2,0,0,0,0,0,0,2
2026,20261197,Jordan Jegat,12,Stage 12,0,2,0,0,0,0,0,0,2
2026,20261197,Jordan Jegat,13,Stage 13,95,10,0,0,0,0,0,0,105
2026,20261197,Jordan Jegat,14,Stage 14,8,9,0,0,0,0,0,0,17
2026,20261197,Jordan Jegat,15,Stage 15,30,11,0,0,0,0,0,0,41
2026,20261197,Jordan Jegat,16,Stage 16,0,12,0,0,0,0,0,0,12
2026,20261197,Jordan Jegat,17,Stage 17,30,12,0,0,0,0,0,0,42
2026,20261197,Jordan Jegat,18,Stage 18,50,12,0,0,0,0,0,0,62
2026,20261197,Jordan Jegat,19,Stage 19,0,11,0,0,0,0,0,0,11
2026,20261197,Jordan Jegat,20,Stage 20,4,11,0,0,0,0,0,0,15
2026,20261197,Jordan Jegat,21,Stage 21,0,11,0,0,0,0,0,0,11
2026,20261197,Jordan Jegat,22,Final Classifications,0,160,0,0,0,0,0,0,160
2026,20260028,Mathieu Van Der Poel,1,Stage 1,0,0,0,0,0,0,0,10,10
2026,20260028,Mathieu Van Der Poel,2,Stage 2,0,6,0,0,0,0,0,0,6
2026,20260028,Mathieu Van Der Poel,3,Stage 3,0,0,0,0,0,0,0,0,0
2026,20260028,Mathieu Van Der Poel,4,Stage 4,0,0,0,0,0,0,0,0,0
2026,20260028,Mathieu Van Der Poel,5,Stage 5,0,0,0,0,0,0,0,0,0
2026,20260028,Mathieu Van Der Poel,6,Stage 6,0,0,0,0,0,0,0,0,0
2026,20260028,Mathieu Van Der Poel,7,Stage 7,0,0,0,0,0,0,0,0,0
2026,20260028,Mathieu Van Der Poel,8,Stage 8,20,0,0,0,0,0,0,0,20
2026,20260028,Mathieu Van Der Poel,9,Stage 9,220,0,0,0,10,0,20,0,250
2026,20260028,Mathieu Van Der Poel,10,Stage 10,0,0,0,0,8,0,0,0,8
2026,20260028,Mathieu Van Der Poel,11,Stage 11,0,0,0,0,0,0,0,2,2
2026,20260028,Mathieu Van Der Poel,12,Stage 12,30,0,0,0,0,0,0,2,32
2026,20260028,Mathieu Van Der Poel,13,Stage 13,0,0,0,0,0,0,0,0,0
2026,20260028,Mathieu Van Der Poel,14,Stage 14,0,0,0,0,0,0,0,0,0
2026,20260028,Mathieu Van Der Poel,15,Stage 15,0,0,0,0,0,0,0,0,0
2026,20260028,Mathieu Van Der Poel,16,Stage 16,0,0,0,0,0,0,0,0,0
2026,20260028,Mathieu Van Der Poel,17,Stage 17,50,0,0,0,0,0,20,8,78
2026,20260028,Mathieu Van Der Poel,18,Stage 18,0,0,0,0,0,0,0,0,0
2026,20260028,Mathieu Van Der Poel,19,Stage 19,0,0,0,0,0,0,0,0,0
2026,20260028,Mathieu Van Der Poel,20,Stage 20,0,0,0,0,0,0,0,0,0
2026,20260028,Mathieu Van Der Poel,21,Stage 21,220,0,0,0,0,0,0,4,224
2026,20260028,Mathieu Van Der Poel,22,Final Classifications,0,0,0,0,0,0,0,0,0
2026,20261268,Adam Yates,1,Stage 1,0,0,0,0,0,0,0,30,30
2026,20261268,Adam Yates,2,Stage 2,12,0,0,0,0,0,0,24,36
2026,20261268,Adam Yates,3,Stage 3,0,0,0,0,0,0,0,24,24
2026,20261268,Adam Yates,4,Stage 4,0,0,0,0,0,0,0,0,0
2026,20261268,Adam Yates,5,Stage 5,0,0,0,0,0,0,0,0,0
2026,20261268,Adam Yates,6,Stage 6,16,0,0,0,0,0,0,22,38
2026,20261268,Adam Yates,7,Stage 7,0,0,0,0,0,0,0,12,12
2026,20261268,Adam Yates,8,Stage 8,0,0,0,0,0,0,0,12,12
2026,20261268,Adam Yates,9,Stage 9,0,0,0,0,0,0,0,14,14
2026,20261268,Adam Yates,10,Stage 10,16,1,0,0,0,0,0,20,37
2026,20261268,Adam Yates,11,Stage 11,0,1,0,0,0,0,0,12,13
2026,20261268,Adam Yates,12,Stage 12,0,1,0,0,0,0,0,12,13
2026,20261268,Adam Yates,13,Stage 13,0,1,0,0,0,0,0,12,13
2026,20261268,Adam Yates,14,Stage 14,20,3,0,0,0,0,0,24,47
2026,20261268,Adam Yates,15,Stage 15,70,7,0,0,0,4,20,20,121
2026,20261268,Adam Yates,16,Stage 16,0,7,0,0,0,0,0,0,7
2026,20261268,Adam Yates,17,Stage 17,0,6,0,0,0,0,0,14,20
2026,20261268,Adam Yates,18,Stage 18,0,2,0,0,0,0,0,14,16
2026,20261268,Adam Yates,19,Stage 19,0,3,0,0,0,0,0,22,25
2026,20261268,Adam Yates,20,Stage 20,0,0,0,0,0,0,0,14,14
2026,20261268,Adam Yates,21,Stage 21,0,0,0,0,0,0,0,14,14
2026,20261268,Adam Yates,22,Final Classifications,0,50,0,0,0,0,0,40,90
2026,20260674,Huub Artz,1,Stage 1,0,0,0,0,0,0,0,0,0
2026,20260674,Huub Artz,2,Stage 2,0,0,0,0,0,0,0,0,0
2026,20260674,Huub Artz,3,Stage 3,0,0,0,0,0,0,0,0,0
2026,20260674,Huub Artz,4,Stage 4,0,0,0,0,0,0,0,0,0
2026,20260674,Huub Artz,5,Stage 5,140,0,0,0,0,0,0,0,140
2026,20260674,Huub Artz,6,Stage 6,0,0,0,0,0,0,0,0,0
2026,20260674,Huub Artz,7,Stage 7,95,0,0,0,0,0,0,0,95
2026,20260674,Huub Artz,8,Stage 8,0,0,0,0,0,0,0,0,0
2026,20260674,Huub Artz,9,Stage 9,0,0,0,0,0,0,0,0,0
2026,20260674,Huub Artz,10,Stage 10,0,0,0,0,0,0,0,0,0
2026,20260674,Huub Artz,11,Stage 11,120,0,0,0,0,0,0,0,120
2026,20260674,Huub Artz,12,Stage 12,60,0,0,0,0,0,0,0,60
2026,20260674,Huub Artz,13,Stage 13,0,0,0,0,0,0,0,0,0
2026,20260674,Huub Artz,14,Stage 14,0,0,0,0,0,0,0,0,0
2026,20260674,Huub Artz,15,Stage 15,0,0,0,0,0,0,0,0,0
2026,20260674,Huub Artz,16,Stage 16,20,0,0,0,0,0,0,0,20
2026,20260674,Huub Artz,17,Stage 17,95,0,0,0,0,0,0,0,95
2026,20260674,Huub Artz,18,Stage 18,0,0,0,0,0,0,0,0,0
2026,20260674,Huub Artz,19,Stage 19,0,0,0,0,0,0,0,0,0
2026,20260674,Huub Artz,20,Stage 20,0,0,0,0,0,0,0,0,0
2026,20260674,Huub Artz,21,Stage 21,25,0,0,0,0,0,0,0,25
2026,20260674,Huub Artz,22,Final Classifications,0,0,0,0,0,0,0,0,0
2026,20261341,Søren Wærenskjold,1,Stage 1,0,0,0,0,0,0,0,0,0
2026,20261341,Søren Wærenskjold,2,Stage 2,0,0,0,0,2,0,0,0,2
2026,20261341,Søren Wærenskjold,3,Stage 3,0,0,0,0,0,0,0,0,0
2026,20261341,Søren Wærenskjold,4,Stage 4,0,0,0,0,0,0,0,8,8
2026,20261341,Søren Wærenskjold,5,Stage 5,60,0,0,0,0,0,0,8,68
2026,20261341,Søren Wærenskjold,6,Stage 6,0,0,0,0,0,0,0,0,0
2026,20261341,Søren Wærenskjold,7,Stage 7,180,0,0,0,0,0,0,0,180
2026,20261341,Søren Wærenskjold,8,Stage 8,50,0,0,0,0,0,0,0,50
2026,20261341,Søren Wærenskjold,9,Stage 9,0,0,0,0,0,0,0,4,4
2026,20261341,Søren Wærenskjold,10,Stage 10,0,0,0,0,0,0,0,0,0
2026,20261341,Søren Wærenskjold,11,Stage 11,220,0,0,0,0,0,0,0,220
2026,20261341,Søren Wærenskjold,12,Stage 12,0,0,0,0,0,0,0,0,0
2026,20261341,Søren Wærenskjold,13,Stage 13,0,0,0,0,0,0,0,0,0
2026,20261341,Søren Wærenskjold,14,Stage 14,0,0,0,0,0,0,0,0,0
2026,20261341,Søren Wærenskjold,15,Stage 15,0,0,1,0,0,0,0,0,1
2026,20261341,Søren Wærenskjold,16,Stage 16,0,0,0,0,0,0,0,0,0
2026,20261341,Søren Wærenskjold,17,Stage 17,0,0,0,0,0,0,0,0,0
2026,20261341,Søren Wærenskjold,18,Stage 18,0,0,0,0,0,0,0,0,0
2026,20261341,Søren Wærenskjold,19,Stage 19,0,0,0,0,0,0,0,0,0
2026,20261341,Søren Wærenskjold,20,Stage 20,0,0,0,0,0,0,0,0,0
2026,20261341,Søren Wærenskjold,21,Stage 21,0,0,0,0,0,0,0,0,0
2026,20261341,Søren Wærenskjold,22,Final Classifications,0,0,20,0,0,0,0,0,20
2026,20261158,Davide Piganzoli,1,Stage 1,0,0,0,0,0,0,0,50,50
2026,20261158,Davide Piganzoli,2,Stage 2,0,4,0,0,0,0,0,8,12
2026,20261158,Davide Piganzoli,3,Stage 3,4,6,0,0,0,0,0,8,18
2026,20261158,Davide Piganzoli,4,Stage 4,0,2,0,0,0,0,0,0,2
2026,20261158,Davide Piganzoli,5,Stage 5,0,3,0,0,0,0,0,0,3
2026,20261158,Davide Piganzoli,6,Stage 6,0,4,0,0,0,0,0,8,12
2026,20261158,Davide Piganzoli,7,Stage 7,0,5,0,0,0,0,0,4,9
2026,20261158,Davide Piganzoli,8,Stage 8,0,5,0,0,0,0,0,4,9
2026,20261158,Davide Piganzoli,9,Stage 9,0,6,0,0,0,0,0,6,12
2026,20261158,Davide Piganzoli,10,Stage 10,40,8,0,0,0,0,0,6,54
2026,20261158,Davide Piganzoli,11,Stage 11,0,8,0,0,0,0,0,6,14
2026,20261158,Davide Piganzoli,12,Stage 12,0,8,0,0,0,0,0,6,14
2026,20261158,Davide Piganzoli,13,Stage 13,0,7,0,0,0,0,0,4,11
2026,20261158,Davide Piganzoli,14,Stage 14,4,5,0,0,0,0,0,6,15
2026,20261158,Davide Piganzoli,15,Stage 15,12,6,0,0,0,0,0,0,18
2026,20261158,Davide Piganzoli,16,Stage 16,0,8,0,0,0,0,0,0,8
2026,20261158,Davide Piganzoli,17,Stage 17,0,8,0,0,0,0,0,0,8
2026,20261158,Davide Piganzoli,18,Stage 18,0,8,0,0,0,0,0,2,10
2026,20261158,Davide Piganzoli,19,Stage 19,8,7,0,0,0,0,0,0,15
2026,20261158,Davide Piganzoli,20,Stage 20,25,7,0,0,8,34,20,2,96
2026,20261158,Davide Piganzoli,21,Stage 21,0,7,0,0,0,0,0,0,7
2026,20261158,Davide Piganzoli,22,Final Classifications,0,110,0,0,0,0,0,10,120
2026,20260299,Milan Fretin,1,Stage 1,0,0,0,0,0,0,0,0,0
2026,20260299,Milan Fretin,2,Stage 2,0,0,0,0,0,0,0,0,0
2026,20260299,Milan Fretin,3,Stage 3,0,0,0,0,0,0,0,0,0
2026,20260299,Milan Fretin,4,Stage 4,0,0,0,0,0,0,0,0,0
2026,20260299,Milan Fretin,5,Stage 5,80,0,0,0,0,0,0,0,80
2026,20260299,Milan Fretin,6,Stage 6,0,0,0,0,0,0,0,0,0
2026,20260299,Milan Fretin,7,Stage 7,35,0,0,0,0,0,0,0,35
2026,20260299,Milan Fretin,8,Stage 8,60,0,0,0,0,0,0,0,60
2026,20260299,Milan Fretin,9,Stage 9,0,0,0,0,0,0,0,0,0
2026,20260299,Milan Fretin,10,Stage 10,0,0,0,0,0,0,0,0,0
2026,20260299,Milan Fretin,11,Stage 11,140,0,0,0,0,0,0,0,140
2026,20260299,Milan Fretin,12,Stage 12,120,0,0,0,0,0,0,0,120
2026,20260299,Milan Fretin,13,Stage 13,0,0,0,0,0,0,0,0,0
2026,20260299,Milan Fretin,14,Stage 14,0,0,0,0,0,0,0,0,0
2026,20260299,Milan Fretin,15,Stage 15,0,0,0,0,0,0,0,0,0
2026,20260299,Milan Fretin,16,Stage 16,0,0,0,0,0,0,0,0,0
2026,20260299,Milan Fretin,17,Stage 17,0,0,0,0,0,0,0,0,0
2026,20260299,Milan Fretin,18,Stage 18,0,0,0,0,0,0,0,0,0
2026,20260299,Milan Fretin,19,Stage 19,0,0,0,0,0,0,0,0,0
2026,20260299,Milan Fretin,20,Stage 20,0,0,0,0,0,0,0,0,0
2026,20260299,Milan Fretin,21,Stage 21,70,0,0,0,0,0,0,0,70
2026,20260299,Milan Fretin,22,Final Classifications,0,0,0,0,0,0,0,0,0
2026,20261227,Rick Pluimers,1,Stage 1,0,0,0,0,0,0,0,0,0
2026,20261227,Rick Pluimers,2,Stage 2,0,0,0,0,0,0,0,0,0
2026,20261227,Rick Pluimers,3,Stage 3,0,0,0,0,0,0,0,0,0
2026,20261227,Rick Pluimers,4,Stage 4,0,0,0,0,0,0,0,0,0
2026,20261227,Rick Pluimers,5,Stage 5,30,0,0,0,0,0,0,0,30
2026,20261227,Rick Pluimers,6,Stage 6,0,0,0,0,0,0,0,0,0
2026,20261227,Rick Pluimers,7,Stage 7,12,0,0,0,0,0,0,0,12
2026,20261227,Rick Pluimers,8,Stage 8,110,0,0,0,0,0,0,0,110
2026,20261227,Rick Pluimers,9,Stage 9,0,0,0,0,0,0,0,0,0
2026,20261227,Rick Pluimers,10,Stage 10,0,0,0,0,0,0,0,0,0
2026,20261227,Rick Pluimers,11,Stage 11,40,0,0,0,0,0,0,0,40
2026,20261227,Rick Pluimers,12,Stage 12,50,0,0,0,0,0,0,0,50
2026,20261227,Rick Pluimers,13,Stage 13,0,0,0,0,0,0,0,0,0
2026,20261227,Rick Pluimers,14,Stage 14,0,0,0,0,0,0,0,0,0
2026,20261227,Rick Pluimers,15,Stage 15,0,0,0,0,0,0,0,0,0
2026,20261227,Rick Pluimers,16,Stage 16,0,0,0,0,0,0,0,0,0
2026,20261227,Rick Pluimers,17,Stage 17,120,0,0,0,0,0,20,0,140
2026,20261227,Rick Pluimers,18,Stage 18,0,0,0,0,0,0,0,0,0
2026,20261227,Rick Pluimers,19,Stage 19,0,0,0,0,0,0,0,0,0
2026,20261227,Rick Pluimers,20,Stage 20,0,0,0,0,0,0,0,0,0
2026,20261227,Rick Pluimers,21,Stage 21,95,0,0,0,0,0,0,0,95
2026,20261227,Rick Pluimers,22,Final Classifications,0,0,0,0,0,0,0,0,0
2026,20260552,Clément Russo,1,Stage 1,0,0,0,0,0,0,0,5,5
2026,20260552,Clément Russo,2,Stage 2,0,0,0,0,0,0,0,0,0
2026,20260552,Clément Russo,3,Stage 3,0,0,0,0,0,0,0,0,0
2026,20260552,Clément Russo,4,Stage 4,0,0,0,0,0,0,0,0,0
2026,20260552,Clément Russo,5,Stage 5,35,0,0,0,0,0,0,0,35
2026,20260552,Clément Russo,6,Stage 6,0,0,0,0,0,0,0,0,0
2026,20260552,Clément Russo,7,Stage 7,20,0,0,0,0,0,0,0,20
2026,20260552,Clément Russo,8,Stage 8,80,0,0,0,0,0,0,0,80
2026,20260552,Clément Russo,9,Stage 9,0,0,0,0,0,0,0,0,0
2026,20260552,Clément Russo,10,Stage 10,0,0,0,0,0,0,0,0,0
2026,20260552,Clément Russo,11,Stage 11,80,0,0,0,0,0,0,0,80
2026,20260552,Clément Russo,12,Stage 12,80,0,0,0,0,0,0,0,80
2026,20260552,Clément Russo,13,Stage 13,0,0,0,0,0,0,0,0,0
2026,20260552,Clément Russo,14,Stage 14,0,0,0,0,0,0,0,0,0
2026,20260552,Clément Russo,15,Stage 15,0,0,0,0,0,0,0,0,0
2026,20260552,Clément Russo,16,Stage 16,0,0,0,0,0,0,0,0,0
2026,20260552,Clément Russo,17,Stage 17,110,0,0,0,0,0,0,0,110
2026,20260552,Clément Russo,18,Stage 18,0,0,0,0,0,0,0,0,0
2026,20260552,Clément Russo,19,Stage 19,0,0,0,0,0,0,0,0,0
2026,20260552,Clément Russo,20,Stage 20,0,0,0,0,0,0,0,0,0
2026,20260552,Clément Russo,21,Stage 21,60,0,0,0,0,0,0,0,60
2026,20260552,Clément Russo,22,Final Classifications,0,0,0,0,0,0,0,0,0
2026,20260944,Valentin Paret-Peintre,1,Stage 1,0,0,0,0,0,0,0,0,0
2026,20260944,Valentin Paret-Peintre,2,Stage 2,0,0,0,0,0,0,0,0,0
2026,20260944,Valentin Paret-Peintre,3,Stage 3,0,0,0,0,0,0,0,0,0
2026,20260944,Valentin Paret-Peintre,4,Stage 4,0,0,0,0,0,0,0,0,0
2026,20260944,Valentin Paret-Peintre,5,Stage 5,0,0,0,0,0,0,0,2,2
2026,20260944,Valentin Paret-Peintre,6,Stage 6,0,0,0,1,0,10,0,0,11
2026,20260944,Valentin Paret-Peintre,7,Stage 7,0,0,0,1,0,0,0,8,9
2026,20260944,Valentin Paret-Peintre,8,Stage 8,0,0,0,1,0,0,0,8,9
2026,20260944,Valentin Paret-Peintre,9,Stage 9,0,0,0,2,0,0,0,0,2
2026,20260944,Valentin Paret-Peintre,10,Stage 10,0,0,0,4,0,0,0,0,4
2026,20260944,Valentin Paret-Peintre,11,Stage 11,0,0,0,4,0,0,0,0,4
2026,20260944,Valentin Paret-Peintre,12,Stage 12,0,0,0,4,0,0,0,8,12
2026,20260944,Valentin Paret-Peintre,13,Stage 13,0,0,0,2,0,0,0,0,2
2026,20260944,Valentin Paret-Peintre,14,Stage 14,0,0,0,8,0,30,20,0,58
2026,20260944,Valentin Paret-Peintre,15,Stage 15,0,0,0,8,0,0,0,0,8
2026,20260944,Valentin Paret-Peintre,16,Stage 16,0,0,0,8,0,0,0,0,8
2026,20260944,Valentin Paret-Peintre,17,Stage 17,0,0,0,8,0,0,0,0,8
2026,20260944,Valentin Paret-Peintre,18,Stage 18,140,0,0,8,5,19,20,0,192
2026,20260944,Valentin Paret-Peintre,19,Stage 19,0,0,0,6,0,15,0,0,21
2026,20260944,Valentin Paret-Peintre,20,Stage 20,0,0,0,6,1,25,0,0,32
2026,20260944,Valentin Paret-Peintre,21,Stage 21,0,0,0,6,0,0,0,0,6
2026,20260944,Valentin Paret-Peintre,22,Final Classifications,0,0,0,80,0,0,0,0,80
2026,20261234,Yannis Voisard,1,Stage 1,0,0,0,0,0,0,0,0,0
2026,20261234,Yannis Voisard,2,Stage 2,0,0,0,0,0,0,0,0,0
2026,20261234,Yannis Voisard,3,Stage 3,0,1,0,0,0,0,0,0,1
2026,20261234,Yannis Voisard,4,Stage 4,0,0,0,0,0,0,0,0,0
2026,20261234,Yannis Voisard,5,Stage 5,0,0,0,0,0,0,0,0,0
2026,20261234,Yannis Voisard,6,Stage 6,20,0,0,0,0,0,0,0,20
2026,20261234,Yannis Voisard,7,Stage 7,0,1,0,0,0,0,0,0,1
2026,20261234,Yannis Voisard,8,Stage 8,0,2,0,0,0,0,0,0,2
2026,20261234,Yannis Voisard,9,Stage 9,12,3,0,0,0,0,0,0,15
2026,20261234,Yannis Voisard,10,Stage 10,20,5,0,0,0,0,0,0,25
2026,20261234,Yannis Voisard,11,Stage 11,0,5,0,0,0,0,0,0,5
2026,20261234,Yannis Voisard,12,Stage 12,0,5,0,0,0,0,0,0,5
2026,20261234,Yannis Voisard,13,Stage 13,0,4,0,0,0,0,0,0,4
2026,20261234,Yannis Voisard,14,Stage 14,35,4,0,0,0,0,0,0,39
2026,20261234,Yannis Voisard,15,Stage 15,50,10,0,0,0,6,20,0,86
2026,20261234,Yannis Voisard,16,Stage 16,0,11,0,0,0,0,0,0,11
2026,20261234,Yannis Voisard,17,Stage 17,0,11,0,0,0,0,0,0,11
2026,20261234,Yannis Voisard,18,Stage 18,8,10,0,0,0,0,0,0,18
2026,20261234,Yannis Voisard,19,Stage 19,35,10,0,0,0,0,0,0,45
2026,20261234,Yannis Voisard,20,Stage 20,12,10,0,0,0,0,0,0,22
2026,20261234,Yannis Voisard,21,Stage 21,0,10,0,0,0,0,0,0,10
2026,20261234,Yannis Voisard,22,Final Classifications,0,140,0,0,0,0,0,0,140
2026,20260862,Jai Hindley,1,Stage 1,0,0,0,0,0,0,0,20,20
2026,20260862,Jai Hindley,2,Stage 2,0,0,0,0,0,0,0,6,6
2026,20260862,Jai Hindley,3,Stage 3,0,0,0,0,0,0,0,6,6
2026,20260862,Jai Hindley,4,Stage 4,0,0,0,0,0,0,0,4,4
2026,20260862,Jai Hindley,5,Stage 5,0,0,0,0,0,0,0,4,4
2026,20260862,Jai Hindley,6,Stage 6,0,0,0,0,0,0,0,4,4
2026,20260862,Jai Hindley,7,Stage 7,0,0,0,0,0,0,0,4,4
2026,20260862,Jai Hindley,8,Stage 8,0,0,0,0,0,0,0,4,4
2026,20260862,Jai Hindley,9,Stage 9,0,0,0,0,0,0,0,0,0
2026,20260862,Jai Hindley,10,Stage 10,0,0,0,0,0,0,0,6,6
2026,20260862,Jai Hindley,11,Stage 11,0,0,0,0,0,0,0,2,2
2026,20260862,Jai Hindley,12,Stage 12,0,0,0,0,0,0,0,2,2
2026,20260862,Jai Hindley,13,Stage 13,0,0,0,0,0,0,0,4,4
2026,20260862,Jai Hindley,14,Stage 14,0,0,0,0,0,0,0,2,2
2026,20260862,Jai Hindley,15,Stage 15,0,0,0,0,0,0,0,14,14
2026,20260862,Jai Hindley,16,Stage 16,0,0,0,0,0,0,0,0,0
2026,20260862,Jai Hindley,17,Stage 17,0,0,0,0,0,0,20,6,26
2026,20260862,Jai Hindley,18,Stage 18,4,3,0,0,0,0,0,6,13
2026,20260862,Jai Hindley,19,Stage 19,0,2,0,0,0,0,0,6,8
2026,20260862,Jai Hindley,20,Stage 20,95,6,0,0,6,44,20,10,181
2026,20260862,Jai Hindley,21,Stage 21,0,6,0,0,0,0,0,6,12
2026,20260862,Jai Hindley,22,Final Classifications,0,100,0,5,0,0,0,30,135
2026,20261207,Anthony Turgis,1,Stage 1,0,0,0,0,0,0,0,0,0
2026,20261207,Anthony Turgis,2,Stage 2,0,0,0,0,6,0,0,0,6
2026,20261207,Anthony Turgis,3,Stage 3,0,0,0,0,0,0,0,0,0
2026,20261207,Anthony Turgis,4,Stage 4,0,0,0,0,0,0,0,0,0
2026,20261207,Anthony Turgis,5,Stage 5,70,0,0,0,8,0,0,0,78
2026,20261207,Anthony Turgis,6,Stage 6,0,0,0,0,6,0,0,0,6
2026,20261207,Anthony Turgis,7,Stage 7,25,0,0,0,5,0,0,0,30
2026,20261207,Anthony Turgis,8,Stage 8,25,0,0,0,4,0,0,0,29
2026,20261207,Anthony Turgis,9,Stage 9,0,0,0,0,0,0,0,0,0
2026,20261207,Anthony Turgis,10,Stage 10,0,0,0,0,0,0,0,0,0
2026,20261207,Anthony Turgis,11,Stage 11,95,0,0,0,0,0,0,0,95
2026,20261207,Anthony Turgis,12,Stage 12,110,0,0,0,0,0,0,0,110
2026,20261207,Anthony Turgis,13,Stage 13,0,0,0,0,0,0,0,0,0
2026,20261207,Anthony Turgis,14,Stage 14,0,0,0,0,0,0,0,0,0
2026,20261207,Anthony Turgis,15,Stage 15,0,0,0,0,0,0,0,0,0
2026,20261207,Anthony Turgis,16,Stage 16,0,0,0,0,0,0,0,0,0
2026,20261207,Anthony Turgis,17,Stage 17,0,0,0,0,0,0,0,0,0
2026,20261207,Anthony Turgis,18,Stage 18,0,0,0,0,0,0,0,0,0
2026,20261207,Anthony Turgis,19,Stage 19,0,0,0,0,0,0,0,0,0
2026,20261207,Anthony Turgis,20,Stage 20,0,0,0,0,0,0,0,0,0
2026,20261207,Anthony Turgis,21,Stage 21,80,0,0,0,0,0,0,0,80
2026,20261207,Anthony Turgis,22,Final Classifications,0,0,5,0,0,0,0,0,5
2026,20261267,Tim Wellens,1,Stage 1,0,0,0,0,0,0,0,30,30
2026,20261267,Tim Wellens,2,Stage 2,0,0,0,0,0,0,0,24,24
2026,20261267,Tim Wellens,3,Stage 3,0,0,0,0,0,0,0,24,24
2026,20261267,Tim Wellens,4,Stage 4,0,0,0,0,0,0,0,0,0
2026,20261267,Tim Wellens,5,Stage 5,0,0,0,0,0,0,0,0,0
2026,20261267,Tim Wellens,6,Stage 6,0,0,0,0,0,6,0,22,28
2026,20261267,Tim Wellens,7,Stage 7,0,0,0,0,0,0,0,12,12
2026,20261267,Tim Wellens,8,Stage 8,0,0,0,0,0,0,0,12,12
2026,20261267,Tim Wellens,9,Stage 9,0,0,0,0,2,0,0,14,16
2026,20261267,Tim Wellens,10,Stage 10,0,0,0,0,1,0,0,20,21
2026,20261267,Tim Wellens,11,Stage 11,0,0,0,0,0,0,0,12,12
2026,20261267,Tim Wellens,12,Stage 12,0,0,0,0,0,0,0,12,12
2026,20261267,Tim Wellens,13,Stage 13,70,0,0,0,0,0,0,12,82
2026,20261267,Tim Wellens,14,Stage 14,0,0,0,0,0,0,0,24,24
2026,20261267,Tim Wellens,15,Stage 15,0,0,0,0,0,0,0,20,20
2026,20261267,Tim Wellens,16,Stage 16,0,0,0,0,0,0,0,0,0
2026,20261267,Tim Wellens,17,Stage 17,0,0,0,0,0,0,0,14,14
2026,20261267,Tim Wellens,18,Stage 18,0,0,0,0,0,0,0,14,14
2026,20261267,Tim Wellens,19,Stage 19,0,0,0,0,0,0,0,22,22
2026,20261267,Tim Wellens,20,Stage 20,0,0,0,0,0,0,0,14,14
2026,20261267,Tim Wellens,21,Stage 21,0,0,0,0,0,0,0,14,14
2026,20261267,Tim Wellens,22,Final Classifications,0,0,0,0,0,0,0,40,40
2026,20260754,Raúl García Pierna,1,Stage 1,0,0,0,0,0,0,0,0,0
2026,20260754,Raúl García Pierna,2,Stage 2,0,0,0,0,0,0,0,0,0
2026,20260754,Raúl García Pierna,3,Stage 3,0,0,0,6,0,6,20,0,32
2026,20260754,Raúl García Pierna,4,Stage 4,160,0,0,4,0,0,0,0,164
2026,20260754,Raúl García Pierna,5,Stage 5,0,0,0,4,0,0,0,0,4
2026,20260754,Raúl García Pierna,6,Stage 6,0,0,0,0,0,0,0,0,0
2026,20260754,Raúl García Pierna,7,Stage 7,0,0,0,0,0,0,0,0,0
2026,20260754,Raúl García Pierna,8,Stage 8,0,0,0,0,0,0,0,0,0
2026,20260754,Raúl García Pierna,9,Stage 9,0,0,0,0,0,0,0,0,0
2026,20260754,Raúl García Pierna,10,Stage 10,0,0,0,0,0,0,0,0,0
2026,20260754,Raúl García Pierna,11,Stage 11,0,0,0,0,0,0,0,0,0
2026,20260754,Raúl García Pierna,12,Stage 12,0,0,0,0,0,0,0,0,0
2026,20260754,Raúl García Pierna,13,Stage 13,50,0,0,0,0,0,0,0,50
2026,20260754,Raúl García Pierna,14,Stage 14,0,0,0,0,0,0,0,0,0
2026,20260754,Raúl García Pierna,15,Stage 15,0,0,0,0,0,0,20,0,20
2026,20260754,Raúl García Pierna,16,Stage 16,0,0,0,0,0,0,0,0,0
2026,20260754,Raúl García Pierna,17,Stage 17,16,0,0,0,0,0,0,0,16
2026,20260754,Raúl García Pierna,18,Stage 18,110,0,0,0,4,0,20,0,134
2026,20260754,Raúl García Pierna,19,Stage 19,0,0,0,0,5,0,0,0,5
2026,20260754,Raúl García Pierna,20,Stage 20,0,0,0,0,0,0,0,0,0
2026,20260754,Raúl García Pierna,21,Stage 21,0,0,0,0,0,0,0,0,0
2026,20260754,Raúl García Pierna,22,Final Classifications,0,0,0,0,0,0,0,0,0
2026,20260633,Mathias Vacek,1,Stage 1,0,0,0,0,0,0,0,25,25
2026,20260633,Mathias Vacek,2,Stage 2,0,0,0,0,0,0,0,0,0
2026,20260633,Mathias Vacek,3,Stage 3,0,0,0,0,0,0,0,2,2
2026,20260633,Mathias Vacek,4,Stage 4,60,22,0,0,6,0,0,20,108
2026,20260633,Mathias Vacek,5,Stage 5,0,22,0,0,0,0,0,8,30
2026,20260633,Mathias Vacek,6,Stage 6,0,11,0,0,0,0,0,8,19
2026,20260633,Mathias Vacek,7,Stage 7,0,11,0,0,0,0,0,8,19
2026,20260633,Mathias Vacek,8,Stage 8,0,11,0,0,0,0,0,8,19
2026,20260633,Mathias Vacek,9,Stage 9,0,0,0,0,6,0,0,8,14
2026,20260633,Mathias Vacek,10,Stage 10,0,0,0,0,0,0,0,8,8
2026,20260633,Mathias Vacek,11,Stage 11,0,0,0,0,2,0,0,8,10
2026,20260633,Mathias Vacek,12,Stage 12,0,0,0,0,0,0,0,8,8
2026,20260633,Mathias Vacek,13,Stage 13,0,0,0,0,0,0,0,8,8
2026,20260633,Mathias Vacek,14,Stage 14,0,0,0,0,3,0,0,8,11
2026,20260633,Mathias Vacek,15,Stage 15,0,0,0,0,0,0,0,8,8
2026,20260633,Mathias Vacek,16,Stage 16,0,0,0,0,0,0,0,0,0
2026,20260633,Mathias Vacek,17,Stage 17,0,0,0,0,0,0,0,8,8
2026,20260633,Mathias Vacek,18,Stage 18,0,0,0,0,8,0,20,8,36
2026,20260633,Mathias Vacek,19,Stage 19,0,0,0,0,12,0,0,8,20
2026,20260633,Mathias Vacek,20,Stage 20,0,0,0,0,0,0,0,8,8
2026,20260633,Mathias Vacek,21,Stage 21,0,0,0,0,0,0,0,10,10
2026,20260633,Mathias Vacek,22,Final Classifications,0,0,0,0,0,0,0,50,50
2026,20261251,Brandon McNulty,1,Stage 1,0,0,0,0,0,0,0,30,30
2026,20261251,Brandon McNulty,2,Stage 2,0,0,0,8,0,0,0,24,32
2026,20261251,Brandon McNulty,3,Stage 3,0,0,0,2,0,0,0,24,26
2026,20261251,Brandon McNulty,4,Stage 4,0,0,0,0,0,0,0,0,0
2026,20261251,Brandon McNulty,5,Stage 5,0,0,0,0,0,0,0,0,0
2026,20261251,Brandon McNulty,6,Stage 6,4,0,0,0,0,2,0,22,28
2026,20261251,Brandon McNulty,7,Stage 7,0,0,0,0,0,0,0,12,12
2026,20261251,Brandon McNulty,8,Stage 8,0,0,0,0,0,0,0,12,12
2026,20261251,Brandon McNulty,9,Stage 9,0,0,0,0,1,0,0,14,15
2026,20261251,Brandon McNulty,10,Stage 10,0,0,0,0,0,0,0,20,20
2026,20261251,Brandon McNulty,11,Stage 11,0,0,0,0,0,0,0,12,12
2026,20261251,Brandon McNulty,12,Stage 12,0,0,0,0,0,0,0,12,12
2026,20261251,Brandon McNulty,13,Stage 13,120,0,0,0,0,0,0,12,132
2026,20261251,Brandon McNulty,14,Stage 14,0,1,0,0,0,0,0,24,25
2026,20261251,Brandon McNulty,15,Stage 15,0,2,0,0,0,0,0,20,22
2026,20261251,Brandon McNulty,16,Stage 16,0,3,0,0,0,0,0,0,3
2026,20261251,Brandon McNulty,17,Stage 17,0,3,0,0,0,0,0,14,17
2026,20261251,Brandon McNulty,18,Stage 18,0,0,0,0,0,0,0,14,14
2026,20261251,Brandon McNulty,19,Stage 19,0,0,0,0,0,0,0,0,0
2026,20261251,Brandon McNulty,20,Stage 20,0,0,0,0,0,0,0,0,0
2026,20261251,Brandon McNulty,21,Stage 21,0,0,0,0,0,0,0,0,0
2026,20261251,Brandon McNulty,22,Final Classifications,0,0,0,0,0,0,0,0,0
2026,20260569,Egan Bernal,1,Stage 1,0,0,0,0,0,0,0,40,40
2026,20260569,Egan Bernal,2,Stage 2,0,0,0,0,0,0,0,4,4
2026,20260569,Egan Bernal,3,Stage 3,16,0,0,0,0,0,0,0,16
2026,20260569,Egan Bernal,4,Stage 4,0,0,0,0,0,0,0,0,0
2026,20260569,Egan Bernal,5,Stage 5,0,0,0,0,0,0,0,0,0
2026,20260569,Egan Bernal,6,Stage 6,50,10,0,0,0,0,0,0,60
2026,20260569,Egan Bernal,7,Stage 7,0,10,0,0,0,0,0,0,10
2026,20260569,Egan Bernal,8,Stage 8,0,10,0,0,0,0,0,0,10
2026,20260569,Egan Bernal,9,Stage 9,0,11,0,0,0,0,0,0,11
2026,20260569,Egan Bernal,10,Stage 10,25,10,0,0,0,0,0,0,35
2026,20260569,Egan Bernal,11,Stage 11,0,10,0,0,0,0,0,0,10
2026,20260569,Egan Bernal,12,Stage 12,0,10,0,0,0,0,0,0,10
2026,20260569,Egan Bernal,13,Stage 13,0,9,0,0,0,0,0,0,9
2026,20260569,Egan Bernal,14,Stage 14,30,10,0,0,0,0,0,0,40
2026,20260569,Egan Bernal,15,Stage 15,0,5,0,0,0,0,20,0,25
2026,20260569,Egan Bernal,16,Stage 16,0,6,0,0,0,0,0,0,6
2026,20260569,Egan Bernal,17,Stage 17,0,7,0,0,0,0,20,0,27
2026,20260569,Egan Bernal,18,Stage 18,0,6,0,0,0,0,20,0,26
2026,20260569,Egan Bernal,19,Stage 19,0,5,0,0,0,0,0,0,5
2026,20260569,Egan Bernal,20,Stage 20,0,1,0,0,0,0,0,0,1
2026,20260569,Egan Bernal,21,Stage 21,0,1,0,0,0,0,0,0,1
2026,20260569,Egan Bernal,22,Final Classifications,0,55,0,0,0,0,0,0,55
2026,20261247,Felix Großschartner,1,Stage 1,0,0,0,0,0,0,0,30,30
2026,20261247,Felix Großschartner,2,Stage 2,0,0,0,0,0,0,0,24,24
2026,20261247,Felix Großschartner,3,Stage 3,0,0,0,0,0,0,0,24,24
2026,20261247,Felix Großschartner,4,Stage 4,0,0,0,0,0,0,0,0,0
2026,20261247,Felix Großschartner,5,Stage 5,0,0,0,0,0,0,0,0,0
2026,20261247,Felix Großschartner,6,Stage 6,0,0,0,0,0,4,0,22,26
2026,20261247,Felix Großschartner,7,Stage 7,0,0,0,0,0,0,0,12,12
2026,20261247,Felix Großschartner,8,Stage 8,0,0,0,0,0,0,0,12,12
2026,20261247,Felix Großschartner,9,Stage 9,0,0,0,0,0,0,0,14,14
2026,20261247,Felix Großschartner,10,Stage 10,0,0,0,0,0,0,0,20,20
2026,20261247,Felix Großschartner,11,Stage 11,0,0,0,0,0,0,0,12,12
2026,20261247,Felix Großschartner,12,Stage 12,0,0,0,0,0,0,0,12,12
2026,20261247,Felix Großschartner,13,Stage 13,0,0,0,0,0,0,0,12,12
2026,20261247,Felix Großschartner,14,Stage 14,0,0,0,0,0,0,0,24,24
2026,20261247,Felix Großschartner,15,Stage 15,0,0,0,0,0,0,0,20,20
2026,20261247,Felix Großschartner,16,Stage 16,35,0,0,0,0,0,0,0,35
2026,20261247,Felix Großschartner,17,Stage 17,0,0,0,0,0,0,0,14,14
2026,20261247,Felix Großschartner,18,Stage 18,0,0,0,0,0,0,0,14,14
2026,20261247,Felix Großschartner,19,Stage 19,0,0,0,0,0,0,0,22,22
2026,20261247,Felix Großschartner,20,Stage 20,0,0,0,0,0,0,0,14,14
2026,20261247,Felix Großschartner,21,Stage 21,0,0,0,0,0,0,0,14,14
2026,20261247,Felix Großschartner,22,Final Classifications,0,0,0,0,0,0,0,40,40
2026,20260956,Ilan Van Wilder,1,Stage 1,0,0,0,0,0,0,0,0,0
2026,20260956,Ilan Van Wilder,2,Stage 2,35,10,0,0,0,0,0,0,45
2026,20260956,Ilan Van Wilder,3,Stage 3,40,11,0,0,0,0,0,0,51
2026,20260956,Ilan Van Wilder,4,Stage 4,0,7,0,0,0,0,0,0,7
2026,20260956,Ilan Van Wilder,5,Stage 5,0,7,0,0,0,0,0,2,9
2026,20260956,Ilan Van Wilder,6,Stage 6,30,7,0,0,0,0,0,0,37
2026,20260956,Ilan Van Wilder,7,Stage 7,0,7,0,0,0,0,0,8,15
2026,20260956,Ilan Van Wilder,8,Stage 8,0,7,0,0,0,0,0,8,15
2026,20260956,Ilan Van Wilder,9,Stage 9,0,7,0,0,0,0,0,0,7
2026,20260956,Ilan Van Wilder,10,Stage 10,35,9,0,0,0,0,0,0,44
2026,20260956,Ilan Van Wilder,11,Stage 11,0,9,0,0,0,0,0,0,9
2026,20260956,Ilan Van Wilder,12,Stage 12,0,9,0,0,0,0,0,8,17
2026,20260956,Ilan Van Wilder,13,Stage 13,0,8,0,0,0,0,0,0,8
2026,20260956,Ilan Van Wilder,14,Stage 14,40,8,0,0,0,0,0,0,48
2026,20260956,Ilan Van Wilder,15,Stage 15,8,8,0,0,0,0,20,0,36
2026,20260956,Ilan Van Wilder,16,Stage 16,0,10,0,0,0,0,0,0,10
2026,20260956,Ilan Van Wilder,17,Stage 17,0,10,0,0,0,0,0,0,10
2026,20260956,Ilan Van Wilder,18,Stage 18,0,9,0,0,0,0,0,0,9
2026,20260956,Ilan Van Wilder,19,Stage 19,0,9,0,0,0,0,0,0,9
2026,20260956,Ilan Van Wilder,20,Stage 20,0,0,0,0,0,0,0,0,0
2026,20260956,Ilan Van Wilder,21,Stage 21,0,0,0,0,0,0,0,0,0
2026,20260956,Ilan Van Wilder,22,Final Classifications,0,0,0,0,0,0,0,0,0
2026,20261149,Matteo Jorgenson,1,Stage 1,0,0,0,0,0,0,0,50,50
2026,20261149,Matteo Jorgenson,2,Stage 2,0,0,0,0,0,0,0,8,8
2026,20261149,Matteo Jorgenson,3,Stage 3,0,0,0,0,0,0,0,8,8
2026,20261149,Matteo Jorgenson,4,Stage 4,0,0,0,0,0,0,0,0,0
2026,20261149,Matteo Jorgenson,5,Stage 5,0,0,0,0,0,0,0,0,0
2026,20261149,Matteo Jorgenson,6,Stage 6,0,0,0,0,0,0,0,8,8
2026,20261149,Matteo Jorgenson,7,Stage 7,0,0,0,0,0,0,0,4,4
2026,20261149,Matteo Jorgenson,8,Stage 8,0,0,0,0,0,0,0,4,4
2026,20261149,Matteo Jorgenson,9,Stage 9,0,0,0,0,0,0,0,6,6
2026,20261149,Matteo Jorgenson,10,Stage 10,0,0,0,0,0,0,0,6,6
2026,20261149,Matteo Jorgenson,11,Stage 11,0,0,0,0,0,0,0,6,6
2026,20261149,Matteo Jorgenson,12,Stage 12,0,0,0,0,0,0,0,6,6
2026,20261149,Matteo Jorgenson,13,Stage 13,0,0,0,0,0,0,0,4,4
2026,20261149,Matteo Jorgenson,14,Stage 14,0,0,0,0,0,0,0,6,6
2026,20261149,Matteo Jorgenson,15,Stage 15,0,0,0,0,0,0,0,0,0
2026,20261149,Matteo Jorgenson,16,Stage 16,30,0,0,0,0,0,0,0,30
2026,20261149,Matteo Jorgenson,17,Stage 17,0,0,0,0,0,0,0,0,0
2026,20261149,Matteo Jorgenson,18,Stage 18,160,0,0,0,10,6,20,0,196
2026,20261149,Matteo Jorgenson,19,Stage 19,0,0,0,0,0,0,0,0,0
2026,20261149,Matteo Jorgenson,20,Stage 20,0,0,0,0,14,0,0,2,16
2026,20261149,Matteo Jorgenson,21,Stage 21,0,0,0,0,0,0,0,0,0
2026,20261149,Matteo Jorgenson,22,Final Classifications,0,5,0,0,0,0,0,10,15
2026,20260390,Alex Baudin,1,Stage 1,0,0,0,0,0,0,0,0,0
2026,20260390,Alex Baudin,2,Stage 2,25,8,0,0,0,0,0,0,33
2026,20260390,Alex Baudin,3,Stage 3,0,0,0,12,14,15,20,2,63
2026,20260390,Alex Baudin,4,Stage 4,0,0,0,12,0,0,0,6,18
2026,20260390,Alex Baudin,5,Stage 5,0,0,0,12,0,0,0,6,18
2026,20260390,Alex Baudin,6,Stage 6,0,0,0,4,0,0,0,0,4
2026,20260390,Alex Baudin,7,Stage 7,0,0,0,4,0,0,0,0,4
2026,20260390,Alex Baudin,8,Stage 8,0,0,0,4,0,0,0,0,4
2026,20260390,Alex Baudin,9,Stage 9,140,0,0,4,0,0,20,0,164
2026,20260390,Alex Baudin,10,Stage 10,0,0,0,0,0,0,0,0,0
2026,20260390,Alex Baudin,11,Stage 11,0,0,0,0,0,0,0,0,0
2026,20260390,Alex Baudin,12,Stage 12,0,0,0,0,0,0,0,0,0
2026,20260390,Alex Baudin,13,Stage 13,0,0,0,0,0,0,0,0,0
2026,20260390,Alex Baudin,14,Stage 14,0,0,0,0,0,0,0,0,0
2026,20260390,Alex Baudin,15,Stage 15,0,0,0,0,0,0,20,0,20
2026,20260390,Alex Baudin,16,Stage 16,0,0,0,0,0,0,0,0,0
2026,20260390,Alex Baudin,17,Stage 17,0,0,0,0,0,0,20,0,20
2026,20260390,Alex Baudin,18,Stage 18,0,0,0,0,0,0,0,8,8
2026,20260390,Alex Baudin,19,Stage 19,0,0,0,0,6,0,0,2,8
2026,20260390,Alex Baudin,20,Stage 20,0,0,0,0,0,0,0,8,8
2026,20260390,Alex Baudin,21,Stage 21,0,0,0,0,0,0,0,0,0
2026,20260390,Alex Baudin,22,Final Classifications,0,0,0,0,0,0,0,0,0
2026,20261265,Florian Vermeersch,1,Stage 1,0,0,0,0,0,0,0,30,30
2026,20261265,Florian Vermeersch,2,Stage 2,0,0,0,0,0,0,0,24,24
2026,20261265,Florian Vermeersch,3,Stage 3,0,0,0,0,0,0,0,24,24
2026,20261265,Florian Vermeersch,4,Stage 4,0,0,0,0,0,0,0,0,0
2026,20261265,Florian Vermeersch,5,Stage 5,0,0,0,0,0,0,0,0,0
2026,20261265,Florian Vermeersch,6,Stage 6,0,0,0,0,0,0,0,22,22
2026,20261265,Florian Vermeersch,7,Stage 7,0,0,0,0,0,0,0,12,12
2026,20261265,Florian Vermeersch,8,Stage 8,0,0,0,0,0,0,0,12,12
2026,20261265,Florian Vermeersch,9,Stage 9,0,0,0,0,0,0,0,14,14
2026,20261265,Florian Vermeersch,10,Stage 10,0,0,0,0,0,0,0,20,20
2026,20261265,Florian Vermeersch,11,Stage 11,0,0,0,0,0,0,0,12,12
2026,20261265,Florian Vermeersch,12,Stage 12,16,0,0,0,0,0,0,12,28
2026,20261265,Florian Vermeersch,13,Stage 13,0,0,0,0,0,0,0,12,12
2026,20261265,Florian Vermeersch,14,Stage 14,0,0,0,0,0,0,0,24,24
2026,20261265,Florian Vermeersch,15,Stage 15,0,0,0,0,0,0,0,20,20
2026,20261265,Florian Vermeersch,16,Stage 16,0,0,0,0,0,0,0,0,0
2026,20261265,Florian Vermeersch,17,Stage 17,0,0,0,0,0,0,0,14,14
2026,20261265,Florian Vermeersch,18,Stage 18,0,0,0,0,0,0,0,14,14
2026,20261265,Florian Vermeersch,19,Stage 19,0,0,0,0,0,0,0,22,22
2026,20261265,Florian Vermeersch,20,Stage 20,0,0,0,0,0,0,0,14,14
2026,20261265,Florian Vermeersch,21,Stage 21,0,0,0,0,0,0,0,14,14
2026,20261265,Florian Vermeersch,22,Final Classifications,0,0,0,0,0,0,0,40,40
2026,20260403,Sean Quinn,1,Stage 1,0,0,0,0,0,0,0,0,0
2026,20260403,Sean Quinn,2,Stage 2,0,0,0,0,0,0,0,0,0
2026,20260403,Sean Quinn,3,Stage 3,0,0,0,0,0,0,0,2,2
2026,20260403,Sean Quinn,4,Stage 4,95,26,0,0,0,0,0,2,123
2026,20260403,Sean Quinn,5,Stage 5,0,26,0,0,0,0,0,2,28
2026,20260403,Sean Quinn,6,Stage 6,0,9,0,0,0,0,0,0,9
2026,20260403,Sean Quinn,7,Stage 7,0,9,0,0,0,0,0,0,9
2026,20260403,Sean Quinn,8,Stage 8,0,9,0,0,0,0,0,0,9
2026,20260403,Sean Quinn,9,Stage 9,60,9,0,0,0,0,0,0,69
2026,20260403,Sean Quinn,10,Stage 10,8,6,0,0,0,0,0,0,14
2026,20260403,Sean Quinn,11,Stage 11,0,6,0,0,0,0,0,0,6
2026,20260403,Sean Quinn,12,Stage 12,0,6,0,0,0,0,0,0,6
2026,20260403,Sean Quinn,13,Stage 13,0,5,0,0,0,0,0,0,5
2026,20260403,Sean Quinn,14,Stage 14,0,0,0,0,0,0,0,0,0
2026,20260403,Sean Quinn,15,Stage 15,0,1,0,0,0,0,0,0,1
2026,20260403,Sean Quinn,16,Stage 16,0,2,0,0,0,0,0,0,2
2026,20260403,Sean Quinn,17,Stage 17,0,2,0,0,0,0,0,0,2
2026,20260403,Sean Quinn,18,Stage 18,0,0,0,0,0,0,0,8,8
2026,20260403,Sean Quinn,19,Stage 19,0,0,0,0,0,0,0,2,2
2026,20260403,Sean Quinn,20,Stage 20,0,2,0,0,0,0,0,8,10
2026,20260403,Sean Quinn,21,Stage 21,0,2,0,0,0,0,0,0,2
2026,20260403,Sean Quinn,22,Final Classifications,0,60,0,0,0,0,0,0,60
2026,20261401,Harold Tejada,1,Stage 1,0,0,0,0,0,0,0,0,0
2026,20261401,Harold Tejada,2,Stage 2,0,0,0,0,0,0,0,0,0
2026,20261401,Harold Tejada,3,Stage 3,0,0,0,0,8,0,20,0,28
2026,20261401,Harold Tejada,4,Stage 4,0,0,0,0,0,0,0,0,0
2026,20261401,Harold Tejada,5,Stage 5,0,0,0,0,0,0,0,4,4
2026,20261401,Harold Tejada,6,Stage 6,35,0,0,0,0,0,0,0,35
2026,20261401,Harold Tejada,7,Stage 7,0,0,0,0,0,0,0,0,0
2026,20261401,Harold Tejada,8,Stage 8,0,1,0,0,0,0,0,0,1
2026,20261401,Harold Tejada,9,Stage 9,0,0,0,0,0,0,0,0,0
2026,20261401,Harold Tejada,10,Stage 10,0,0,0,0,6,0,20,0,26
2026,20261401,Harold Tejada,11,Stage 11,0,0,0,0,0,0,0,0,0
2026,20261401,Harold Tejada,12,Stage 12,0,0,0,0,0,0,0,0,0
2026,20261401,Harold Tejada,13,Stage 13,180,0,0,0,0,0,0,0,180
2026,20261401,Harold Tejada,14,Stage 14,0,0,0,0,0,0,0,0,0
2026,20261401,Harold Tejada,15,Stage 15,0,0,0,0,0,0,0,0,0
2026,20261401,Harold Tejada,16,Stage 16,0,0,0,0,0,0,0,0,0
2026,20261401,Harold Tejada,17,Stage 17,0,0,0,0,2,0,0,0,2
2026,20261401,Harold Tejada,18,Stage 18,0,0,0,0,0,0,0,0,0
2026,20261401,Harold Tejada,19,Stage 19,60,0,0,0,0,0,0,0,60
2026,20261401,Harold Tejada,20,Stage 20,0,0,0,0,0,0,0,0,0
2026,20261401,Harold Tejada,21,Stage 21,0,0,0,0,0,0,0,0,0
2026,20261401,Harold Tejada,22,Final Classifications,0,25,0,0,0,0,0,0,25
2026,20261260,Nils Politt,1,Stage 1,0,0,0,0,0,0,0,30,30
2026,20261260,Nils Politt,2,Stage 2,0,0,0,0,0,0,0,24,24
2026,20261260,Nils Politt,3,Stage 3,0,0,0,0,0,0,0,24,24
2026,20261260,Nils Politt,4,Stage 4,0,0,0,0,0,0,0,0,0
2026,20261260,Nils Politt,5,Stage 5,0,0,0,0,0,0,0,0,0
2026,20261260,Nils Politt,6,Stage 6,0,0,0,0,0,0,0,22,22
2026,20261260,Nils Politt,7,Stage 7,0,0,0,0,0,0,0,12,12
2026,20261260,Nils Politt,8,Stage 8,0,0,0,0,0,0,0,12,12
2026,20261260,Nils Politt,9,Stage 9,0,0,0,0,0,0,0,14,14
2026,20261260,Nils Politt,10,Stage 10,0,0,0,0,0,0,0,20,20
2026,20261260,Nils Politt,11,Stage 11,0,0,0,0,0,0,0,12,12
2026,20261260,Nils Politt,12,Stage 12,0,0,0,0,0,0,0,12,12
2026,20261260,Nils Politt,13,Stage 13,0,0,0,0,0,0,0,12,12
2026,20261260,Nils Politt,14,Stage 14,0,0,0,0,0,0,0,24,24
2026,20261260,Nils Politt,15,Stage 15,0,0,0,0,0,0,0,20,20
2026,20261260,Nils Politt,16,Stage 16,0,0,0,0,0,0,0,0,0
2026,20261260,Nils Politt,17,Stage 17,0,0,0,0,0,0,0,14,14
2026,20261260,Nils Politt,18,Stage 18,0,0,0,0,0,0,0,14,14
2026,20261260,Nils Politt,19,Stage 19,0,0,0,0,0,0,0,22,22
2026,20261260,Nils Politt,20,Stage 20,0,0,0,0,0,0,0,14,14
2026,20261260,Nils Politt,21,Stage 21,0,0,0,0,0,0,0,14,14
2026,20261260,Nils Politt,22,Final Classifications,0,0,0,0,0,0,0,40,40
2026,20261055,Michael Matthews,1,Stage 1,0,0,0,0,0,0,0,0,0
2026,20261055,Michael Matthews,2,Stage 2,0,0,0,0,3,0,0,0,3
2026,20261055,Michael Matthews,3,Stage 3,0,0,0,0,0,0,0,0,0
2026,20261055,Michael Matthews,4,Stage 4,50,0,0,0,5,0,0,0,55
2026,20261055,Michael Matthews,5,Stage 5,0,0,0,0,0,0,0,0,0
2026,20261055,Michael Matthews,6,Stage 6,0,0,0,0,1,0,0,0,1
2026,20261055,Michael Matthews,7,Stage 7,0,0,0,0,3,0,0,0,3
2026,20261055,Michael Matthews,8,Stage 8,0,0,0,0,0,0,0,0,0
2026,20261055,Michael Matthews,9,Stage 9,95,0,0,0,0,0,0,0,95
2026,20261055,Michael Matthews,10,Stage 10,0,0,0,0,10,0,0,0,10
2026,20261055,Michael Matthews,11,Stage 11,0,0,0,0,0,0,0,0,0
2026,20261055,Michael Matthews,12,Stage 12,0,0,0,0,0,0,0,0,0
2026,20261055,Michael Matthews,13,Stage 13,35,0,0,0,0,0,0,8,43
2026,20261055,Michael Matthews,14,Stage 14,0,0,0,0,0,0,0,0,0
2026,20261055,Michael Matthews,15,Stage 15,0,0,0,0,0,0,0,0,0
2026,20261055,Michael Matthews,16,Stage 16,0,0,0,0,0,0,0,0,0
2026,20261055,Michael Matthews,17,Stage 17,70,0,0,0,0,0,0,4,74
2026,20261055,Michael Matthews,18,Stage 18,0,0,0,0,0,0,0,4,4
2026,20261055,Michael Matthews,19,Stage 19,0,0,0,0,16,0,0,0,16
2026,20261055,Michael Matthews,20,Stage 20,0,0,0,0,0,0,0,0,0
2026,20261055,Michael Matthews,21,Stage 21,35,0,0,0,0,0,0,0,35
2026,20261055,Michael Matthews,22,Final Classifications,0,0,0,0,0,0,0,0,0
2026,20260750,Pablo Castrillo,1,Stage 1,0,0,0,0,0,0,0,0,0
2026,20260750,Pablo Castrillo,2,Stage 2,0,0,0,0,0,0,0,0,0
2026,20260750,Pablo Castrillo,3,Stage 3,0,0,0,0,0,0,0,0,0
2026,20260750,Pablo Castrillo,4,Stage 4,70,0,0,0,8,0,0,2,80
2026,20260750,Pablo Castrillo,5,Stage 5,0,0,0,0,0,0,0,0,0
2026,20260750,Pablo Castrillo,6,Stage 6,0,0,0,0,0,0,0,0,0
2026,20260750,Pablo Castrillo,7,Stage 7,0,0,0,0,0,0,0,0,0
2026,20260750,Pablo Castrillo,8,Stage 8,0,0,0,0,0,0,0,0,0
2026,20260750,Pablo Castrillo,9,Stage 9,0,0,0,0,0,0,20,0,20
2026,20260750,Pablo Castrillo,10,Stage 10,4,0,0,0,0,0,0,0,4
2026,20260750,Pablo Castrillo,11,Stage 11,0,0,0,0,0,0,0,0,0
2026,20260750,Pablo Castrillo,12,Stage 12,0,0,0,0,0,0,0,0,0
2026,20260750,Pablo Castrillo,13,Stage 13,0,0,0,0,0,0,0,0,0
2026,20260750,Pablo Castrillo,14,Stage 14,0,0,0,0,0,0,0,0,0
2026,20260750,Pablo Castrillo,15,Stage 15,0,0,0,0,0,0,0,0,0
2026,20260750,Pablo Castrillo,16,Stage 16,70,0,0,0,0,0,0,0,70
2026,20260750,Pablo Castrillo,17,Stage 17,0,0,0,0,0,0,20,0,20
2026,20260750,Pablo Castrillo,18,Stage 18,95,0,0,0,3,0,20,0,118
2026,20260750,Pablo Castrillo,19,Stage 19,0,0,0,0,4,0,0,0,4
2026,20260750,Pablo Castrillo,20,Stage 20,0,0,0,0,0,0,0,0,0
2026,20260750,Pablo Castrillo,21,Stage 21,0,0,0,0,0,0,0,0,0
2026,20260750,Pablo Castrillo,22,Final Classifications,0,10,0,0,0,0,0,0,10
2026,20260876,Maxim Van Gils,1,Stage 1,0,0,0,0,0,0,0,20,20
2026,20260876,Maxim Van Gils,2,Stage 2,0,0,0,0,0,0,0,6,6
2026,20260876,Maxim Van Gils,3,Stage 3,0,0,0,0,0,0,0,6,6
2026,20260876,Maxim Van Gils,4,Stage 4,0,0,0,0,0,0,0,4,4
2026,20260876,Maxim Van Gils,5,Stage 5,0,0,0,0,0,0,0,4,4
2026,20260876,Maxim Van Gils,6,Stage 6,0,0,0,0,0,0,0,4,4
2026,20260876,Maxim Van Gils,7,Stage 7,0,0,0,0,0,0,0,4,4
2026,20260876,Maxim Van Gils,8,Stage 8,0,0,0,0,0,0,0,4,4
2026,20260876,Maxim Van Gils,9,Stage 9,0,0,0,0,4,0,0,0,4
2026,20260876,Maxim Van Gils,10,Stage 10,0,0,0,0,0,0,0,6,6
2026,20260876,Maxim Van Gils,11,Stage 11,0,0,0,0,0,0,0,2,2
2026,20260876,Maxim Van Gils,12,Stage 12,0,0,0,0,0,0,0,2,2
2026,20260876,Maxim Van Gils,13,Stage 13,140,0,0,0,0,6,0,4,150
2026,20260876,Maxim Van Gils,14,Stage 14,0,0,0,0,0,0,0,2,2
2026,20260876,Maxim Van Gils,15,Stage 15,0,0,0,0,0,0,0,14,14
2026,20260876,Maxim Van Gils,16,Stage 16,0,0,0,0,0,0,0,0,0
2026,20260876,Maxim Van Gils,17,Stage 17,0,0,0,0,0,0,0,6,6
2026,20260876,Maxim Van Gils,18,Stage 18,0,0,0,0,0,0,0,6,6
2026,20260876,Maxim Van Gils,19,Stage 19,0,0,0,0,0,0,0,6,6
2026,20260876,Maxim Van Gils,20,Stage 20,0,0,0,0,0,0,0,10,10
2026,20260876,Maxim Van Gils,21,Stage 21,0,0,0,0,0,0,0,6,6
2026,20260876,Maxim Van Gils,22,Final Classifications,0,20,0,0,0,0,0,30,50
2026,20260613,Derek Gee-West,1,Stage 1,0,0,0,0,0,0,0,25,25
2026,20260613,Derek Gee-West,2,Stage 2,0,0,0,0,0,0,0,0,0
2026,20260613,Derek Gee-West,3,Stage 3,0,0,0,0,0,0,0,2,2
2026,20260613,Derek Gee-West,4,Stage 4,0,0,0,0,0,0,0,22,22
2026,20260613,Derek Gee-West,5,Stage 5,0,0,0,0,0,0,0,10,10
2026,20260613,Derek Gee-West,6,Stage 6,0,0,0,0,0,0,0,8,8
2026,20260613,Derek Gee-West,7,Stage 7,0,0,0,0,0,0,0,8,8
2026,20260613,Derek Gee-West,8,Stage 8,0,0,0,0,0,0,0,8,8
2026,20260613,Derek Gee-West,9,Stage 9,0,0,0,0,0,0,20,8,28
2026,20260613,Derek Gee-West,10,Stage 10,0,0,0,0,0,0,0,8,8
2026,20260613,Derek Gee-West,11,Stage 11,0,0,0,0,0,0,0,8,8
2026,20260613,Derek Gee-West,12,Stage 12,0,0,0,0,0,0,0,8,8
2026,20260613,Derek Gee-West,13,Stage 13,0,0,0,0,0,0,0,8,8
2026,20260613,Derek Gee-West,14,Stage 14,25,0,0,0,0,0,0,8,33
2026,20260613,Derek Gee-West,15,Stage 15,0,0,0,0,0,0,0,8,8
2026,20260613,Derek Gee-West,16,Stage 16,0,0,0,0,0,0,0,0,0
2026,20260613,Derek Gee-West,17,Stage 17,0,0,0,0,4,0,0,8,12
2026,20260613,Derek Gee-West,18,Stage 18,0,0,0,0,0,0,0,8,8
2026,20260613,Derek Gee-West,19,Stage 19,0,0,0,0,0,0,0,8,8
2026,20260613,Derek Gee-West,20,Stage 20,0,0,0,0,0,0,0,8,8
2026,20260613,Derek Gee-West,21,Stage 21,0,0,0,0,0,0,0,10,10
2026,20260613,Derek Gee-West,22,Final Classifications,0,30,0,0,0,0,0,50,80
2026,20260567,Thymen Arensman,1,Stage 1,0,0,0,0,0,0,0,40,40
2026,20260567,Thymen Arensman,2,Stage 2,0,1,0,0,0,0,0,4,5
2026,20260567,Thymen Arensman,3,Stage 3,8,5,0,0,0,0,0,0,13
2026,20260567,Thymen Arensman,4,Stage 4,0,1,0,0,0,0,0,0,1
2026,20260567,Thymen Arensman,5,Stage 5,0,2,0,0,0,0,0,0,2
2026,20260567,Thymen Arensman,6,Stage 6,0,0,0,0,0,0,0,0,0
2026,20260567,Thymen Arensman,7,Stage 7,0,0,0,0,0,0,0,0,0
2026,20260567,Thymen Arensman,8,Stage 8,0,0,0,0,0,0,0,0,0
2026,20260567,Thymen Arensman,9,Stage 9,0,0,0,0,0,0,0,0,0
2026,20260567,Thymen Arensman,10,Stage 10,0,0,0,0,0,0,0,0,0
2026,20260567,Thymen Arensman,11,Stage 11,0,0,0,0,0,0,0,0,0
2026,20260567,Thymen Arensman,12,Stage 12,0,0,0,0,0,0,0,0,0
2026,20260567,Thymen Arensman,13,Stage 13,0,0,0,0,0,0,0,0,0
2026,20260567,Thymen Arensman,14,Stage 14,0,0,0,0,0,0,0,0,0
2026,20260567,Thymen Arensman,15,Stage 15,0,0,0,0,0,0,0,0,0
2026,20260567,Thymen Arensman,16,Stage 16,95,0,0,0,0,0,0,0,95
2026,20260567,Thymen Arensman,17,Stage 17,0,0,0,0,0,0,0,0,0
2026,20260567,Thymen Arensman,18,Stage 18,0,0,0,0,0,0,20,0,20
2026,20260567,Thymen Arensman,19,Stage 19,40,0,0,0,3,6,0,0,49
2026,20260567,Thymen Arensman,20,Stage 20,0,0,0,0,0,10,20,0,30
2026,20260567,Thymen Arensman,21,Stage 21,0,0,0,0,0,0,0,0,0
2026,20260567,Thymen Arensman,22,Final Classifications,0,45,0,0,0,0,0,0,45
2026,20260365,Nicolas Prodhomme,1,Stage 1,0,0,0,0,0,0,0,15,15
2026,20260365,Nicolas Prodhomme,2,Stage 2,0,0,0,0,0,0,0,0,0
2026,20260365,Nicolas Prodhomme,3,Stage 3,0,0,0,8,0,10,20,0,38
2026,20260365,Nicolas Prodhomme,4,Stage 4,0,0,0,6,0,0,0,0,6
2026,20260365,Nicolas Prodhomme,5,Stage 5,0,0,0,6,0,0,0,8,14
2026,20260365,Nicolas Prodhomme,6,Stage 6,0,0,0,0,0,0,0,0,0
2026,20260365,Nicolas Prodhomme,7,Stage 7,0,0,0,0,0,0,0,0,0
2026,20260365,Nicolas Prodhomme,8,Stage 8,0,0,0,0,0,0,0,2,2
2026,20260365,Nicolas Prodhomme,9,Stage 9,0,0,0,0,0,0,0,0,0
2026,20260365,Nicolas Prodhomme,10,Stage 10,0,0,0,1,0,10,0,2,13
2026,20260365,Nicolas Prodhomme,11,Stage 11,0,0,0,1,0,0,0,4,5
2026,20260365,Nicolas Prodhomme,12,Stage 12,0,0,0,1,0,0,0,4,5
2026,20260365,Nicolas Prodhomme,13,Stage 13,0,0,0,0,0,0,0,0,0
2026,20260365,Nicolas Prodhomme,14,Stage 14,0,0,0,0,0,0,0,2,2
2026,20260365,Nicolas Prodhomme,15,Stage 15,0,0,0,0,0,0,0,0,0
2026,20260365,Nicolas Prodhomme,16,Stage 16,0,1,0,0,0,0,0,0,1
2026,20260365,Nicolas Prodhomme,17,Stage 17,0,0,0,0,0,0,0,2,2
2026,20260365,Nicolas Prodhomme,18,Stage 18,25,4,0,0,0,0,0,0,29
2026,20260365,Nicolas Prodhomme,19,Stage 19,0,4,0,0,0,0,0,0,4
2026,20260365,Nicolas Prodhomme,20,Stage 20,35,5,0,0,0,0,0,0,40
2026,20260365,Nicolas Prodhomme,21,Stage 21,0,5,0,0,0,0,0,0,5
2026,20260365,Nicolas Prodhomme,22,Final Classifications,0,90,0,0,0,0,0,20,110
2026,20260593,Kévin Vauquelin,1,Stage 1,0,0,0,0,0,0,0,40,40
2026,20260593,Kévin Vauquelin,2,Stage 2,0,0,0,0,0,0,0,4,4
2026,20260593,Kévin Vauquelin,3,Stage 3,0,0,0,0,0,0,0,0,0
2026,20260593,Kévin Vauquelin,4,Stage 4,110,0,0,0,0,0,0,0,110
2026,20260593,Kévin Vauquelin,5,Stage 5,0,0,0,0,0,0,0,0,0
2026,20260593,Kévin Vauquelin,6,Stage 6,0,0,0,0,0,0,0,0,0
2026,20260593,Kévin Vauquelin,7,Stage 7,0,0,0,0,0,0,0,0,0
2026,20260593,Kévin Vauquelin,8,Stage 8,0,0,0,0,0,0,0,0,0
2026,20260593,Kévin Vauquelin,9,Stage 9,0,0,0,0,0,0,0,0,0
2026,20260593,Kévin Vauquelin,10,Stage 10,0,0,0,0,0,0,0,0,0
2026,20260593,Kévin Vauquelin,11,Stage 11,0,0,0,0,0,0,0,0,0
2026,20260593,Kévin Vauquelin,12,Stage 12,0,0,0,0,0,0,0,0,0
2026,20260593,Kévin Vauquelin,13,Stage 13,110,0,0,0,0,2,0,0,112
2026,20260593,Kévin Vauquelin,14,Stage 14,0,0,0,0,0,0,0,0,0
2026,20260593,Kévin Vauquelin,15,Stage 15,0,0,0,0,0,0,20,0,20
2026,20260593,Kévin Vauquelin,16,Stage 16,0,0,0,0,0,0,0,0,0
2026,20260593,Kévin Vauquelin,17,Stage 17,0,0,0,0,0,0,0,0,0
2026,20260593,Kévin Vauquelin,18,Stage 18,0,0,0,0,0,0,0,0,0
2026,20260593,Kévin Vauquelin,19,Stage 19,0,0,0,0,0,0,0,0,0
2026,20260593,Kévin Vauquelin,20,Stage 20,0,0,0,0,0,0,0,0,0
2026,20260593,Kévin Vauquelin,21,Stage 21,0,0,0,0,0,0,0,0,0
2026,20260593,Kévin Vauquelin,22,Final Classifications,0,0,0,0,0,0,0,0,0
2026,20261037,Pascal Ackermann,1,Stage 1,0,0,0,0,0,0,0,0,0
2026,20261037,Pascal Ackermann,2,Stage 2,0,0,0,0,0,0,0,0,0
2026,20261037,Pascal Ackermann,3,Stage 3,0,0,0,0,0,0,0,0,0
2026,20261037,Pascal Ackermann,4,Stage 4,0,0,0,0,0,0,0,0,0
2026,20261037,Pascal Ackermann,5,Stage 5,40,0,0,0,0,0,0,0,40
2026,20261037,Pascal Ackermann,6,Stage 6,0,0,0,0,0,0,0,0,0
2026,20261037,Pascal Ackermann,7,Stage 7,40,0,0,0,0,0,0,0,40
2026,20261037,Pascal Ackermann,8,Stage 8,95,0,0,0,0,0,0,0,95
2026,20261037,Pascal Ackermann,9,Stage 9,0,0,0,0,0,0,0,0,0
2026,20261037,Pascal Ackermann,10,Stage 10,0,0,0,0,0,0,0,0,0
2026,20261037,Pascal Ackermann,11,Stage 11,60,0,0,0,0,0,0,0,60
2026,20261037,Pascal Ackermann,12,Stage 12,25,0,0,0,0,0,0,0,25
2026,20261037,Pascal Ackermann,13,Stage 13,0,0,0,0,0,0,0,8,8
2026,20261037,Pascal Ackermann,14,Stage 14,0,0,0,0,0,0,0,0,0
2026,20261037,Pascal Ackermann,15,Stage 15,0,0,0,0,0,0,0,0,0
2026,20261037,Pascal Ackermann,16,Stage 16,0,0,0,0,0,0,0,0,0
2026,20261037,Pascal Ackermann,17,Stage 17,0,0,0,0,0,0,0,4,4
2026,20261037,Pascal Ackermann,18,Stage 18,0,0,0,0,0,0,0,4,4
2026,20261037,Pascal Ackermann,19,Stage 19,0,0,0,0,0,0,0,0,0
2026,20261037,Pascal Ackermann,20,Stage 20,0,0,0,0,0,0,0,0,0
2026,20261037,Pascal Ackermann,21,Stage 21,0,0,0,0,0,0,0,0,0
2026,20261037,Pascal Ackermann,22,Final Classifications,0,0,0,0,0,0,0,0,0
2026,20260635,Carlos Verona,1,Stage 1,0,0,0,0,0,0,0,25,25
2026,20260635,Carlos Verona,2,Stage 2,0,0,0,0,0,0,0,0,0
2026,20260635,Carlos Verona,3,Stage 3,0,0,0,0,0,0,0,2,2
2026,20260635,Carlos Verona,4,Stage 4,0,0,0,0,0,0,0,22,22
2026,20260635,Carlos Verona,5,Stage 5,0,0,0,0,0,0,0,10,10
2026,20260635,Carlos Verona,6,Stage 6,0,0,0,0,0,0,0,8,8
2026,20260635,Carlos Verona,7,Stage 7,0,0,0,0,0,0,0,8,8
2026,20260635,Carlos Verona,8,Stage 8,0,0,0,0,0,0,0,8,8
2026,20260635,Carlos Verona,9,Stage 9,0,0,0,0,0,0,0,8,8
2026,20260635,Carlos Verona,10,Stage 10,0,0,0,0,0,0,0,8,8
2026,20260635,Carlos Verona,11,Stage 11,0,0,0,0,0,0,0,8,8
2026,20260635,Carlos Verona,12,Stage 12,0,0,0,0,0,0,0,8,8
2026,20260635,Carlos Verona,13,Stage 13,0,0,0,0,0,0,0,8,8
2026,20260635,Carlos Verona,14,Stage 14,0,0,0,0,0,0,0,8,8
2026,20260635,Carlos Verona,15,Stage 15,0,0,0,0,0,0,0,8,8
2026,20260635,Carlos Verona,16,Stage 16,0,0,0,0,0,0,0,0,0
2026,20260635,Carlos Verona,17,Stage 17,0,0,0,0,0,0,0,8,8
2026,20260635,Carlos Verona,18,Stage 18,0,0,0,0,0,0,0,8,8
2026,20260635,Carlos Verona,19,Stage 19,0,0,0,0,0,0,0,8,8
2026,20260635,Carlos Verona,20,Stage 20,0,0,0,0,0,0,0,8,8
2026,20260635,Carlos Verona,21,Stage 21,0,0,0,0,0,0,0,10,10
2026,20260635,Carlos Verona,22,Final Classifications,0,40,0,0,0,0,0,50,90
2026,20260854,Mattia Cattaneo,1,Stage 1,0,0,0,0,0,0,0,20,20
2026,20260854,Mattia Cattaneo,2,Stage 2,0,0,0,0,0,0,0,6,6
2026,20260854,Mattia Cattaneo,3,Stage 3,0,0,0,0,0,0,0,6,6
2026,20260854,Mattia Cattaneo,4,Stage 4,0,0,0,0,0,0,0,4,4
2026,20260854,Mattia Cattaneo,5,Stage 5,0,0,0,0,0,0,0,4,4
2026,20260854,Mattia Cattaneo,6,Stage 6,0,0,0,0,0,0,0,4,4
2026,20260854,Mattia Cattaneo,7,Stage 7,0,0,0,0,0,0,0,4,4
2026,20260854,Mattia Cattaneo,8,Stage 8,0,0,0,0,0,0,0,4,4
2026,20260854,Mattia Cattaneo,9,Stage 9,0,0,0,0,0,0,0,0,0
2026,20260854,Mattia Cattaneo,10,Stage 10,0,0,0,0,0,0,0,6,6
2026,20260854,Mattia Cattaneo,11,Stage 11,0,0,0,0,0,0,0,2,2
2026,20260854,Mattia Cattaneo,12,Stage 12,0,0,0,0,0,0,0,2,2
2026,20260854,Mattia Cattaneo,13,Stage 13,0,0,0,0,0,0,0,4,4
2026,20260854,Mattia Cattaneo,14,Stage 14,0,0,0,0,0,0,0,2,2
2026,20260854,Mattia Cattaneo,15,Stage 15,0,0,0,0,0,0,0,14,14
2026,20260854,Mattia Cattaneo,16,Stage 16,110,0,0,0,0,0,0,0,110
2026,20260854,Mattia Cattaneo,17,Stage 17,0,0,0,0,0,0,0,6,6
2026,20260854,Mattia Cattaneo,18,Stage 18,0,0,0,0,0,0,0,6,6
2026,20260854,Mattia Cattaneo,19,Stage 19,0,0,0,0,0,0,0,6,6
2026,20260854,Mattia Cattaneo,20,Stage 20,0,0,0,0,0,0,0,10,10
2026,20260854,Mattia Cattaneo,21,Stage 21,0,0,0,0,0,0,0,6,6
2026,20260854,Mattia Cattaneo,22,Final Classifications,0,0,0,0,0,0,0,30,30
2026,20261139,Bruno Armirail,1,Stage 1,0,0,0,0,0,0,0,50,50
2026,20261139,Bruno Armirail,2,Stage 2,0,0,0,0,0,0,0,8,8
2026,20261139,Bruno Armirail,3,Stage 3,0,0,0,0,0,0,0,8,8
2026,20261139,Bruno Armirail,4,Stage 4,0,0,0,0,0,0,0,0,0
2026,20261139,Bruno Armirail,5,Stage 5,0,0,0,0,0,0,0,0,0
2026,20261139,Bruno Armirail,6,Stage 6,0,0,0,0,0,0,0,8,8
2026,20261139,Bruno Armirail,7,Stage 7,0,0,0,0,0,0,0,4,4
2026,20261139,Bruno Armirail,8,Stage 8,0,0,0,0,0,0,0,4,4
2026,20261139,Bruno Armirail,9,Stage 9,0,0,0,0,0,0,0,6,6
2026,20261139,Bruno Armirail,10,Stage 10,0,0,0,0,0,0,0,6,6
2026,20261139,Bruno Armirail,11,Stage 11,0,0,0,0,0,0,0,6,6
2026,20261139,Bruno Armirail,12,Stage 12,0,0,0,0,0,0,0,6,6
2026,20261139,Bruno Armirail,13,Stage 13,0,0,0,0,0,0,0,4,4
2026,20261139,Bruno Armirail,14,Stage 14,0,0,0,0,1,0,0,6,7
2026,20261139,Bruno Armirail,15,Stage 15,0,0,0,0,3,0,20,0,23
2026,20261139,Bruno Armirail,16,Stage 16,80,0,0,0,0,0,0,0,80
2026,20261139,Bruno Armirail,17,Stage 17,0,0,0,0,0,0,0,0,0
2026,20261139,Bruno Armirail,18,Stage 18,0,0,0,0,0,0,0,2,2
2026,20261139,Bruno Armirail,19,Stage 19,0,0,0,0,10,0,0,0,10
2026,20261139,Bruno Armirail,20,Stage 20,0,0,0,0,12,0,0,2,14
2026,20261139,Bruno Armirail,21,Stage 21,0,0,0,0,0,0,0,0,0
2026,20261139,Bruno Armirail,22,Final Classifications,0,0,0,0,0,0,0,10,10
2026,20260366,Matthew Riccitello,1,Stage 1,0,0,0,0,0,0,0,15,15
2026,20260366,Matthew Riccitello,2,Stage 2,0,0,0,0,0,0,0,0,0
2026,20260366,Matthew Riccitello,3,Stage 3,0,0,0,0,0,0,0,0,0
2026,20260366,Matthew Riccitello,4,Stage 4,0,0,0,0,0,0,0,0,0
2026,20260366,Matthew Riccitello,5,Stage 5,0,0,0,0,0,0,0,8,8
2026,20260366,Matthew Riccitello,6,Stage 6,0,0,0,0,0,0,0,0,0
2026,20260366,Matthew Riccitello,7,Stage 7,0,0,0,0,0,0,0,0,0
2026,20260366,Matthew Riccitello,8,Stage 8,0,0,0,0,0,0,0,2,2
2026,20260366,Matthew Riccitello,9,Stage 9,0,0,0,0,0,0,0,0,0
2026,20260366,Matthew Riccitello,10,Stage 10,0,0,0,0,0,0,0,2,2
2026,20260366,Matthew Riccitello,11,Stage 11,0,0,0,0,0,0,0,4,4
2026,20260366,Matthew Riccitello,12,Stage 12,0,0,0,0,0,0,0,4,4
2026,20260366,Matthew Riccitello,13,Stage 13,0,0,0,0,0,0,0,0,0
2026,20260366,Matthew Riccitello,14,Stage 14,0,0,0,0,0,0,0,2,2
2026,20260366,Matthew Riccitello,15,Stage 15,4,0,0,0,0,0,0,0,4
2026,20260366,Matthew Riccitello,16,Stage 16,0,0,0,0,0,0,0,0,0
2026,20260366,Matthew Riccitello,17,Stage 17,0,0,0,0,0,0,0,2,2
2026,20260366,Matthew Riccitello,18,Stage 18,12,0,0,0,0,0,0,0,12
2026,20260366,Matthew Riccitello,19,Stage 19,50,0,0,0,0,0,0,0,50
2026,20260366,Matthew Riccitello,20,Stage 20,40,0,0,0,5,25,20,0,90
2026,20260366,Matthew Riccitello,21,Stage 21,0,0,0,0,0,0,0,0,0
2026,20260366,Matthew Riccitello,22,Final Classifications,0,35,0,0,0,0,0,20,55
2026,20260572,Filippo Ganna,1,Stage 1,0,0,0,0,0,0,0,40,40
2026,20260572,Filippo Ganna,2,Stage 2,0,0,0,0,0,0,0,4,4
2026,20260572,Filippo Ganna,3,Stage 3,0,0,0,0,0,0,0,0,0
2026,20260572,Filippo Ganna,4,Stage 4,0,0,0,0,0,0,0,0,0
2026,20260572,Filippo Ganna,5,Stage 5,0,0,0,0,0,0,0,0,0
2026,20260572,Filippo Ganna,6,Stage 6,0,0,0,0,0,0,0,0,0
2026,20260572,Filippo Ganna,7,Stage 7,0,0,0,0,0,0,0,0,0
2026,20260572,Filippo Ganna,8,Stage 8,0,0,0,0,0,0,0,0,0
2026,20260572,Filippo Ganna,9,Stage 9,120,0,0,0,0,0,0,0,120
2026,20260572,Filippo Ganna,10,Stage 10,0,0,0,0,0,0,0,0,0
2026,20260572,Filippo Ganna,11,Stage 11,0,0,0,0,0,0,0,0,0
2026,20260572,Filippo Ganna,12,Stage 12,0,0,0,0,0,0,0,0,0
2026,20260572,Filippo Ganna,13,Stage 13,0,0,0,0,0,0,0,0,0
2026,20260572,Filippo Ganna,14,Stage 14,0,0,0,0,0,0,0,0,0
2026,20260572,Filippo Ganna,15,Stage 15,0,0,0,0,0,0,0,0,0
2026,20260572,Filippo Ganna,16,Stage 16,50,0,0,0,0,0,0,0,50
2026,20260572,Filippo Ganna,17,Stage 17,0,0,0,0,0,0,0,0,0
2026,20260572,Filippo Ganna,18,Stage 18,0,0,0,0,0,0,0,0,0
2026,20260572,Filippo Ganna,19,Stage 19,0,0,0,0,0,0,0,0,0
2026,20260572,Filippo Ganna,20,Stage 20,0,0,0,0,0,0,0,0,0
2026,20260572,Filippo Ganna,21,Stage 21,30,0,0,0,0,0,0,0,30
2026,20260572,Filippo Ganna,22,Final Classifications,0,0,0,0,0,0,0,0,0
2026,20260006,Ramses Debruyne,1,Stage 1,0,0,0,0,0,0,0,10,10
2026,20260006,Ramses Debruyne,2,Stage 2,0,0,0,0,0,0,0,0,0
2026,20260006,Ramses Debruyne,3,Stage 3,0,0,0,0,0,0,0,0,0
2026,20260006,Ramses Debruyne,4,Stage 4,120,15,0,0,0,0,0,0,135
2026,20260006,Ramses Debruyne,5,Stage 5,0,15,0,0,0,0,0,0,15
2026,20260006,Ramses Debruyne,6,Stage 6,0,1,0,0,0,0,0,0,1
2026,20260006,Ramses Debruyne,7,Stage 7,0,2,0,0,0,0,0,0,2
2026,20260006,Ramses Debruyne,8,Stage 8,0,0,0,0,0,0,0,0,0
2026,20260006,Ramses Debruyne,9,Stage 9,16,2,0,0,0,0,0,8,26
2026,20260006,Ramses Debruyne,10,Stage 10,30,4,0,0,0,0,0,0,34
2026,20260006,Ramses Debruyne,11,Stage 11,0,4,0,0,0,0,0,2,6
2026,20260006,Ramses Debruyne,12,Stage 12,0,4,0,0,0,0,0,2,6
2026,20260006,Ramses Debruyne,13,Stage 13,0,3,0,0,0,0,0,0,3
2026,20260006,Ramses Debruyne,14,Stage 14,0,0,0,0,0,0,0,0,0
2026,20260006,Ramses Debruyne,15,Stage 15,0,0,0,0,0,0,0,0,0
2026,20260006,Ramses Debruyne,16,Stage 16,0,0,0,0,0,0,0,0,0
2026,20260006,Ramses Debruyne,17,Stage 17,0,0,0,0,0,0,0,0,0
2026,20260006,Ramses Debruyne,18,Stage 18,0,0,0,0,0,0,0,0,0
2026,20260006,Ramses Debruyne,19,Stage 19,0,0,0,0,0,0,0,0,0
2026,20260006,Ramses Debruyne,20,Stage 20,0,0,0,0,0,0,0,0,0
2026,20260006,Ramses Debruyne,21,Stage 21,0,0,0,0,0,0,0,0,0
2026,20260006,Ramses Debruyne,22,Final Classifications,0,0,0,0,0,0,0,0,0
2026,20260343,Tiesj Benoot,1,Stage 1,0,0,0,0,0,0,0,15,15
2026,20260343,Tiesj Benoot,2,Stage 2,0,0,0,0,0,0,0,0,0
2026,20260343,Tiesj Benoot,3,Stage 3,12,0,0,0,0,0,0,0,12
2026,20260343,Tiesj Benoot,4,Stage 4,0,0,0,0,0,0,0,0,0
2026,20260343,Tiesj Benoot,5,Stage 5,0,0,0,0,0,0,0,8,8
2026,20260343,Tiesj Benoot,6,Stage 6,0,0,0,0,0,0,0,0,0
2026,20260343,Tiesj Benoot,7,Stage 7,0,0,0,0,0,0,0,0,0
2026,20260343,Tiesj Benoot,8,Stage 8,0,0,0,0,0,0,0,2,2
2026,20260343,Tiesj Benoot,9,Stage 9,20,0,0,0,0,0,0,0,20
2026,20260343,Tiesj Benoot,10,Stage 10,0,0,0,0,0,0,0,2,2
2026,20260343,Tiesj Benoot,11,Stage 11,0,0,0,0,0,0,0,4,4
2026,20260343,Tiesj Benoot,12,Stage 12,0,0,0,0,0,0,0,4,4
2026,20260343,Tiesj Benoot,13,Stage 13,0,0,0,0,0,0,0,0,0
2026,20260343,Tiesj Benoot,14,Stage 14,0,0,0,0,0,0,0,2,2
2026,20260343,Tiesj Benoot,15,Stage 15,0,0,0,0,0,0,0,0,0
2026,20260343,Tiesj Benoot,16,Stage 16,0,0,0,0,0,0,0,0,0
2026,20260343,Tiesj Benoot,17,Stage 17,0,1,0,0,3,0,20,2,26
2026,20260343,Tiesj Benoot,18,Stage 18,0,1,0,0,0,0,0,0,1
2026,20260343,Tiesj Benoot,19,Stage 19,0,1,0,0,0,0,0,0,1
2026,20260343,Tiesj Benoot,20,Stage 20,30,4,0,0,0,0,0,0,34
2026,20260343,Tiesj Benoot,21,Stage 21,0,4,0,0,0,0,0,0,4
2026,20260343,Tiesj Benoot,22,Final Classifications,0,80,0,0,0,0,0,20,100
2026,20260628,Toms Skujiņš,1,Stage 1,0,0,0,0,0,0,0,25,25
2026,20260628,Toms Skujiņš,2,Stage 2,0,0,0,0,0,0,0,0,0
2026,20260628,Toms Skujiņš,3,Stage 3,0,0,0,0,0,0,0,2,2
2026,20260628,Toms Skujiņš,4,Stage 4,0,0,0,0,0,0,0,22,22
2026,20260628,Toms Skujiņš,5,Stage 5,0,0,0,0,0,0,0,10,10
2026,20260628,Toms Skujiņš,6,Stage 6,0,0,0,0,0,0,0,8,8
2026,20260628,Toms Skujiņš,7,Stage 7,0,0,0,0,0,0,0,8,8
2026,20260628,Toms Skujiņš,8,Stage 8,0,0,0,0,0,0,0,8,8
2026,20260628,Toms Skujiņš,9,Stage 9,0,0,0,0,0,0,0,8,8
2026,20260628,Toms Skujiņš,10,Stage 10,0,0,0,0,0,0,0,8,8
2026,20260628,Toms Skujiņš,11,Stage 11,0,0,0,0,0,0,0,8,8
2026,20260628,Toms Skujiņš,12,Stage 12,0,0,0,0,0,0,0,8,8
2026,20260628,Toms Skujiņš,13,Stage 13,0,0,0,0,0,0,0,8,8
2026,20260628,Toms Skujiņš,14,Stage 14,0,0,0,0,0,0,0,8,8
2026,20260628,Toms Skujiņš,15,Stage 15,0,0,0,0,0,0,0,8,8
2026,20260628,Toms Skujiņš,16,Stage 16,0,0,0,0,0,0,0,0,0
2026,20260628,Toms Skujiņš,17,Stage 17,0,0,0,0,0,0,0,8,8
2026,20260628,Toms Skujiņš,18,Stage 18,0,0,0,0,0,0,0,8,8
2026,20260628,Toms Skujiņš,19,Stage 19,0,0,0,0,0,0,0,8,8
2026,20260628,Toms Skujiņš,20,Stage 20,0,0,0,0,0,0,0,8,8
2026,20260628,Toms Skujiņš,21,Stage 21,0,0,0,0,0,0,0,10,10
2026,20260628,Toms Skujiņš,22,Final Classifications,0,0,0,0,0,0,0,50,50
2026,20260698,Lennert Van Eetvelt,1,Stage 1,0,0,0,0,0,0,0,0,0
2026,20260698,Lennert Van Eetvelt,2,Stage 2,50,3,0,0,0,0,0,0,53
2026,20260698,Lennert Van Eetvelt,3,Stage 3,110,8,0,0,0,0,0,0,118
2026,20260698,Lennert Van Eetvelt,4,Stage 4,0,4,0,0,0,0,0,0,4
2026,20260698,Lennert Van Eetvelt,5,Stage 5,0,1,0,0,0,0,0,0,1
2026,20260698,Lennert Van Eetvelt,6,Stage 6,8,3,0,0,0,0,0,0,11
2026,20260698,Lennert Van Eetvelt,7,Stage 7,0,4,0,0,0,0,0,0,4
2026,20260698,Lennert Van Eetvelt,8,Stage 8,0,4,0,0,0,0,0,0,4
2026,20260698,Lennert Van Eetvelt,9,Stage 9,0,5,0,0,0,0,20,0,25
2026,20260698,Lennert Van Eetvelt,10,Stage 10,0,0,0,0,0,0,0,0,0
2026,20260698,Lennert Van Eetvelt,11,Stage 11,0,0,0,0,0,0,0,0,0
2026,20260698,Lennert Van Eetvelt,12,Stage 12,0,0,0,0,0,0,0,0,0
2026,20260698,Lennert Van Eetvelt,13,Stage 13,0,0,0,0,0,0,0,0,0
2026,20260698,Lennert Van Eetvelt,14,Stage 14,0,0,0,0,0,0,0,0,0
2026,20260698,Lennert Van Eetvelt,15,Stage 15,0,0,0,0,0,0,0,0,0
2026,20260698,Lennert Van Eetvelt,16,Stage 16,0,0,0,0,0,0,0,0,0
2026,20260698,Lennert Van Eetvelt,17,Stage 17,0,0,0,0,0,0,0,0,0
2026,20260698,Lennert Van Eetvelt,18,Stage 18,0,0,0,0,0,0,0,0,0
2026,20260698,Lennert Van Eetvelt,19,Stage 19,0,0,0,0,0,0,0,0,0
2026,20260698,Lennert Van Eetvelt,20,Stage 20,0,0,0,0,0,0,0,0,0
2026,20260698,Lennert Van Eetvelt,21,Stage 21,0,0,0,0,0,0,0,0,0
2026,20260698,Lennert Van Eetvelt,22,Final Classifications,0,0,0,0,0,0,0,0,0
2026,20261088,Pavel Bittner,1,Stage 1,0,0,0,0,0,0,0,0,0
2026,20261088,Pavel Bittner,2,Stage 2,0,0,0,0,0,0,0,0,0
2026,20261088,Pavel Bittner,3,Stage 3,0,0,0,0,0,0,0,0,0
2026,20261088,Pavel Bittner,4,Stage 4,0,0,0,0,0,0,0,0,0
2026,20261088,Pavel Bittner,5,Stage 5,20,0,0,0,0,0,0,0,20
2026,20261088,Pavel Bittner,6,Stage 6,0,0,0,0,0,0,0,0,0
2026,20261088,Pavel Bittner,7,Stage 7,50,0,0,0,0,0,0,0,50
2026,20261088,Pavel Bittner,8,Stage 8,120,0,0,0,0,0,0,0,120
2026,20261088,Pavel Bittner,9,Stage 9,0,0,0,0,0,0,0,0,0
2026,20261088,Pavel Bittner,10,Stage 10,0,0,0,0,0,0,0,0,0
2026,20261088,Pavel Bittner,11,Stage 11,0,0,0,0,0,0,0,0,0
2026,20261088,Pavel Bittner,12,Stage 12,0,0,0,0,0,0,0,0,0
2026,20261088,Pavel Bittner,13,Stage 13,0,0,0,0,0,0,0,0,0
2026,20261088,Pavel Bittner,14,Stage 14,0,0,0,0,0,0,0,0,0
2026,20261088,Pavel Bittner,15,Stage 15,0,0,0,0,0,0,0,0,0
2026,20261088,Pavel Bittner,16,Stage 16,0,0,0,0,0,0,0,0,0
2026,20261088,Pavel Bittner,17,Stage 17,0,0,0,0,0,0,0,0,0
2026,20261088,Pavel Bittner,18,Stage 18,0,0,0,0,0,0,0,0,0
2026,20261088,Pavel Bittner,19,Stage 19,0,0,0,0,0,0,0,0,0
2026,20261088,Pavel Bittner,20,Stage 20,0,0,0,0,0,0,0,0,0
2026,20261088,Pavel Bittner,21,Stage 21,0,0,0,0,5,0,0,0,5
2026,20261088,Pavel Bittner,22,Final Classifications,0,0,0,0,0,0,0,0,0
2026,20260127,Matej Mohorič,1,Stage 1,0,0,0,0,0,0,0,0,0
2026,20260127,Matej Mohorič,2,Stage 2,0,0,0,0,0,0,0,0,0
2026,20260127,Matej Mohorič,3,Stage 3,0,0,0,0,0,0,0,0,0
2026,20260127,Matej Mohorič,4,Stage 4,0,0,0,0,0,0,0,0,0
2026,20260127,Matej Mohorič,5,Stage 5,0,0,0,0,0,0,0,0,0
2026,20260127,Matej Mohorič,6,Stage 6,0,0,0,0,0,0,0,0,0
2026,20260127,Matej Mohorič,7,Stage 7,0,0,0,0,0,0,0,0,0
2026,20260127,Matej Mohorič,8,Stage 8,0,0,0,0,0,0,0,0,0
2026,20260127,Matej Mohorič,9,Stage 9,0,0,0,0,0,0,0,0,0
2026,20260127,Matej Mohorič,10,Stage 10,0,0,0,0,0,0,0,0,0
2026,20260127,Matej Mohorič,11,Stage 11,0,0,0,0,0,0,0,0,0
2026,20260127,Matej Mohorič,12,Stage 12,0,0,0,0,0,0,0,0,0
2026,20260127,Matej Mohorič,13,Stage 13,0,0,0,0,0,0,0,0,0
2026,20260127,Matej Mohorič,14,Stage 14,0,0,0,0,0,0,0,0,0
2026,20260127,Matej Mohorič,15,Stage 15,0,0,0,0,0,0,20,0,20
2026,20260127,Matej Mohorič,16,Stage 16,0,0,0,0,0,0,0,0,0
2026,20260127,Matej Mohorič,17,Stage 17,35,0,0,0,0,0,20,0,55
2026,20260127,Matej Mohorič,18,Stage 18,0,0,0,0,0,0,0,0,0
2026,20260127,Matej Mohorič,19,Stage 19,0,0,0,0,0,0,0,4,4
2026,20260127,Matej Mohorič,20,Stage 20,0,0,0,0,0,0,0,0,0
2026,20260127,Matej Mohorič,21,Stage 21,110,0,0,0,0,0,0,0,110
2026,20260127,Matej Mohorič,22,Final Classifications,0,0,0,0,0,0,0,0,0
2026,20260573,Dorian Godon,1,Stage 1,0,0,0,0,0,0,0,40,40
2026,20260573,Dorian Godon,2,Stage 2,0,0,0,0,0,0,0,4,4
2026,20260573,Dorian Godon,3,Stage 3,0,0,0,0,0,0,0,0,0
2026,20260573,Dorian Godon,4,Stage 4,0,0,0,0,0,0,0,0,0
2026,20260573,Dorian Godon,5,Stage 5,25,0,0,0,0,0,0,0,25
2026,20260573,Dorian Godon,6,Stage 6,0,0,0,0,0,0,0,0,0
2026,20260573,Dorian Godon,7,Stage 7,80,0,0,0,0,0,0,0,80
2026,20260573,Dorian Godon,8,Stage 8,30,0,0,0,0,0,0,0,30
2026,20260573,Dorian Godon,9,Stage 9,0,0,0,0,0,0,0,0,0
2026,20260573,Dorian Godon,10,Stage 10,0,0,0,0,0,0,0,0,0
2026,20260573,Dorian Godon,11,Stage 11,0,0,0,0,0,0,0,0,0
2026,20260573,Dorian Godon,12,Stage 12,0,0,0,0,0,0,0,0,0
2026,20260573,Dorian Godon,13,Stage 13,0,0,0,0,0,0,0,0,0
2026,20260573,Dorian Godon,14,Stage 14,0,0,0,0,0,0,0,0,0
2026,20260573,Dorian Godon,15,Stage 15,0,0,0,0,0,0,0,0,0
2026,20260573,Dorian Godon,16,Stage 16,0,0,0,0,0,0,0,0,0
2026,20260573,Dorian Godon,17,Stage 17,0,0,0,0,0,0,0,0,0
2026,20260573,Dorian Godon,18,Stage 18,0,0,0,0,0,0,0,0,0
2026,20260573,Dorian Godon,19,Stage 19,0,0,0,0,0,0,0,0,0
2026,20260573,Dorian Godon,20,Stage 20,0,0,0,0,0,0,0,0,0
2026,20260573,Dorian Godon,21,Stage 21,0,0,0,0,0,0,0,0,0
2026,20260573,Dorian Godon,22,Final Classifications,0,0,0,0,0,0,0,0,0
2026,20260801,Marco Frigo,1,Stage 1,0,0,0,0,0,0,0,0,0
2026,20260801,Marco Frigo,2,Stage 2,0,0,0,0,0,0,0,0,0
2026,20260801,Marco Frigo,3,Stage 3,0,0,0,0,0,0,0,0,0
2026,20260801,Marco Frigo,4,Stage 4,140,0,0,1,0,0,0,0,141
2026,20260801,Marco Frigo,5,Stage 5,0,0,0,2,0,0,0,0,2
2026,20260801,Marco Frigo,6,Stage 6,0,0,0,0,0,0,0,0,0
2026,20260801,Marco Frigo,7,Stage 7,0,0,0,0,0,0,0,2,2
2026,20260801,Marco Frigo,8,Stage 8,0,0,0,0,0,0,0,4,4
2026,20260801,Marco Frigo,9,Stage 9,0,0,0,0,0,0,0,0,0
2026,20260801,Marco Frigo,10,Stage 10,0,0,0,0,0,0,0,0,0
2026,20260801,Marco Frigo,11,Stage 11,0,0,0,0,0,0,0,0,0
2026,20260801,Marco Frigo,12,Stage 12,0,0,0,0,0,0,0,0,0
2026,20260801,Marco Frigo,13,Stage 13,0,0,0,0,0,0,0,0,0
2026,20260801,Marco Frigo,14,Stage 14,0,0,0,0,0,0,0,0,0
2026,20260801,Marco Frigo,15,Stage 15,0,0,0,0,0,0,20,0,20
2026,20260801,Marco Frigo,16,Stage 16,0,0,0,0,0,0,0,0,0
2026,20260801,Marco Frigo,17,Stage 17,0,0,0,0,0,0,0,0,0
2026,20260801,Marco Frigo,18,Stage 18,0,0,0,0,0,0,0,0,0
2026,20260801,Marco Frigo,19,Stage 19,0,0,0,0,0,0,0,0,0
2026,20260801,Marco Frigo,20,Stage 20,0,0,0,0,0,0,0,0,0
2026,20260801,Marco Frigo,21,Stage 21,0,0,0,0,1,0,0,0,1
2026,20260801,Marco Frigo,22,Final Classifications,0,0,0,0,0,0,0,0,0
2026,20261143,Victor Campenaerts,1,Stage 1,0,0,0,0,0,0,0,50,50
2026,20261143,Victor Campenaerts,2,Stage 2,0,0,0,0,0,0,0,8,8
2026,20261143,Victor Campenaerts,3,Stage 3,0,0,0,0,0,0,0,8,8
2026,20261143,Victor Campenaerts,4,Stage 4,0,0,0,0,0,0,0,0,0
2026,20261143,Victor Campenaerts,5,Stage 5,0,0,0,0,0,0,0,0,0
2026,20261143,Victor Campenaerts,6,Stage 6,0,0,0,0,16,0,0,8,24
2026,20261143,Victor Campenaerts,7,Stage 7,0,0,0,0,0,0,0,4,4
2026,20261143,Victor Campenaerts,8,Stage 8,0,0,0,0,0,0,0,4,4
2026,20261143,Victor Campenaerts,9,Stage 9,0,0,0,0,0,0,0,6,6
2026,20261143,Victor Campenaerts,10,Stage 10,0,0,0,0,0,0,0,6,6
2026,20261143,Victor Campenaerts,11,Stage 11,0,0,0,0,0,0,0,6,6
2026,20261143,Victor Campenaerts,12,Stage 12,0,0,0,0,0,0,0,6,6
2026,20261143,Victor Campenaerts,13,Stage 13,0,0,0,0,0,0,0,4,4
2026,20261143,Victor Campenaerts,14,Stage 14,0,0,0,0,0,0,0,6,6
2026,20261143,Victor Campenaerts,15,Stage 15,0,0,0,0,0,0,20,0,20
2026,20261143,Victor Campenaerts,16,Stage 16,0,0,0,0,0,0,0,0,0
2026,20261143,Victor Campenaerts,17,Stage 17,0,0,0,0,0,0,0,0,0
2026,20261143,Victor Campenaerts,18,Stage 18,0,0,0,0,0,0,0,2,2
2026,20261143,Victor Campenaerts,19,Stage 19,0,0,0,0,0,0,0,0,0
2026,20261143,Victor Campenaerts,20,Stage 20,0,0,0,0,0,0,0,2,2
2026,20261143,Victor Campenaerts,21,Stage 21,0,0,0,0,0,0,0,0,0
2026,20261143,Victor Campenaerts,22,Final Classifications,0,0,0,0,0,0,0,10,10
2026,20260875,Tim Van Dijke,1,Stage 1,0,0,0,0,0,0,0,20,20
2026,20260875,Tim Van Dijke,2,Stage 2,0,0,0,0,0,0,0,6,6
2026,20260875,Tim Van Dijke,3,Stage 3,0,0,0,0,0,0,0,6,6
2026,20260875,Tim Van Dijke,4,Stage 4,0,0,0,0,0,0,0,4,4
2026,20260875,Tim Van Dijke,5,Stage 5,0,0,0,0,0,0,0,4,4
2026,20260875,Tim Van Dijke,6,Stage 6,0,0,0,0,0,0,0,4,4
2026,20260875,Tim Van Dijke,7,Stage 7,0,0,0,0,0,0,0,4,4
2026,20260875,Tim Van Dijke,8,Stage 8,0,0,0,0,0,0,0,4,4
2026,20260875,Tim Van Dijke,9,Stage 9,0,0,0,0,0,0,0,0,0
2026,20260875,Tim Van Dijke,10,Stage 10,0,0,0,0,0,0,0,6,6
2026,20260875,Tim Van Dijke,11,Stage 11,0,0,0,0,0,0,0,2,2
2026,20260875,Tim Van Dijke,12,Stage 12,0,0,0,0,0,0,0,2,2
2026,20260875,Tim Van Dijke,13,Stage 13,0,0,0,0,0,0,0,4,4
2026,20260875,Tim Van Dijke,14,Stage 14,0,0,0,0,0,0,0,2,2
2026,20260875,Tim Van Dijke,15,Stage 15,0,0,0,0,0,0,20,14,34
2026,20260875,Tim Van Dijke,16,Stage 16,0,0,0,0,0,0,0,0,0
2026,20260875,Tim Van Dijke,17,Stage 17,0,0,0,0,0,0,0,6,6
2026,20260875,Tim Van Dijke,18,Stage 18,0,0,0,0,0,0,0,6,6
2026,20260875,Tim Van Dijke,19,Stage 19,0,0,0,0,0,0,0,6,6
2026,20260875,Tim Van Dijke,20,Stage 20,0,0,0,0,0,0,0,10,10
2026,20260875,Tim Van Dijke,21,Stage 21,0,0,0,0,0,0,0,6,6
2026,20260875,Tim Van Dijke,22,Final Classifications,0,0,0,0,0,0,0,30,30
2026,20260273,Fernando Gaviria,1,Stage 1,0,0,0,0,0,0,0,0,0
2026,20260273,Fernando Gaviria,2,Stage 2,0,0,0,0,0,0,0,0,0
2026,20260273,Fernando Gaviria,3,Stage 3,0,0,0,0,0,0,0,0,0
2026,20260273,Fernando Gaviria,4,Stage 4,0,0,0,0,0,0,0,0,0
2026,20260273,Fernando Gaviria,5,Stage 5,16,0,0,0,6,0,0,0,22
2026,20260273,Fernando Gaviria,6,Stage 6,0,0,0,0,0,0,0,0,0
2026,20260273,Fernando Gaviria,7,Stage 7,30,0,0,0,0,0,0,0,30
2026,20260273,Fernando Gaviria,8,Stage 8,35,0,0,0,2,0,0,0,37
2026,20260273,Fernando Gaviria,9,Stage 9,0,0,0,0,0,0,0,0,0
2026,20260273,Fernando Gaviria,10,Stage 10,0,0,0,0,0,0,0,0,0
2026,20260273,Fernando Gaviria,11,Stage 11,70,0,0,0,0,0,0,0,70
2026,20260273,Fernando Gaviria,12,Stage 12,0,0,0,0,2,0,0,0,2
2026,20260273,Fernando Gaviria,13,Stage 13,0,0,0,0,0,0,0,0,0
2026,20260273,Fernando Gaviria,14,Stage 14,0,0,0,0,0,0,0,0,0
2026,20260273,Fernando Gaviria,15,Stage 15,0,0,0,0,0,0,0,0,0
2026,20260273,Fernando Gaviria,16,Stage 16,0,0,0,0,0,0,0,0,0
2026,20260273,Fernando Gaviria,17,Stage 17,0,0,0,0,0,0,0,0,0
2026,20260273,Fernando Gaviria,18,Stage 18,0,0,0,0,0,0,0,0,0
2026,20260273,Fernando Gaviria,19,Stage 19,0,0,0,0,0,0,0,0,0
2026,20260273,Fernando Gaviria,20,Stage 20,0,0,0,0,0,0,0,0,0
2026,20260273,Fernando Gaviria,21,Stage 21,0,0,0,0,0,0,0,0,0
2026,20260273,Fernando Gaviria,22,Final Classifications,0,0,0,0,0,0,0,0,0
2026,20260528,Clément Braz Afonso,1,Stage 1,0,0,0,0,0,0,0,5,5
2026,20260528,Clément Braz Afonso,2,Stage 2,0,0,0,0,0,0,0,0,0
2026,20260528,Clément Braz Afonso,3,Stage 3,0,0,0,0,0,0,20,0,20
2026,20260528,Clément Braz Afonso,4,Stage 4,0,0,0,0,0,0,0,0,0
2026,20260528,Clément Braz Afonso,5,Stage 5,0,0,0,0,0,0,0,0,0
2026,20260528,Clément Braz Afonso,6,Stage 6,0,0,0,0,0,0,0,0,0
2026,20260528,Clément Braz Afonso,7,Stage 7,0,0,0,0,0,0,0,0,0
2026,20260528,Clément Braz Afonso,8,Stage 8,0,0,0,0,0,0,0,0,0
2026,20260528,Clément Braz Afonso,9,Stage 9,0,0,0,0,0,0,0,0,0
2026,20260528,Clément Braz Afonso,10,Stage 10,0,0,0,0,0,0,0,0,0
2026,20260528,Clément Braz Afonso,11,Stage 11,0,0,0,0,0,0,0,0,0
2026,20260528,Clément Braz Afonso,12,Stage 12,0,0,0,0,0,0,0,0,0
2026,20260528,Clément Braz Afonso,13,Stage 13,80,0,0,0,0,0,0,0,80
2026,20260528,Clément Braz Afonso,14,Stage 14,0,0,0,0,0,0,0,0,0
2026,20260528,Clément Braz Afonso,15,Stage 15,0,0,0,0,0,0,0,0,0
2026,20260528,Clément Braz Afonso,16,Stage 16,0,0,0,0,0,0,0,0,0
2026,20260528,Clément Braz Afonso,17,Stage 17,0,0,0,0,0,0,20,0,20
2026,20260528,Clément Braz Afonso,18,Stage 18,0,0,0,0,0,0,0,0,0
2026,20260528,Clément Braz Afonso,19,Stage 19,25,0,0,0,0,0,0,0,25
2026,20260528,Clément Braz Afonso,20,Stage 20,0,0,0,0,4,0,0,0,4
2026,20260528,Clément Braz Afonso,21,Stage 21,0,0,0,0,0,0,0,0,0
2026,20260528,Clément Braz Afonso,22,Final Classifications,0,0,0,0,0,0,0,0,0
2026,20260855,Nico Denz,1,Stage 1,0,0,0,0,0,0,0,20,20
2026,20260855,Nico Denz,2,Stage 2,0,0,0,0,0,0,0,6,6
2026,20260855,Nico Denz,3,Stage 3,0,0,0,0,0,0,0,6,6
2026,20260855,Nico Denz,4,Stage 4,0,0,0,0,4,0,0,4,8
2026,20260855,Nico Denz,5,Stage 5,0,0,0,0,0,0,0,4,4
2026,20260855,Nico Denz,6,Stage 6,0,0,0,0,0,0,0,4,4
2026,20260855,Nico Denz,7,Stage 7,0,0,0,0,0,0,0,4,4
2026,20260855,Nico Denz,8,Stage 8,0,0,0,0,0,0,0,4,4
2026,20260855,Nico Denz,9,Stage 9,0,0,0,0,0,0,0,0,0
2026,20260855,Nico Denz,10,Stage 10,0,0,0,0,0,0,0,6,6
2026,20260855,Nico Denz,11,Stage 11,0,0,0,0,0,0,0,2,2
2026,20260855,Nico Denz,12,Stage 12,0,0,0,0,0,0,0,2,2
2026,20260855,Nico Denz,13,Stage 13,0,0,0,0,0,0,0,4,4
2026,20260855,Nico Denz,14,Stage 14,0,0,0,0,0,0,0,2,2
2026,20260855,Nico Denz,15,Stage 15,0,0,0,0,0,0,0,14,14
2026,20260855,Nico Denz,16,Stage 16,0,0,0,0,0,0,0,0,0
2026,20260855,Nico Denz,17,Stage 17,0,0,0,0,0,0,0,6,6
2026,20260855,Nico Denz,18,Stage 18,0,0,0,0,0,0,0,6,6
2026,20260855,Nico Denz,19,Stage 19,0,0,0,0,0,0,0,6,6
2026,20260855,Nico Denz,20,Stage 20,0,0,0,0,0,0,0,10,10
2026,20260855,Nico Denz,21,Stage 21,0,0,0,0,0,0,0,6,6
2026,20260855,Nico Denz,22,Final Classifications,0,0,0,0,0,0,0,30,30
2026,20261147,Per Strand Hagenes,1,Stage 1,0,0,0,0,0,0,0,50,50
2026,20261147,Per Strand Hagenes,2,Stage 2,0,0,0,0,0,0,0,8,8
2026,20261147,Per Strand Hagenes,3,Stage 3,0,0,0,0,0,0,0,8,8
2026,20261147,Per Strand Hagenes,4,Stage 4,0,0,0,0,0,0,0,0,0
2026,20261147,Per Strand Hagenes,5,Stage 5,0,0,0,0,0,0,0,0,0
2026,20261147,Per Strand Hagenes,6,Stage 6,0,0,0,0,0,0,0,8,8
2026,20261147,Per Strand Hagenes,7,Stage 7,0,0,0,0,0,0,0,4,4
2026,20261147,Per Strand Hagenes,8,Stage 8,0,0,0,0,0,0,0,4,4
2026,20261147,Per Strand Hagenes,9,Stage 9,0,0,0,0,0,0,0,6,6
2026,20261147,Per Strand Hagenes,10,Stage 10,0,0,0,0,0,0,0,6,6
2026,20261147,Per Strand Hagenes,11,Stage 11,0,0,0,0,0,0,0,6,6
2026,20261147,Per Strand Hagenes,12,Stage 12,0,0,0,0,0,0,0,6,6
2026,20261147,Per Strand Hagenes,13,Stage 13,0,0,0,0,0,0,0,4,4
2026,20261147,Per Strand Hagenes,14,Stage 14,0,0,0,0,0,0,0,6,6
2026,20261147,Per Strand Hagenes,15,Stage 15,0,0,0,0,0,0,0,0,0
2026,20261147,Per Strand Hagenes,16,Stage 16,0,0,0,0,0,0,0,0,0
2026,20261147,Per Strand Hagenes,17,Stage 17,0,0,0,0,0,0,20,0,20
2026,20261147,Per Strand Hagenes,18,Stage 18,0,0,0,0,0,0,0,2,2
2026,20261147,Per Strand Hagenes,19,Stage 19,0,0,0,0,0,0,0,0,0
2026,20261147,Per Strand Hagenes,20,Stage 20,0,0,0,0,0,0,0,2,2
2026,20261147,Per Strand Hagenes,21,Stage 21,0,0,0,0,0,0,0,0,0
2026,20261147,Per Strand Hagenes,22,Final Classifications,0,0,0,0,0,0,0,10,10
2026,20260872,Jan Tratnik,1,Stage 1,0,0,0,0,0,0,0,20,20
2026,20260872,Jan Tratnik,2,Stage 2,0,0,0,0,0,0,0,6,6
2026,20260872,Jan Tratnik,3,Stage 3,0,0,0,0,0,0,0,6,6
2026,20260872,Jan Tratnik,4,Stage 4,0,0,0,2,0,0,0,4,6
2026,20260872,Jan Tratnik,5,Stage 5,0,0,0,1,0,0,0,4,5
2026,20260872,Jan Tratnik,6,Stage 6,0,0,0,0,0,0,0,4,4
2026,20260872,Jan Tratnik,7,Stage 7,0,0,0,0,0,0,0,4,4
2026,20260872,Jan Tratnik,8,Stage 8,0,0,0,0,0,0,0,4,4
2026,20260872,Jan Tratnik,9,Stage 9,0,0,0,0,0,0,0,0,0
2026,20260872,Jan Tratnik,10,Stage 10,0,0,0,0,0,0,0,6,6
2026,20260872,Jan Tratnik,11,Stage 11,0,0,0,0,0,0,0,2,2
2026,20260872,Jan Tratnik,12,Stage 12,0,0,0,0,0,0,0,2,2
2026,20260872,Jan Tratnik,13,Stage 13,0,0,0,0,0,0,0,4,4
2026,20260872,Jan Tratnik,14,Stage 14,0,0,0,0,0,0,0,2,2
2026,20260872,Jan Tratnik,15,Stage 15,0,0,0,0,0,0,0,14,14
2026,20260872,Jan Tratnik,16,Stage 16,0,0,0,0,0,0,0,0,0
2026,20260872,Jan Tratnik,17,Stage 17,0,0,0,0,0,0,0,6,6
2026,20260872,Jan Tratnik,18,Stage 18,0,0,0,0,0,0,0,6,6
2026,20260872,Jan Tratnik,19,Stage 19,0,0,0,0,0,0,0,6,6
2026,20260872,Jan Tratnik,20,Stage 20,0,0,0,0,0,0,0,10,10
2026,20260872,Jan Tratnik,21,Stage 21,0,0,0,0,0,0,0,6,6
2026,20260872,Jan Tratnik,22,Final Classifications,0,0,0,0,0,0,0,30,30
2026,20260794,Lewis Askey,1,Stage 1,0,0,0,0,0,0,0,0,0
2026,20260794,Lewis Askey,2,Stage 2,0,0,0,0,0,0,0,0,0
2026,20260794,Lewis Askey,3,Stage 3,0,0,0,0,0,0,0,0,0
2026,20260794,Lewis Askey,4,Stage 4,0,0,0,0,0,0,0,0,0
2026,20260794,Lewis Askey,5,Stage 5,0,0,0,0,0,0,0,0,0
2026,20260794,Lewis Askey,6,Stage 6,0,0,0,0,0,0,0,0,0
2026,20260794,Lewis Askey,7,Stage 7,0,0,0,0,0,0,0,2,2
2026,20260794,Lewis Askey,8,Stage 8,0,0,0,0,0,0,0,4,4
2026,20260794,Lewis Askey,9,Stage 9,0,0,0,0,0,0,0,0,0
2026,20260794,Lewis Askey,10,Stage 10,0,0,0,0,0,0,0,0,0
2026,20260794,Lewis Askey,11,Stage 11,0,0,0,0,0,0,0,0,0
2026,20260794,Lewis Askey,12,Stage 12,0,0,0,0,0,0,0,0,0
2026,20260794,Lewis Askey,13,Stage 13,0,0,0,0,0,0,0,0,0
2026,20260794,Lewis Askey,14,Stage 14,0,0,0,0,2,0,0,0,2
2026,20260794,Lewis Askey,15,Stage 15,0,0,0,0,0,0,0,0,0
2026,20260794,Lewis Askey,16,Stage 16,0,0,0,0,0,0,0,0,0
2026,20260794,Lewis Askey,17,Stage 17,140,0,0,0,0,0,0,0,140
2026,20260794,Lewis Askey,18,Stage 18,0,0,0,0,0,0,0,0,0
2026,20260794,Lewis Askey,19,Stage 19,0,0,0,0,0,0,0,0,0
2026,20260794,Lewis Askey,20,Stage 20,0,0,0,0,0,0,0,0,0
2026,20260794,Lewis Askey,21,Stage 21,0,0,0,0,0,0,0,0,0
2026,20260794,Lewis Askey,22,Final Classifications,0,0,0,0,0,0,0,0,0
2026,20260950,Jasper Stuyven,1,Stage 1,0,0,0,0,0,0,0,0,0
2026,20260950,Jasper Stuyven,2,Stage 2,0,0,0,0,0,0,0,0,0
2026,20260950,Jasper Stuyven,3,Stage 3,0,0,0,0,0,0,0,0,0
2026,20260950,Jasper Stuyven,4,Stage 4,30,0,0,0,0,0,0,0,30
2026,20260950,Jasper Stuyven,5,Stage 5,0,0,0,0,0,0,0,2,2
2026,20260950,Jasper Stuyven,6,Stage 6,0,0,0,0,0,0,0,0,0
2026,20260950,Jasper Stuyven,7,Stage 7,0,0,0,0,0,0,0,8,8
2026,20260950,Jasper Stuyven,8,Stage 8,0,0,0,0,0,0,0,8,8
2026,20260950,Jasper Stuyven,9,Stage 9,0,0,0,0,0,0,0,0,0
2026,20260950,Jasper Stuyven,10,Stage 10,0,0,0,0,0,0,0,0,0
2026,20260950,Jasper Stuyven,11,Stage 11,0,0,0,0,0,0,0,0,0
2026,20260950,Jasper Stuyven,12,Stage 12,20,0,0,0,0,0,0,8,28
2026,20260950,Jasper Stuyven,13,Stage 13,0,0,0,0,0,0,0,0,0
2026,20260950,Jasper Stuyven,14,Stage 14,0,0,0,0,0,0,0,0,0
2026,20260950,Jasper Stuyven,15,Stage 15,0,0,0,0,0,0,0,0,0
2026,20260950,Jasper Stuyven,16,Stage 16,0,0,0,0,0,0,0,0,0
2026,20260950,Jasper Stuyven,17,Stage 17,0,0,0,0,10,0,20,0,30
2026,20260950,Jasper Stuyven,18,Stage 18,0,0,0,0,0,0,0,0,0
2026,20260950,Jasper Stuyven,19,Stage 19,0,0,0,0,0,0,0,0,0
2026,20260950,Jasper Stuyven,20,Stage 20,0,0,0,0,0,0,0,0,0
2026,20260950,Jasper Stuyven,21,Stage 21,40,0,0,0,0,0,0,0,40
2026,20260950,Jasper Stuyven,22,Final Classifications,0,0,0,0,0,0,0,0,0
2026,20260112,Phil Bauhaus,1,Stage 1,0,0,0,0,0,0,0,0,0
2026,20260112,Phil Bauhaus,2,Stage 2,0,0,0,0,0,0,0,0,0
2026,20260112,Phil Bauhaus,3,Stage 3,0,0,0,0,0,0,0,0,0
2026,20260112,Phil Bauhaus,4,Stage 4,0,0,0,0,0,0,0,0,0
2026,20260112,Phil Bauhaus,5,Stage 5,12,0,0,0,0,0,0,0,12
2026,20260112,Phil Bauhaus,6,Stage 6,0,0,0,0,0,0,0,0,0
2026,20260112,Phil Bauhaus,7,Stage 7,110,0,0,0,0,0,0,0,110
2026,20260112,Phil Bauhaus,8,Stage 8,16,0,0,0,0,0,0,0,16
2026,20260112,Phil Bauhaus,9,Stage 9,0,0,0,0,0,0,0,0,0
2026,20260112,Phil Bauhaus,10,Stage 10,0,0,0,0,0,0,0,0,0
2026,20260112,Phil Bauhaus,11,Stage 11,0,0,0,0,0,0,0,0,0
2026,20260112,Phil Bauhaus,12,Stage 12,0,0,0,0,0,0,0,0,0
2026,20260112,Phil Bauhaus,13,Stage 13,0,0,0,0,0,0,0,0,0
2026,20260112,Phil Bauhaus,14,Stage 14,0,0,0,0,0,0,0,0,0
2026,20260112,Phil Bauhaus,15,Stage 15,0,0,0,0,0,0,0,0,0
2026,20260112,Phil Bauhaus,16,Stage 16,0,0,0,0,0,0,0,0,0
2026,20260112,Phil Bauhaus,17,Stage 17,0,0,0,0,0,0,0,0,0
2026,20260112,Phil Bauhaus,18,Stage 18,0,0,0,0,0,0,0,0,0
2026,20260112,Phil Bauhaus,19,Stage 19,0,0,0,0,0,0,0,4,4
2026,20260112,Phil Bauhaus,20,Stage 20,0,0,0,0,0,0,0,0,0
2026,20260112,Phil Bauhaus,21,Stage 21,0,0,0,0,0,0,0,0,0
2026,20260112,Phil Bauhaus,22,Final Classifications,0,0,0,0,0,0,0,0,0
2026,20261339,Torstein Træen,1,Stage 1,0,0,0,0,0,0,0,0,0
2026,20261339,Torstein Træen,2,Stage 2,0,0,0,0,0,0,0,0,0
2026,20261339,Torstein Træen,3,Stage 3,0,0,0,0,0,0,0,0,0
2026,20261339,Torstein Træen,4,Stage 4,80,30,0,0,0,0,0,0,110
2026,20261339,Torstein Træen,5,Stage 5,0,30,0,0,0,0,0,0,30
2026,20261339,Torstein Træen,6,Stage 6,0,0,0,0,0,0,0,0,0
2026,20261339,Torstein Træen,7,Stage 7,0,0,0,0,0,0,0,0,0
2026,20261339,Torstein Træen,8,Stage 8,0,0,0,0,0,0,0,0,0
2026,20261339,Torstein Træen,9,Stage 9,0,0,0,0,0,0,0,0,0
2026,20261339,Torstein Træen,10,Stage 10,0,0,0,0,0,0,0,0,0
2026,20261339,Torstein Træen,11,Stage 11,0,0,0,0,0,0,0,0,0
2026,20261339,Torstein Træen,12,Stage 12,0,0,0,0,0,0,0,0,0
2026,20261339,Torstein Træen,13,Stage 13,0,0,0,0,0,0,0,0,0
2026,20261339,Torstein Træen,14,Stage 14,0,0,0,0,0,0,0,0,0
2026,20261339,Torstein Træen,15,Stage 15,0,0,0,0,0,0,0,0,0
2026,20261339,Torstein Træen,16,Stage 16,0,0,0,0,0,0,0,0,0
2026,20261339,Torstein Træen,17,Stage 17,0,0,0,0,0,0,0,0,0
2026,20261339,Torstein Træen,18,Stage 18,0,0,0,0,0,0,0,0,0
2026,20261339,Torstein Træen,19,Stage 19,0,0,0,0,0,0,0,0,0
2026,20261339,Torstein Træen,20,Stage 20,0,0,0,0,0,0,0,0,0
2026,20261339,Torstein Træen,21,Stage 21,0,0,0,0,0,0,0,0,0
2026,20261339,Torstein Træen,22,Final Classifications,0,0,0,0,0,0,0,0,0
2026,20260700,Baptiste Veistroffer,1,Stage 1,0,0,0,0,0,0,0,0,0
2026,20260700,Baptiste Veistroffer,2,Stage 2,0,0,0,0,0,0,0,0,0
2026,20260700,Baptiste Veistroffer,3,Stage 3,0,0,0,0,0,0,0,0,0
2026,20260700,Baptiste Veistroffer,4,Stage 4,0,0,0,0,0,0,0,0,0
2026,20260700,Baptiste Veistroffer,5,Stage 5,0,0,0,0,20,0,20,0,40
2026,20260700,Baptiste Veistroffer,6,Stage 6,0,0,0,0,0,0,0,0,0
2026,20260700,Baptiste Veistroffer,7,Stage 7,0,0,0,0,20,0,20,0,40
2026,20260700,Baptiste Veistroffer,8,Stage 8,0,0,0,0,0,0,0,0,0
2026,20260700,Baptiste Veistroffer,9,Stage 9,0,0,0,0,0,0,0,0,0
2026,20260700,Baptiste Veistroffer,10,Stage 10,0,0,0,0,0,0,0,0,0
2026,20260700,Baptiste Veistroffer,11,Stage 11,0,0,0,0,0,0,0,0,0
2026,20260700,Baptiste Veistroffer,12,Stage 12,0,0,0,0,20,0,20,0,40
2026,20260700,Baptiste Veistroffer,13,Stage 13,0,0,0,0,0,0,0,0,0
2026,20260700,Baptiste Veistroffer,14,Stage 14,0,0,0,0,0,0,0,0,0
2026,20260700,Baptiste Veistroffer,15,Stage 15,0,0,0,0,0,0,0,0,0
2026,20260700,Baptiste Veistroffer,16,Stage 16,0,0,0,0,0,0,0,0,0
2026,20260700,Baptiste Veistroffer,17,Stage 17,0,0,0,0,0,0,0,0,0
2026,20260700,Baptiste Veistroffer,18,Stage 18,0,0,0,0,0,0,0,0,0
2026,20260700,Baptiste Veistroffer,19,Stage 19,0,0,0,0,0,0,0,0,0
2026,20260700,Baptiste Veistroffer,20,Stage 20,0,0,0,0,0,0,0,0,0
2026,20260700,Baptiste Veistroffer,21,Stage 21,0,0,0,0,20,0,0,0,20
2026,20260700,Baptiste Veistroffer,22,Final Classifications,0,0,0,0,0,0,0,0,0
2026,20260537,Romain Grégoire,1,Stage 1,0,0,0,0,0,0,0,5,5
2026,20260537,Romain Grégoire,2,Stage 2,95,14,0,0,0,0,0,0,109
2026,20260537,Romain Grégoire,3,Stage 3,0,0,0,0,0,0,0,0,0
2026,20260537,Romain Grégoire,4,Stage 4,0,0,0,0,0,0,0,0,0
2026,20260537,Romain Grégoire,5,Stage 5,0,0,0,0,0,0,0,0,0
2026,20260537,Romain Grégoire,6,Stage 6,0,0,0,0,0,0,0,0,0
2026,20260537,Romain Grégoire,7,Stage 7,0,0,0,0,0,0,0,0,0
2026,20260537,Romain Grégoire,8,Stage 8,0,0,0,0,0,0,0,0,0
2026,20260537,Romain Grégoire,9,Stage 9,0,0,0,0,0,0,0,0,0
2026,20260537,Romain Grégoire,10,Stage 10,0,0,0,0,0,0,0,0,0
2026,20260537,Romain Grégoire,11,Stage 11,0,0,0,0,0,0,0,0,0
2026,20260537,Romain Grégoire,12,Stage 12,0,0,0,0,0,0,0,0,0
2026,20260537,Romain Grégoire,13,Stage 13,0,0,0,0,0,0,0,0,0
2026,20260537,Romain Grégoire,14,Stage 14,0,0,0,0,0,0,0,0,0
2026,20260537,Romain Grégoire,15,Stage 15,0,0,0,0,0,0,0,0,0
2026,20260537,Romain Grégoire,16,Stage 16,0,0,0,0,0,0,0,0,0
2026,20260537,Romain Grégoire,17,Stage 17,0,0,0,0,0,0,0,0,0
2026,20260537,Romain Grégoire,18,Stage 18,0,0,0,0,1,0,20,0,21
2026,20260537,Romain Grégoire,19,Stage 19,0,0,0,0,0,0,0,0,0
2026,20260537,Romain Grégoire,20,Stage 20,0,0,0,0,0,0,0,0,0
2026,20260537,Romain Grégoire,21,Stage 21,0,0,0,0,0,0,0,0,0
2026,20260537,Romain Grégoire,22,Final Classifications,0,0,0,0,0,0,0,0,0
2026,20261185,Nicolas Breuillard,1,Stage 1,0,0,0,0,0,0,0,0,0
2026,20261185,Nicolas Breuillard,2,Stage 2,0,0,0,0,0,0,0,0,0
2026,20261185,Nicolas Breuillard,3,Stage 3,0,0,0,0,0,0,0,0,0
2026,20261185,Nicolas Breuillard,4,Stage 4,0,0,0,0,0,0,0,0,0
2026,20261185,Nicolas Breuillard,5,Stage 5,0,0,0,0,0,0,0,0,0
2026,20261185,Nicolas Breuillard,6,Stage 6,0,0,0,0,0,0,0,0,0
2026,20261185,Nicolas Breuillard,7,Stage 7,0,0,0,0,0,0,0,0,0
2026,20261185,Nicolas Breuillard,8,Stage 8,0,0,0,0,0,0,0,0,0
2026,20261185,Nicolas Breuillard,9,Stage 9,80,0,0,0,0,0,0,0,80
2026,20261185,Nicolas Breuillard,10,Stage 10,0,0,0,0,0,0,0,0,0
2026,20261185,Nicolas Breuillard,11,Stage 11,0,0,0,0,0,0,0,0,0
2026,20261185,Nicolas Breuillard,12,Stage 12,0,0,0,0,0,0,0,0,0
2026,20261185,Nicolas Breuillard,13,Stage 13,30,0,0,0,0,0,0,0,30
2026,20261185,Nicolas Breuillard,14,Stage 14,0,0,0,0,0,0,0,0,0
2026,20261185,Nicolas Breuillard,15,Stage 15,0,0,0,0,0,0,0,0,0
2026,20261185,Nicolas Breuillard,16,Stage 16,0,0,0,0,0,0,0,0,0
2026,20261185,Nicolas Breuillard,17,Stage 17,0,0,0,0,0,0,0,0,0
2026,20261185,Nicolas Breuillard,18,Stage 18,0,0,0,0,2,0,20,0,22
2026,20261185,Nicolas Breuillard,19,Stage 19,0,0,0,0,0,0,0,0,0
2026,20261185,Nicolas Breuillard,20,Stage 20,0,0,0,0,0,0,0,0,0
2026,20261185,Nicolas Breuillard,21,Stage 21,0,0,0,0,0,0,0,0,0
2026,20261185,Nicolas Breuillard,22,Final Classifications,0,0,0,0,0,0,0,0,0
2026,20260394,Ben Healy,1,Stage 1,0,0,0,0,0,0,0,0,0
2026,20260394,Ben Healy,2,Stage 2,0,0,0,0,0,0,0,0,0
2026,20260394,Ben Healy,3,Stage 3,0,0,0,0,0,0,0,2,2
2026,20260394,Ben Healy,4,Stage 4,0,0,0,0,0,0,0,6,6
2026,20260394,Ben Healy,5,Stage 5,0,0,0,0,0,0,0,6,6
2026,20260394,Ben Healy,6,Stage 6,0,0,0,0,0,0,0,0,0
2026,20260394,Ben Healy,7,Stage 7,0,0,0,0,0,0,0,0,0
2026,20260394,Ben Healy,8,Stage 8,0,0,0,0,0,0,0,0,0
2026,20260394,Ben Healy,9,Stage 9,0,0,0,0,5,0,0,0,5
2026,20260394,Ben Healy,10,Stage 10,0,0,0,0,0,0,0,0,0
2026,20260394,Ben Healy,11,Stage 11,0,0,0,0,0,0,0,0,0
2026,20260394,Ben Healy,12,Stage 12,0,0,0,0,0,0,0,0,0
2026,20260394,Ben Healy,13,Stage 13,0,0,0,0,0,0,0,0,0
2026,20260394,Ben Healy,14,Stage 14,0,0,0,0,0,8,20,0,28
2026,20260394,Ben Healy,15,Stage 15,0,0,0,0,0,0,20,0,20
2026,20260394,Ben Healy,16,Stage 16,0,0,0,0,0,0,0,0,0
2026,20260394,Ben Healy,17,Stage 17,0,0,0,0,14,0,0,0,14
2026,20260394,Ben Healy,18,Stage 18,0,0,0,0,0,6,0,8,14
2026,20260394,Ben Healy,19,Stage 19,0,0,0,0,0,0,0,2,2
2026,20260394,Ben Healy,20,Stage 20,0,0,0,0,3,0,20,8,31
2026,20260394,Ben Healy,21,Stage 21,0,0,0,0,0,0,0,0,0
2026,20260394,Ben Healy,22,Final Classifications,0,0,0,0,0,0,0,0,0
2026,20260591,Joshua Tarling,1,Stage 1,0,0,0,0,0,0,0,40,40
2026,20260591,Joshua Tarling,2,Stage 2,0,0,0,0,0,0,0,4,4
2026,20260591,Joshua Tarling,3,Stage 3,0,0,0,0,0,0,0,0,0
2026,20260591,Joshua Tarling,4,Stage 4,0,0,0,0,0,0,0,0,0
2026,20260591,Joshua Tarling,5,Stage 5,0,0,0,0,0,0,0,0,0
2026,20260591,Joshua Tarling,6,Stage 6,0,0,0,0,0,0,0,0,0
2026,20260591,Joshua Tarling,7,Stage 7,0,0,0,0,0,0,0,0,0
2026,20260591,Joshua Tarling,8,Stage 8,0,0,0,0,0,0,0,0,0
2026,20260591,Joshua Tarling,9,Stage 9,0,0,0,0,0,0,0,0,0
2026,20260591,Joshua Tarling,10,Stage 10,0,0,0,0,0,0,0,0,0
2026,20260591,Joshua Tarling,11,Stage 11,0,0,0,0,0,0,0,0,0
2026,20260591,Joshua Tarling,12,Stage 12,0,0,0,0,0,0,0,0,0
2026,20260591,Joshua Tarling,13,Stage 13,0,0,0,0,0,0,0,0,0
2026,20260591,Joshua Tarling,14,Stage 14,0,0,0,0,0,0,0,0,0
2026,20260591,Joshua Tarling,15,Stage 15,0,0,0,0,0,0,0,0,0
2026,20260591,Joshua Tarling,16,Stage 16,60,0,0,0,0,0,0,0,60
2026,20260591,Joshua Tarling,17,Stage 17,0,0,0,0,0,0,20,0,20
2026,20260591,Joshua Tarling,18,Stage 18,0,0,0,0,0,0,0,0,0
2026,20260591,Joshua Tarling,19,Stage 19,0,0,0,0,0,0,0,0,0
2026,20260591,Joshua Tarling,20,Stage 20,0,0,0,0,0,0,0,0,0
2026,20260591,Joshua Tarling,21,Stage 21,0,0,0,0,0,0,0,0,0
2026,20260591,Joshua Tarling,22,Final Classifications,0,0,0,0,0,0,0,0,0
2026,20261138,Edoardo Affini,1,Stage 1,0,0,0,0,0,0,0,50,50
2026,20261138,Edoardo Affini,2,Stage 2,0,0,0,0,0,0,0,8,8
2026,20261138,Edoardo Affini,3,Stage 3,0,0,0,0,0,0,0,8,8
2026,20261138,Edoardo Affini,4,Stage 4,0,0,0,0,0,0,0,0,0
2026,20261138,Edoardo Affini,5,Stage 5,0,0,0,0,0,0,0,0,0
2026,20261138,Edoardo Affini,6,Stage 6,0,0,0,0,0,0,0,8,8
2026,20261138,Edoardo Affini,7,Stage 7,0,0,0,0,0,0,0,4,4
2026,20261138,Edoardo Affini,8,Stage 8,0,0,0,0,0,0,0,4,4
2026,20261138,Edoardo Affini,9,Stage 9,0,0,0,0,0,0,0,6,6
2026,20261138,Edoardo Affini,10,Stage 10,0,0,0,0,0,0,0,6,6
2026,20261138,Edoardo Affini,11,Stage 11,0,0,0,0,0,0,0,6,6
2026,20261138,Edoardo Affini,12,Stage 12,0,0,0,0,0,0,0,6,6
2026,20261138,Edoardo Affini,13,Stage 13,0,0,0,0,0,0,0,4,4
2026,20261138,Edoardo Affini,14,Stage 14,0,0,0,0,0,0,0,6,6
2026,20261138,Edoardo Affini,15,Stage 15,0,0,0,0,0,0,0,0,0
2026,20261138,Edoardo Affini,16,Stage 16,0,0,0,0,0,0,0,0,0
2026,20261138,Edoardo Affini,17,Stage 17,0,0,0,0,0,0,0,0,0
2026,20261138,Edoardo Affini,18,Stage 18,0,0,0,0,0,0,0,2,2
2026,20261138,Edoardo Affini,19,Stage 19,0,0,0,0,0,0,0,0,0
2026,20261138,Edoardo Affini,20,Stage 20,0,0,0,0,0,0,0,0,0
2026,20261138,Edoardo Affini,21,Stage 21,0,0,0,0,0,0,0,0,0
2026,20261138,Edoardo Affini,22,Final Classifications,0,0,0,0,0,0,0,0,0
2026,20260675,Jenno Berckmoes,1,Stage 1,0,0,0,0,0,0,0,0,0
2026,20260675,Jenno Berckmoes,2,Stage 2,0,0,0,0,0,0,0,0,0
2026,20260675,Jenno Berckmoes,3,Stage 3,0,0,0,0,0,0,0,0,0
2026,20260675,Jenno Berckmoes,4,Stage 4,0,0,0,0,0,0,0,0,0
2026,20260675,Jenno Berckmoes,5,Stage 5,50,0,0,0,0,0,0,0,50
2026,20260675,Jenno Berckmoes,6,Stage 6,0,0,0,0,0,0,0,0,0
2026,20260675,Jenno Berckmoes,7,Stage 7,16,0,0,0,0,0,0,0,16
2026,20260675,Jenno Berckmoes,8,Stage 8,12,0,0,0,0,0,0,0,12
2026,20260675,Jenno Berckmoes,9,Stage 9,0,0,0,0,0,0,0,0,0
2026,20260675,Jenno Berckmoes,10,Stage 10,0,0,0,0,0,0,0,0,0
2026,20260675,Jenno Berckmoes,11,Stage 11,35,0,0,0,0,0,0,0,35
2026,20260675,Jenno Berckmoes,12,Stage 12,0,0,0,0,3,0,0,0,3
2026,20260675,Jenno Berckmoes,13,Stage 13,0,0,0,0,0,0,0,0,0
2026,20260675,Jenno Berckmoes,14,Stage 14,0,0,0,0,0,0,0,0,0
2026,20260675,Jenno Berckmoes,15,Stage 15,0,0,0,0,0,0,0,0,0
2026,20260675,Jenno Berckmoes,16,Stage 16,0,0,0,0,0,0,0,0,0
2026,20260675,Jenno Berckmoes,17,Stage 17,0,0,0,0,0,0,0,0,0
2026,20260675,Jenno Berckmoes,18,Stage 18,0,0,0,0,0,0,0,0,0
2026,20260675,Jenno Berckmoes,19,Stage 19,0,0,0,0,0,0,0,0,0
2026,20260675,Jenno Berckmoes,20,Stage 20,0,0,0,0,0,0,0,0,0
2026,20260675,Jenno Berckmoes,21,Stage 21,0,0,0,0,0,0,0,0,0
2026,20260675,Jenno Berckmoes,22,Final Classifications,0,0,0,0,0,0,0,0,0
2026,20261061,Luke Plapp,1,Stage 1,0,0,0,0,0,0,0,0,0
2026,20261061,Luke Plapp,2,Stage 2,0,0,0,0,0,0,0,0,0
2026,20261061,Luke Plapp,3,Stage 3,0,0,0,0,6,0,20,0,26
2026,20261061,Luke Plapp,4,Stage 4,0,0,0,0,0,0,0,0,0
2026,20261061,Luke Plapp,5,Stage 5,0,0,0,0,0,0,0,0,0
2026,20261061,Luke Plapp,6,Stage 6,0,0,0,0,0,0,0,0,0
2026,20261061,Luke Plapp,7,Stage 7,0,0,0,0,0,0,0,0,0
2026,20261061,Luke Plapp,8,Stage 8,0,0,0,0,0,0,0,0,0
2026,20261061,Luke Plapp,9,Stage 9,0,0,0,0,0,0,0,0,0
2026,20261061,Luke Plapp,10,Stage 10,0,0,0,0,0,0,0,0,0
2026,20261061,Luke Plapp,11,Stage 11,0,0,0,0,0,0,0,0,0
2026,20261061,Luke Plapp,12,Stage 12,0,0,0,0,0,0,0,0,0
2026,20261061,Luke Plapp,13,Stage 13,60,0,0,0,3,4,0,8,75
2026,20261061,Luke Plapp,14,Stage 14,0,0,0,0,0,0,0,0,0
2026,20261061,Luke Plapp,15,Stage 15,0,0,0,0,0,0,0,0,0
2026,20261061,Luke Plapp,16,Stage 16,0,0,0,0,0,0,0,0,0
2026,20261061,Luke Plapp,17,Stage 17,0,0,0,0,0,0,0,4,4
2026,20261061,Luke Plapp,18,Stage 18,0,0,0,0,0,0,0,4,4
2026,20261061,Luke Plapp,19,Stage 19,0,0,0,0,0,0,0,0,0
2026,20261061,Luke Plapp,20,Stage 20,0,0,0,0,0,0,0,0,0
2026,20261061,Luke Plapp,21,Stage 21,0,0,0,0,6,0,0,0,6
2026,20261061,Luke Plapp,22,Final Classifications,0,0,0,0,0,0,0,0,0
2026,20261048,Felix Engelhardt,1,Stage 1,0,0,0,0,0,0,0,0,0
2026,20261048,Felix Engelhardt,2,Stage 2,0,0,2,6,16,0,20,0,44
2026,20261048,Felix Engelhardt,3,Stage 3,0,0,0,0,0,0,0,0,0
2026,20261048,Felix Engelhardt,4,Stage 4,0,0,0,0,0,0,0,0,0
2026,20261048,Felix Engelhardt,5,Stage 5,0,0,0,0,0,0,0,0,0
2026,20261048,Felix Engelhardt,6,Stage 6,0,0,0,0,0,0,0,0,0
2026,20261048,Felix Engelhardt,7,Stage 7,0,0,0,0,0,0,0,0,0
2026,20261048,Felix Engelhardt,8,Stage 8,0,0,0,0,0,0,0,0,0
2026,20261048,Felix Engelhardt,9,Stage 9,0,0,0,0,0,0,0,0,0
2026,20261048,Felix Engelhardt,10,Stage 10,0,0,0,0,0,0,0,0,0
2026,20261048,Felix Engelhardt,11,Stage 11,0,0,0,0,0,0,0,0,0
2026,20261048,Felix Engelhardt,12,Stage 12,0,0,0,0,0,0,0,0,0
2026,20261048,Felix Engelhardt,13,Stage 13,0,0,0,0,0,0,0,8,8
2026,20261048,Felix Engelhardt,14,Stage 14,0,0,0,0,0,0,0,0,0
2026,20261048,Felix Engelhardt,15,Stage 15,0,0,0,0,0,0,0,0,0
2026,20261048,Felix Engelhardt,16,Stage 16,0,0,0,0,0,0,0,0,0
2026,20261048,Felix Engelhardt,17,Stage 17,0,0,0,0,8,0,20,4,32
2026,20261048,Felix Engelhardt,18,Stage 18,0,0,0,0,6,0,20,4,30
2026,20261048,Felix Engelhardt,19,Stage 19,0,0,0,0,0,0,0,0,0
2026,20261048,Felix Engelhardt,20,Stage 20,0,0,0,0,0,0,0,0,0
2026,20261048,Felix Engelhardt,21,Stage 21,0,0,0,0,0,0,0,0,0
2026,20261048,Felix Engelhardt,22,Final Classifications,0,0,0,0,0,0,0,0,0
2026,20260571,Tobias Foss,1,Stage 1,0,0,0,0,0,0,0,40,40
2026,20260571,Tobias Foss,2,Stage 2,4,7,0,0,0,0,0,4,15
2026,20260571,Tobias Foss,3,Stage 3,0,0,0,0,0,0,0,0,0
2026,20260571,Tobias Foss,4,Stage 4,0,0,0,0,0,0,0,0,0
2026,20260571,Tobias Foss,5,Stage 5,0,0,0,0,0,0,0,0,0
2026,20260571,Tobias Foss,6,Stage 6,0,0,0,0,0,0,0,0,0
2026,20260571,Tobias Foss,7,Stage 7,0,0,0,0,0,0,0,0,0
2026,20260571,Tobias Foss,8,Stage 8,0,0,0,0,0,0,0,0,0
2026,20260571,Tobias Foss,9,Stage 9,0,0,0,0,0,0,0,0,0
2026,20260571,Tobias Foss,10,Stage 10,0,0,0,0,0,0,0,0,0
2026,20260571,Tobias Foss,11,Stage 11,0,0,0,0,0,0,0,0,0
2026,20260571,Tobias Foss,12,Stage 12,0,0,0,0,0,0,0,0,0
2026,20260571,Tobias Foss,13,Stage 13,0,0,0,0,0,0,0,0,0
2026,20260571,Tobias Foss,14,Stage 14,0,0,0,0,0,0,0,0,0
2026,20260571,Tobias Foss,15,Stage 15,0,0,0,0,0,0,0,0,0
2026,20260571,Tobias Foss,16,Stage 16,0,0,0,0,0,0,0,0,0
2026,20260571,Tobias Foss,17,Stage 17,0,0,0,0,0,0,0,0,0
2026,20260571,Tobias Foss,18,Stage 18,0,0,0,0,0,0,0,0,0
2026,20260571,Tobias Foss,19,Stage 19,0,0,0,0,14,0,0,0,14
2026,20260571,Tobias Foss,20,Stage 20,0,0,0,0,10,8,20,0,38
2026,20260571,Tobias Foss,21,Stage 21,0,0,0,0,0,0,0,0,0
2026,20260571,Tobias Foss,22,Final Classifications,0,0,0,0,0,0,0,0,0
2026,20260280,Alex Molenaar,1,Stage 1,0,0,0,0,0,0,0,0,0
2026,20260280,Alex Molenaar,2,Stage 2,0,0,8,12,20,0,20,0,60
2026,20260280,Alex Molenaar,3,Stage 3,0,0,0,4,0,0,0,0,4
2026,20260280,Alex Molenaar,4,Stage 4,25,0,0,8,0,0,0,0,33
2026,20260280,Alex Molenaar,5,Stage 5,0,0,0,8,0,0,0,0,8
2026,20260280,Alex Molenaar,6,Stage 6,0,0,0,0,0,0,0,0,0
2026,20260280,Alex Molenaar,7,Stage 7,0,0,0,0,0,0,0,0,0
2026,20260280,Alex Molenaar,8,Stage 8,0,0,0,0,0,0,0,0,0
2026,20260280,Alex Molenaar,9,Stage 9,0,0,0,0,0,0,0,0,0
2026,20260280,Alex Molenaar,10,Stage 10,0,0,0,0,0,0,0,0,0
2026,20260280,Alex Molenaar,11,Stage 11,0,0,0,0,0,0,0,0,0
2026,20260280,Alex Molenaar,12,Stage 12,0,0,0,0,0,0,0,0,0
2026,20260280,Alex Molenaar,13,Stage 13,0,0,0,0,0,0,0,0,0
2026,20260280,Alex Molenaar,14,Stage 14,0,0,0,0,0,0,0,0,0
2026,20260280,Alex Molenaar,15,Stage 15,0,0,0,0,0,0,0,0,0
2026,20260280,Alex Molenaar,16,Stage 16,0,0,0,0,0,0,0,0,0
2026,20260280,Alex Molenaar,17,Stage 17,0,0,0,0,0,0,0,0,0
2026,20260280,Alex Molenaar,18,Stage 18,0,0,0,0,0,0,0,0,0
2026,20260280,Alex Molenaar,19,Stage 19,0,0,0,0,0,0,0,0,0
2026,20260280,Alex Molenaar,20,Stage 20,0,0,0,0,0,0,0,0,0
2026,20260280,Alex Molenaar,21,Stage 21,0,0,0,0,0,0,0,0,0
2026,20260280,Alex Molenaar,22,Final Classifications,0,0,0,0,0,0,0,0,0
2026,20260766,Einer Rubio,1,Stage 1,0,0,0,0,0,0,0,0,0
2026,20260766,Einer Rubio,2,Stage 2,0,0,0,0,0,0,0,0,0
2026,20260766,Einer Rubio,3,Stage 3,0,0,0,0,0,0,0,0,0
2026,20260766,Einer Rubio,4,Stage 4,0,0,0,0,0,0,0,2,2
2026,20260766,Einer Rubio,5,Stage 5,0,0,0,0,0,0,0,0,0
2026,20260766,Einer Rubio,6,Stage 6,0,0,0,0,0,0,0,0,0
2026,20260766,Einer Rubio,7,Stage 7,0,0,0,0,0,0,0,0,0
2026,20260766,Einer Rubio,8,Stage 8,0,0,0,0,0,0,0,0,0
2026,20260766,Einer Rubio,9,Stage 9,0,0,0,0,0,0,0,0,0
2026,20260766,Einer Rubio,10,Stage 10,0,0,0,0,2,0,0,0,2
2026,20260766,Einer Rubio,11,Stage 11,0,0,0,0,0,0,0,0,0
2026,20260766,Einer Rubio,12,Stage 12,0,0,0,0,0,0,0,0,0
2026,20260766,Einer Rubio,13,Stage 13,0,0,0,0,0,0,0,0,0
2026,20260766,Einer Rubio,14,Stage 14,0,0,0,0,0,4,20,0,24
2026,20260766,Einer Rubio,15,Stage 15,20,0,0,0,8,2,20,0,50
2026,20260766,Einer Rubio,16,Stage 16,0,0,0,0,0,0,0,0,0
2026,20260766,Einer Rubio,17,Stage 17,0,0,0,0,0,0,20,0,20
2026,20260766,Einer Rubio,18,Stage 18,0,0,0,0,0,0,0,0,0
2026,20260766,Einer Rubio,19,Stage 19,0,0,0,0,0,0,0,0,0
2026,20260766,Einer Rubio,20,Stage 20,0,0,0,0,0,0,0,0,0
2026,20260766,Einer Rubio,21,Stage 21,0,0,0,0,0,0,0,0,0
2026,20260766,Einer Rubio,22,Final Classifications,0,0,0,0,0,0,0,0,0
2026,20260018,Edward Planckaert,1,Stage 1,0,0,0,0,0,0,0,10,10
2026,20260018,Edward Planckaert,2,Stage 2,0,0,0,0,0,0,0,0,0
2026,20260018,Edward Planckaert,3,Stage 3,0,0,0,0,0,0,0,0,0
2026,20260018,Edward Planckaert,4,Stage 4,0,0,0,0,12,0,0,0,12
2026,20260018,Edward Planckaert,5,Stage 5,0,0,0,0,0,0,0,0,0
2026,20260018,Edward Planckaert,6,Stage 6,0,0,0,0,0,0,0,0,0
2026,20260018,Edward Planckaert,7,Stage 7,0,0,0,0,0,0,0,0,0
2026,20260018,Edward Planckaert,8,Stage 8,0,0,0,0,0,0,0,0,0
2026,20260018,Edward Planckaert,9,Stage 9,0,0,0,0,0,0,0,8,8
2026,20260018,Edward Planckaert,10,Stage 10,0,0,0,0,0,0,0,0,0
2026,20260018,Edward Planckaert,11,Stage 11,0,0,0,0,0,0,0,2,2
2026,20260018,Edward Planckaert,12,Stage 12,0,0,0,0,0,0,0,2,2
2026,20260018,Edward Planckaert,13,Stage 13,0,0,0,0,12,0,0,0,12
2026,20260018,Edward Planckaert,14,Stage 14,0,0,0,0,8,0,0,0,8
2026,20260018,Edward Planckaert,15,Stage 15,0,0,0,0,5,0,0,0,5
2026,20260018,Edward Planckaert,16,Stage 16,0,0,0,0,0,0,0,0,0
2026,20260018,Edward Planckaert,17,Stage 17,0,0,0,0,16,0,0,8,24
2026,20260018,Edward Planckaert,18,Stage 18,0,0,0,0,0,0,0,0,0
2026,20260018,Edward Planckaert,19,Stage 19,0,0,0,0,0,0,0,0,0
2026,20260018,Edward Planckaert,20,Stage 20,0,0,0,0,0,0,0,0,0
2026,20260018,Edward Planckaert,21,Stage 21,0,0,0,0,0,0,0,12,12
2026,20260018,Edward Planckaert,22,Final Classifications,0,0,0,0,0,0,0,0,0
2026,20260850,Fred Wright,1,Stage 1,0,0,0,0,0,0,0,0,0
2026,20260850,Fred Wright,2,Stage 2,0,0,0,0,0,0,0,0,0
2026,20260850,Fred Wright,3,Stage 3,0,0,0,0,0,0,0,0,0
2026,20260850,Fred Wright,4,Stage 4,0,0,0,0,0,0,0,0,0
2026,20260850,Fred Wright,5,Stage 5,0,0,0,0,0,0,0,0,0
2026,20260850,Fred Wright,6,Stage 6,0,0,0,0,0,0,0,0,0
2026,20260850,Fred Wright,7,Stage 7,8,0,0,0,0,0,0,0,8
2026,20260850,Fred Wright,8,Stage 8,8,0,0,0,0,0,0,0,8
2026,20260850,Fred Wright,9,Stage 9,0,0,0,0,0,0,0,2,2
2026,20260850,Fred Wright,10,Stage 10,0,0,0,0,0,0,0,0,0
2026,20260850,Fred Wright,11,Stage 11,16,0,0,0,0,0,0,0,16
2026,20260850,Fred Wright,12,Stage 12,40,0,0,0,0,0,0,0,40
2026,20260850,Fred Wright,13,Stage 13,0,0,0,0,10,0,0,2,12
2026,20260850,Fred Wright,14,Stage 14,0,0,0,0,0,0,0,0,0
2026,20260850,Fred Wright,15,Stage 15,0,0,0,0,0,0,0,0,0
2026,20260850,Fred Wright,16,Stage 16,0,0,0,0,0,0,0,0,0
2026,20260850,Fred Wright,17,Stage 17,0,0,0,0,0,0,0,0,0
2026,20260850,Fred Wright,18,Stage 18,0,0,0,0,0,0,0,0,0
2026,20260850,Fred Wright,19,Stage 19,0,0,0,0,0,0,0,0,0
2026,20260850,Fred Wright,20,Stage 20,0,0,0,0,0,0,0,0,0
2026,20260850,Fred Wright,21,Stage 21,0,0,0,0,0,0,0,0,0
2026,20260850,Fred Wright,22,Final Classifications,0,0,0,0,0,0,0,0,0
2026,20261384,Aaron Gate,1,Stage 1,0,0,0,0,0,0,0,0,0
2026,20261384,Aaron Gate,2,Stage 2,0,0,0,0,0,0,0,0,0
2026,20261384,Aaron Gate,3,Stage 3,0,0,0,0,0,0,0,0,0
2026,20261384,Aaron Gate,4,Stage 4,0,0,0,0,0,0,0,0,0
2026,20261384,Aaron Gate,5,Stage 5,4,0,0,0,1,0,0,4,9
2026,20261384,Aaron Gate,6,Stage 6,0,0,0,0,3,0,0,0,3
2026,20261384,Aaron Gate,7,Stage 7,4,0,0,0,0,0,0,0,4
2026,20261384,Aaron Gate,8,Stage 8,0,0,0,0,0,0,0,0,0
2026,20261384,Aaron Gate,9,Stage 9,0,0,0,0,0,0,0,0,0
2026,20261384,Aaron Gate,10,Stage 10,0,0,0,0,0,0,0,0,0
2026,20261384,Aaron Gate,11,Stage 11,0,0,0,0,0,0,0,0,0
2026,20261384,Aaron Gate,12,Stage 12,0,0,0,0,0,0,0,0,0
2026,20261384,Aaron Gate,13,Stage 13,0,0,0,0,0,0,0,4,4
2026,20261384,Aaron Gate,14,Stage 14,0,0,0,0,0,0,0,0,0
2026,20261384,Aaron Gate,15,Stage 15,0,0,0,0,0,0,0,0,0
2026,20261384,Aaron Gate,16,Stage 16,0,0,0,0,0,0,0,0,0
2026,20261384,Aaron Gate,17,Stage 17,60,0,0,0,0,0,0,0,60
2026,20261384,Aaron Gate,18,Stage 18,0,0,0,0,0,0,0,0,0
2026,20261384,Aaron Gate,19,Stage 19,0,0,0,0,0,0,0,0,0
2026,20261384,Aaron Gate,20,Stage 20,0,0,0,0,0,0,0,0,0
2026,20261384,Aaron Gate,21,Stage 21,0,0,0,0,0,0,0,0,0
2026,20261384,Aaron Gate,22,Final Classifications,0,0,0,0,0,0,0,0,0
2026,20260362,Aurélien Paret-Peintre,1,Stage 1,0,0,0,0,0,0,0,15,15
2026,20260362,Aurélien Paret-Peintre,2,Stage 2,0,0,0,0,0,0,0,0,0
2026,20260362,Aurélien Paret-Peintre,3,Stage 3,0,0,0,0,0,0,0,0,0
2026,20260362,Aurélien Paret-Peintre,4,Stage 4,0,0,0,0,0,0,0,0,0
2026,20260362,Aurélien Paret-Peintre,5,Stage 5,0,0,0,0,0,0,0,8,8
2026,20260362,Aurélien Paret-Peintre,6,Stage 6,0,0,0,0,0,0,0,0,0
2026,20260362,Aurélien Paret-Peintre,7,Stage 7,0,0,0,0,0,0,0,0,0
2026,20260362,Aurélien Paret-Peintre,8,Stage 8,0,0,0,0,0,0,0,2,2
2026,20260362,Aurélien Paret-Peintre,9,Stage 9,0,0,0,0,0,0,0,0,0
2026,20260362,Aurélien Paret-Peintre,10,Stage 10,0,0,0,0,0,0,0,2,2
2026,20260362,Aurélien Paret-Peintre,11,Stage 11,0,0,0,0,0,0,0,4,4
2026,20260362,Aurélien Paret-Peintre,12,Stage 12,0,0,0,0,0,0,0,4,4
2026,20260362,Aurélien Paret-Peintre,13,Stage 13,0,0,0,0,0,0,0,0,0
2026,20260362,Aurélien Paret-Peintre,14,Stage 14,0,0,0,0,0,0,0,2,2
2026,20260362,Aurélien Paret-Peintre,15,Stage 15,0,0,0,0,0,0,20,0,20
2026,20260362,Aurélien Paret-Peintre,16,Stage 16,0,0,0,0,0,0,0,0,0
2026,20260362,Aurélien Paret-Peintre,17,Stage 17,0,0,0,0,0,0,0,2,2
2026,20260362,Aurélien Paret-Peintre,18,Stage 18,0,0,0,0,0,0,0,0,0
2026,20260362,Aurélien Paret-Peintre,19,Stage 19,0,0,0,0,0,0,0,0,0
2026,20260362,Aurélien Paret-Peintre,20,Stage 20,0,0,0,0,0,0,0,0,0
2026,20260362,Aurélien Paret-Peintre,21,Stage 21,0,0,0,0,0,0,0,0,0
2026,20260362,Aurélien Paret-Peintre,22,Final Classifications,0,0,0,0,0,0,0,20,20
2026,20260283,Jakub Otruba,1,Stage 1,0,0,0,0,0,0,0,0,0
2026,20260283,Jakub Otruba,2,Stage 2,0,0,0,0,0,0,0,0,0
2026,20260283,Jakub Otruba,3,Stage 3,0,0,0,0,0,0,0,0,0
2026,20260283,Jakub Otruba,4,Stage 4,0,0,0,0,0,0,0,0,0
2026,20260283,Jakub Otruba,5,Stage 5,0,0,0,0,0,0,0,0,0
2026,20260283,Jakub Otruba,6,Stage 6,0,0,0,0,0,0,0,0,0
2026,20260283,Jakub Otruba,7,Stage 7,0,0,0,0,16,0,20,0,36
2026,20260283,Jakub Otruba,8,Stage 8,0,0,0,0,20,0,20,0,40
2026,20260283,Jakub Otruba,9,Stage 9,0,0,0,0,0,0,0,0,0
2026,20260283,Jakub Otruba,10,Stage 10,0,0,0,0,0,0,0,0,0
2026,20260283,Jakub Otruba,11,Stage 11,0,0,0,0,0,0,0,0,0
2026,20260283,Jakub Otruba,12,Stage 12,0,0,0,0,0,0,0,0,0
2026,20260283,Jakub Otruba,13,Stage 13,0,0,0,0,0,0,0,0,0
2026,20260283,Jakub Otruba,14,Stage 14,0,0,0,0,0,0,0,0,0
2026,20260283,Jakub Otruba,15,Stage 15,0,0,0,0,0,0,0,0,0
2026,20260283,Jakub Otruba,16,Stage 16,0,0,0,0,0,0,0,0,0
2026,20260283,Jakub Otruba,17,Stage 17,0,0,0,0,0,0,0,0,0
2026,20260283,Jakub Otruba,18,Stage 18,0,0,0,0,0,0,0,0,0
2026,20260283,Jakub Otruba,19,Stage 19,0,0,0,0,0,0,0,0,0
2026,20260283,Jakub Otruba,20,Stage 20,0,0,0,0,0,0,0,0,0
2026,20260283,Jakub Otruba,21,Stage 21,0,0,0,0,0,0,0,0,0
2026,20260283,Jakub Otruba,22,Final Classifications,0,0,0,0,0,0,0,0,0
2026,20260354,Daan Hoole,1,Stage 1,0,0,0,0,0,0,0,15,15
2026,20260354,Daan Hoole,2,Stage 2,0,0,0,0,0,0,0,0,0
2026,20260354,Daan Hoole,3,Stage 3,0,0,0,0,0,0,0,0,0
2026,20260354,Daan Hoole,4,Stage 4,0,0,0,0,0,0,0,0,0
2026,20260354,Daan Hoole,5,Stage 5,0,0,0,0,0,0,0,8,8
2026,20260354,Daan Hoole,6,Stage 6,0,0,0,0,0,0,0,0,0
2026,20260354,Daan Hoole,7,Stage 7,0,0,0,0,0,0,0,0,0
2026,20260354,Daan Hoole,8,Stage 8,0,0,0,0,0,0,0,2,2
2026,20260354,Daan Hoole,9,Stage 9,0,0,0,0,0,0,0,0,0
2026,20260354,Daan Hoole,10,Stage 10,0,0,0,0,0,0,0,2,2
2026,20260354,Daan Hoole,11,Stage 11,0,0,0,0,0,0,0,4,4
2026,20260354,Daan Hoole,12,Stage 12,0,0,0,0,0,0,0,4,4
2026,20260354,Daan Hoole,13,Stage 13,0,0,0,0,0,0,0,0,0
2026,20260354,Daan Hoole,14,Stage 14,0,0,0,0,0,0,0,2,2
2026,20260354,Daan Hoole,15,Stage 15,0,0,0,0,0,0,0,0,0
2026,20260354,Daan Hoole,16,Stage 16,16,0,0,0,0,0,0,0,16
2026,20260354,Daan Hoole,17,Stage 17,0,0,0,0,0,0,0,2,2
2026,20260354,Daan Hoole,18,Stage 18,0,0,0,0,0,0,0,0,0
2026,20260354,Daan Hoole,19,Stage 19,0,0,0,0,0,0,0,0,0
2026,20260354,Daan Hoole,20,Stage 20,0,0,0,0,0,0,0,0,0
2026,20260354,Daan Hoole,21,Stage 21,0,0,0,0,0,0,0,0,0
2026,20260354,Daan Hoole,22,Final Classifications,0,0,0,0,0,0,0,20,20
2026,20260818,Tom Van Asbroeck,1,Stage 1,0,0,0,0,0,0,0,0,0
2026,20260818,Tom Van Asbroeck,2,Stage 2,0,0,0,0,0,0,0,0,0
2026,20260818,Tom Van Asbroeck,3,Stage 3,0,0,0,0,0,0,0,0,0
2026,20260818,Tom Van Asbroeck,4,Stage 4,0,0,0,0,0,0,0,0,0
2026,20260818,Tom Van Asbroeck,5,Stage 5,0,0,0,0,0,0,0,0,0
2026,20260818,Tom Van Asbroeck,6,Stage 6,0,0,0,0,0,0,0,0,0
2026,20260818,Tom Van Asbroeck,7,Stage 7,60,0,0,0,4,0,0,2,66
2026,20260818,Tom Van Asbroeck,8,Stage 8,0,0,0,0,3,0,0,4,7
2026,20260818,Tom Van Asbroeck,9,Stage 9,0,0,0,0,0,0,0,0,0
2026,20260818,Tom Van Asbroeck,10,Stage 10,0,0,0,0,0,0,0,0,0
2026,20260818,Tom Van Asbroeck,11,Stage 11,0,0,0,0,0,0,0,0,0
2026,20260818,Tom Van Asbroeck,12,Stage 12,0,0,0,0,0,0,0,0,0
2026,20260818,Tom Van Asbroeck,13,Stage 13,0,0,0,0,0,0,0,0,0
2026,20260818,Tom Van Asbroeck,14,Stage 14,0,0,0,0,0,0,0,0,0
2026,20260818,Tom Van Asbroeck,15,Stage 15,0,0,0,0,0,0,0,0,0
2026,20260818,Tom Van Asbroeck,16,Stage 16,0,0,0,0,0,0,0,0,0
2026,20260818,Tom Van Asbroeck,17,Stage 17,0,0,0,0,0,0,0,0,0
2026,20260818,Tom Van Asbroeck,18,Stage 18,0,0,0,0,0,0,0,0,0
2026,20260818,Tom Van Asbroeck,19,Stage 19,0,0,0,0,0,0,0,0,0
2026,20260818,Tom Van Asbroeck,20,Stage 20,0,0,0,0,0,0,0,0,0
2026,20260818,Tom Van Asbroeck,21,Stage 21,0,0,0,0,0,0,0,0,0
2026,20260818,Tom Van Asbroeck,22,Final Classifications,0,0,0,0,0,0,0,0,0
2026,20260411,Michael Valgren,1,Stage 1,0,0,0,0,0,0,0,0,0
2026,20260411,Michael Valgren,2,Stage 2,0,0,0,0,0,0,0,0,0
2026,20260411,Michael Valgren,3,Stage 3,0,0,0,0,0,0,0,2,2
2026,20260411,Michael Valgren,4,Stage 4,0,0,0,0,0,0,0,6,6
2026,20260411,Michael Valgren,5,Stage 5,0,0,0,0,0,0,0,6,6
2026,20260411,Michael Valgren,6,Stage 6,0,0,0,0,0,0,0,0,0
2026,20260411,Michael Valgren,7,Stage 7,0,0,0,0,0,0,0,0,0
2026,20260411,Michael Valgren,8,Stage 8,0,0,0,0,0,0,0,0,0
2026,20260411,Michael Valgren,9,Stage 9,0,0,0,0,0,0,0,0,0
2026,20260411,Michael Valgren,10,Stage 10,0,0,0,0,0,0,0,0,0
2026,20260411,Michael Valgren,11,Stage 11,0,0,0,0,0,0,0,0,0
2026,20260411,Michael Valgren,12,Stage 12,0,0,0,0,0,0,0,0,0
2026,20260411,Michael Valgren,13,Stage 13,40,0,0,0,0,0,0,0,40
2026,20260411,Michael Valgren,14,Stage 14,0,0,0,0,0,0,0,0,0
2026,20260411,Michael Valgren,15,Stage 15,0,0,0,0,0,0,0,0,0
2026,20260411,Michael Valgren,16,Stage 16,0,0,0,0,0,0,0,0,0
2026,20260411,Michael Valgren,17,Stage 17,0,0,0,0,0,0,0,0,0
2026,20260411,Michael Valgren,18,Stage 18,0,0,0,0,0,0,0,8,8
2026,20260411,Michael Valgren,19,Stage 19,0,0,0,0,0,0,0,2,2
2026,20260411,Michael Valgren,20,Stage 20,0,0,0,0,0,0,0,8,8
2026,20260411,Michael Valgren,21,Stage 21,0,0,0,0,0,0,0,0,0
2026,20260411,Michael Valgren,22,Final Classifications,0,0,0,0,0,0,0,0,0
2026,20260530,Ewen Costiou,1,Stage 1,0,0,0,0,0,0,0,5,5
2026,20260530,Ewen Costiou,2,Stage 2,0,0,0,0,0,0,0,0,0
2026,20260530,Ewen Costiou,3,Stage 3,0,0,0,0,0,0,0,0,0
2026,20260530,Ewen Costiou,4,Stage 4,0,0,0,0,2,0,0,0,2
2026,20260530,Ewen Costiou,5,Stage 5,0,0,0,0,0,0,0,0,0
2026,20260530,Ewen Costiou,6,Stage 6,0,0,0,0,0,0,0,0,0
2026,20260530,Ewen Costiou,7,Stage 7,0,0,0,0,0,0,0,0,0
2026,20260530,Ewen Costiou,8,Stage 8,0,0,0,0,0,0,0,0,0
2026,20260530,Ewen Costiou,9,Stage 9,0,0,0,0,0,0,0,0,0
2026,20260530,Ewen Costiou,10,Stage 10,0,0,0,0,0,0,0,0,0
2026,20260530,Ewen Costiou,11,Stage 11,0,0,0,0,0,0,0,0,0
2026,20260530,Ewen Costiou,12,Stage 12,0,0,0,0,0,0,20,0,20
2026,20260530,Ewen Costiou,13,Stage 13,0,0,0,0,0,0,0,0,0
2026,20260530,Ewen Costiou,14,Stage 14,0,0,0,0,0,0,0,0,0
2026,20260530,Ewen Costiou,15,Stage 15,16,0,0,0,0,0,20,0,36
2026,20260530,Ewen Costiou,16,Stage 16,8,0,0,0,0,0,0,0,8
2026,20260530,Ewen Costiou,17,Stage 17,0,0,0,0,0,0,0,0,0
2026,20260530,Ewen Costiou,18,Stage 18,0,0,0,0,0,0,0,0,0
2026,20260530,Ewen Costiou,19,Stage 19,0,0,0,0,0,0,0,0,0
2026,20260530,Ewen Costiou,20,Stage 20,0,0,0,0,0,0,0,0,0
2026,20260530,Ewen Costiou,21,Stage 21,0,0,0,0,0,0,0,0,0
2026,20260530,Ewen Costiou,22,Final Classifications,0,0,0,0,0,0,0,0,0
2026,20261318,Magnus Cort,1,Stage 1,0,0,0,0,0,0,0,0,0
2026,20261318,Magnus Cort,2,Stage 2,0,0,0,0,0,0,0,0,0
2026,20261318,Magnus Cort,3,Stage 3,0,0,0,0,5,0,20,0,25
2026,20261318,Magnus Cort,4,Stage 4,0,0,0,0,0,0,0,8,8
2026,20261318,Magnus Cort,5,Stage 5,0,0,0,0,0,0,0,8,8
2026,20261318,Magnus Cort,6,Stage 6,0,0,0,0,0,0,0,0,0
2026,20261318,Magnus Cort,7,Stage 7,0,0,0,0,0,0,0,4,4
2026,20261318,Magnus Cort,8,Stage 8,0,0,0,0,0,0,0,0,0
2026,20261318,Magnus Cort,9,Stage 9,0,0,0,0,0,0,0,4,4
2026,20261318,Magnus Cort,10,Stage 10,0,0,0,0,0,0,0,0,0
2026,20261318,Magnus Cort,11,Stage 11,8,0,0,0,0,0,0,8,16
2026,20261318,Magnus Cort,12,Stage 12,0,0,0,0,0,0,0,0,0
2026,20261318,Magnus Cort,13,Stage 13,4,0,0,0,0,0,0,0,4
2026,20261318,Magnus Cort,14,Stage 14,0,0,0,0,0,0,0,0,0
2026,20261318,Magnus Cort,15,Stage 15,0,0,0,0,0,0,0,0,0
2026,20261318,Magnus Cort,16,Stage 16,0,0,0,0,0,0,0,0,0
2026,20261318,Magnus Cort,17,Stage 17,0,0,0,0,0,0,0,0,0
2026,20261318,Magnus Cort,18,Stage 18,0,0,0,0,0,0,0,0,0
2026,20261318,Magnus Cort,19,Stage 19,0,0,0,0,0,0,0,0,0
2026,20261318,Magnus Cort,20,Stage 20,0,0,0,0,0,0,0,0,0
2026,20261318,Magnus Cort,21,Stage 21,0,0,0,0,0,0,0,0,0
2026,20261318,Magnus Cort,22,Final Classifications,0,0,0,0,0,0,0,0,0
2026,20261190,Alexandre Delettre,1,Stage 1,0,0,0,0,0,0,0,0,0
2026,20261190,Alexandre Delettre,2,Stage 2,0,0,0,0,0,0,0,0,0
2026,20261190,Alexandre Delettre,3,Stage 3,0,0,0,0,0,0,0,0,0
2026,20261190,Alexandre Delettre,4,Stage 4,40,0,0,0,0,0,0,0,40
2026,20261190,Alexandre Delettre,5,Stage 5,0,0,0,0,0,0,0,0,0
2026,20261190,Alexandre Delettre,6,Stage 6,0,0,0,0,0,0,0,0,0
2026,20261190,Alexandre Delettre,7,Stage 7,0,0,0,0,0,0,0,0,0
2026,20261190,Alexandre Delettre,8,Stage 8,0,0,0,0,0,0,0,0,0
2026,20261190,Alexandre Delettre,9,Stage 9,0,0,0,0,0,0,0,0,0
2026,20261190,Alexandre Delettre,10,Stage 10,0,0,0,0,0,0,0,0,0
2026,20261190,Alexandre Delettre,11,Stage 11,0,0,0,0,0,0,0,0,0
2026,20261190,Alexandre Delettre,12,Stage 12,0,0,0,0,0,0,0,0,0
2026,20261190,Alexandre Delettre,13,Stage 13,0,0,0,0,0,0,0,0,0
2026,20261190,Alexandre Delettre,14,Stage 14,0,0,0,0,0,0,0,0,0
2026,20261190,Alexandre Delettre,15,Stage 15,0,0,0,0,0,0,20,0,20
2026,20261190,Alexandre Delettre,16,Stage 16,0,0,0,0,0,0,0,0,0
2026,20261190,Alexandre Delettre,17,Stage 17,0,0,0,0,0,0,0,0,0
2026,20261190,Alexandre Delettre,18,Stage 18,0,0,0,0,0,0,0,0,0
2026,20261190,Alexandre Delettre,19,Stage 19,0,0,0,0,0,0,0,0,0
2026,20261190,Alexandre Delettre,20,Stage 20,0,0,0,0,0,0,0,0,0
2026,20261190,Alexandre Delettre,21,Stage 21,8,0,0,0,0,0,0,0,8
2026,20261190,Alexandre Delettre,22,Final Classifications,0,0,0,0,0,0,0,0,0
2026,20260761,Nelson Oliveira,1,Stage 1,0,0,0,0,0,0,0,0,0
2026,20260761,Nelson Oliveira,2,Stage 2,0,0,0,0,0,0,0,0,0
2026,20260761,Nelson Oliveira,3,Stage 3,0,0,0,0,4,0,20,0,24
2026,20260761,Nelson Oliveira,4,Stage 4,0,0,0,0,0,0,0,2,2
2026,20260761,Nelson Oliveira,5,Stage 5,0,0,0,0,0,0,0,0,0
2026,20260761,Nelson Oliveira,6,Stage 6,0,0,0,0,0,0,0,0,0
2026,20260761,Nelson Oliveira,7,Stage 7,0,0,0,0,0,0,0,0,0
2026,20260761,Nelson Oliveira,8,Stage 8,0,0,0,0,0,0,0,0,0
2026,20260761,Nelson Oliveira,9,Stage 9,0,0,0,0,0,0,0,0,0
2026,20260761,Nelson Oliveira,10,Stage 10,0,0,0,0,0,0,0,0,0
2026,20260761,Nelson Oliveira,11,Stage 11,0,0,0,0,16,0,20,0,36
2026,20260761,Nelson Oliveira,12,Stage 12,0,0,0,0,0,0,0,0,0
2026,20260761,Nelson Oliveira,13,Stage 13,0,0,0,0,4,0,0,0,4
2026,20260761,Nelson Oliveira,14,Stage 14,0,0,0,0,0,0,0,0,0
2026,20260761,Nelson Oliveira,15,Stage 15,0,0,0,0,0,0,0,0,0
2026,20260761,Nelson Oliveira,16,Stage 16,0,0,0,0,0,0,0,0,0
2026,20260761,Nelson Oliveira,17,Stage 17,0,0,0,0,0,0,0,0,0
2026,20260761,Nelson Oliveira,18,Stage 18,0,0,0,0,0,0,0,0,0
2026,20260761,Nelson Oliveira,19,Stage 19,0,0,0,0,0,0,0,0,0
2026,20260761,Nelson Oliveira,20,Stage 20,0,0,0,0,0,0,0,0,0
2026,20260761,Nelson Oliveira,21,Stage 21,0,0,0,0,2,0,0,0,2
2026,20260761,Nelson Oliveira,22,Final Classifications,0,0,0,0,0,0,0,0,0
2026,20261195,Thibault Guernalec,1,Stage 1,0,0,0,0,0,0,0,0,0
2026,20261195,Thibault Guernalec,2,Stage 2,0,0,0,0,0,0,0,0,0
2026,20261195,Thibault Guernalec,3,Stage 3,0,0,0,0,0,0,0,0,0
2026,20261195,Thibault Guernalec,4,Stage 4,0,0,0,0,0,0,0,0,0
2026,20261195,Thibault Guernalec,5,Stage 5,0,0,0,0,0,0,0,0,0
2026,20261195,Thibault Guernalec,6,Stage 6,0,0,0,0,0,0,0,0,0
2026,20261195,Thibault Guernalec,7,Stage 7,0,0,0,0,0,0,0,0,0
2026,20261195,Thibault Guernalec,8,Stage 8,0,0,0,0,14,0,20,0,34
2026,20261195,Thibault Guernalec,9,Stage 9,0,0,0,0,0,0,0,0,0
2026,20261195,Thibault Guernalec,10,Stage 10,0,0,0,0,0,0,0,0,0
2026,20261195,Thibault Guernalec,11,Stage 11,0,0,0,0,0,0,0,0,0
2026,20261195,Thibault Guernalec,12,Stage 12,0,0,0,0,0,0,0,0,0
2026,20261195,Thibault Guernalec,13,Stage 13,0,0,0,0,0,0,0,0,0
2026,20261195,Thibault Guernalec,14,Stage 14,0,0,0,0,0,0,0,0,0
2026,20261195,Thibault Guernalec,15,Stage 15,0,0,0,0,0,0,0,0,0
2026,20261195,Thibault Guernalec,16,Stage 16,12,0,0,0,0,0,0,0,12
2026,20261195,Thibault Guernalec,17,Stage 17,0,0,0,0,0,0,0,0,0
2026,20261195,Thibault Guernalec,18,Stage 18,0,0,0,0,0,0,0,0,0
2026,20261195,Thibault Guernalec,19,Stage 19,0,0,0,0,0,0,0,0,0
2026,20261195,Thibault Guernalec,20,Stage 20,0,0,0,0,0,0,0,0,0
2026,20261195,Thibault Guernalec,21,Stage 21,0,0,0,0,0,0,20,0,20
2026,20261195,Thibault Guernalec,22,Final Classifications,0,0,0,0,0,0,0,0,0
2026,20260137,Vlad Van Mechelen,1,Stage 1,0,0,0,0,0,0,0,0,0
2026,20260137,Vlad Van Mechelen,2,Stage 2,0,0,0,0,0,0,0,0,0
2026,20260137,Vlad Van Mechelen,3,Stage 3,0,0,0,1,1,4,20,0,26
2026,20260137,Vlad Van Mechelen,4,Stage 4,35,0,0,0,0,0,0,0,35
2026,20260137,Vlad Van Mechelen,5,Stage 5,0,0,0,0,0,0,0,0,0
2026,20260137,Vlad Van Mechelen,6,Stage 6,0,0,0,0,0,0,0,0,0
2026,20260137,Vlad Van Mechelen,7,Stage 7,0,0,0,0,0,0,0,0,0
2026,20260137,Vlad Van Mechelen,8,Stage 8,0,0,0,0,0,0,0,0,0
2026,20260137,Vlad Van Mechelen,9,Stage 9,0,0,0,0,0,0,0,0,0
2026,20260137,Vlad Van Mechelen,10,Stage 10,0,0,0,0,0,0,0,0,0
2026,20260137,Vlad Van Mechelen,11,Stage 11,0,0,0,0,0,0,0,0,0
2026,20260137,Vlad Van Mechelen,12,Stage 12,0,0,0,0,0,0,0,0,0
2026,20260137,Vlad Van Mechelen,13,Stage 13,0,0,0,0,0,0,0,0,0
2026,20260137,Vlad Van Mechelen,14,Stage 14,0,0,0,0,0,0,0,0,0
2026,20260137,Vlad Van Mechelen,15,Stage 15,0,0,0,0,0,0,0,0,0
2026,20260137,Vlad Van Mechelen,16,Stage 16,0,0,0,0,0,0,0,0,0
2026,20260137,Vlad Van Mechelen,17,Stage 17,0,0,0,0,0,0,0,0,0
2026,20260137,Vlad Van Mechelen,18,Stage 18,0,0,0,0,0,0,0,0,0
2026,20260137,Vlad Van Mechelen,19,Stage 19,0,0,0,0,0,0,0,4,4
2026,20260137,Vlad Van Mechelen,20,Stage 20,0,0,0,0,0,0,0,0,0
2026,20260137,Vlad Van Mechelen,21,Stage 21,0,0,0,0,0,0,0,0,0
2026,20260137,Vlad Van Mechelen,22,Final Classifications,0,0,0,0,0,0,0,0,0
2026,20260765,Javier Romo,1,Stage 1,0,0,0,0,0,0,0,0,0
2026,20260765,Javier Romo,2,Stage 2,0,0,0,0,0,0,0,0,0
2026,20260765,Javier Romo,3,Stage 3,0,0,0,0,0,0,0,0,0
2026,20260765,Javier Romo,4,Stage 4,0,0,0,0,0,0,0,2,2
2026,20260765,Javier Romo,5,Stage 5,0,0,0,0,0,0,0,0,0
2026,20260765,Javier Romo,6,Stage 6,0,0,0,0,0,0,0,0,0
2026,20260765,Javier Romo,7,Stage 7,0,0,0,0,0,0,0,0,0
2026,20260765,Javier Romo,8,Stage 8,0,0,0,0,0,0,0,0,0
2026,20260765,Javier Romo,9,Stage 9,0,0,0,0,0,0,0,0,0
2026,20260765,Javier Romo,10,Stage 10,0,0,0,0,0,0,20,0,20
2026,20260765,Javier Romo,11,Stage 11,0,0,0,0,0,0,0,0,0
2026,20260765,Javier Romo,12,Stage 12,0,0,0,0,0,0,0,0,0
2026,20260765,Javier Romo,13,Stage 13,0,0,0,0,0,0,0,0,0
2026,20260765,Javier Romo,14,Stage 14,0,0,0,0,0,0,0,0,0
2026,20260765,Javier Romo,15,Stage 15,0,0,0,0,0,0,0,0,0
2026,20260765,Javier Romo,16,Stage 16,0,0,0,0,0,0,0,0,0
2026,20260765,Javier Romo,17,Stage 17,0,0,0,0,0,0,0,0,0
2026,20260765,Javier Romo,18,Stage 18,0,0,0,0,0,0,0,0,0
2026,20260765,Javier Romo,19,Stage 19,30,0,0,0,0,0,0,0,30
2026,20260765,Javier Romo,20,Stage 20,0,0,0,0,0,0,0,0,0
2026,20260765,Javier Romo,21,Stage 21,12,0,0,0,0,0,0,0,12
2026,20260765,Javier Romo,22,Final Classifications,0,0,0,0,0,0,0,0,0
2026,20261317,Anthon Charmig,1,Stage 1,0,0,0,0,0,0,0,0,0
2026,20261317,Anthon Charmig,2,Stage 2,0,0,0,0,0,0,0,0,0
2026,20261317,Anthon Charmig,3,Stage 3,0,0,0,0,0,0,0,0,0
2026,20261317,Anthon Charmig,4,Stage 4,0,0,0,0,0,0,0,8,8
2026,20261317,Anthon Charmig,5,Stage 5,0,0,0,0,0,0,0,8,8
2026,20261317,Anthon Charmig,6,Stage 6,0,0,0,0,0,0,0,0,0
2026,20261317,Anthon Charmig,7,Stage 7,0,0,0,0,0,0,0,4,4
2026,20261317,Anthon Charmig,8,Stage 8,0,0,0,0,0,0,0,0,0
2026,20261317,Anthon Charmig,9,Stage 9,0,0,0,0,0,0,0,4,4
2026,20261317,Anthon Charmig,10,Stage 10,0,0,0,0,0,0,0,0,0
2026,20261317,Anthon Charmig,11,Stage 11,0,0,0,0,12,0,20,8,40
2026,20261317,Anthon Charmig,12,Stage 12,0,0,0,0,0,0,0,0,0
2026,20261317,Anthon Charmig,13,Stage 13,0,0,0,0,0,0,0,0,0
2026,20261317,Anthon Charmig,14,Stage 14,0,0,0,0,0,0,0,0,0
2026,20261317,Anthon Charmig,15,Stage 15,0,0,0,0,0,0,0,0,0
2026,20261317,Anthon Charmig,16,Stage 16,0,0,0,0,0,0,0,0,0
2026,20261317,Anthon Charmig,17,Stage 17,0,0,0,0,0,0,0,0,0
2026,20261317,Anthon Charmig,18,Stage 18,0,0,0,0,0,0,0,0,0
2026,20261317,Anthon Charmig,19,Stage 19,0,0,0,0,0,0,0,0,0
2026,20261317,Anthon Charmig,20,Stage 20,0,0,0,0,0,0,0,0,0
2026,20261317,Anthon Charmig,21,Stage 21,0,0,0,0,0,0,0,0,0
2026,20261317,Anthon Charmig,22,Final Classifications,0,0,0,0,0,0,0,0,0
2026,20261059,Ben O'Connor,1,Stage 1,0,0,0,0,0,0,0,0,0
2026,20261059,Ben O'Connor,2,Stage 2,0,0,0,0,0,0,0,0,0
2026,20261059,Ben O'Connor,3,Stage 3,0,0,0,0,0,0,0,0,0
2026,20261059,Ben O'Connor,4,Stage 4,0,0,0,0,0,0,0,0,0
2026,20261059,Ben O'Connor,5,Stage 5,0,0,0,0,0,0,0,0,0
2026,20261059,Ben O'Connor,6,Stage 6,0,0,0,0,0,0,20,0,20
2026,20261059,Ben O'Connor,7,Stage 7,0,0,0,0,0,0,0,0,0
2026,20261059,Ben O'Connor,8,Stage 8,0,0,0,0,0,0,0,0,0
2026,20261059,Ben O'Connor,9,Stage 9,0,0,0,0,0,0,0,0,0
2026,20261059,Ben O'Connor,10,Stage 10,0,0,0,0,0,0,0,0,0
2026,20261059,Ben O'Connor,11,Stage 11,0,0,0,0,0,0,0,0,0
2026,20261059,Ben O'Connor,12,Stage 12,0,0,0,0,0,0,0,0,0
2026,20261059,Ben O'Connor,13,Stage 13,8,0,0,0,0,0,0,8,16
2026,20261059,Ben O'Connor,14,Stage 14,0,0,0,0,0,0,0,0,0
2026,20261059,Ben O'Connor,15,Stage 15,0,0,0,0,0,0,0,0,0
2026,20261059,Ben O'Connor,16,Stage 16,0,0,0,0,0,0,0,0,0
2026,20261059,Ben O'Connor,17,Stage 17,0,0,0,0,0,0,0,4,4
2026,20261059,Ben O'Connor,18,Stage 18,0,0,0,0,0,0,0,4,4
2026,20261059,Ben O'Connor,19,Stage 19,0,0,0,0,0,0,0,0,0
2026,20261059,Ben O'Connor,20,Stage 20,0,0,0,0,0,0,0,0,0
2026,20261059,Ben O'Connor,21,Stage 21,0,0,0,0,0,0,0,0,0
2026,20261059,Ben O'Connor,22,Final Classifications,0,15,0,0,0,0,0,0,15
2026,20260292,Jenthe Biermans,1,Stage 1,0,0,0,0,0,0,0,0,0
2026,20260292,Jenthe Biermans,2,Stage 2,0,0,0,0,0,0,0,0,0
2026,20260292,Jenthe Biermans,3,Stage 3,0,0,0,0,0,0,0,0,0
2026,20260292,Jenthe Biermans,4,Stage 4,0,0,0,0,0,0,0,0,0
2026,20260292,Jenthe Biermans,5,Stage 5,0,0,0,0,0,0,0,0,0
2026,20260292,Jenthe Biermans,6,Stage 6,0,0,0,0,0,0,0,0,0
2026,20260292,Jenthe Biermans,7,Stage 7,0,0,0,0,0,0,0,0,0
2026,20260292,Jenthe Biermans,8,Stage 8,0,0,0,0,0,0,0,0,0
2026,20260292,Jenthe Biermans,9,Stage 9,0,0,0,0,0,0,0,0,0
2026,20260292,Jenthe Biermans,10,Stage 10,0,0,0,0,0,0,0,0,0
2026,20260292,Jenthe Biermans,11,Stage 11,20,0,0,0,0,0,0,0,20
2026,20260292,Jenthe Biermans,12,Stage 12,35,0,0,0,0,0,0,0,35
2026,20260292,Jenthe Biermans,13,Stage 13,0,0,0,0,0,0,0,0,0
2026,20260292,Jenthe Biermans,14,Stage 14,0,0,0,0,0,0,0,0,0
2026,20260292,Jenthe Biermans,15,Stage 15,0,0,0,0,0,0,0,0,0
2026,20260292,Jenthe Biermans,16,Stage 16,0,0,0,0,0,0,0,0,0
2026,20260292,Jenthe Biermans,17,Stage 17,0,0,0,0,0,0,0,0,0
2026,20260292,Jenthe Biermans,18,Stage 18,0,0,0,0,0,0,0,0,0
2026,20260292,Jenthe Biermans,19,Stage 19,0,0,0,0,0,0,0,0,0
2026,20260292,Jenthe Biermans,20,Stage 20,0,0,0,0,0,0,0,0,0
2026,20260292,Jenthe Biermans,21,Stage 21,0,0,0,0,4,0,0,0,4
2026,20260292,Jenthe Biermans,22,Final Classifications,0,0,0,0,0,0,0,0,0
2026,20260346,Cees Bol,1,Stage 1,0,0,0,0,0,0,0,15,15
2026,20260346,Cees Bol,2,Stage 2,0,0,0,0,0,0,0,0,0
2026,20260346,Cees Bol,3,Stage 3,0,0,0,0,0,0,0,0,0
2026,20260346,Cees Bol,4,Stage 4,0,0,0,0,0,0,0,0,0
2026,20260346,Cees Bol,5,Stage 5,0,0,0,0,0,0,0,8,8
2026,20260346,Cees Bol,6,Stage 6,0,0,0,0,0,0,0,0,0
2026,20260346,Cees Bol,7,Stage 7,0,0,0,0,0,0,0,0,0
2026,20260346,Cees Bol,8,Stage 8,0,0,0,0,0,0,0,2,2
2026,20260346,Cees Bol,9,Stage 9,0,0,0,0,0,0,0,0,0
2026,20260346,Cees Bol,10,Stage 10,0,0,0,0,0,0,0,2,2
2026,20260346,Cees Bol,11,Stage 11,0,0,0,0,0,0,0,4,4
2026,20260346,Cees Bol,12,Stage 12,0,0,0,0,0,0,0,4,4
2026,20260346,Cees Bol,13,Stage 13,0,0,0,0,0,0,0,0,0
2026,20260346,Cees Bol,14,Stage 14,0,0,0,0,0,0,0,2,2
2026,20260346,Cees Bol,15,Stage 15,0,0,0,0,0,0,0,0,0
2026,20260346,Cees Bol,16,Stage 16,0,0,0,0,0,0,0,0,0
2026,20260346,Cees Bol,17,Stage 17,0,0,0,0,0,0,0,2,2
2026,20260346,Cees Bol,18,Stage 18,0,0,0,0,0,0,0,0,0
2026,20260346,Cees Bol,19,Stage 19,0,0,0,0,0,0,0,0,0
2026,20260346,Cees Bol,20,Stage 20,0,0,0,0,0,0,0,0,0
2026,20260346,Cees Bol,21,Stage 21,0,0,0,0,0,0,0,0,0
2026,20260346,Cees Bol,22,Final Classifications,0,0,0,0,0,0,0,20,20
2026,20260578,Michał Kwiatkowski,1,Stage 1,0,0,0,0,0,0,0,40,40
2026,20260578,Michał Kwiatkowski,2,Stage 2,0,0,0,0,0,0,0,4,4
2026,20260578,Michał Kwiatkowski,3,Stage 3,0,0,0,0,0,0,0,0,0
2026,20260578,Michał Kwiatkowski,4,Stage 4,0,0,0,0,0,0,0,0,0
2026,20260578,Michał Kwiatkowski,5,Stage 5,0,0,0,0,0,0,0,0,0
2026,20260578,Michał Kwiatkowski,6,Stage 6,0,0,0,0,0,0,0,0,0
2026,20260578,Michał Kwiatkowski,7,Stage 7,0,0,0,0,0,0,0,0,0
2026,20260578,Michał Kwiatkowski,8,Stage 8,0,0,0,0,0,0,0,0,0
2026,20260578,Michał Kwiatkowski,9,Stage 9,0,0,0,0,0,0,0,0,0
2026,20260578,Michał Kwiatkowski,10,Stage 10,0,0,0,0,0,0,0,0,0
2026,20260578,Michał Kwiatkowski,11,Stage 11,0,0,0,0,0,0,0,0,0
2026,20260578,Michał Kwiatkowski,12,Stage 12,0,0,0,0,0,0,0,0,0
2026,20260578,Michał Kwiatkowski,13,Stage 13,0,0,0,0,0,0,0,0,0
2026,20260578,Michał Kwiatkowski,14,Stage 14,0,0,0,0,0,0,0,0,0
2026,20260578,Michał Kwiatkowski,15,Stage 15,0,0,0,0,0,0,0,0,0
2026,20260578,Michał Kwiatkowski,16,Stage 16,0,0,0,0,0,0,0,0,0
2026,20260578,Michał Kwiatkowski,17,Stage 17,0,0,0,0,12,0,0,0,12
2026,20260578,Michał Kwiatkowski,18,Stage 18,0,0,0,0,0,0,0,0,0
2026,20260578,Michał Kwiatkowski,19,Stage 19,0,0,0,0,0,0,0,0,0
2026,20260578,Michał Kwiatkowski,20,Stage 20,0,0,0,0,0,0,0,0,0
2026,20260578,Michał Kwiatkowski,21,Stage 21,0,0,0,0,0,0,0,0,0
2026,20260578,Michał Kwiatkowski,22,Final Classifications,0,0,0,0,0,0,0,0,0
2026,20261111,Frank Van Den Broek,1,Stage 1,0,0,0,0,0,0,0,0,0
2026,20261111,Frank Van Den Broek,2,Stage 2,0,0,0,2,14,0,20,0,36
2026,20261111,Frank Van Den Broek,3,Stage 3,0,0,0,0,0,0,0,0,0
2026,20261111,Frank Van Den Broek,4,Stage 4,20,0,0,0,0,0,0,0,20
2026,20261111,Frank Van Den Broek,5,Stage 5,0,0,0,0,0,0,0,0,0
2026,20261111,Frank Van Den Broek,6,Stage 6,0,0,0,0,0,0,0,0,0
2026,20261111,Frank Van Den Broek,7,Stage 7,0,0,0,0,0,0,0,0,0
2026,20261111,Frank Van Den Broek,8,Stage 8,0,0,0,0,0,0,0,0,0
2026,20261111,Frank Van Den Broek,9,Stage 9,0,0,0,0,0,0,0,0,0
2026,20261111,Frank Van Den Broek,10,Stage 10,0,0,0,0,0,0,0,0,0
2026,20261111,Frank Van Den Broek,11,Stage 11,0,0,0,0,0,0,0,0,0
2026,20261111,Frank Van Den Broek,12,Stage 12,0,0,0,0,0,0,0,0,0
2026,20261111,Frank Van Den Broek,13,Stage 13,0,0,0,0,0,0,0,0,0
2026,20261111,Frank Van Den Broek,14,Stage 14,0,0,0,0,0,0,0,0,0
2026,20261111,Frank Van Den Broek,15,Stage 15,0,0,0,0,0,0,0,0,0
2026,20261111,Frank Van Den Broek,16,Stage 16,0,0,0,0,0,0,0,0,0
2026,20261111,Frank Van Den Broek,17,Stage 17,0,0,0,0,0,0,0,0,0
2026,20261111,Frank Van Den Broek,18,Stage 18,0,0,0,0,0,0,0,0,0
2026,20261111,Frank Van Den Broek,19,Stage 19,0,0,0,0,0,0,0,0,0
2026,20261111,Frank Van Den Broek,20,Stage 20,0,0,0,0,0,0,0,0,0
2026,20261111,Frank Van Den Broek,21,Stage 21,0,0,0,0,0,0,0,0,0
2026,20261111,Frank Van Den Broek,22,Final Classifications,0,0,0,0,0,0,0,0,0
2026,20261189,Joris Delbove,1,Stage 1,0,0,0,0,0,0,0,0,0
2026,20261189,Joris Delbove,2,Stage 2,0,0,0,0,0,0,0,0,0
2026,20261189,Joris Delbove,3,Stage 3,0,0,0,0,16,0,20,0,36
2026,20261189,Joris Delbove,4,Stage 4,0,0,0,0,0,0,0,0,0
2026,20261189,Joris Delbove,5,Stage 5,0,0,0,0,0,0,0,0,0
2026,20261189,Joris Delbove,6,Stage 6,0,0,0,0,0,0,0,0,0
2026,20261189,Joris Delbove,7,Stage 7,0,0,0,0,0,0,0,0,0
2026,20261189,Joris Delbove,8,Stage 8,0,0,0,0,0,0,0,0,0
2026,20261189,Joris Delbove,9,Stage 9,0,0,0,0,0,0,0,0,0
2026,20261189,Joris Delbove,10,Stage 10,0,0,0,0,0,0,0,0,0
2026,20261189,Joris Delbove,11,Stage 11,0,0,0,0,0,0,0,0,0
2026,20261189,Joris Delbove,12,Stage 12,0,0,0,0,0,0,0,0,0
2026,20261189,Joris Delbove,13,Stage 13,0,0,0,0,0,0,0,0,0
2026,20261189,Joris Delbove,14,Stage 14,0,0,0,0,0,0,0,0,0
2026,20261189,Joris Delbove,15,Stage 15,0,0,0,0,0,0,0,0,0
2026,20261189,Joris Delbove,16,Stage 16,0,0,0,0,0,0,0,0,0
2026,20261189,Joris Delbove,17,Stage 17,20,0,0,0,0,0,0,0,20
2026,20261189,Joris Delbove,18,Stage 18,0,0,0,0,0,0,0,0,0
2026,20261189,Joris Delbove,19,Stage 19,0,0,0,0,0,0,0,0,0
2026,20261189,Joris Delbove,20,Stage 20,0,0,0,0,0,0,0,0,0
2026,20261189,Joris Delbove,21,Stage 21,0,0,0,0,0,0,0,0,0
2026,20261189,Joris Delbove,22,Final Classifications,0,0,0,0,0,0,0,0,0
2026,20260693,Liam Slock,1,Stage 1,0,0,0,0,0,0,0,0,0
2026,20260693,Liam Slock,2,Stage 2,0,0,0,0,0,0,0,0,0
2026,20260693,Liam Slock,3,Stage 3,0,0,0,0,0,0,0,0,0
2026,20260693,Liam Slock,4,Stage 4,0,0,0,0,0,0,0,0,0
2026,20260693,Liam Slock,5,Stage 5,0,0,0,0,0,0,0,0,0
2026,20260693,Liam Slock,6,Stage 6,0,0,0,0,0,0,0,0,0
2026,20260693,Liam Slock,7,Stage 7,0,0,0,0,0,0,0,0,0
2026,20260693,Liam Slock,8,Stage 8,0,0,0,0,16,0,20,0,36
2026,20260693,Liam Slock,9,Stage 9,0,0,0,0,0,0,0,0,0
2026,20260693,Liam Slock,10,Stage 10,0,0,0,0,3,0,0,0,3
2026,20260693,Liam Slock,11,Stage 11,0,0,0,0,10,0,0,0,10
2026,20260693,Liam Slock,12,Stage 12,0,0,0,0,5,0,0,0,5
2026,20260693,Liam Slock,13,Stage 13,0,0,0,0,0,0,0,0,0
2026,20260693,Liam Slock,14,Stage 14,0,0,0,0,0,0,0,0,0
2026,20260693,Liam Slock,15,Stage 15,0,0,0,0,0,0,0,0,0
2026,20260693,Liam Slock,16,Stage 16,0,0,0,0,0,0,0,0,0
2026,20260693,Liam Slock,17,Stage 17,0,0,0,0,0,0,0,0,0
2026,20260693,Liam Slock,18,Stage 18,0,0,0,0,0,0,0,0,0
2026,20260693,Liam Slock,19,Stage 19,0,0,0,0,0,0,0,0,0
2026,20260693,Liam Slock,20,Stage 20,0,0,0,0,0,0,0,0,0
2026,20260693,Liam Slock,21,Stage 21,0,0,0,0,0,0,0,0,0
2026,20260693,Liam Slock,22,Final Classifications,0,0,0,0,0,0,0,0,0
2026,20261326,Anders Halland Johannessen,1,Stage 1,0,0,0,0,0,0,0,0,0
2026,20261326,Anders Halland Johannessen,2,Stage 2,0,0,0,0,0,0,0,0,0
2026,20261326,Anders Halland Johannessen,3,Stage 3,0,0,0,0,0,0,0,0,0
2026,20261326,Anders Halland Johannessen,4,Stage 4,0,0,0,0,0,0,0,8,8
2026,20261326,Anders Halland Johannessen,5,Stage 5,0,0,0,0,0,0,0,8,8
2026,20261326,Anders Halland Johannessen,6,Stage 6,0,0,0,0,0,0,0,0,0
2026,20261326,Anders Halland Johannessen,7,Stage 7,0,0,0,0,0,0,0,4,4
2026,20261326,Anders Halland Johannessen,8,Stage 8,0,0,0,0,0,0,0,0,0
2026,20261326,Anders Halland Johannessen,9,Stage 9,0,0,0,0,0,0,0,4,4
2026,20261326,Anders Halland Johannessen,10,Stage 10,0,0,0,0,0,0,0,0,0
2026,20261326,Anders Halland Johannessen,11,Stage 11,0,0,0,0,0,0,0,8,8
2026,20261326,Anders Halland Johannessen,12,Stage 12,0,0,0,0,0,0,0,0,0
2026,20261326,Anders Halland Johannessen,13,Stage 13,0,0,0,0,0,0,0,0,0
2026,20261326,Anders Halland Johannessen,14,Stage 14,0,0,0,0,0,2,20,0,22
2026,20261326,Anders Halland Johannessen,15,Stage 15,0,0,0,0,0,0,0,0,0
2026,20261326,Anders Halland Johannessen,16,Stage 16,0,0,0,0,0,0,0,0,0
2026,20261326,Anders Halland Johannessen,17,Stage 17,0,0,0,0,0,0,0,0,0
2026,20261326,Anders Halland Johannessen,18,Stage 18,0,0,0,0,0,0,0,0,0
2026,20261326,Anders Halland Johannessen,19,Stage 19,0,0,0,0,0,0,0,0,0
2026,20261326,Anders Halland Johannessen,20,Stage 20,0,0,0,0,0,0,0,0,0
2026,20261326,Anders Halland Johannessen,21,Stage 21,0,0,0,0,0,0,0,0,0
2026,20261326,Anders Halland Johannessen,22,Final Classifications,0,0,0,0,0,0,0,0,0
2026,20260544,Guillaume Martin,1,Stage 1,0,0,0,0,0,0,0,5,5
2026,20260544,Guillaume Martin,2,Stage 2,0,0,0,0,0,0,0,0,0
2026,20260544,Guillaume Martin,3,Stage 3,0,0,0,0,0,0,0,0,0
2026,20260544,Guillaume Martin,4,Stage 4,0,0,0,0,0,0,0,0,0
2026,20260544,Guillaume Martin,5,Stage 5,0,0,0,0,0,0,0,0,0
2026,20260544,Guillaume Martin,6,Stage 6,0,0,0,0,0,0,0,0,0
2026,20260544,Guillaume Martin,7,Stage 7,0,0,0,0,0,0,0,0,0
2026,20260544,Guillaume Martin,8,Stage 8,0,0,0,0,0,0,0,0,0
2026,20260544,Guillaume Martin,9,Stage 9,0,0,0,0,0,0,0,0,0
2026,20260544,Guillaume Martin,10,Stage 10,0,0,0,0,0,0,0,0,0
2026,20260544,Guillaume Martin,11,Stage 11,0,0,0,0,0,0,0,0,0
2026,20260544,Guillaume Martin,12,Stage 12,0,0,0,0,0,0,0,0,0
2026,20260544,Guillaume Martin,13,Stage 13,0,0,0,0,0,0,0,0,0
2026,20260544,Guillaume Martin,14,Stage 14,0,0,0,0,0,0,0,0,0
2026,20260544,Guillaume Martin,15,Stage 15,0,0,0,0,0,0,20,0,20
2026,20260544,Guillaume Martin,16,Stage 16,0,0,0,0,0,0,0,0,0
2026,20260544,Guillaume Martin,17,Stage 17,8,0,0,0,0,0,20,0,28
2026,20260544,Guillaume Martin,18,Stage 18,0,0,0,0,0,0,0,0,0
2026,20260544,Guillaume Martin,19,Stage 19,0,0,0,0,0,0,0,0,0
2026,20260544,Guillaume Martin,20,Stage 20,0,0,0,0,0,0,0,0,0
2026,20260544,Guillaume Martin,21,Stage 21,0,0,0,0,0,0,0,0,0
2026,20260544,Guillaume Martin,22,Final Classifications,0,0,0,0,0,0,0,0,0
2026,20261209,Mattéo Vercher,1,Stage 1,0,0,0,0,0,0,0,0,0
2026,20261209,Mattéo Vercher,2,Stage 2,0,0,0,0,0,0,0,0,0
2026,20261209,Mattéo Vercher,3,Stage 3,0,0,0,0,10,2,20,0,32
2026,20261209,Mattéo Vercher,4,Stage 4,0,0,0,0,0,0,0,0,0
2026,20261209,Mattéo Vercher,5,Stage 5,0,0,0,0,0,0,0,0,0
2026,20261209,Mattéo Vercher,6,Stage 6,0,0,0,0,0,0,0,0,0
2026,20261209,Mattéo Vercher,7,Stage 7,0,0,0,0,0,0,0,0,0
2026,20261209,Mattéo Vercher,8,Stage 8,0,0,0,0,0,0,0,0,0
2026,20261209,Mattéo Vercher,9,Stage 9,0,0,0,0,0,0,0,0,0
2026,20261209,Mattéo Vercher,10,Stage 10,0,0,0,0,0,0,0,0,0
2026,20261209,Mattéo Vercher,11,Stage 11,0,0,0,0,0,0,0,0,0
2026,20261209,Mattéo Vercher,12,Stage 12,0,0,0,0,0,0,20,0,20
2026,20261209,Mattéo Vercher,13,Stage 13,0,0,0,0,0,0,0,0,0
2026,20261209,Mattéo Vercher,14,Stage 14,0,0,0,0,0,0,0,0,0
2026,20261209,Mattéo Vercher,15,Stage 15,0,0,0,0,0,0,0,0,0
2026,20261209,Mattéo Vercher,16,Stage 16,0,0,0,0,0,0,0,0,0
2026,20261209,Mattéo Vercher,17,Stage 17,0,0,0,0,0,0,0,0,0
2026,20261209,Mattéo Vercher,18,Stage 18,0,0,0,0,0,0,0,0,0
2026,20261209,Mattéo Vercher,19,Stage 19,0,0,0,0,0,0,0,0,0
2026,20261209,Mattéo Vercher,20,Stage 20,0,0,0,0,0,0,0,0,0
2026,20261209,Mattéo Vercher,21,Stage 21,0,0,0,0,0,0,0,0,0
2026,20261209,Mattéo Vercher,22,Final Classifications,0,0,0,0,0,0,0,0,0
2026,20260291,Alex Aranburu,1,Stage 1,0,0,0,0,0,0,0,0,0
2026,20260291,Alex Aranburu,2,Stage 2,0,0,0,0,0,0,0,0,0
2026,20260291,Alex Aranburu,3,Stage 3,0,0,0,0,0,0,20,0,20
2026,20260291,Alex Aranburu,4,Stage 4,0,0,0,0,0,0,0,0,0
2026,20260291,Alex Aranburu,5,Stage 5,0,0,0,0,0,0,0,0,0
2026,20260291,Alex Aranburu,6,Stage 6,0,0,0,0,0,0,0,0,0
2026,20260291,Alex Aranburu,7,Stage 7,0,0,0,0,0,0,0,0,0
2026,20260291,Alex Aranburu,8,Stage 8,0,0,0,0,0,0,0,0,0
2026,20260291,Alex Aranburu,9,Stage 9,30,0,0,0,0,0,0,0,30
2026,20260291,Alex Aranburu,10,Stage 10,0,0,0,0,0,0,0,0,0
2026,20260291,Alex Aranburu,11,Stage 11,0,0,0,0,0,0,0,0,0
2026,20260291,Alex Aranburu,12,Stage 12,0,0,0,0,0,0,0,0,0
2026,20260291,Alex Aranburu,13,Stage 13,0,0,0,0,0,0,0,0,0
2026,20260291,Alex Aranburu,14,Stage 14,0,0,0,0,0,0,0,0,0
2026,20260291,Alex Aranburu,15,Stage 15,0,0,0,0,0,0,0,0,0
2026,20260291,Alex Aranburu,16,Stage 16,0,0,0,0,0,0,0,0,0
2026,20260291,Alex Aranburu,17,Stage 17,0,0,0,0,0,0,0,0,0
2026,20260291,Alex Aranburu,18,Stage 18,0,0,0,0,0,0,0,0,0
2026,20260291,Alex Aranburu,19,Stage 19,0,0,0,0,0,0,0,0,0
2026,20260291,Alex Aranburu,20,Stage 20,0,0,0,0,0,0,0,0,0
2026,20260291,Alex Aranburu,21,Stage 21,0,0,0,0,0,0,0,0,0
2026,20260291,Alex Aranburu,22,Final Classifications,0,0,0,0,0,0,0,0,0
2026,20261229,Michael Storer,1,Stage 1,0,0,0,0,0,0,0,0,0
2026,20261229,Michael Storer,2,Stage 2,0,0,0,0,0,0,0,0,0
2026,20261229,Michael Storer,3,Stage 3,0,0,0,0,12,0,20,0,32
2026,20261229,Michael Storer,4,Stage 4,0,0,0,0,0,0,0,0,0
2026,20261229,Michael Storer,5,Stage 5,0,0,0,0,0,0,0,0,0
2026,20261229,Michael Storer,6,Stage 6,0,0,0,0,0,0,0,0,0
2026,20261229,Michael Storer,7,Stage 7,0,0,0,0,0,0,0,0,0
2026,20261229,Michael Storer,8,Stage 8,0,0,0,0,0,0,0,0,0
2026,20261229,Michael Storer,9,Stage 9,0,0,0,0,0,0,0,0,0
2026,20261229,Michael Storer,10,Stage 10,0,0,0,0,0,0,0,0,0
2026,20261229,Michael Storer,11,Stage 11,0,0,0,0,0,0,0,0,0
2026,20261229,Michael Storer,12,Stage 12,0,0,0,0,0,0,0,0,0
2026,20261229,Michael Storer,13,Stage 13,0,0,0,0,0,0,0,0,0
2026,20261229,Michael Storer,14,Stage 14,0,0,0,0,0,0,0,0,0
2026,20261229,Michael Storer,15,Stage 15,0,0,0,0,0,0,0,0,0
2026,20261229,Michael Storer,16,Stage 16,0,0,0,0,0,0,0,0,0
2026,20261229,Michael Storer,17,Stage 17,0,0,0,0,0,0,0,0,0
2026,20261229,Michael Storer,18,Stage 18,0,0,0,0,0,0,0,0,0
2026,20261229,Michael Storer,19,Stage 19,0,0,0,0,0,0,0,0,0
2026,20261229,Michael Storer,20,Stage 20,16,0,0,0,0,0,0,0,16
2026,20261229,Michael Storer,21,Stage 21,0,0,0,0,0,0,0,0,0
2026,20261229,Michael Storer,22,Final Classifications,0,0,0,0,0,0,0,0,0
2026,20260264,Abel Balderstone,1,Stage 1,0,0,0,0,0,0,0,0,0
2026,20260264,Abel Balderstone,2,Stage 2,0,0,0,0,0,0,0,0,0
2026,20260264,Abel Balderstone,3,Stage 3,0,0,0,0,3,0,20,0,23
2026,20260264,Abel Balderstone,4,Stage 4,0,0,0,0,0,0,0,0,0
2026,20260264,Abel Balderstone,5,Stage 5,0,0,0,0,0,0,0,0,0
2026,20260264,Abel Balderstone,6,Stage 6,0,0,0,0,0,0,0,0,0
2026,20260264,Abel Balderstone,7,Stage 7,0,0,0,0,0,0,0,0,0
2026,20260264,Abel Balderstone,8,Stage 8,0,0,0,0,0,0,0,0,0
2026,20260264,Abel Balderstone,9,Stage 9,0,0,0,0,0,0,0,0,0
2026,20260264,Abel Balderstone,10,Stage 10,0,0,0,0,0,0,0,0,0
2026,20260264,Abel Balderstone,11,Stage 11,0,0,0,0,0,0,0,0,0
2026,20260264,Abel Balderstone,12,Stage 12,0,0,0,0,0,0,0,0,0
2026,20260264,Abel Balderstone,13,Stage 13,0,0,0,0,0,0,0,0,0
2026,20260264,Abel Balderstone,14,Stage 14,0,0,0,0,0,0,0,0,0
2026,20260264,Abel Balderstone,15,Stage 15,0,0,0,0,0,0,0,0,0
2026,20260264,Abel Balderstone,16,Stage 16,0,0,0,0,0,0,0,0,0
2026,20260264,Abel Balderstone,17,Stage 17,25,0,0,0,0,0,0,0,25
2026,20260264,Abel Balderstone,18,Stage 18,0,0,0,0,0,0,0,0,0
2026,20260264,Abel Balderstone,19,Stage 19,0,0,0,0,0,0,0,0,0
2026,20260264,Abel Balderstone,20,Stage 20,0,0,0,0,0,0,0,0,0
2026,20260264,Abel Balderstone,21,Stage 21,0,0,0,0,0,0,0,0,0
2026,20260264,Abel Balderstone,22,Final Classifications,0,0,0,0,0,0,0,0,0
2026,20260016,Tim Marsman,1,Stage 1,0,0,0,0,0,0,0,10,10
2026,20260016,Tim Marsman,2,Stage 2,0,0,0,0,0,0,0,0,0
2026,20260016,Tim Marsman,3,Stage 3,0,0,0,0,0,0,0,0,0
2026,20260016,Tim Marsman,4,Stage 4,0,0,0,0,0,0,0,0,0
2026,20260016,Tim Marsman,5,Stage 5,0,0,0,0,2,0,0,0,2
2026,20260016,Tim Marsman,6,Stage 6,0,0,0,0,0,0,0,0,0
2026,20260016,Tim Marsman,7,Stage 7,0,0,0,0,0,0,0,0,0
2026,20260016,Tim Marsman,8,Stage 8,0,0,0,0,0,0,0,0,0
2026,20260016,Tim Marsman,9,Stage 9,0,0,0,0,0,0,0,8,8
2026,20260016,Tim Marsman,10,Stage 10,0,0,0,0,0,0,0,0,0
2026,20260016,Tim Marsman,11,Stage 11,0,0,0,0,0,0,0,2,2
2026,20260016,Tim Marsman,12,Stage 12,0,0,0,0,0,0,0,2,2
2026,20260016,Tim Marsman,13,Stage 13,0,0,0,0,0,0,0,0,0
2026,20260016,Tim Marsman,14,Stage 14,0,0,0,0,4,0,0,0,4
2026,20260016,Tim Marsman,15,Stage 15,0,0,0,0,0,0,0,0,0
2026,20260016,Tim Marsman,16,Stage 16,0,0,0,0,0,0,0,0,0
2026,20260016,Tim Marsman,17,Stage 17,0,0,0,0,0,0,0,8,8
2026,20260016,Tim Marsman,18,Stage 18,0,0,0,0,0,0,0,0,0
2026,20260016,Tim Marsman,19,Stage 19,0,0,0,0,0,0,0,0,0
2026,20260016,Tim Marsman,20,Stage 20,0,0,0,0,0,0,0,0,0
2026,20260016,Tim Marsman,21,Stage 21,0,0,0,0,0,0,0,12,12
2026,20260016,Tim Marsman,22,Final Classifications,0,0,0,0,0,0,0,0,0
2026,20260795,George Bennett,1,Stage 1,0,0,0,0,0,0,0,0,0
2026,20260795,George Bennett,2,Stage 2,0,0,0,0,0,0,0,0,0
2026,20260795,George Bennett,3,Stage 3,0,0,0,0,0,0,20,0,20
2026,20260795,George Bennett,4,Stage 4,0,0,0,0,0,0,0,0,0
2026,20260795,George Bennett,5,Stage 5,0,0,0,0,0,0,0,0,0
2026,20260795,George Bennett,6,Stage 6,0,0,0,0,0,0,0,0,0
2026,20260795,George Bennett,7,Stage 7,0,0,0,0,0,0,0,2,2
2026,20260795,George Bennett,8,Stage 8,0,0,0,0,0,0,0,4,4
2026,20260795,George Bennett,9,Stage 9,0,0,0,0,0,0,0,0,0
2026,20260795,George Bennett,10,Stage 10,0,0,0,0,0,0,0,0,0
2026,20260795,George Bennett,11,Stage 11,0,0,0,0,0,0,0,0,0
2026,20260795,George Bennett,12,Stage 12,0,0,0,0,0,0,0,0,0
2026,20260795,George Bennett,13,Stage 13,20,0,0,0,0,0,0,0,20
2026,20260795,George Bennett,14,Stage 14,0,0,0,0,0,0,0,0,0
2026,20260795,George Bennett,15,Stage 15,0,0,0,0,0,0,0,0,0
2026,20260795,George Bennett,16,Stage 16,0,0,0,0,0,0,0,0,0
2026,20260795,George Bennett,17,Stage 17,0,0,0,0,0,0,0,0,0
2026,20260795,George Bennett,18,Stage 18,0,0,0,0,0,0,0,0,0
2026,20260795,George Bennett,19,Stage 19,0,0,0,0,0,0,0,0,0
2026,20260795,George Bennett,20,Stage 20,0,0,0,0,0,0,0,0,0
2026,20260795,George Bennett,21,Stage 21,0,0,0,0,0,0,0,0,0
2026,20260795,George Bennett,22,Final Classifications,0,0,0,0,0,0,0,0,0
2026,20260959,Louis Vervaeke,1,Stage 1,0,0,0,0,0,0,0,0,0
2026,20260959,Louis Vervaeke,2,Stage 2,0,0,0,0,0,0,0,0,0
2026,20260959,Louis Vervaeke,3,Stage 3,0,0,0,0,0,0,20,0,20
2026,20260959,Louis Vervaeke,4,Stage 4,0,0,0,0,0,0,0,0,0
2026,20260959,Louis Vervaeke,5,Stage 5,0,0,0,0,0,0,0,2,2
2026,20260959,Louis Vervaeke,6,Stage 6,0,0,0,0,0,0,0,0,0
2026,20260959,Louis Vervaeke,7,Stage 7,0,0,0,0,0,0,0,8,8
2026,20260959,Louis Vervaeke,8,Stage 8,0,0,0,0,0,0,0,8,8
2026,20260959,Louis Vervaeke,9,Stage 9,0,0,0,0,0,0,0,0,0
2026,20260959,Louis Vervaeke,10,Stage 10,0,0,0,0,0,0,0,0,0
2026,20260959,Louis Vervaeke,11,Stage 11,0,0,0,0,0,0,0,0,0
2026,20260959,Louis Vervaeke,12,Stage 12,0,0,0,0,0,0,0,8,8
2026,20260959,Louis Vervaeke,13,Stage 13,0,0,0,0,0,0,0,0,0
2026,20260959,Louis Vervaeke,14,Stage 14,0,0,0,0,0,0,0,0,0
2026,20260959,Louis Vervaeke,15,Stage 15,0,0,0,0,0,0,0,0,0
2026,20260959,Louis Vervaeke,16,Stage 16,0,0,0,0,0,0,0,0,0
2026,20260959,Louis Vervaeke,17,Stage 17,0,0,0,0,0,0,0,0,0
2026,20260959,Louis Vervaeke,18,Stage 18,0,0,0,0,0,0,0,0,0
2026,20260959,Louis Vervaeke,19,Stage 19,0,0,0,0,0,0,0,0,0
2026,20260959,Louis Vervaeke,20,Stage 20,0,0,0,0,0,0,0,0,0
2026,20260959,Louis Vervaeke,21,Stage 21,0,0,0,0,0,0,0,0,0
2026,20260959,Louis Vervaeke,22,Final Classifications,0,0,0,0,0,0,0,0,0
2026,20260388,Kasper Asgreen,1,Stage 1,0,0,0,0,0,0,0,0,0
2026,20260388,Kasper Asgreen,2,Stage 2,0,0,0,0,0,0,0,0,0
2026,20260388,Kasper Asgreen,3,Stage 3,0,0,0,0,0,0,0,2,2
2026,20260388,Kasper Asgreen,4,Stage 4,0,0,0,0,0,0,0,6,6
2026,20260388,Kasper Asgreen,5,Stage 5,0,0,0,0,0,0,0,6,6
2026,20260388,Kasper Asgreen,6,Stage 6,0,0,0,0,0,0,0,0,0
2026,20260388,Kasper Asgreen,7,Stage 7,0,0,0,0,0,0,0,0,0
2026,20260388,Kasper Asgreen,8,Stage 8,0,0,0,0,0,0,0,0,0
2026,20260388,Kasper Asgreen,9,Stage 9,0,0,0,0,0,0,0,0,0
2026,20260388,Kasper Asgreen,10,Stage 10,0,0,0,0,0,0,0,0,0
2026,20260388,Kasper Asgreen,11,Stage 11,4,0,0,0,0,0,0,0,4
2026,20260388,Kasper Asgreen,12,Stage 12,8,0,0,0,0,0,0,0,8
2026,20260388,Kasper Asgreen,13,Stage 13,0,0,0,0,1,0,0,0,1
2026,20260388,Kasper Asgreen,14,Stage 14,0,0,0,0,0,0,0,0,0
2026,20260388,Kasper Asgreen,15,Stage 15,0,0,0,0,0,0,0,0,0
2026,20260388,Kasper Asgreen,16,Stage 16,0,0,0,0,0,0,0,0,0
2026,20260388,Kasper Asgreen,17,Stage 17,0,0,0,0,0,0,0,0,0
2026,20260388,Kasper Asgreen,18,Stage 18,0,0,0,0,0,0,0,8,8
2026,20260388,Kasper Asgreen,19,Stage 19,0,0,0,0,0,0,0,2,2
2026,20260388,Kasper Asgreen,20,Stage 20,0,0,0,0,0,0,0,8,8
2026,20260388,Kasper Asgreen,21,Stage 21,0,0,0,0,0,0,0,0,0
2026,20260388,Kasper Asgreen,22,Final Classifications,0,0,0,0,0,0,0,0,0
2026,20261386,Sergio Higuita,1,Stage 1,0,0,0,0,0,0,0,0,0
2026,20261386,Sergio Higuita,2,Stage 2,8,0,0,0,0,0,0,0,8
2026,20261386,Sergio Higuita,3,Stage 3,25,3,0,0,0,0,0,0,28
2026,20261386,Sergio Higuita,4,Stage 4,0,0,0,0,0,0,0,0,0
2026,20261386,Sergio Higuita,5,Stage 5,0,0,0,0,0,0,0,4,4
2026,20261386,Sergio Higuita,6,Stage 6,0,0,0,0,0,0,0,0,0
2026,20261386,Sergio Higuita,7,Stage 7,0,0,0,0,0,0,0,0,0
2026,20261386,Sergio Higuita,8,Stage 8,0,0,0,0,0,0,0,0,0
2026,20261386,Sergio Higuita,9,Stage 9,0,0,0,0,0,0,0,0,0
2026,20261386,Sergio Higuita,10,Stage 10,0,0,0,0,0,0,0,0,0
2026,20261386,Sergio Higuita,11,Stage 11,0,0,0,0,0,0,0,0,0
2026,20261386,Sergio Higuita,12,Stage 12,0,0,0,0,0,0,0,0,0
2026,20261386,Sergio Higuita,13,Stage 13,0,0,0,0,0,0,0,4,4
2026,20261386,Sergio Higuita,14,Stage 14,0,0,0,0,0,0,0,0,0
2026,20261386,Sergio Higuita,15,Stage 15,0,0,0,0,0,0,0,0,0
2026,20261386,Sergio Higuita,16,Stage 16,0,0,0,0,0,0,0,0,0
2026,20261386,Sergio Higuita,17,Stage 17,0,0,0,0,0,0,0,0,0
2026,20261386,Sergio Higuita,18,Stage 18,0,0,0,0,0,0,0,0,0
2026,20261386,Sergio Higuita,19,Stage 19,0,0,0,0,0,0,0,0,0
2026,20261386,Sergio Higuita,20,Stage 20,0,0,0,0,0,0,0,0,0
2026,20261386,Sergio Higuita,21,Stage 21,0,0,0,0,0,0,0,0,0
2026,20261386,Sergio Higuita,22,Final Classifications,0,0,0,0,0,0,0,0,0
2026,20260022,Jonas Rickaert,1,Stage 1,0,0,0,0,0,0,0,10,10
2026,20260022,Jonas Rickaert,2,Stage 2,0,0,0,0,0,0,0,0,0
2026,20260022,Jonas Rickaert,3,Stage 3,0,0,0,0,0,0,0,0,0
2026,20260022,Jonas Rickaert,4,Stage 4,0,0,0,0,0,0,0,0,0
2026,20260022,Jonas Rickaert,5,Stage 5,0,0,0,0,0,0,0,0,0
2026,20260022,Jonas Rickaert,6,Stage 6,0,0,0,0,0,0,0,0,0
2026,20260022,Jonas Rickaert,7,Stage 7,0,0,0,0,0,0,0,0,0
2026,20260022,Jonas Rickaert,8,Stage 8,0,0,0,0,0,0,0,0,0
2026,20260022,Jonas Rickaert,9,Stage 9,0,0,0,0,0,0,0,8,8
2026,20260022,Jonas Rickaert,10,Stage 10,0,0,0,0,0,0,0,0,0
2026,20260022,Jonas Rickaert,11,Stage 11,0,0,0,0,0,0,0,2,2
2026,20260022,Jonas Rickaert,12,Stage 12,0,0,0,0,0,0,0,2,2
2026,20260022,Jonas Rickaert,13,Stage 13,0,0,0,0,0,0,0,0,0
2026,20260022,Jonas Rickaert,14,Stage 14,0,0,0,0,0,0,0,0,0
2026,20260022,Jonas Rickaert,15,Stage 15,0,0,0,0,2,0,0,0,2
2026,20260022,Jonas Rickaert,16,Stage 16,0,0,0,0,0,0,0,0,0
2026,20260022,Jonas Rickaert,17,Stage 17,0,0,0,0,0,0,0,8,8
2026,20260022,Jonas Rickaert,18,Stage 18,0,0,0,0,0,0,0,0,0
2026,20260022,Jonas Rickaert,19,Stage 19,0,0,0,0,0,0,0,0,0
2026,20260022,Jonas Rickaert,20,Stage 20,0,0,0,0,0,0,0,0,0
2026,20260022,Jonas Rickaert,21,Stage 21,0,0,0,0,0,0,0,12,12
2026,20260022,Jonas Rickaert,22,Final Classifications,0,0,0,0,0,0,0,0,0
2026,20260009,Silvan Dillier,1,Stage 1,0,0,0,0,0,0,0,10,10
2026,20260009,Silvan Dillier,2,Stage 2,0,0,0,0,0,0,0,0,0
2026,20260009,Silvan Dillier,3,Stage 3,0,0,0,0,0,0,0,0,0
2026,20260009,Silvan Dillier,4,Stage 4,0,0,0,0,0,0,0,0,0
2026,20260009,Silvan Dillier,5,Stage 5,0,0,0,0,0,0,0,0,0
2026,20260009,Silvan Dillier,6,Stage 6,0,0,0,0,0,0,0,0,0
2026,20260009,Silvan Dillier,7,Stage 7,0,0,0,0,0,0,0,0,0
2026,20260009,Silvan Dillier,8,Stage 8,0,0,0,0,0,0,0,0,0
2026,20260009,Silvan Dillier,9,Stage 9,0,0,0,0,0,0,0,8,8
2026,20260009,Silvan Dillier,10,Stage 10,0,0,0,0,0,0,0,0,0
2026,20260009,Silvan Dillier,11,Stage 11,0,0,0,0,0,0,0,2,2
2026,20260009,Silvan Dillier,12,Stage 12,0,0,0,0,0,0,0,2,2
2026,20260009,Silvan Dillier,13,Stage 13,0,0,0,0,0,0,0,0,0
2026,20260009,Silvan Dillier,14,Stage 14,0,0,0,0,0,0,0,0,0
2026,20260009,Silvan Dillier,15,Stage 15,0,0,0,0,0,0,0,0,0
2026,20260009,Silvan Dillier,16,Stage 16,0,0,0,0,0,0,0,0,0
2026,20260009,Silvan Dillier,17,Stage 17,0,0,0,0,0,0,0,8,8
2026,20260009,Silvan Dillier,18,Stage 18,0,0,0,0,0,0,0,0,0
2026,20260009,Silvan Dillier,19,Stage 19,0,0,0,0,0,0,0,0,0
2026,20260009,Silvan Dillier,20,Stage 20,0,0,0,0,0,0,0,0,0
2026,20260009,Silvan Dillier,21,Stage 21,0,0,0,0,0,0,0,12,12
2026,20260009,Silvan Dillier,22,Final Classifications,0,0,0,0,0,0,0,0,0
2026,20260030,Emiel Verstrynge,1,Stage 1,0,0,0,0,0,0,0,10,10
2026,20260030,Emiel Verstrynge,2,Stage 2,0,0,0,0,0,0,0,0,0
2026,20260030,Emiel Verstrynge,3,Stage 3,0,0,0,0,0,0,0,0,0
2026,20260030,Emiel Verstrynge,4,Stage 4,0,0,0,0,0,0,0,0,0
2026,20260030,Emiel Verstrynge,5,Stage 5,0,0,0,0,0,0,0,0,0
2026,20260030,Emiel Verstrynge,6,Stage 6,0,0,0,0,0,0,0,0,0
2026,20260030,Emiel Verstrynge,7,Stage 7,0,0,0,0,0,0,0,0,0
2026,20260030,Emiel Verstrynge,8,Stage 8,0,0,0,0,0,0,0,0,0
2026,20260030,Emiel Verstrynge,9,Stage 9,0,0,0,0,0,0,0,8,8
2026,20260030,Emiel Verstrynge,10,Stage 10,0,0,0,0,0,0,0,0,0
2026,20260030,Emiel Verstrynge,11,Stage 11,0,0,0,0,0,0,0,2,2
2026,20260030,Emiel Verstrynge,12,Stage 12,0,0,0,0,0,0,0,2,2
2026,20260030,Emiel Verstrynge,13,Stage 13,0,0,0,0,0,0,0,0,0
2026,20260030,Emiel Verstrynge,14,Stage 14,0,0,0,0,0,0,0,0,0
2026,20260030,Emiel Verstrynge,15,Stage 15,0,0,0,0,0,0,0,0,0
2026,20260030,Emiel Verstrynge,16,Stage 16,0,0,0,0,0,0,0,0,0
2026,20260030,Emiel Verstrynge,17,Stage 17,0,0,0,0,0,0,0,8,8
2026,20260030,Emiel Verstrynge,18,Stage 18,0,0,0,0,0,0,0,0,0
2026,20260030,Emiel Verstrynge,19,Stage 19,0,0,0,0,0,0,0,0,0
2026,20260030,Emiel Verstrynge,20,Stage 20,0,0,0,0,0,0,0,0,0
2026,20260030,Emiel Verstrynge,21,Stage 21,0,0,0,0,0,0,0,12,12
2026,20260030,Emiel Verstrynge,22,Final Classifications,0,0,0,0,0,0,0,0,0
2026,20260816,Jake Stewart,1,Stage 1,0,0,0,0,0,0,0,0,0
2026,20260816,Jake Stewart,2,Stage 2,0,0,0,0,0,0,0,0,0
2026,20260816,Jake Stewart,3,Stage 3,0,0,0,0,0,0,0,0,0
2026,20260816,Jake Stewart,4,Stage 4,0,0,0,0,0,0,0,0,0
2026,20260816,Jake Stewart,5,Stage 5,0,0,0,0,5,0,0,0,5
2026,20260816,Jake Stewart,6,Stage 6,0,0,0,0,8,0,0,0,8
2026,20260816,Jake Stewart,7,Stage 7,0,0,0,0,2,0,0,2,4
2026,20260816,Jake Stewart,8,Stage 8,0,0,0,0,0,0,0,4,4
2026,20260816,Jake Stewart,9,Stage 9,0,0,0,0,0,0,0,0,0
2026,20260816,Jake Stewart,10,Stage 10,0,0,0,0,0,0,0,0,0
2026,20260816,Jake Stewart,11,Stage 11,0,0,0,0,0,0,0,0,0
2026,20260816,Jake Stewart,12,Stage 12,0,0,0,0,0,0,0,0,0
2026,20260816,Jake Stewart,13,Stage 13,0,0,0,0,0,0,0,0,0
2026,20260816,Jake Stewart,14,Stage 14,0,0,0,0,10,0,0,0,10
2026,20260816,Jake Stewart,15,Stage 15,0,0,0,0,10,0,0,0,10
2026,20260816,Jake Stewart,16,Stage 16,0,0,0,0,0,0,0,0,0
2026,20260816,Jake Stewart,17,Stage 17,0,0,0,0,0,0,0,0,0
2026,20260816,Jake Stewart,18,Stage 18,0,0,0,0,0,0,0,0,0
2026,20260816,Jake Stewart,19,Stage 19,0,0,0,0,0,0,0,0,0
2026,20260816,Jake Stewart,20,Stage 20,0,0,0,0,0,0,0,0,0
2026,20260816,Jake Stewart,21,Stage 21,0,0,0,0,0,0,0,0,0
2026,20260816,Jake Stewart,22,Final Classifications,0,0,0,0,0,0,0,0,0
2026,20261199,Mathis Le Berre,1,Stage 1,0,0,0,0,0,0,0,0,0
2026,20261199,Mathis Le Berre,2,Stage 2,0,0,0,0,0,0,0,0,0
2026,20261199,Mathis Le Berre,3,Stage 3,0,0,0,0,0,0,0,0,0
2026,20261199,Mathis Le Berre,4,Stage 4,0,0,0,0,0,0,0,0,0
2026,20261199,Mathis Le Berre,5,Stage 5,0,0,0,0,0,0,0,0,0
2026,20261199,Mathis Le Berre,6,Stage 6,0,0,0,0,0,0,0,0,0
2026,20261199,Mathis Le Berre,7,Stage 7,0,0,0,0,0,0,0,0,0
2026,20261199,Mathis Le Berre,8,Stage 8,0,0,0,0,0,0,0,0,0
2026,20261199,Mathis Le Berre,9,Stage 9,0,0,0,0,0,0,0,0,0
2026,20261199,Mathis Le Berre,10,Stage 10,0,0,0,0,0,0,0,0,0
2026,20261199,Mathis Le Berre,11,Stage 11,0,0,0,0,20,0,20,0,40
2026,20261199,Mathis Le Berre,12,Stage 12,0,0,0,0,0,0,0,0,0
2026,20261199,Mathis Le Berre,13,Stage 13,0,0,0,0,0,0,0,0,0
2026,20261199,Mathis Le Berre,14,Stage 14,0,0,0,0,0,0,0,0,0
2026,20261199,Mathis Le Berre,15,Stage 15,0,0,0,0,0,0,0,0,0
2026,20261199,Mathis Le Berre,16,Stage 16,0,0,0,0,0,0,0,0,0
2026,20261199,Mathis Le Berre,17,Stage 17,0,0,0,0,1,0,0,0,1
2026,20261199,Mathis Le Berre,18,Stage 18,0,0,0,0,0,0,0,0,0
2026,20261199,Mathis Le Berre,19,Stage 19,0,0,0,0,0,0,0,0,0
2026,20261199,Mathis Le Berre,20,Stage 20,0,0,0,0,0,0,0,0,0
2026,20261199,Mathis Le Berre,21,Stage 21,0,0,0,0,0,0,0,0,0
2026,20261199,Mathis Le Berre,22,Final Classifications,0,0,0,0,0,0,0,0,0
2026,20260310,Hugo Page,1,Stage 1,0,0,0,0,0,0,0,0,0
2026,20260310,Hugo Page,2,Stage 2,0,0,0,0,0,0,0,0,0
2026,20260310,Hugo Page,3,Stage 3,0,0,0,0,0,0,0,0,0
2026,20260310,Hugo Page,4,Stage 4,0,0,0,0,0,0,0,0,0
2026,20260310,Hugo Page,5,Stage 5,0,0,0,0,0,0,0,0,0
2026,20260310,Hugo Page,6,Stage 6,0,0,0,0,0,0,0,0,0
2026,20260310,Hugo Page,7,Stage 7,0,0,0,0,0,0,0,0,0
2026,20260310,Hugo Page,8,Stage 8,0,0,0,0,0,0,0,0,0
2026,20260310,Hugo Page,9,Stage 9,0,0,0,0,0,0,0,0,0
2026,20260310,Hugo Page,10,Stage 10,0,0,0,0,0,0,0,0,0
2026,20260310,Hugo Page,11,Stage 11,0,0,0,0,0,0,0,0,0
2026,20260310,Hugo Page,12,Stage 12,0,0,0,0,0,0,0,0,0
2026,20260310,Hugo Page,13,Stage 13,0,0,0,0,0,0,0,0,0
2026,20260310,Hugo Page,14,Stage 14,0,0,0,0,0,0,0,0,0
2026,20260310,Hugo Page,15,Stage 15,0,0,0,0,0,0,0,0,0
2026,20260310,Hugo Page,16,Stage 16,0,0,0,0,0,0,0,0,0
2026,20260310,Hugo Page,17,Stage 17,40,0,0,0,0,0,0,0,40
2026,20260310,Hugo Page,18,Stage 18,0,0,0,0,0,0,0,0,0
2026,20260310,Hugo Page,19,Stage 19,0,0,0,0,0,0,0,0,0
2026,20260310,Hugo Page,20,Stage 20,0,0,0,0,0,0,0,0,0
2026,20260310,Hugo Page,21,Stage 21,0,0,0,0,0,0,0,0,0
2026,20260310,Hugo Page,22,Final Classifications,0,0,0,0,0,0,0,0,0
2026,20260822,Xabier Mikel Azparren,1,Stage 1,0,0,0,0,0,0,0,0,0
2026,20260822,Xabier Mikel Azparren,2,Stage 2,0,0,0,0,0,0,0,0,0
2026,20260822,Xabier Mikel Azparren,3,Stage 3,0,0,0,0,0,0,0,0,0
2026,20260822,Xabier Mikel Azparren,4,Stage 4,0,0,0,0,0,0,0,0,0
2026,20260822,Xabier Mikel Azparren,5,Stage 5,0,0,0,0,0,0,0,0,0
2026,20260822,Xabier Mikel Azparren,6,Stage 6,0,0,0,0,0,0,0,0,0
2026,20260822,Xabier Mikel Azparren,7,Stage 7,0,0,0,0,0,0,0,0,0
2026,20260822,Xabier Mikel Azparren,8,Stage 8,0,0,0,0,0,0,0,0,0
2026,20260822,Xabier Mikel Azparren,9,Stage 9,0,0,0,0,0,0,0,2,2
2026,20260822,Xabier Mikel Azparren,10,Stage 10,0,0,0,0,0,0,0,0,0
2026,20260822,Xabier Mikel Azparren,11,Stage 11,0,0,0,0,0,0,0,0,0
2026,20260822,Xabier Mikel Azparren,12,Stage 12,0,0,0,0,0,0,0,0,0
2026,20260822,Xabier Mikel Azparren,13,Stage 13,0,0,0,0,0,0,0,2,2
2026,20260822,Xabier Mikel Azparren,14,Stage 14,0,0,0,0,0,0,0,0,0
2026,20260822,Xabier Mikel Azparren,15,Stage 15,0,0,0,0,0,0,0,0,0
2026,20260822,Xabier Mikel Azparren,16,Stage 16,0,0,0,0,0,0,0,0,0
2026,20260822,Xabier Mikel Azparren,17,Stage 17,0,0,0,0,0,0,0,0,0
2026,20260822,Xabier Mikel Azparren,18,Stage 18,0,0,0,0,0,0,0,0,0
2026,20260822,Xabier Mikel Azparren,19,Stage 19,0,0,0,0,0,0,0,0,0
2026,20260822,Xabier Mikel Azparren,20,Stage 20,0,0,0,0,0,0,0,0,0
2026,20260822,Xabier Mikel Azparren,21,Stage 21,0,0,0,0,16,0,20,0,36
2026,20260822,Xabier Mikel Azparren,22,Final Classifications,0,0,0,0,0,0,0,0,0
2026,20261210,Julian Alaphilippe,1,Stage 1,0,0,0,0,0,0,0,0,0
2026,20261210,Julian Alaphilippe,2,Stage 2,0,0,0,0,0,0,0,0,0
2026,20261210,Julian Alaphilippe,3,Stage 3,0,0,0,0,0,0,0,0,0
2026,20261210,Julian Alaphilippe,4,Stage 4,0,0,0,0,0,0,0,0,0
2026,20261210,Julian Alaphilippe,5,Stage 5,0,0,0,0,0,0,0,0,0
2026,20261210,Julian Alaphilippe,6,Stage 6,0,0,0,0,2,0,0,0,2
2026,20261210,Julian Alaphilippe,7,Stage 7,0,0,0,0,0,0,0,0,0
2026,20261210,Julian Alaphilippe,8,Stage 8,0,0,0,0,0,0,0,0,0
2026,20261210,Julian Alaphilippe,9,Stage 9,0,0,0,0,0,0,0,0,0
2026,20261210,Julian Alaphilippe,10,Stage 10,0,0,0,0,0,0,0,0,0
2026,20261210,Julian Alaphilippe,11,Stage 11,0,0,0,0,14,0,20,0,34
2026,20261210,Julian Alaphilippe,12,Stage 12,0,0,0,0,0,0,0,0,0
2026,20261210,Julian Alaphilippe,13,Stage 13,0,0,0,0,0,0,0,0,0
2026,20261210,Julian Alaphilippe,14,Stage 14,0,0,0,0,0,0,0,0,0
2026,20261210,Julian Alaphilippe,15,Stage 15,0,0,0,0,0,0,0,0,0
2026,20261210,Julian Alaphilippe,16,Stage 16,0,0,0,0,0,0,0,0,0
2026,20261210,Julian Alaphilippe,17,Stage 17,0,0,0,0,0,0,0,0,0
2026,20261210,Julian Alaphilippe,18,Stage 18,0,0,0,0,0,0,0,0,0
2026,20261210,Julian Alaphilippe,19,Stage 19,0,0,0,0,0,0,0,0,0
2026,20261210,Julian Alaphilippe,20,Stage 20,0,0,0,0,0,0,0,0,0
2026,20261210,Julian Alaphilippe,21,Stage 21,0,0,0,0,0,0,0,0,0
2026,20261210,Julian Alaphilippe,22,Final Classifications,0,0,0,0,0,0,0,0,0
2026,20260134,Antonio Tiberi,1,Stage 1,0,0,0,0,0,0,0,0,0
2026,20260134,Antonio Tiberi,2,Stage 2,0,0,0,0,0,0,0,0,0
2026,20260134,Antonio Tiberi,3,Stage 3,0,0,0,0,0,0,0,0,0
2026,20260134,Antonio Tiberi,4,Stage 4,0,0,0,0,0,0,0,0,0
2026,20260134,Antonio Tiberi,5,Stage 5,0,0,0,0,0,0,0,0,0
2026,20260134,Antonio Tiberi,6,Stage 6,0,0,0,0,0,0,0,0,0
2026,20260134,Antonio Tiberi,7,Stage 7,0,0,0,0,0,0,0,0,0
2026,20260134,Antonio Tiberi,8,Stage 8,0,0,0,0,0,0,0,0,0
2026,20260134,Antonio Tiberi,9,Stage 9,0,0,0,0,0,0,0,0,0
2026,20260134,Antonio Tiberi,10,Stage 10,0,0,0,0,5,0,0,0,5
2026,20260134,Antonio Tiberi,11,Stage 11,0,0,0,0,0,0,0,0,0
2026,20260134,Antonio Tiberi,12,Stage 12,0,0,0,0,0,0,0,0,0
2026,20260134,Antonio Tiberi,13,Stage 13,0,0,0,0,0,0,0,0,0
2026,20260134,Antonio Tiberi,14,Stage 14,0,0,0,0,0,0,0,0,0
2026,20260134,Antonio Tiberi,15,Stage 15,25,0,0,0,0,0,0,0,25
2026,20260134,Antonio Tiberi,16,Stage 16,0,0,0,0,0,0,0,0,0
2026,20260134,Antonio Tiberi,17,Stage 17,0,0,0,0,0,0,0,0,0
2026,20260134,Antonio Tiberi,18,Stage 18,0,0,0,0,0,0,0,0,0
2026,20260134,Antonio Tiberi,19,Stage 19,0,0,0,0,0,0,0,4,4
2026,20260134,Antonio Tiberi,20,Stage 20,0,0,0,0,0,0,0,0,0
2026,20260134,Antonio Tiberi,21,Stage 21,0,0,0,0,0,0,0,0,0
2026,20260134,Antonio Tiberi,22,Final Classifications,0,0,0,0,0,0,0,0,0
2026,20260282,Stefano Oldani,1,Stage 1,0,0,0,0,0,0,0,0,0
2026,20260282,Stefano Oldani,2,Stage 2,0,0,0,0,0,0,0,0,0
2026,20260282,Stefano Oldani,3,Stage 3,0,0,0,0,0,0,0,0,0
2026,20260282,Stefano Oldani,4,Stage 4,0,0,0,0,0,0,0,0,0
2026,20260282,Stefano Oldani,5,Stage 5,0,0,0,0,0,0,0,0,0
2026,20260282,Stefano Oldani,6,Stage 6,0,0,0,0,0,0,0,0,0
2026,20260282,Stefano Oldani,7,Stage 7,0,0,0,0,0,0,0,0,0
2026,20260282,Stefano Oldani,8,Stage 8,0,0,0,0,0,0,0,0,0
2026,20260282,Stefano Oldani,9,Stage 9,0,0,0,0,0,0,0,0,0
2026,20260282,Stefano Oldani,10,Stage 10,0,0,0,0,0,0,0,0,0
2026,20260282,Stefano Oldani,11,Stage 11,30,0,0,0,0,0,0,0,30
2026,20260282,Stefano Oldani,12,Stage 12,0,0,0,0,0,0,0,0,0
2026,20260282,Stefano Oldani,13,Stage 13,0,0,0,0,2,0,0,0,2
2026,20260282,Stefano Oldani,14,Stage 14,0,0,0,0,0,0,0,0,0
2026,20260282,Stefano Oldani,15,Stage 15,0,0,0,0,0,0,0,0,0
2026,20260282,Stefano Oldani,16,Stage 16,0,0,0,0,0,0,0,0,0
2026,20260282,Stefano Oldani,17,Stage 17,0,0,0,0,0,0,0,0,0
2026,20260282,Stefano Oldani,18,Stage 18,0,0,0,0,0,0,0,0,0
2026,20260282,Stefano Oldani,19,Stage 19,0,0,0,0,0,0,0,0,0
2026,20260282,Stefano Oldani,20,Stage 20,0,0,0,0,0,0,0,0,0
2026,20260282,Stefano Oldani,21,Stage 21,0,0,0,0,0,0,0,0,0
2026,20260282,Stefano Oldani,22,Final Classifications,0,0,0,0,0,0,0,0,0
2026,20260409,Georg Steinhauser,1,Stage 1,0,0,0,0,0,0,0,0,0
2026,20260409,Georg Steinhauser,2,Stage 2,0,0,0,0,0,0,0,0,0
2026,20260409,Georg Steinhauser,3,Stage 3,0,0,0,0,0,0,0,2,2
2026,20260409,Georg Steinhauser,4,Stage 4,0,0,0,0,0,0,0,6,6
2026,20260409,Georg Steinhauser,5,Stage 5,0,0,0,0,0,0,0,6,6
2026,20260409,Georg Steinhauser,6,Stage 6,0,0,0,0,0,0,0,0,0
2026,20260409,Georg Steinhauser,7,Stage 7,0,0,0,0,0,0,0,0,0
2026,20260409,Georg Steinhauser,8,Stage 8,0,0,0,0,0,0,0,0,0
2026,20260409,Georg Steinhauser,9,Stage 9,0,0,0,0,0,0,0,0,0
2026,20260409,Georg Steinhauser,10,Stage 10,0,0,0,0,0,0,0,0,0
2026,20260409,Georg Steinhauser,11,Stage 11,0,0,0,0,0,0,0,0,0
2026,20260409,Georg Steinhauser,12,Stage 12,0,0,0,0,0,0,0,0,0
2026,20260409,Georg Steinhauser,13,Stage 13,0,0,0,0,0,0,0,0,0
2026,20260409,Georg Steinhauser,14,Stage 14,0,0,0,0,0,0,0,0,0
2026,20260409,Georg Steinhauser,15,Stage 15,0,0,0,0,0,0,0,0,0
2026,20260409,Georg Steinhauser,16,Stage 16,0,0,0,0,0,0,0,0,0
2026,20260409,Georg Steinhauser,17,Stage 17,0,0,0,0,0,0,0,0,0
2026,20260409,Georg Steinhauser,18,Stage 18,0,0,0,0,0,0,0,8,8
2026,20260409,Georg Steinhauser,19,Stage 19,0,0,0,0,0,0,0,2,2
2026,20260409,Georg Steinhauser,20,Stage 20,0,0,0,0,0,0,0,8,8
2026,20260409,Georg Steinhauser,21,Stage 21,0,0,0,0,0,0,0,0,0
2026,20260409,Georg Steinhauser,22,Final Classifications,0,0,0,0,0,0,0,0,0
2026,20261312,Jonas Abrahamsen,1,Stage 1,0,0,0,0,0,0,0,0,0
2026,20261312,Jonas Abrahamsen,2,Stage 2,0,0,0,0,0,0,0,0,0
2026,20261312,Jonas Abrahamsen,3,Stage 3,0,0,0,0,0,0,0,0,0
2026,20261312,Jonas Abrahamsen,4,Stage 4,0,0,0,0,0,0,0,8,8
2026,20261312,Jonas Abrahamsen,5,Stage 5,0,0,0,0,0,0,0,8,8
2026,20261312,Jonas Abrahamsen,6,Stage 6,0,0,0,0,0,0,0,0,0
2026,20261312,Jonas Abrahamsen,7,Stage 7,0,0,0,0,0,0,0,4,4
2026,20261312,Jonas Abrahamsen,8,Stage 8,0,0,0,0,0,0,0,0,0
2026,20261312,Jonas Abrahamsen,9,Stage 9,0,0,0,0,0,0,0,4,4
2026,20261312,Jonas Abrahamsen,10,Stage 10,0,0,0,0,0,0,0,0,0
2026,20261312,Jonas Abrahamsen,11,Stage 11,0,0,0,0,0,0,0,8,8
2026,20261312,Jonas Abrahamsen,12,Stage 12,0,0,0,0,0,0,0,0,0
2026,20261312,Jonas Abrahamsen,13,Stage 13,0,0,0,0,0,0,0,0,0
2026,20261312,Jonas Abrahamsen,14,Stage 14,0,0,0,0,0,0,0,0,0
2026,20261312,Jonas Abrahamsen,15,Stage 15,0,0,0,0,0,0,0,0,0
2026,20261312,Jonas Abrahamsen,16,Stage 16,0,0,0,0,0,0,0,0,0
2026,20261312,Jonas Abrahamsen,17,Stage 17,0,0,0,0,0,0,0,0,0
2026,20261312,Jonas Abrahamsen,18,Stage 18,0,0,0,0,0,0,0,0,0
2026,20261312,Jonas Abrahamsen,19,Stage 19,0,0,0,0,0,0,0,0,0
2026,20261312,Jonas Abrahamsen,20,Stage 20,0,0,0,0,0,0,0,0,0
2026,20261312,Jonas Abrahamsen,21,Stage 21,0,0,0,0,0,0,0,0,0
2026,20261312,Jonas Abrahamsen,22,Final Classifications,0,0,0,0,0,0,0,0,0
2026,20260414,Max Walker,1,Stage 1,0,0,0,0,0,0,0,0,0
2026,20260414,Max Walker,2,Stage 2,0,0,0,0,0,0,0,0,0
2026,20260414,Max Walker,3,Stage 3,0,0,0,0,0,0,0,2,2
2026,20260414,Max Walker,4,Stage 4,0,0,0,0,0,0,0,6,6
2026,20260414,Max Walker,5,Stage 5,0,0,0,0,0,0,0,6,6
2026,20260414,Max Walker,6,Stage 6,0,0,0,0,0,0,0,0,0
2026,20260414,Max Walker,7,Stage 7,0,0,0,0,0,0,0,0,0
2026,20260414,Max Walker,8,Stage 8,0,0,0,0,0,0,0,0,0
2026,20260414,Max Walker,9,Stage 9,0,0,0,0,0,0,0,0,0
2026,20260414,Max Walker,10,Stage 10,0,0,0,0,0,0,0,0,0
2026,20260414,Max Walker,11,Stage 11,0,0,0,0,0,0,0,0,0
2026,20260414,Max Walker,12,Stage 12,0,0,0,0,0,0,0,0,0
2026,20260414,Max Walker,13,Stage 13,0,0,0,0,0,0,0,0,0
2026,20260414,Max Walker,14,Stage 14,0,0,0,0,0,0,0,0,0
2026,20260414,Max Walker,15,Stage 15,0,0,0,0,0,0,0,0,0
2026,20260414,Max Walker,16,Stage 16,0,0,0,0,0,0,0,0,0
2026,20260414,Max Walker,17,Stage 17,0,0,0,0,0,0,0,0,0
2026,20260414,Max Walker,18,Stage 18,0,0,0,0,0,0,0,8,8
2026,20260414,Max Walker,19,Stage 19,0,0,0,0,0,0,0,2,2
2026,20260414,Max Walker,20,Stage 20,0,0,0,0,0,0,0,8,8
2026,20260414,Max Walker,21,Stage 21,0,0,0,0,0,0,0,0,0
2026,20260414,Max Walker,22,Final Classifications,0,0,0,0,0,0,0,0,0
2026,20261335,Anders Skaarseth,1,Stage 1,0,0,0,0,0,0,0,0,0
2026,20261335,Anders Skaarseth,2,Stage 2,0,0,0,0,0,0,0,0,0
2026,20261335,Anders Skaarseth,3,Stage 3,0,0,0,0,0,0,0,0,0
2026,20261335,Anders Skaarseth,4,Stage 4,0,0,0,0,0,0,0,8,8
2026,20261335,Anders Skaarseth,5,Stage 5,0,0,0,0,0,0,0,8,8
2026,20261335,Anders Skaarseth,6,Stage 6,0,0,0,0,0,0,0,0,0
2026,20261335,Anders Skaarseth,7,Stage 7,0,0,0,0,0,0,0,4,4
2026,20261335,Anders Skaarseth,8,Stage 8,0,0,0,0,0,0,0,0,0
2026,20261335,Anders Skaarseth,9,Stage 9,0,0,0,0,0,0,0,4,4
2026,20261335,Anders Skaarseth,10,Stage 10,0,0,0,0,0,0,0,0,0
2026,20261335,Anders Skaarseth,11,Stage 11,0,0,0,0,0,0,0,8,8
2026,20261335,Anders Skaarseth,12,Stage 12,0,0,0,0,0,0,0,0,0
2026,20261335,Anders Skaarseth,13,Stage 13,0,0,0,0,0,0,0,0,0
2026,20261335,Anders Skaarseth,14,Stage 14,0,0,0,0,0,0,0,0,0
2026,20261335,Anders Skaarseth,15,Stage 15,0,0,0,0,0,0,0,0,0
2026,20261335,Anders Skaarseth,16,Stage 16,0,0,0,0,0,0,0,0,0
2026,20261335,Anders Skaarseth,17,Stage 17,0,0,0,0,0,0,0,0,0
2026,20261335,Anders Skaarseth,18,Stage 18,0,0,0,0,0,0,0,0,0
2026,20261335,Anders Skaarseth,19,Stage 19,0,0,0,0,0,0,0,0,0
2026,20261335,Anders Skaarseth,20,Stage 20,0,0,0,0,0,0,0,0,0
2026,20261335,Anders Skaarseth,21,Stage 21,0,0,0,0,0,0,0,0,0
2026,20261335,Anders Skaarseth,22,Final Classifications,0,0,0,0,0,0,0,0,0
2026,20260837,Quinten Hermans,1,Stage 1,0,0,0,0,0,0,0,0,0
2026,20260837,Quinten Hermans,2,Stage 2,0,0,0,0,0,0,0,0,0
2026,20260837,Quinten Hermans,3,Stage 3,0,0,0,0,0,0,0,0,0
2026,20260837,Quinten Hermans,4,Stage 4,12,0,0,0,0,0,0,0,12
2026,20260837,Quinten Hermans,5,Stage 5,0,0,0,0,0,0,0,0,0
2026,20260837,Quinten Hermans,6,Stage 6,0,0,0,0,0,0,0,0,0
2026,20260837,Quinten Hermans,7,Stage 7,0,0,0,0,0,0,0,0,0
2026,20260837,Quinten Hermans,8,Stage 8,0,0,0,0,0,0,0,0,0
2026,20260837,Quinten Hermans,9,Stage 9,0,0,0,0,0,0,0,2,2
2026,20260837,Quinten Hermans,10,Stage 10,0,0,0,0,4,0,0,0,4
2026,20260837,Quinten Hermans,11,Stage 11,0,0,0,0,0,0,0,0,0
2026,20260837,Quinten Hermans,12,Stage 12,0,0,0,0,0,0,0,0,0
2026,20260837,Quinten Hermans,13,Stage 13,0,0,0,0,6,0,0,2,8
2026,20260837,Quinten Hermans,14,Stage 14,0,0,0,0,0,0,0,0,0
2026,20260837,Quinten Hermans,15,Stage 15,0,0,0,0,0,0,0,0,0
2026,20260837,Quinten Hermans,16,Stage 16,0,0,0,0,0,0,0,0,0
2026,20260837,Quinten Hermans,17,Stage 17,4,0,0,0,0,0,0,0,4
2026,20260837,Quinten Hermans,18,Stage 18,0,0,0,0,0,0,0,0,0
2026,20260837,Quinten Hermans,19,Stage 19,0,0,0,0,0,0,0,0,0
2026,20260837,Quinten Hermans,20,Stage 20,0,0,0,0,0,0,0,0,0
2026,20260837,Quinten Hermans,21,Stage 21,0,0,0,0,0,0,0,0,0
2026,20260837,Quinten Hermans,22,Final Classifications,0,0,0,0,0,0,0,0,0
2026,20260952,Dylan Van Baarle,1,Stage 1,0,0,0,0,0,0,0,0,0
2026,20260952,Dylan Van Baarle,2,Stage 2,0,0,0,0,0,0,0,0,0
2026,20260952,Dylan Van Baarle,3,Stage 3,0,0,0,0,0,0,0,0,0
2026,20260952,Dylan Van Baarle,4,Stage 4,0,0,0,0,0,0,0,0,0
2026,20260952,Dylan Van Baarle,5,Stage 5,0,0,0,0,0,0,0,2,2
2026,20260952,Dylan Van Baarle,6,Stage 6,0,0,0,0,0,0,0,0,0
2026,20260952,Dylan Van Baarle,7,Stage 7,0,0,0,0,0,0,0,8,8
2026,20260952,Dylan Van Baarle,8,Stage 8,0,0,0,0,0,0,0,8,8
2026,20260952,Dylan Van Baarle,9,Stage 9,0,0,0,0,0,0,0,0,0
2026,20260952,Dylan Van Baarle,10,Stage 10,0,0,0,0,0,0,0,0,0
2026,20260952,Dylan Van Baarle,11,Stage 11,0,0,0,0,0,0,0,0,0
2026,20260952,Dylan Van Baarle,12,Stage 12,0,0,0,0,4,0,0,8,12
2026,20260952,Dylan Van Baarle,13,Stage 13,0,0,0,0,0,0,0,0,0
2026,20260952,Dylan Van Baarle,14,Stage 14,0,0,0,0,0,0,0,0,0
2026,20260952,Dylan Van Baarle,15,Stage 15,0,0,0,0,0,0,0,0,0
2026,20260952,Dylan Van Baarle,16,Stage 16,0,0,0,0,0,0,0,0,0
2026,20260952,Dylan Van Baarle,17,Stage 17,0,0,0,0,0,0,0,0,0
2026,20260952,Dylan Van Baarle,18,Stage 18,0,0,0,0,0,0,0,0,0
2026,20260952,Dylan Van Baarle,19,Stage 19,0,0,0,0,0,0,0,0,0
2026,20260952,Dylan Van Baarle,20,Stage 20,0,0,0,0,0,0,0,0,0
2026,20260952,Dylan Van Baarle,21,Stage 21,0,0,0,0,0,0,0,0,0
2026,20260952,Dylan Van Baarle,22,Final Classifications,0,0,0,0,0,0,0,0,0
2026,20260300,Ion Izagirre,1,Stage 1,0,0,0,0,0,0,0,0,0
2026,20260300,Ion Izagirre,2,Stage 2,0,0,0,0,0,0,0,0,0
2026,20260300,Ion Izagirre,3,Stage 3,0,0,0,0,0,0,0,0,0
2026,20260300,Ion Izagirre,4,Stage 4,4,0,0,0,0,0,0,0,4
2026,20260300,Ion Izagirre,5,Stage 5,0,0,0,0,0,0,0,0,0
2026,20260300,Ion Izagirre,6,Stage 6,0,0,0,0,0,0,0,0,0
2026,20260300,Ion Izagirre,7,Stage 7,0,0,0,0,0,0,0,0,0
2026,20260300,Ion Izagirre,8,Stage 8,0,0,0,0,0,0,0,0,0
2026,20260300,Ion Izagirre,9,Stage 9,0,0,0,0,0,0,0,0,0
2026,20260300,Ion Izagirre,10,Stage 10,0,0,0,0,0,0,0,0,0
2026,20260300,Ion Izagirre,11,Stage 11,0,0,0,0,0,0,0,0,0
2026,20260300,Ion Izagirre,12,Stage 12,0,0,0,0,0,0,0,0,0
2026,20260300,Ion Izagirre,13,Stage 13,12,0,0,0,0,0,0,0,12
2026,20260300,Ion Izagirre,14,Stage 14,0,0,0,0,0,0,0,0,0
2026,20260300,Ion Izagirre,15,Stage 15,0,0,0,0,0,0,0,0,0
2026,20260300,Ion Izagirre,16,Stage 16,0,0,0,0,0,0,0,0,0
2026,20260300,Ion Izagirre,17,Stage 17,0,0,0,0,0,0,0,0,0
2026,20260300,Ion Izagirre,18,Stage 18,0,0,0,0,0,0,0,0,0
2026,20260300,Ion Izagirre,19,Stage 19,12,0,0,0,0,0,0,0,12
2026,20260300,Ion Izagirre,20,Stage 20,0,0,0,0,0,0,0,0,0
2026,20260300,Ion Izagirre,21,Stage 21,0,0,0,0,0,0,0,0,0
2026,20260300,Ion Izagirre,22,Final Classifications,0,0,0,0,0,0,0,0,0
2026,20260702,Georg Zimmermann,1,Stage 1,0,0,0,0,0,0,0,0,0
2026,20260702,Georg Zimmermann,2,Stage 2,0,0,0,0,0,0,0,0,0
2026,20260702,Georg Zimmermann,3,Stage 3,0,0,0,0,0,0,0,0,0
2026,20260702,Georg Zimmermann,4,Stage 4,16,0,0,0,0,0,0,0,16
2026,20260702,Georg Zimmermann,5,Stage 5,0,0,0,0,0,0,0,0,0
2026,20260702,Georg Zimmermann,6,Stage 6,0,0,0,0,0,0,0,0,0
2026,20260702,Georg Zimmermann,7,Stage 7,0,0,0,0,0,0,0,0,0
2026,20260702,Georg Zimmermann,8,Stage 8,0,0,0,0,0,0,0,0,0
2026,20260702,Georg Zimmermann,9,Stage 9,0,0,0,0,0,0,0,0,0
2026,20260702,Georg Zimmermann,10,Stage 10,0,0,0,0,0,0,0,0,0
2026,20260702,Georg Zimmermann,11,Stage 11,0,0,0,0,0,0,0,0,0
2026,20260702,Georg Zimmermann,12,Stage 12,0,0,0,0,0,0,0,0,0
2026,20260702,Georg Zimmermann,13,Stage 13,0,0,0,0,0,0,0,0,0
2026,20260702,Georg Zimmermann,14,Stage 14,0,0,0,0,0,0,0,0,0
2026,20260702,Georg Zimmermann,15,Stage 15,0,0,0,0,0,0,0,0,0
2026,20260702,Georg Zimmermann,16,Stage 16,0,0,0,0,0,0,0,0,0
2026,20260702,Georg Zimmermann,17,Stage 17,12,0,0,0,0,0,0,0,12
2026,20260702,Georg Zimmermann,18,Stage 18,0,0,0,0,0,0,0,0,0
2026,20260702,Georg Zimmermann,19,Stage 19,0,0,0,0,0,0,0,0,0
2026,20260702,Georg Zimmermann,20,Stage 20,0,0,0,0,0,0,0,0,0
2026,20260702,Georg Zimmermann,21,Stage 21,0,0,0,0,0,0,0,0,0
2026,20260702,Georg Zimmermann,22,Final Classifications,0,0,0,0,0,0,0,0,0
2026,20261407,Nicolas Vinokurov,1,Stage 1,0,0,0,0,0,0,0,0,0
2026,20261407,Nicolas Vinokurov,2,Stage 2,0,0,0,0,0,0,0,0,0
2026,20261407,Nicolas Vinokurov,3,Stage 3,0,0,0,0,0,0,0,0,0
2026,20261407,Nicolas Vinokurov,4,Stage 4,0,0,0,0,0,0,0,0,0
2026,20261407,Nicolas Vinokurov,5,Stage 5,0,0,0,0,0,0,0,4,4
2026,20261407,Nicolas Vinokurov,6,Stage 6,0,0,0,0,0,0,0,0,0
2026,20261407,Nicolas Vinokurov,7,Stage 7,0,0,0,0,0,0,0,0,0
2026,20261407,Nicolas Vinokurov,8,Stage 8,0,0,0,0,0,0,0,0,0
2026,20261407,Nicolas Vinokurov,9,Stage 9,0,0,0,0,0,0,0,0,0
2026,20261407,Nicolas Vinokurov,10,Stage 10,0,0,0,0,0,0,0,0,0
2026,20261407,Nicolas Vinokurov,11,Stage 11,0,0,0,0,0,0,0,0,0
2026,20261407,Nicolas Vinokurov,12,Stage 12,0,0,0,0,0,0,0,0,0
2026,20261407,Nicolas Vinokurov,13,Stage 13,0,0,0,0,0,0,0,4,4
2026,20261407,Nicolas Vinokurov,14,Stage 14,0,0,0,0,0,0,0,0,0
2026,20261407,Nicolas Vinokurov,15,Stage 15,0,0,0,0,0,0,20,0,20
2026,20261407,Nicolas Vinokurov,16,Stage 16,0,0,0,0,0,0,0,0,0
2026,20261407,Nicolas Vinokurov,17,Stage 17,0,0,0,0,0,0,0,0,0
2026,20261407,Nicolas Vinokurov,18,Stage 18,0,0,0,0,0,0,0,0,0
2026,20261407,Nicolas Vinokurov,19,Stage 19,0,0,0,0,0,0,0,0,0
2026,20261407,Nicolas Vinokurov,20,Stage 20,0,0,0,0,0,0,0,0,0
2026,20261407,Nicolas Vinokurov,21,Stage 21,0,0,0,0,0,0,0,0,0
2026,20261407,Nicolas Vinokurov,22,Final Classifications,0,0,0,0,0,0,0,0,0
2026,20260848,Brent Van Moer,1,Stage 1,0,0,0,0,0,0,0,0,0
2026,20260848,Brent Van Moer,2,Stage 2,0,0,0,0,0,0,0,0,0
2026,20260848,Brent Van Moer,3,Stage 3,0,0,0,0,0,0,0,0,0
2026,20260848,Brent Van Moer,4,Stage 4,0,0,0,0,0,0,0,0,0
2026,20260848,Brent Van Moer,5,Stage 5,0,0,0,0,0,0,0,0,0
2026,20260848,Brent Van Moer,6,Stage 6,0,0,0,0,0,0,0,0,0
2026,20260848,Brent Van Moer,7,Stage 7,0,0,0,0,0,0,0,0,0
2026,20260848,Brent Van Moer,8,Stage 8,0,0,0,0,0,0,0,0,0
2026,20260848,Brent Van Moer,9,Stage 9,0,0,0,0,0,0,0,2,2
2026,20260848,Brent Van Moer,10,Stage 10,0,0,0,0,0,0,0,0,0
2026,20260848,Brent Van Moer,11,Stage 11,0,0,0,0,0,0,0,0,0
2026,20260848,Brent Van Moer,12,Stage 12,0,0,0,0,0,0,0,0,0
2026,20260848,Brent Van Moer,13,Stage 13,0,0,0,0,0,0,0,2,2
2026,20260848,Brent Van Moer,14,Stage 14,0,0,0,0,0,0,0,0,0
2026,20260848,Brent Van Moer,15,Stage 15,0,0,0,0,0,0,20,0,20
2026,20260848,Brent Van Moer,16,Stage 16,0,0,0,0,0,0,0,0,0
2026,20260848,Brent Van Moer,17,Stage 17,0,0,0,0,0,0,0,0,0
2026,20260848,Brent Van Moer,18,Stage 18,0,0,0,0,0,0,0,0,0
2026,20260848,Brent Van Moer,19,Stage 19,0,0,0,0,0,0,0,0,0
2026,20260848,Brent Van Moer,20,Stage 20,0,0,0,0,0,0,0,0,0
2026,20260848,Brent Van Moer,21,Stage 21,4,0,0,0,0,0,0,0,4
2026,20260848,Brent Van Moer,22,Final Classifications,0,0,0,0,0,0,0,0,0
2026,20261402,Mike Teunissen,1,Stage 1,0,0,0,0,0,0,0,0,0
2026,20261402,Mike Teunissen,2,Stage 2,0,0,0,0,0,0,0,0,0
2026,20261402,Mike Teunissen,3,Stage 3,0,0,0,0,0,0,0,0,0
2026,20261402,Mike Teunissen,4,Stage 4,0,0,0,0,0,0,0,0,0
2026,20261402,Mike Teunissen,5,Stage 5,8,0,0,0,3,0,0,4,15
2026,20261402,Mike Teunissen,6,Stage 6,0,0,0,0,0,0,0,0,0
2026,20261402,Mike Teunissen,7,Stage 7,0,0,0,0,1,0,0,0,1
2026,20261402,Mike Teunissen,8,Stage 8,0,0,0,0,0,0,0,0,0
2026,20261402,Mike Teunissen,9,Stage 9,0,0,0,0,0,0,0,0,0
2026,20261402,Mike Teunissen,10,Stage 10,0,0,0,0,0,0,0,0,0
2026,20261402,Mike Teunissen,11,Stage 11,0,0,0,0,1,0,0,0,1
2026,20261402,Mike Teunissen,12,Stage 12,0,0,0,0,0,0,0,0,0
2026,20261402,Mike Teunissen,13,Stage 13,0,0,0,0,0,0,0,4,4
2026,20261402,Mike Teunissen,14,Stage 14,0,0,0,0,5,0,0,0,5
2026,20261402,Mike Teunissen,15,Stage 15,0,0,0,0,0,0,0,0,0
2026,20261402,Mike Teunissen,16,Stage 16,0,0,0,0,0,0,0,0,0
2026,20261402,Mike Teunissen,17,Stage 17,0,0,0,0,0,0,0,0,0
2026,20261402,Mike Teunissen,18,Stage 18,0,0,0,0,0,0,0,0,0
2026,20261402,Mike Teunissen,19,Stage 19,0,0,0,0,0,0,0,0,0
2026,20261402,Mike Teunissen,20,Stage 20,0,0,0,0,0,0,0,0,0
2026,20261402,Mike Teunissen,21,Stage 21,0,0,0,0,0,0,0,0,0
2026,20261402,Mike Teunissen,22,Final Classifications,0,0,0,0,0,0,0,0,0
2026,20260935,Pascal Eenkhoorn,1,Stage 1,0,0,0,0,0,0,0,0,0
2026,20260935,Pascal Eenkhoorn,2,Stage 2,0,0,0,0,0,0,0,0,0
2026,20260935,Pascal Eenkhoorn,3,Stage 3,0,0,0,0,0,0,0,0,0
2026,20260935,Pascal Eenkhoorn,4,Stage 4,0,0,0,0,0,0,0,0,0
2026,20260935,Pascal Eenkhoorn,5,Stage 5,0,0,0,0,0,0,0,2,2
2026,20260935,Pascal Eenkhoorn,6,Stage 6,0,0,0,0,0,0,0,0,0
2026,20260935,Pascal Eenkhoorn,7,Stage 7,0,0,0,0,0,0,0,8,8
2026,20260935,Pascal Eenkhoorn,8,Stage 8,0,0,0,0,0,0,0,8,8
2026,20260935,Pascal Eenkhoorn,9,Stage 9,0,0,0,0,0,0,0,0,0
2026,20260935,Pascal Eenkhoorn,10,Stage 10,0,0,0,0,0,0,0,0,0
2026,20260935,Pascal Eenkhoorn,11,Stage 11,0,0,0,0,0,0,0,0,0
2026,20260935,Pascal Eenkhoorn,12,Stage 12,0,0,0,0,0,0,0,8,8
2026,20260935,Pascal Eenkhoorn,13,Stage 13,0,0,0,0,0,0,0,0,0
2026,20260935,Pascal Eenkhoorn,14,Stage 14,0,0,0,0,0,0,0,0,0
2026,20260935,Pascal Eenkhoorn,15,Stage 15,0,0,0,0,0,0,0,0,0
2026,20260935,Pascal Eenkhoorn,16,Stage 16,0,0,0,0,0,0,0,0,0
2026,20260935,Pascal Eenkhoorn,17,Stage 17,0,0,0,0,0,0,0,0,0
2026,20260935,Pascal Eenkhoorn,18,Stage 18,0,0,0,0,0,0,0,0,0
2026,20260935,Pascal Eenkhoorn,19,Stage 19,0,0,0,0,0,0,0,0,0
2026,20260935,Pascal Eenkhoorn,20,Stage 20,0,0,0,0,0,0,0,0,0
2026,20260935,Pascal Eenkhoorn,21,Stage 21,0,0,0,0,0,0,0,0,0
2026,20260935,Pascal Eenkhoorn,22,Final Classifications,0,0,0,0,0,0,0,0,0
2026,20261218,Marc Hirschi,1,Stage 1,0,0,0,0,0,0,0,0,0
2026,20261218,Marc Hirschi,2,Stage 2,0,0,0,0,0,0,0,0,0
2026,20261218,Marc Hirschi,3,Stage 3,0,0,0,0,0,0,0,0,0
2026,20261218,Marc Hirschi,4,Stage 4,0,0,0,0,0,0,0,0,0
2026,20261218,Marc Hirschi,5,Stage 5,0,0,0,0,0,0,0,0,0
2026,20261218,Marc Hirschi,6,Stage 6,0,0,0,0,0,0,0,0,0
2026,20261218,Marc Hirschi,7,Stage 7,0,0,0,0,0,0,0,0,0
2026,20261218,Marc Hirschi,8,Stage 8,0,0,0,0,0,0,0,0,0
2026,20261218,Marc Hirschi,9,Stage 9,0,0,0,0,0,0,0,0,0
2026,20261218,Marc Hirschi,10,Stage 10,0,0,0,0,0,0,0,0,0
2026,20261218,Marc Hirschi,11,Stage 11,0,0,0,0,0,0,0,0,0
2026,20261218,Marc Hirschi,12,Stage 12,0,0,0,0,0,0,0,0,0
2026,20261218,Marc Hirschi,13,Stage 13,25,0,0,0,0,0,0,0,25
2026,20261218,Marc Hirschi,14,Stage 14,0,0,0,0,0,0,0,0,0
2026,20261218,Marc Hirschi,15,Stage 15,0,0,0,0,0,0,0,0,0
2026,20261218,Marc Hirschi,16,Stage 16,0,0,0,0,0,0,0,0,0
2026,20261218,Marc Hirschi,17,Stage 17,0,0,0,0,0,0,0,0,0
2026,20261218,Marc Hirschi,18,Stage 18,0,0,0,0,0,0,0,0,0
2026,20261218,Marc Hirschi,19,Stage 19,0,0,0,0,0,0,0,0,0
2026,20261218,Marc Hirschi,20,Stage 20,0,0,0,0,0,0,0,0,0
2026,20261218,Marc Hirschi,21,Stage 21,0,0,0,0,0,0,0,0,0
2026,20261218,Marc Hirschi,22,Final Classifications,0,0,0,0,0,0,0,0,0
2026,20260117,Damiano Caruso,1,Stage 1,0,0,0,0,0,0,0,0,0
2026,20260117,Damiano Caruso,2,Stage 2,0,0,0,0,0,0,0,0,0
2026,20260117,Damiano Caruso,3,Stage 3,0,0,0,0,0,0,0,0,0
2026,20260117,Damiano Caruso,4,Stage 4,0,0,0,0,0,0,0,0,0
2026,20260117,Damiano Caruso,5,Stage 5,0,0,0,0,0,0,0,0,0
2026,20260117,Damiano Caruso,6,Stage 6,0,0,0,0,0,0,0,0,0
2026,20260117,Damiano Caruso,7,Stage 7,0,0,0,0,0,0,0,0,0
2026,20260117,Damiano Caruso,8,Stage 8,0,0,0,0,0,0,0,0,0
2026,20260117,Damiano Caruso,9,Stage 9,0,0,0,0,0,0,0,0,0
2026,20260117,Damiano Caruso,10,Stage 10,0,0,0,0,0,0,0,0,0
2026,20260117,Damiano Caruso,11,Stage 11,0,0,0,0,0,0,0,0,0
2026,20260117,Damiano Caruso,12,Stage 12,0,0,0,0,0,0,20,0,20
2026,20260117,Damiano Caruso,13,Stage 13,0,0,0,0,0,0,0,0,0
2026,20260117,Damiano Caruso,14,Stage 14,0,0,0,0,0,0,0,0,0
2026,20260117,Damiano Caruso,15,Stage 15,0,0,0,0,0,0,0,0,0
2026,20260117,Damiano Caruso,16,Stage 16,0,0,0,0,0,0,0,0,0
2026,20260117,Damiano Caruso,17,Stage 17,0,0,0,0,0,0,0,0,0
2026,20260117,Damiano Caruso,18,Stage 18,0,0,0,0,0,0,0,0,0
2026,20260117,Damiano Caruso,19,Stage 19,0,0,0,0,0,0,0,4,4
2026,20260117,Damiano Caruso,20,Stage 20,0,0,0,0,0,0,0,0,0
2026,20260117,Damiano Caruso,21,Stage 21,0,0,0,0,0,0,0,0,0
2026,20260117,Damiano Caruso,22,Final Classifications,0,0,0,0,0,0,0,0,0
2026,20261378,Davide Ballerini,1,Stage 1,0,0,0,0,0,0,0,0,0
2026,20261378,Davide Ballerini,2,Stage 2,0,0,0,0,1,0,0,0,1
2026,20261378,Davide Ballerini,3,Stage 3,0,0,0,0,0,0,0,0,0
2026,20261378,Davide Ballerini,4,Stage 4,0,0,0,0,0,0,0,0,0
2026,20261378,Davide Ballerini,5,Stage 5,0,0,0,0,0,0,0,4,4
2026,20261378,Davide Ballerini,6,Stage 6,0,0,0,0,4,0,0,0,4
2026,20261378,Davide Ballerini,7,Stage 7,0,0,0,0,0,0,0,0,0
2026,20261378,Davide Ballerini,8,Stage 8,0,0,0,0,1,0,0,0,1
2026,20261378,Davide Ballerini,9,Stage 9,0,0,0,0,0,0,0,0,0
2026,20261378,Davide Ballerini,10,Stage 10,0,0,0,0,0,0,0,0,0
2026,20261378,Davide Ballerini,11,Stage 11,0,0,0,0,0,0,0,0,0
2026,20261378,Davide Ballerini,12,Stage 12,0,0,0,0,6,0,0,0,6
2026,20261378,Davide Ballerini,13,Stage 13,0,0,0,0,0,0,0,4,4
2026,20261378,Davide Ballerini,14,Stage 14,0,0,0,0,0,0,0,0,0
2026,20261378,Davide Ballerini,15,Stage 15,0,0,0,0,4,0,0,0,4
2026,20261378,Davide Ballerini,16,Stage 16,0,0,0,0,0,0,0,0,0
2026,20261378,Davide Ballerini,17,Stage 17,0,0,0,0,0,0,0,0,0
2026,20261378,Davide Ballerini,18,Stage 18,0,0,0,0,0,0,0,0,0
2026,20261378,Davide Ballerini,19,Stage 19,0,0,0,0,0,0,0,0,0
2026,20261378,Davide Ballerini,20,Stage 20,0,0,0,0,0,0,0,0,0
2026,20261378,Davide Ballerini,21,Stage 21,0,0,0,0,0,0,0,0,0
2026,20261378,Davide Ballerini,22,Final Classifications,0,0,0,0,0,0,0,0,0
2026,20260771,Cian Uijtdebroeks,1,Stage 1,0,0,0,0,0,0,0,0,0
2026,20260771,Cian Uijtdebroeks,2,Stage 2,16,0,0,0,0,0,0,0,16
2026,20260771,Cian Uijtdebroeks,3,Stage 3,0,2,0,0,0,0,0,0,2
2026,20260771,Cian Uijtdebroeks,4,Stage 4,0,0,0,0,0,0,0,2,2
2026,20260771,Cian Uijtdebroeks,5,Stage 5,0,0,0,0,0,0,0,0,0
2026,20260771,Cian Uijtdebroeks,6,Stage 6,0,0,0,0,0,0,0,0,0
2026,20260771,Cian Uijtdebroeks,7,Stage 7,0,0,0,0,0,0,0,0,0
2026,20260771,Cian Uijtdebroeks,8,Stage 8,0,0,0,0,0,0,0,0,0
2026,20260771,Cian Uijtdebroeks,9,Stage 9,0,0,0,0,0,0,0,0,0
2026,20260771,Cian Uijtdebroeks,10,Stage 10,0,0,0,0,0,0,0,0,0
2026,20260771,Cian Uijtdebroeks,11,Stage 11,0,0,0,0,0,0,0,0,0
2026,20260771,Cian Uijtdebroeks,12,Stage 12,0,0,0,0,0,0,0,0,0
2026,20260771,Cian Uijtdebroeks,13,Stage 13,0,0,0,0,0,0,0,0,0
2026,20260771,Cian Uijtdebroeks,14,Stage 14,0,0,0,0,0,0,0,0,0
2026,20260771,Cian Uijtdebroeks,15,Stage 15,0,0,0,0,0,0,0,0,0
2026,20260771,Cian Uijtdebroeks,16,Stage 16,0,0,0,0,0,0,0,0,0
2026,20260771,Cian Uijtdebroeks,17,Stage 17,0,0,0,0,0,0,0,0,0
2026,20260771,Cian Uijtdebroeks,18,Stage 18,0,0,0,0,0,0,0,0,0
2026,20260771,Cian Uijtdebroeks,19,Stage 19,0,0,0,0,0,0,0,0,0
2026,20260771,Cian Uijtdebroeks,20,Stage 20,0,0,0,0,0,0,0,0,0
2026,20260771,Cian Uijtdebroeks,21,Stage 21,0,0,0,0,0,0,0,0,0
2026,20260771,Cian Uijtdebroeks,22,Final Classifications,0,0,0,0,0,0,0,0,0
2026,20261217,Marco Haller,1,Stage 1,0,0,0,0,0,0,0,0,0
2026,20261217,Marco Haller,2,Stage 2,0,0,0,0,0,0,0,0,0
2026,20261217,Marco Haller,3,Stage 3,0,0,0,0,0,0,0,0,0
2026,20261217,Marco Haller,4,Stage 4,0,0,0,0,0,0,0,0,0
2026,20261217,Marco Haller,5,Stage 5,0,0,0,0,0,0,0,0,0
2026,20261217,Marco Haller,6,Stage 6,0,0,0,0,0,0,0,0,0
2026,20261217,Marco Haller,7,Stage 7,0,0,0,0,0,0,0,0,0
2026,20261217,Marco Haller,8,Stage 8,0,0,0,0,0,0,0,0,0
2026,20261217,Marco Haller,9,Stage 9,0,0,0,0,0,0,0,0,0
2026,20261217,Marco Haller,10,Stage 10,0,0,0,0,0,0,0,0,0
2026,20261217,Marco Haller,11,Stage 11,0,0,0,0,0,0,0,0,0
2026,20261217,Marco Haller,12,Stage 12,0,0,0,0,0,0,0,0,0
2026,20261217,Marco Haller,13,Stage 13,0,0,0,0,0,0,0,0,0
2026,20261217,Marco Haller,14,Stage 14,0,0,0,0,0,0,0,0,0
2026,20261217,Marco Haller,15,Stage 15,0,0,0,0,0,0,0,0,0
2026,20261217,Marco Haller,16,Stage 16,0,0,0,0,0,0,0,0,0
2026,20261217,Marco Haller,17,Stage 17,0,0,0,0,0,0,0,0,0
2026,20261217,Marco Haller,18,Stage 18,0,0,0,0,0,0,0,0,0
2026,20261217,Marco Haller,19,Stage 19,0,0,0,0,0,0,0,0,0
2026,20261217,Marco Haller,20,Stage 20,0,0,0,0,0,0,0,0,0
2026,20261217,Marco Haller,21,Stage 21,20,0,0,0,0,0,0,0,20
2026,20261217,Marco Haller,22,Final Classifications,0,0,0,0,0,0,0,0,0
2026,20260678,Lars Craps,1,Stage 1,0,0,0,0,0,0,0,0,0
2026,20260678,Lars Craps,2,Stage 2,0,0,0,0,0,0,0,0,0
2026,20260678,Lars Craps,3,Stage 3,0,0,0,0,0,0,0,0,0
2026,20260678,Lars Craps,4,Stage 4,0,0,0,0,0,0,0,0,0
2026,20260678,Lars Craps,5,Stage 5,0,0,0,0,0,0,0,0,0
2026,20260678,Lars Craps,6,Stage 6,0,0,0,0,0,0,0,0,0
2026,20260678,Lars Craps,7,Stage 7,0,0,0,0,0,0,0,0,0
2026,20260678,Lars Craps,8,Stage 8,0,0,0,0,0,0,0,0,0
2026,20260678,Lars Craps,9,Stage 9,0,0,0,0,0,0,0,0,0
2026,20260678,Lars Craps,10,Stage 10,0,0,0,0,0,0,0,0,0
2026,20260678,Lars Craps,11,Stage 11,0,0,0,0,0,0,0,0,0
2026,20260678,Lars Craps,12,Stage 12,0,0,0,0,0,0,0,0,0
2026,20260678,Lars Craps,13,Stage 13,16,0,0,0,0,0,0,0,16
2026,20260678,Lars Craps,14,Stage 14,0,0,0,0,0,0,0,0,0
2026,20260678,Lars Craps,15,Stage 15,0,0,0,0,0,0,0,0,0
2026,20260678,Lars Craps,16,Stage 16,0,0,0,0,0,0,0,0,0
2026,20260678,Lars Craps,17,Stage 17,0,0,0,0,0,0,0,0,0
2026,20260678,Lars Craps,18,Stage 18,0,0,0,0,0,0,0,0,0
2026,20260678,Lars Craps,19,Stage 19,0,0,0,0,0,0,0,0,0
2026,20260678,Lars Craps,20,Stage 20,0,0,0,0,0,0,0,0,0
2026,20260678,Lars Craps,21,Stage 21,0,0,0,0,0,0,0,0,0
2026,20260678,Lars Craps,22,Final Classifications,0,0,0,0,0,0,0,0,0
2026,20261047,Luke Durbridge,1,Stage 1,0,0,0,0,0,0,0,0,0
2026,20261047,Luke Durbridge,2,Stage 2,0,0,0,0,0,0,0,0,0
2026,20261047,Luke Durbridge,3,Stage 3,0,0,0,0,0,0,0,0,0
2026,20261047,Luke Durbridge,4,Stage 4,0,0,0,0,0,0,0,0,0
2026,20261047,Luke Durbridge,5,Stage 5,0,0,0,0,0,0,0,0,0
2026,20261047,Luke Durbridge,6,Stage 6,0,0,0,0,0,0,0,0,0
2026,20261047,Luke Durbridge,7,Stage 7,0,0,0,0,0,0,0,0,0
2026,20261047,Luke Durbridge,8,Stage 8,0,0,0,0,0,0,0,0,0
2026,20261047,Luke Durbridge,9,Stage 9,0,0,0,0,0,0,0,0,0
2026,20261047,Luke Durbridge,10,Stage 10,0,0,0,0,0,0,0,0,0
2026,20261047,Luke Durbridge,11,Stage 11,0,0,0,0,0,0,0,0,0
2026,20261047,Luke Durbridge,12,Stage 12,0,0,0,0,0,0,0,0,0
2026,20261047,Luke Durbridge,13,Stage 13,0,0,0,0,0,0,0,8,8
2026,20261047,Luke Durbridge,14,Stage 14,0,0,0,0,0,0,0,0,0
2026,20261047,Luke Durbridge,15,Stage 15,0,0,0,0,0,0,0,0,0
2026,20261047,Luke Durbridge,16,Stage 16,0,0,0,0,0,0,0,0,0
2026,20261047,Luke Durbridge,17,Stage 17,0,0,0,0,0,0,0,4,4
2026,20261047,Luke Durbridge,18,Stage 18,0,0,0,0,0,0,0,4,4
2026,20261047,Luke Durbridge,19,Stage 19,0,0,0,0,0,0,0,0,0
2026,20261047,Luke Durbridge,20,Stage 20,0,0,0,0,0,0,0,0,0
2026,20261047,Luke Durbridge,21,Stage 21,0,0,0,0,0,0,0,0,0
2026,20261047,Luke Durbridge,22,Final Classifications,0,0,0,0,0,0,0,0,0
2026,20261086,Warren Barguil,1,Stage 1,0,0,0,0,0,0,0,0,0
2026,20261086,Warren Barguil,2,Stage 2,0,0,0,0,0,0,0,0,0
2026,20261086,Warren Barguil,3,Stage 3,0,0,0,0,0,0,0,0,0
2026,20261086,Warren Barguil,4,Stage 4,0,0,0,0,0,0,0,0,0
2026,20261086,Warren Barguil,5,Stage 5,0,0,0,0,0,0,0,0,0
2026,20261086,Warren Barguil,6,Stage 6,0,0,0,0,0,0,0,0,0
2026,20261086,Warren Barguil,7,Stage 7,0,0,0,0,0,0,0,0,0
2026,20261086,Warren Barguil,8,Stage 8,0,0,0,0,0,0,0,0,0
2026,20261086,Warren Barguil,9,Stage 9,0,0,0,0,0,0,0,0,0
2026,20261086,Warren Barguil,10,Stage 10,0,0,0,0,0,0,0,0,0
2026,20261086,Warren Barguil,11,Stage 11,0,0,0,0,0,0,0,0,0
2026,20261086,Warren Barguil,12,Stage 12,0,0,0,0,0,0,0,0,0
2026,20261086,Warren Barguil,13,Stage 13,0,0,0,0,0,0,0,0,0
2026,20261086,Warren Barguil,14,Stage 14,0,0,0,0,0,0,0,0,0
2026,20261086,Warren Barguil,15,Stage 15,0,0,0,0,0,0,0,0,0
2026,20261086,Warren Barguil,16,Stage 16,0,0,0,0,0,0,0,0,0
2026,20261086,Warren Barguil,17,Stage 17,0,0,0,0,0,0,0,0,0
2026,20261086,Warren Barguil,18,Stage 18,0,0,0,0,0,0,0,0,0
2026,20261086,Warren Barguil,19,Stage 19,0,0,0,0,0,0,0,0,0
2026,20261086,Warren Barguil,20,Stage 20,0,0,0,0,0,0,0,0,0
2026,20261086,Warren Barguil,21,Stage 21,0,0,0,0,14,0,0,0,14
2026,20261086,Warren Barguil,22,Final Classifications,0,0,0,0,0,0,0,0,0
2026,20260811,Krists Neilands,1,Stage 1,0,0,0,0,0,0,0,0,0
2026,20260811,Krists Neilands,2,Stage 2,0,0,0,0,0,0,0,0,0
2026,20260811,Krists Neilands,3,Stage 3,0,0,0,0,0,0,0,0,0
2026,20260811,Krists Neilands,4,Stage 4,0,0,0,0,0,0,0,0,0
2026,20260811,Krists Neilands,5,Stage 5,0,0,0,0,0,0,0,0,0
2026,20260811,Krists Neilands,6,Stage 6,0,0,0,0,0,0,0,0,0
2026,20260811,Krists Neilands,7,Stage 7,0,0,0,0,0,0,0,2,2
2026,20260811,Krists Neilands,8,Stage 8,0,0,0,0,0,0,0,4,4
2026,20260811,Krists Neilands,9,Stage 9,0,0,0,0,0,0,0,0,0
2026,20260811,Krists Neilands,10,Stage 10,0,0,0,0,0,0,0,0,0
2026,20260811,Krists Neilands,11,Stage 11,0,0,0,0,0,0,0,0,0
2026,20260811,Krists Neilands,12,Stage 12,0,0,0,0,0,0,0,0,0
2026,20260811,Krists Neilands,13,Stage 13,0,0,0,0,0,0,0,0,0
2026,20260811,Krists Neilands,14,Stage 14,0,0,0,0,0,0,0,0,0
2026,20260811,Krists Neilands,15,Stage 15,0,0,0,0,0,0,0,0,0
2026,20260811,Krists Neilands,16,Stage 16,0,0,0,0,0,0,0,0,0
2026,20260811,Krists Neilands,17,Stage 17,0,0,0,0,0,0,0,0,0
2026,20260811,Krists Neilands,18,Stage 18,0,0,0,0,0,0,0,0,0
2026,20260811,Krists Neilands,19,Stage 19,0,0,0,0,0,0,0,0,0
2026,20260811,Krists Neilands,20,Stage 20,0,0,0,0,0,0,0,0,0
2026,20260811,Krists Neilands,21,Stage 21,0,0,0,0,8,0,0,0,8
2026,20260811,Krists Neilands,22,Final Classifications,0,0,0,0,0,0,0,0,0
2026,20260842,Xandro Meurisse,1,Stage 1,0,0,0,0,0,0,0,0,0
2026,20260842,Xandro Meurisse,2,Stage 2,0,0,0,0,0,0,0,0,0
2026,20260842,Xandro Meurisse,3,Stage 3,0,0,0,0,0,0,0,0,0
2026,20260842,Xandro Meurisse,4,Stage 4,0,0,0,0,0,0,0,0,0
2026,20260842,Xandro Meurisse,5,Stage 5,0,0,0,0,0,0,0,0,0
2026,20260842,Xandro Meurisse,6,Stage 6,0,0,0,0,0,0,0,0,0
2026,20260842,Xandro Meurisse,7,Stage 7,0,0,0,0,0,0,0,0,0
2026,20260842,Xandro Meurisse,8,Stage 8,0,0,0,0,0,0,0,0,0
2026,20260842,Xandro Meurisse,9,Stage 9,0,0,0,0,0,0,0,2,2
2026,20260842,Xandro Meurisse,10,Stage 10,0,0,0,0,0,0,0,0,0
2026,20260842,Xandro Meurisse,11,Stage 11,0,0,0,0,0,0,0,0,0
2026,20260842,Xandro Meurisse,12,Stage 12,0,0,0,0,0,0,0,0,0
2026,20260842,Xandro Meurisse,13,Stage 13,0,0,0,0,8,0,0,2,10
2026,20260842,Xandro Meurisse,14,Stage 14,0,0,0,0,0,0,0,0,0
2026,20260842,Xandro Meurisse,15,Stage 15,0,0,0,0,0,0,0,0,0
2026,20260842,Xandro Meurisse,16,Stage 16,0,0,0,0,0,0,0,0,0
2026,20260842,Xandro Meurisse,17,Stage 17,0,0,0,0,0,0,0,0,0
2026,20260842,Xandro Meurisse,18,Stage 18,0,0,0,0,0,0,0,0,0
2026,20260842,Xandro Meurisse,19,Stage 19,0,0,0,0,0,0,0,0,0
2026,20260842,Xandro Meurisse,20,Stage 20,0,0,0,0,0,0,0,0,0
2026,20260842,Xandro Meurisse,21,Stage 21,0,0,0,0,0,0,0,0,0
2026,20260842,Xandro Meurisse,22,Final Classifications,0,0,0,0,0,0,0,0,0
2026,20260281,Joel Nicolau,1,Stage 1,0,0,0,0,0,0,0,0,0
2026,20260281,Joel Nicolau,2,Stage 2,0,0,0,0,0,0,0,0,0
2026,20260281,Joel Nicolau,3,Stage 3,0,0,0,0,0,0,0,0,0
2026,20260281,Joel Nicolau,4,Stage 4,8,0,0,0,1,0,0,0,9
2026,20260281,Joel Nicolau,5,Stage 5,0,0,0,0,0,0,0,0,0
2026,20260281,Joel Nicolau,6,Stage 6,0,0,0,0,0,0,0,0,0
2026,20260281,Joel Nicolau,7,Stage 7,0,0,0,0,0,0,0,0,0
2026,20260281,Joel Nicolau,8,Stage 8,0,0,0,0,0,0,0,0,0
2026,20260281,Joel Nicolau,9,Stage 9,0,0,0,0,0,0,0,0,0
2026,20260281,Joel Nicolau,10,Stage 10,0,0,0,0,0,0,0,0,0
2026,20260281,Joel Nicolau,11,Stage 11,0,0,0,0,0,0,0,0,0
2026,20260281,Joel Nicolau,12,Stage 12,0,0,0,0,0,0,0,0,0
2026,20260281,Joel Nicolau,13,Stage 13,0,0,0,0,0,0,0,0,0
2026,20260281,Joel Nicolau,14,Stage 14,0,0,0,0,0,0,0,0,0
2026,20260281,Joel Nicolau,15,Stage 15,0,0,0,0,0,0,0,0,0
2026,20260281,Joel Nicolau,16,Stage 16,0,0,0,0,0,0,0,0,0
2026,20260281,Joel Nicolau,17,Stage 17,0,0,0,0,0,0,0,0,0
2026,20260281,Joel Nicolau,18,Stage 18,0,0,0,0,0,0,0,0,0
2026,20260281,Joel Nicolau,19,Stage 19,0,0,0,0,0,0,0,0,0
2026,20260281,Joel Nicolau,20,Stage 20,0,0,0,0,0,0,0,0,0
2026,20260281,Joel Nicolau,21,Stage 21,0,0,0,0,0,0,0,0,0
2026,20260281,Joel Nicolau,22,Final Classifications,0,0,0,0,0,0,0,0,0
2026,20260547,Quentin Pacher,1,Stage 1,0,0,0,0,0,0,0,5,5
2026,20260547,Quentin Pacher,2,Stage 2,0,0,0,0,0,0,0,0,0
2026,20260547,Quentin Pacher,3,Stage 3,0,0,0,0,0,0,0,0,0
2026,20260547,Quentin Pacher,4,Stage 4,0,0,0,0,0,0,0,0,0
2026,20260547,Quentin Pacher,5,Stage 5,0,0,0,0,0,0,0,0,0
2026,20260547,Quentin Pacher,6,Stage 6,0,0,0,0,0,0,0,0,0
2026,20260547,Quentin Pacher,7,Stage 7,0,0,0,0,0,0,0,0,0
2026,20260547,Quentin Pacher,8,Stage 8,4,0,0,0,0,0,0,0,4
2026,20260547,Quentin Pacher,9,Stage 9,0,0,0,0,0,0,0,0,0
2026,20260547,Quentin Pacher,10,Stage 10,0,0,0,0,0,0,0,0,0
2026,20260547,Quentin Pacher,11,Stage 11,0,0,0,0,0,0,0,0,0
2026,20260547,Quentin Pacher,12,Stage 12,0,0,0,0,0,0,0,0,0
2026,20260547,Quentin Pacher,13,Stage 13,0,0,0,0,0,0,0,0,0
2026,20260547,Quentin Pacher,14,Stage 14,0,0,0,0,0,0,0,0,0
2026,20260547,Quentin Pacher,15,Stage 15,0,0,0,0,0,0,0,0,0
2026,20260547,Quentin Pacher,16,Stage 16,0,0,0,0,0,0,0,0,0
2026,20260547,Quentin Pacher,17,Stage 17,0,0,0,0,0,0,0,0,0
2026,20260547,Quentin Pacher,18,Stage 18,0,0,0,0,0,0,0,0,0
2026,20260547,Quentin Pacher,19,Stage 19,0,0,0,0,0,0,0,0,0
2026,20260547,Quentin Pacher,20,Stage 20,0,0,0,0,0,0,0,0,0
2026,20260547,Quentin Pacher,21,Stage 21,0,0,0,0,0,0,0,0,0
2026,20260547,Quentin Pacher,22,Final Classifications,0,0,0,0,0,0,0,0,0
2026,20261406,Simone Velasco,1,Stage 1,0,0,0,0,0,0,0,0,0
2026,20261406,Simone Velasco,2,Stage 2,0,0,0,0,0,0,0,0,0
2026,20261406,Simone Velasco,3,Stage 3,0,0,0,0,0,0,0,0,0
2026,20261406,Simone Velasco,4,Stage 4,0,0,0,0,0,0,0,0,0
2026,20261406,Simone Velasco,5,Stage 5,0,0,0,0,0,0,0,4,4
2026,20261406,Simone Velasco,6,Stage 6,0,0,0,0,0,0,0,0,0
2026,20261406,Simone Velasco,7,Stage 7,0,0,0,0,0,0,0,0,0
2026,20261406,Simone Velasco,8,Stage 8,0,0,0,0,0,0,0,0,0
2026,20261406,Simone Velasco,9,Stage 9,0,0,0,0,0,0,0,0,0
2026,20261406,Simone Velasco,10,Stage 10,0,0,0,0,0,0,0,0,0
2026,20261406,Simone Velasco,11,Stage 11,0,0,0,0,0,0,0,0,0
2026,20261406,Simone Velasco,12,Stage 12,0,0,0,0,0,0,0,0,0
2026,20261406,Simone Velasco,13,Stage 13,0,0,0,0,0,0,0,4,4
2026,20261406,Simone Velasco,14,Stage 14,0,0,0,0,0,0,0,0,0
2026,20261406,Simone Velasco,15,Stage 15,0,0,0,0,0,0,0,0,0
2026,20261406,Simone Velasco,16,Stage 16,0,0,0,0,0,0,0,0,0
2026,20261406,Simone Velasco,17,Stage 17,0,0,0,0,0,0,0,0,0
2026,20261406,Simone Velasco,18,Stage 18,0,0,0,0,0,0,0,0,0
2026,20261406,Simone Velasco,19,Stage 19,0,0,0,0,0,0,0,0,0
2026,20261406,Simone Velasco,20,Stage 20,0,0,0,0,0,0,0,0,0
2026,20261406,Simone Velasco,21,Stage 21,0,0,0,0,0,0,0,0,0
2026,20261406,Simone Velasco,22,Final Classifications,0,0,0,0,0,0,0,0,0
2026,20260132,Robert Stannard,1,Stage 1,0,0,0,0,0,0,0,0,0
2026,20260132,Robert Stannard,2,Stage 2,0,0,0,0,0,0,0,0,0
2026,20260132,Robert Stannard,3,Stage 3,0,0,0,0,0,0,0,0,0
2026,20260132,Robert Stannard,4,Stage 4,0,0,0,0,0,0,0,0,0
2026,20260132,Robert Stannard,5,Stage 5,0,0,0,0,0,0,0,0,0
2026,20260132,Robert Stannard,6,Stage 6,0,0,0,0,0,0,0,0,0
2026,20260132,Robert Stannard,7,Stage 7,0,0,0,0,0,0,0,0,0
2026,20260132,Robert Stannard,8,Stage 8,0,0,0,0,0,0,0,0,0
2026,20260132,Robert Stannard,9,Stage 9,0,0,0,0,0,0,0,0,0
2026,20260132,Robert Stannard,10,Stage 10,0,0,0,0,0,0,0,0,0
2026,20260132,Robert Stannard,11,Stage 11,0,0,0,0,0,0,0,0,0
2026,20260132,Robert Stannard,12,Stage 12,4,0,0,0,0,0,0,0,4
2026,20260132,Robert Stannard,13,Stage 13,0,0,0,0,0,0,0,0,0
2026,20260132,Robert Stannard,14,Stage 14,0,0,0,0,0,0,0,0,0
2026,20260132,Robert Stannard,15,Stage 15,0,0,0,0,0,0,0,0,0
2026,20260132,Robert Stannard,16,Stage 16,0,0,0,0,0,0,0,0,0
2026,20260132,Robert Stannard,17,Stage 17,0,0,0,0,0,0,0,0,0
2026,20260132,Robert Stannard,18,Stage 18,0,0,0,0,0,0,0,0,0
2026,20260132,Robert Stannard,19,Stage 19,0,0,0,0,0,0,0,4,4
2026,20260132,Robert Stannard,20,Stage 20,0,0,0,0,0,0,0,0,0
2026,20260132,Robert Stannard,21,Stage 21,0,0,0,0,0,0,0,0,0
2026,20260132,Robert Stannard,22,Final Classifications,0,0,0,0,0,0,0,0,0
2026,20260807,Matis Louvel,1,Stage 1,0,0,0,0,0,0,0,0,0
2026,20260807,Matis Louvel,2,Stage 2,0,0,0,0,0,0,0,0,0
2026,20260807,Matis Louvel,3,Stage 3,0,0,0,0,0,0,0,0,0
2026,20260807,Matis Louvel,4,Stage 4,0,0,0,0,0,0,0,0,0
2026,20260807,Matis Louvel,5,Stage 5,0,0,0,0,0,0,0,0,0
2026,20260807,Matis Louvel,6,Stage 6,0,0,0,0,0,0,0,0,0
2026,20260807,Matis Louvel,7,Stage 7,0,0,0,0,0,0,0,2,2
2026,20260807,Matis Louvel,8,Stage 8,0,0,0,0,0,0,0,4,4
2026,20260807,Matis Louvel,9,Stage 9,0,0,0,0,0,0,0,0,0
2026,20260807,Matis Louvel,10,Stage 10,0,0,0,0,0,0,0,0,0
2026,20260807,Matis Louvel,11,Stage 11,0,0,0,0,0,0,0,0,0
2026,20260807,Matis Louvel,12,Stage 12,0,0,0,0,0,0,0,0,0
2026,20260807,Matis Louvel,13,Stage 13,0,0,0,0,0,0,0,0,0
2026,20260807,Matis Louvel,14,Stage 14,0,0,0,0,0,0,0,0,0
2026,20260807,Matis Louvel,15,Stage 15,0,0,0,0,0,0,0,0,0
2026,20260807,Matis Louvel,16,Stage 16,0,0,0,0,0,0,0,0,0
2026,20260807,Matis Louvel,17,Stage 17,0,0,0,0,0,0,0,0,0
2026,20260807,Matis Louvel,18,Stage 18,0,0,0,0,0,0,0,0,0
2026,20260807,Matis Louvel,19,Stage 19,0,0,0,0,0,0,0,0,0
2026,20260807,Matis Louvel,20,Stage 20,0,0,0,0,0,0,0,0,0
2026,20260807,Matis Louvel,21,Stage 21,0,0,0,0,0,0,0,0,0
2026,20260807,Matis Louvel,22,Final Classifications,0,0,0,0,0,0,0,0,0
2026,20260526,Clément Berthet,1,Stage 1,0,0,0,0,0,0,0,5,5
2026,20260526,Clément Berthet,2,Stage 2,0,0,0,0,0,0,0,0,0
2026,20260526,Clément Berthet,3,Stage 3,0,0,0,0,0,0,0,0,0
2026,20260526,Clément Berthet,4,Stage 4,0,0,0,0,0,0,0,0,0
2026,20260526,Clément Berthet,5,Stage 5,0,0,0,0,0,0,0,0,0
2026,20260526,Clément Berthet,6,Stage 6,0,0,0,0,0,0,0,0,0
2026,20260526,Clément Berthet,7,Stage 7,0,0,0,0,0,0,0,0,0
2026,20260526,Clément Berthet,8,Stage 8,0,0,0,0,0,0,0,0,0
2026,20260526,Clément Berthet,9,Stage 9,0,0,0,0,0,0,0,0,0
2026,20260526,Clément Berthet,10,Stage 10,0,0,0,0,0,0,0,0,0
2026,20260526,Clément Berthet,11,Stage 11,0,0,0,0,0,0,0,0,0
2026,20260526,Clément Berthet,12,Stage 12,0,0,0,0,0,0,0,0,0
2026,20260526,Clément Berthet,13,Stage 13,0,0,0,0,0,0,0,0,0
2026,20260526,Clément Berthet,14,Stage 14,0,0,0,0,0,0,0,0,0
2026,20260526,Clément Berthet,15,Stage 15,0,0,0,0,0,0,0,0,0
2026,20260526,Clément Berthet,16,Stage 16,0,0,0,0,0,0,0,0,0
2026,20260526,Clément Berthet,17,Stage 17,0,0,0,0,0,0,0,0,0
2026,20260526,Clément Berthet,18,Stage 18,0,0,0,0,0,0,0,0,0
2026,20260526,Clément Berthet,19,Stage 19,0,0,0,0,0,0,0,0,0
2026,20260526,Clément Berthet,20,Stage 20,0,0,0,0,0,0,0,0,0
2026,20260526,Clément Berthet,21,Stage 21,0,0,0,0,0,0,0,0,0
2026,20260526,Clément Berthet,22,Final Classifications,0,0,0,0,0,0,0,0,0
2026,20260536,Lorenzo Germani,1,Stage 1,0,0,0,0,0,0,0,5,5
2026,20260536,Lorenzo Germani,2,Stage 2,0,0,0,0,0,0,0,0,0
2026,20260536,Lorenzo Germani,3,Stage 3,0,0,0,0,0,0,0,0,0
2026,20260536,Lorenzo Germani,4,Stage 4,0,0,0,0,0,0,0,0,0
2026,20260536,Lorenzo Germani,5,Stage 5,0,0,0,0,0,0,0,0,0
2026,20260536,Lorenzo Germani,6,Stage 6,0,0,0,0,0,0,0,0,0
2026,20260536,Lorenzo Germani,7,Stage 7,0,0,0,0,0,0,0,0,0
2026,20260536,Lorenzo Germani,8,Stage 8,0,0,0,0,0,0,0,0,0
2026,20260536,Lorenzo Germani,9,Stage 9,0,0,0,0,0,0,0,0,0
2026,20260536,Lorenzo Germani,10,Stage 10,0,0,0,0,0,0,0,0,0
2026,20260536,Lorenzo Germani,11,Stage 11,0,0,0,0,0,0,0,0,0
2026,20260536,Lorenzo Germani,12,Stage 12,0,0,0,0,0,0,0,0,0
2026,20260536,Lorenzo Germani,13,Stage 13,0,0,0,0,0,0,0,0,0
2026,20260536,Lorenzo Germani,14,Stage 14,0,0,0,0,0,0,0,0,0
2026,20260536,Lorenzo Germani,15,Stage 15,0,0,0,0,0,0,0,0,0
2026,20260536,Lorenzo Germani,16,Stage 16,0,0,0,0,0,0,0,0,0
2026,20260536,Lorenzo Germani,17,Stage 17,0,0,0,0,0,0,0,0,0
2026,20260536,Lorenzo Germani,18,Stage 18,0,0,0,0,0,0,0,0,0
2026,20260536,Lorenzo Germani,19,Stage 19,0,0,0,0,0,0,0,0,0
2026,20260536,Lorenzo Germani,20,Stage 20,0,0,0,0,0,0,0,0,0
2026,20260536,Lorenzo Germani,21,Stage 21,0,0,0,0,0,0,0,0,0
2026,20260536,Lorenzo Germani,22,Final Classifications,0,0,0,0,0,0,0,0,0
2026,20260839,Damien Howson,1,Stage 1,0,0,0,0,0,0,0,0,0
2026,20260839,Damien Howson,2,Stage 2,0,0,0,0,0,0,0,0,0
2026,20260839,Damien Howson,3,Stage 3,0,0,0,0,0,0,0,0,0
2026,20260839,Damien Howson,4,Stage 4,0,0,0,0,0,0,0,0,0
2026,20260839,Damien Howson,5,Stage 5,0,0,0,0,0,0,0,0,0
2026,20260839,Damien Howson,6,Stage 6,0,0,0,0,0,0,0,0,0
2026,20260839,Damien Howson,7,Stage 7,0,0,0,0,0,0,0,0,0
2026,20260839,Damien Howson,8,Stage 8,0,0,0,0,0,0,0,0,0
2026,20260839,Damien Howson,9,Stage 9,0,0,0,0,0,0,0,2,2
2026,20260839,Damien Howson,10,Stage 10,0,0,0,0,0,0,0,0,0
2026,20260839,Damien Howson,11,Stage 11,0,0,0,0,0,0,0,0,0
2026,20260839,Damien Howson,12,Stage 12,0,0,0,0,0,0,0,0,0
2026,20260839,Damien Howson,13,Stage 13,0,0,0,0,0,0,0,2,2
2026,20260839,Damien Howson,14,Stage 14,0,0,0,0,0,0,0,0,0
2026,20260839,Damien Howson,15,Stage 15,0,0,0,0,0,0,0,0,0
2026,20260839,Damien Howson,16,Stage 16,0,0,0,0,0,0,0,0,0
2026,20260839,Damien Howson,17,Stage 17,0,0,0,0,0,0,0,0,0
2026,20260839,Damien Howson,18,Stage 18,0,0,0,0,0,0,0,0,0
2026,20260839,Damien Howson,19,Stage 19,0,0,0,0,0,0,0,0,0
2026,20260839,Damien Howson,20,Stage 20,0,0,0,0,0,0,0,0,0
2026,20260839,Damien Howson,21,Stage 21,0,0,0,0,0,0,0,0,0
2026,20260839,Damien Howson,22,Final Classifications,0,0,0,0,0,0,0,0,0
2026,20260122,Kamil Gradek,1,Stage 1,0,0,0,0,0,0,0,0,0
2026,20260122,Kamil Gradek,2,Stage 2,0,0,0,0,0,0,0,0,0
2026,20260122,Kamil Gradek,3,Stage 3,0,0,0,0,0,0,0,0,0
2026,20260122,Kamil Gradek,4,Stage 4,0,0,0,0,0,0,0,0,0
2026,20260122,Kamil Gradek,5,Stage 5,0,0,0,0,0,0,0,0,0
2026,20260122,Kamil Gradek,6,Stage 6,0,0,0,0,0,0,0,0,0
2026,20260122,Kamil Gradek,7,Stage 7,0,0,0,0,0,0,0,0,0
2026,20260122,Kamil Gradek,8,Stage 8,0,0,0,0,0,0,0,0,0
2026,20260122,Kamil Gradek,9,Stage 9,0,0,0,0,0,0,0,0,0
2026,20260122,Kamil Gradek,10,Stage 10,0,0,0,0,0,0,0,0,0
2026,20260122,Kamil Gradek,11,Stage 11,0,0,0,0,0,0,0,0,0
2026,20260122,Kamil Gradek,12,Stage 12,0,0,0,0,0,0,0,0,0
2026,20260122,Kamil Gradek,13,Stage 13,0,0,0,0,0,0,0,0,0
2026,20260122,Kamil Gradek,14,Stage 14,0,0,0,0,0,0,0,0,0
2026,20260122,Kamil Gradek,15,Stage 15,0,0,0,0,0,0,0,0,0
2026,20260122,Kamil Gradek,16,Stage 16,0,0,0,0,0,0,0,0,0
2026,20260122,Kamil Gradek,17,Stage 17,0,0,0,0,0,0,0,0,0
2026,20260122,Kamil Gradek,18,Stage 18,0,0,0,0,0,0,0,0,0
2026,20260122,Kamil Gradek,19,Stage 19,0,0,0,0,0,0,0,4,4
2026,20260122,Kamil Gradek,20,Stage 20,0,0,0,0,0,0,0,0,0
2026,20260122,Kamil Gradek,21,Stage 21,0,0,0,0,0,0,0,0,0
2026,20260122,Kamil Gradek,22,Final Classifications,0,0,0,0,0,0,0,0,0
2026,20260751,Jefferson Alveiro Cepeda,1,Stage 1,0,0,0,0,0,0,0,0,0
2026,20260751,Jefferson Alveiro Cepeda,2,Stage 2,0,0,0,0,0,0,0,0,0
2026,20260751,Jefferson Alveiro Cepeda,3,Stage 3,0,0,0,0,0,0,0,0,0
2026,20260751,Jefferson Alveiro Cepeda,4,Stage 4,0,0,0,0,0,0,0,2,2
2026,20260751,Jefferson Alveiro Cepeda,5,Stage 5,0,0,0,0,0,0,0,0,0
2026,20260751,Jefferson Alveiro Cepeda,6,Stage 6,0,0,0,0,0,0,0,0,0
2026,20260751,Jefferson Alveiro Cepeda,7,Stage 7,0,0,0,0,0,0,0,0,0
2026,20260751,Jefferson Alveiro Cepeda,8,Stage 8,0,0,0,0,0,0,0,0,0
2026,20260751,Jefferson Alveiro Cepeda,9,Stage 9,0,0,0,0,0,0,0,0,0
2026,20260751,Jefferson Alveiro Cepeda,10,Stage 10,0,0,0,0,0,0,0,0,0
2026,20260751,Jefferson Alveiro Cepeda,11,Stage 11,0,0,0,0,0,0,0,0,0
2026,20260751,Jefferson Alveiro Cepeda,12,Stage 12,0,0,0,0,0,0,0,0,0
2026,20260751,Jefferson Alveiro Cepeda,13,Stage 13,0,0,0,0,0,0,0,0,0
2026,20260751,Jefferson Alveiro Cepeda,14,Stage 14,0,0,0,0,0,0,0,0,0
2026,20260751,Jefferson Alveiro Cepeda,15,Stage 15,0,0,0,0,1,0,0,0,1
2026,20260751,Jefferson Alveiro Cepeda,16,Stage 16,0,0,0,0,0,0,0,0,0
2026,20260751,Jefferson Alveiro Cepeda,17,Stage 17,0,0,0,0,0,0,0,0,0
2026,20260751,Jefferson Alveiro Cepeda,18,Stage 18,0,0,0,0,0,0,0,0,0
2026,20260751,Jefferson Alveiro Cepeda,19,Stage 19,0,0,0,0,0,0,0,0,0
2026,20260751,Jefferson Alveiro Cepeda,20,Stage 20,0,0,0,0,0,0,0,0,0
2026,20260751,Jefferson Alveiro Cepeda,21,Stage 21,0,0,0,0,0,0,0,0,0
2026,20260751,Jefferson Alveiro Cepeda,22,Final Classifications,0,0,0,0,0,0,0,0,0
2026,20260303,Alex Kirsch,1,Stage 1,0,0,0,0,0,0,0,0,0
2026,20260303,Alex Kirsch,2,Stage 2,0,0,0,0,0,0,0,0,0
2026,20260303,Alex Kirsch,3,Stage 3,0,0,0,0,0,0,0,0,0
2026,20260303,Alex Kirsch,4,Stage 4,0,0,0,0,3,0,0,0,3
2026,20260303,Alex Kirsch,5,Stage 5,0,0,0,0,0,0,0,0,0
2026,20260303,Alex Kirsch,6,Stage 6,0,0,0,0,0,0,0,0,0
2026,20260303,Alex Kirsch,7,Stage 7,0,0,0,0,0,0,0,0,0
2026,20260303,Alex Kirsch,8,Stage 8,0,0,0,0,0,0,0,0,0
2026,20260303,Alex Kirsch,9,Stage 9,0,0,0,0,0,0,0,0,0
2026,20260303,Alex Kirsch,10,Stage 10,0,0,0,0,0,0,0,0,0
2026,20260303,Alex Kirsch,11,Stage 11,0,0,0,0,0,0,0,0,0
2026,20260303,Alex Kirsch,12,Stage 12,0,0,0,0,0,0,0,0,0
2026,20260303,Alex Kirsch,13,Stage 13,0,0,0,0,0,0,0,0,0
2026,20260303,Alex Kirsch,14,Stage 14,0,0,0,0,0,0,0,0,0
2026,20260303,Alex Kirsch,15,Stage 15,0,0,0,0,0,0,0,0,0
2026,20260303,Alex Kirsch,16,Stage 16,0,0,0,0,0,0,0,0,0
2026,20260303,Alex Kirsch,17,Stage 17,0,0,0,0,0,0,0,0,0
2026,20260303,Alex Kirsch,18,Stage 18,0,0,0,0,0,0,0,0,0
2026,20260303,Alex Kirsch,19,Stage 19,0,0,0,0,0,0,0,0,0
2026,20260303,Alex Kirsch,20,Stage 20,0,0,0,0,0,0,0,0,0
2026,20260303,Alex Kirsch,21,Stage 21,0,0,0,0,0,0,0,0,0
2026,20260303,Alex Kirsch,22,Final Classifications,0,0,0,0,0,0,0,0,0
2026,20260836,Chris Harper,1,Stage 1,0,0,0,0,0,0,0,0,0
2026,20260836,Chris Harper,2,Stage 2,0,0,0,0,0,0,0,0,0
2026,20260836,Chris Harper,3,Stage 3,0,0,0,0,0,0,0,0,0
2026,20260836,Chris Harper,4,Stage 4,0,0,0,0,0,0,0,0,0
2026,20260836,Chris Harper,5,Stage 5,0,0,0,0,0,0,0,0,0
2026,20260836,Chris Harper,6,Stage 6,0,0,0,0,0,0,0,0,0
2026,20260836,Chris Harper,7,Stage 7,0,0,0,0,0,0,0,0,0
2026,20260836,Chris Harper,8,Stage 8,0,0,0,0,0,0,0,0,0
2026,20260836,Chris Harper,9,Stage 9,0,0,0,0,0,0,0,2,2
2026,20260836,Chris Harper,10,Stage 10,0,0,0,0,0,0,0,0,0
2026,20260836,Chris Harper,11,Stage 11,0,0,0,0,0,0,0,0,0
2026,20260836,Chris Harper,12,Stage 12,0,0,0,0,0,0,0,0,0
2026,20260836,Chris Harper,13,Stage 13,0,0,0,0,0,0,0,0,0
2026,20260836,Chris Harper,14,Stage 14,0,0,0,0,0,0,0,0,0
2026,20260836,Chris Harper,15,Stage 15,0,0,0,0,0,0,0,0,0
2026,20260836,Chris Harper,16,Stage 16,0,0,0,0,0,0,0,0,0
2026,20260836,Chris Harper,17,Stage 17,0,0,0,0,0,0,0,0,0
2026,20260836,Chris Harper,18,Stage 18,0,0,0,0,0,0,0,0,0
2026,20260836,Chris Harper,19,Stage 19,0,0,0,0,0,0,0,0,0
2026,20260836,Chris Harper,20,Stage 20,0,0,0,0,0,0,0,0,0
2026,20260836,Chris Harper,21,Stage 21,0,0,0,0,0,0,0,0,0
2026,20260836,Chris Harper,22,Final Classifications,0,0,0,0,0,0,0,0,0
2026,20260755,Michel Hessmann,1,Stage 1,0,0,0,0,0,0,0,0,0
2026,20260755,Michel Hessmann,2,Stage 2,0,0,0,0,0,0,0,0,0
2026,20260755,Michel Hessmann,3,Stage 3,0,0,0,0,0,0,0,0,0
2026,20260755,Michel Hessmann,4,Stage 4,0,0,0,0,0,0,0,2,2
2026,20260755,Michel Hessmann,5,Stage 5,0,0,0,0,0,0,0,0,0
2026,20260755,Michel Hessmann,6,Stage 6,0,0,0,0,0,0,0,0,0
2026,20260755,Michel Hessmann,7,Stage 7,0,0,0,0,0,0,0,0,0
2026,20260755,Michel Hessmann,8,Stage 8,0,0,0,0,0,0,0,0,0
2026,20260755,Michel Hessmann,9,Stage 9,0,0,0,0,0,0,0,0,0
2026,20260755,Michel Hessmann,10,Stage 10,0,0,0,0,0,0,0,0,0
2026,20260755,Michel Hessmann,11,Stage 11,0,0,0,0,0,0,0,0,0
2026,20260755,Michel Hessmann,12,Stage 12,0,0,0,0,0,0,0,0,0
2026,20260755,Michel Hessmann,13,Stage 13,0,0,0,0,0,0,0,0,0
2026,20260755,Michel Hessmann,14,Stage 14,0,0,0,0,0,0,0,0,0
2026,20260755,Michel Hessmann,15,Stage 15,0,0,0,0,0,0,0,0,0
2026,20260755,Michel Hessmann,16,Stage 16,0,0,0,0,0,0,0,0,0
2026,20260755,Michel Hessmann,17,Stage 17,0,0,0,0,0,0,0,0,0
2026,20260755,Michel Hessmann,18,Stage 18,0,0,0,0,0,0,0,0,0
2026,20260755,Michel Hessmann,19,Stage 19,0,0,0,0,0,0,0,0,0
2026,20260755,Michel Hessmann,20,Stage 20,0,0,0,0,0,0,0,0,0
2026,20260755,Michel Hessmann,21,Stage 21,0,0,0,0,0,0,0,0,0
2026,20260755,Michel Hessmann,22,Final Classifications,0,0,0,0,0,0,0,0,0
2026,20260955,Bert Van Lerberghe,1,Stage 1,0,0,0,0,0,0,0,0,0
2026,20260955,Bert Van Lerberghe,2,Stage 2,0,0,0,0,0,0,0,0,0
2026,20260955,Bert Van Lerberghe,3,Stage 3,0,0,0,0,0,0,0,0,0
2026,20260955,Bert Van Lerberghe,4,Stage 4,0,0,0,0,0,0,0,0,0
2026,20260955,Bert Van Lerberghe,5,Stage 5,0,0,0,0,0,0,0,2,2
2026,20260955,Bert Van Lerberghe,6,Stage 6,0,0,0,0,0,0,0,0,0
2026,20260955,Bert Van Lerberghe,7,Stage 7,0,0,0,0,0,0,0,0,0
2026,20260955,Bert Van Lerberghe,8,Stage 8,0,0,0,0,0,0,0,0,0
2026,20260955,Bert Van Lerberghe,9,Stage 9,0,0,0,0,0,0,0,0,0
2026,20260955,Bert Van Lerberghe,10,Stage 10,0,0,0,0,0,0,0,0,0
2026,20260955,Bert Van Lerberghe,11,Stage 11,0,0,0,0,0,0,0,0,0
2026,20260955,Bert Van Lerberghe,12,Stage 12,0,0,0,0,0,0,0,0,0
2026,20260955,Bert Van Lerberghe,13,Stage 13,0,0,0,0,0,0,0,0,0
2026,20260955,Bert Van Lerberghe,14,Stage 14,0,0,0,0,0,0,0,0,0
2026,20260955,Bert Van Lerberghe,15,Stage 15,0,0,0,0,0,0,0,0,0
2026,20260955,Bert Van Lerberghe,16,Stage 16,0,0,0,0,0,0,0,0,0
2026,20260955,Bert Van Lerberghe,17,Stage 17,0,0,0,0,0,0,0,0,0
2026,20260955,Bert Van Lerberghe,18,Stage 18,0,0,0,0,0,0,0,0,0
2026,20260955,Bert Van Lerberghe,19,Stage 19,0,0,0,0,0,0,0,0,0
2026,20260955,Bert Van Lerberghe,20,Stage 20,0,0,0,0,0,0,0,0,0
2026,20260955,Bert Van Lerberghe,21,Stage 21,0,0,0,0,0,0,0,0,0
2026,20260955,Bert Van Lerberghe,22,Final Classifications,0,0,0,0,0,0,0,0,0
2026,20260680,Arnaud De Lie,1,Stage 1,0,0,0,0,0,0,0,0,0
2026,20260680,Arnaud De Lie,2,Stage 2,0,0,0,0,0,0,0,0,0
2026,20260680,Arnaud De Lie,3,Stage 3,0,0,0,0,0,0,0,0,0
2026,20260680,Arnaud De Lie,4,Stage 4,0,0,0,0,0,0,0,0,0
2026,20260680,Arnaud De Lie,5,Stage 5,0,0,0,0,0,0,0,0,0
2026,20260680,Arnaud De Lie,6,Stage 6,0,0,0,0,0,0,0,0,0
2026,20260680,Arnaud De Lie,7,Stage 7,0,0,0,0,0,0,0,0,0
2026,20260680,Arnaud De Lie,8,Stage 8,0,0,0,0,0,0,0,0,0
2026,20260680,Arnaud De Lie,9,Stage 9,0,0,0,0,0,0,0,0,0
2026,20260680,Arnaud De Lie,10,Stage 10,0,0,0,0,0,0,0,0,0
2026,20260680,Arnaud De Lie,11,Stage 11,0,0,0,0,0,0,0,0,0
2026,20260680,Arnaud De Lie,12,Stage 12,0,0,0,0,0,0,0,0,0
2026,20260680,Arnaud De Lie,13,Stage 13,0,0,0,0,0,0,0,0,0
2026,20260680,Arnaud De Lie,14,Stage 14,0,0,0,0,0,0,0,0,0
2026,20260680,Arnaud De Lie,15,Stage 15,0,0,0,0,0,0,0,0,0
2026,20260680,Arnaud De Lie,16,Stage 16,0,0,0,0,0,0,0,0,0
2026,20260680,Arnaud De Lie,17,Stage 17,0,0,0,0,0,0,0,0,0
2026,20260680,Arnaud De Lie,18,Stage 18,0,0,0,0,0,0,0,0,0
2026,20260680,Arnaud De Lie,19,Stage 19,0,0,0,0,0,0,0,0,0
2026,20260680,Arnaud De Lie,20,Stage 20,0,0,0,0,0,0,0,0,0
2026,20260680,Arnaud De Lie,21,Stage 21,0,0,0,0,0,0,0,0,0
2026,20260680,Arnaud De Lie,22,Final Classifications,0,0,0,0,0,0,0,0,0
2026,20261213,Arvid De Kleijn,1,Stage 1,0,0,0,0,0,0,0,0,0
2026,20261213,Arvid De Kleijn,2,Stage 2,0,0,0,0,0,0,0,0,0
2026,20261213,Arvid De Kleijn,3,Stage 3,0,0,0,0,0,0,0,0,0
2026,20261213,Arvid De Kleijn,4,Stage 4,0,0,0,0,0,0,0,0,0
2026,20261213,Arvid De Kleijn,5,Stage 5,0,0,0,0,0,0,0,0,0
2026,20261213,Arvid De Kleijn,6,Stage 6,0,0,0,0,0,0,0,0,0
2026,20261213,Arvid De Kleijn,7,Stage 7,0,0,0,0,0,0,0,0,0
2026,20261213,Arvid De Kleijn,8,Stage 8,0,0,0,0,0,0,0,0,0
2026,20261213,Arvid De Kleijn,9,Stage 9,0,0,0,0,0,0,0,0,0
2026,20261213,Arvid De Kleijn,10,Stage 10,0,0,0,0,0,0,0,0,0
2026,20261213,Arvid De Kleijn,11,Stage 11,0,0,0,0,0,0,0,0,0
2026,20261213,Arvid De Kleijn,12,Stage 12,0,0,0,0,0,0,0,0,0
2026,20261213,Arvid De Kleijn,13,Stage 13,0,0,0,0,0,0,0,0,0
2026,20261213,Arvid De Kleijn,14,Stage 14,0,0,0,0,0,0,0,0,0
2026,20261213,Arvid De Kleijn,15,Stage 15,0,0,0,0,0,0,0,0,0
2026,20261213,Arvid De Kleijn,16,Stage 16,0,0,0,0,0,0,0,0,0
2026,20261213,Arvid De Kleijn,17,Stage 17,0,0,0,0,0,0,0,0,0
2026,20261213,Arvid De Kleijn,18,Stage 18,0,0,0,0,0,0,0,0,0
2026,20261213,Arvid De Kleijn,19,Stage 19,0,0,0,0,0,0,0,0,0
2026,20261213,Arvid De Kleijn,20,Stage 20,0,0,0,0,0,0,0,0,0
2026,20261213,Arvid De Kleijn,21,Stage 21,0,0,0,0,0,0,0,0,0
2026,20261213,Arvid De Kleijn,22,Final Classifications,0,0,0,0,0,0,0,0,0
2026,20260266,Sebastian Berwick,1,Stage 1,0,0,0,0,0,0,0,0,0
2026,20260266,Sebastian Berwick,2,Stage 2,0,0,0,0,0,0,0,0,0
2026,20260266,Sebastian Berwick,3,Stage 3,0,0,0,0,0,0,0,0,0
2026,20260266,Sebastian Berwick,4,Stage 4,0,0,0,0,0,0,0,0,0
2026,20260266,Sebastian Berwick,5,Stage 5,0,0,0,0,0,0,0,0,0
2026,20260266,Sebastian Berwick,6,Stage 6,0,0,0,0,0,0,0,0,0
2026,20260266,Sebastian Berwick,7,Stage 7,0,0,0,0,0,0,0,0,0
2026,20260266,Sebastian Berwick,8,Stage 8,0,0,0,0,0,0,0,0,0
2026,20260266,Sebastian Berwick,9,Stage 9,0,0,0,0,0,0,0,0,0
2026,20260266,Sebastian Berwick,10,Stage 10,0,0,0,0,0,0,0,0,0
2026,20260266,Sebastian Berwick,11,Stage 11,0,0,0,0,0,0,0,0,0
2026,20260266,Sebastian Berwick,12,Stage 12,0,0,0,0,0,0,0,0,0
2026,20260266,Sebastian Berwick,13,Stage 13,0,0,0,0,0,0,0,0,0
2026,20260266,Sebastian Berwick,14,Stage 14,0,0,0,0,0,0,0,0,0
2026,20260266,Sebastian Berwick,15,Stage 15,0,0,0,0,0,0,0,0,0
2026,20260266,Sebastian Berwick,16,Stage 16,0,0,0,0,0,0,0,0,0
2026,20260266,Sebastian Berwick,17,Stage 17,0,0,0,0,0,0,0,0,0
2026,20260266,Sebastian Berwick,18,Stage 18,0,0,0,0,0,0,0,0,0
2026,20260266,Sebastian Berwick,19,Stage 19,0,0,0,0,0,0,0,0,0
2026,20260266,Sebastian Berwick,20,Stage 20,0,0,0,0,0,0,0,0,0
2026,20260266,Sebastian Berwick,21,Stage 21,0,0,0,0,0,0,0,0,0
2026,20260266,Sebastian Berwick,22,Final Classifications,0,0,0,0,0,0,0,0,0
2026,20260284,José Félix Parra,1,Stage 1,0,0,0,0,0,0,0,0,0
2026,20260284,José Félix Parra,2,Stage 2,0,0,0,0,0,0,0,0,0
2026,20260284,José Félix Parra,3,Stage 3,0,0,0,0,0,0,0,0,0
2026,20260284,José Félix Parra,4,Stage 4,0,0,0,0,0,0,0,0,0
2026,20260284,José Félix Parra,5,Stage 5,0,0,0,0,0,0,0,0,0
2026,20260284,José Félix Parra,6,Stage 6,0,0,0,0,0,0,0,0,0
2026,20260284,José Félix Parra,7,Stage 7,0,0,0,0,0,0,0,0,0
2026,20260284,José Félix Parra,8,Stage 8,0,0,0,0,0,0,0,0,0
2026,20260284,José Félix Parra,9,Stage 9,0,0,0,0,0,0,0,0,0
2026,20260284,José Félix Parra,10,Stage 10,0,0,0,0,0,0,0,0,0
2026,20260284,José Félix Parra,11,Stage 11,0,0,0,0,0,0,0,0,0
2026,20260284,José Félix Parra,12,Stage 12,0,0,0,0,0,0,0,0,0
2026,20260284,José Félix Parra,13,Stage 13,0,0,0,0,0,0,0,0,0
2026,20260284,José Félix Parra,14,Stage 14,0,0,0,0,0,0,0,0,0
2026,20260284,José Félix Parra,15,Stage 15,0,0,0,0,0,0,0,0,0
2026,20260284,José Félix Parra,16,Stage 16,0,0,0,0,0,0,0,0,0
2026,20260284,José Félix Parra,17,Stage 17,0,0,0,0,0,0,0,0,0
2026,20260284,José Félix Parra,18,Stage 18,0,0,0,0,0,0,0,0,0
2026,20260284,José Félix Parra,19,Stage 19,0,0,0,0,0,0,0,0,0
2026,20260284,José Félix Parra,20,Stage 20,0,0,0,0,0,0,0,0,0
2026,20260284,José Félix Parra,21,Stage 21,0,0,0,0,0,0,0,0,0
2026,20260284,José Félix Parra,22,Final Classifications,0,0,0,0,0,0,0,0,0
2026,20260316,Benjamin Thomas,1,Stage 1,0,0,0,0,0,0,0,0,0
2026,20260316,Benjamin Thomas,2,Stage 2,0,0,0,0,0,0,0,0,0
2026,20260316,Benjamin Thomas,3,Stage 3,0,0,0,0,0,0,0,0,0
2026,20260316,Benjamin Thomas,4,Stage 4,0,0,0,0,0,0,0,0,0
2026,20260316,Benjamin Thomas,5,Stage 5,0,0,0,0,0,0,0,0,0
2026,20260316,Benjamin Thomas,6,Stage 6,0,0,0,0,0,0,0,0,0
2026,20260316,Benjamin Thomas,7,Stage 7,0,0,0,0,0,0,0,0,0
2026,20260316,Benjamin Thomas,8,Stage 8,0,0,0,0,0,0,0,0,0
2026,20260316,Benjamin Thomas,9,Stage 9,0,0,0,0,0,0,0,0,0
2026,20260316,Benjamin Thomas,10,Stage 10,0,0,0,0,0,0,0,0,0
2026,20260316,Benjamin Thomas,11,Stage 11,0,0,0,0,0,0,0,0,0
2026,20260316,Benjamin Thomas,12,Stage 12,0,0,0,0,0,0,0,0,0
2026,20260316,Benjamin Thomas,13,Stage 13,0,0,0,0,0,0,0,0,0
2026,20260316,Benjamin Thomas,14,Stage 14,0,0,0,0,0,0,0,0,0
2026,20260316,Benjamin Thomas,15,Stage 15,0,0,0,0,0,0,0,0,0
2026,20260316,Benjamin Thomas,16,Stage 16,0,0,0,0,0,0,0,0,0
2026,20260316,Benjamin Thomas,17,Stage 17,0,0,0,0,0,0,0,0,0
2026,20260316,Benjamin Thomas,18,Stage 18,0,0,0,0,0,0,0,0,0
2026,20260316,Benjamin Thomas,19,Stage 19,0,0,0,0,0,0,0,0,0
2026,20260316,Benjamin Thomas,20,Stage 20,0,0,0,0,0,0,0,0,0
2026,20260316,Benjamin Thomas,21,Stage 21,0,0,0,0,0,0,0,0,0
2026,20260316,Benjamin Thomas,22,Final Classifications,0,0,0,0,0,0,0,0,0
2026,20261087,Frits Biesterbos,1,Stage 1,0,0,0,0,0,0,0,0,0
2026,20261087,Frits Biesterbos,2,Stage 2,0,0,0,0,0,0,0,0,0
2026,20261087,Frits Biesterbos,3,Stage 3,0,0,0,0,0,0,0,0,0
2026,20261087,Frits Biesterbos,4,Stage 4,0,0,0,0,0,0,0,0,0
2026,20261087,Frits Biesterbos,5,Stage 5,0,0,0,0,0,0,0,0,0
2026,20261087,Frits Biesterbos,6,Stage 6,0,0,0,0,0,0,0,0,0
2026,20261087,Frits Biesterbos,7,Stage 7,0,0,0,0,0,0,0,0,0
2026,20261087,Frits Biesterbos,8,Stage 8,0,0,0,0,0,0,0,0,0
2026,20261087,Frits Biesterbos,9,Stage 9,0,0,0,0,0,0,0,0,0
2026,20261087,Frits Biesterbos,10,Stage 10,0,0,0,0,0,0,0,0,0
2026,20261087,Frits Biesterbos,11,Stage 11,0,0,0,0,0,0,0,0,0
2026,20261087,Frits Biesterbos,12,Stage 12,0,0,0,0,0,0,0,0,0
2026,20261087,Frits Biesterbos,13,Stage 13,0,0,0,0,0,0,0,0,0
2026,20261087,Frits Biesterbos,14,Stage 14,0,0,0,0,0,0,0,0,0
2026,20261087,Frits Biesterbos,15,Stage 15,0,0,0,0,0,0,0,0,0
2026,20261087,Frits Biesterbos,16,Stage 16,0,0,0,0,0,0,0,0,0
2026,20261087,Frits Biesterbos,17,Stage 17,0,0,0,0,0,0,0,0,0
2026,20261087,Frits Biesterbos,18,Stage 18,0,0,0,0,0,0,0,0,0
2026,20261087,Frits Biesterbos,19,Stage 19,0,0,0,0,0,0,0,0,0
2026,20261087,Frits Biesterbos,20,Stage 20,0,0,0,0,0,0,0,0,0
2026,20261087,Frits Biesterbos,21,Stage 21,0,0,0,0,0,0,0,0,0
2026,20261087,Frits Biesterbos,22,Final Classifications,0,0,0,0,0,0,0,0,0
2026,20261091,John Degenkolb,1,Stage 1,0,0,0,0,0,0,0,0,0
2026,20261091,John Degenkolb,2,Stage 2,0,0,0,0,0,0,0,0,0
2026,20261091,John Degenkolb,3,Stage 3,0,0,0,0,0,0,0,0,0
2026,20261091,John Degenkolb,4,Stage 4,0,0,0,0,0,0,0,0,0
2026,20261091,John Degenkolb,5,Stage 5,0,0,0,0,0,0,0,0,0
2026,20261091,John Degenkolb,6,Stage 6,0,0,0,0,0,0,0,0,0
2026,20261091,John Degenkolb,7,Stage 7,0,0,0,0,0,0,0,0,0
2026,20261091,John Degenkolb,8,Stage 8,0,0,0,0,0,0,0,0,0
2026,20261091,John Degenkolb,9,Stage 9,0,0,0,0,0,0,0,0,0
2026,20261091,John Degenkolb,10,Stage 10,0,0,0,0,0,0,0,0,0
2026,20261091,John Degenkolb,11,Stage 11,0,0,0,0,0,0,0,0,0
2026,20261091,John Degenkolb,12,Stage 12,0,0,0,0,0,0,0,0,0
2026,20261091,John Degenkolb,13,Stage 13,0,0,0,0,0,0,0,0,0
2026,20261091,John Degenkolb,14,Stage 14,0,0,0,0,0,0,0,0,0
2026,20261091,John Degenkolb,15,Stage 15,0,0,0,0,0,0,0,0,0
2026,20261091,John Degenkolb,16,Stage 16,0,0,0,0,0,0,0,0,0
2026,20261091,John Degenkolb,17,Stage 17,0,0,0,0,0,0,0,0,0
2026,20261091,John Degenkolb,18,Stage 18,0,0,0,0,0,0,0,0,0
2026,20261091,John Degenkolb,19,Stage 19,0,0,0,0,0,0,0,0,0
2026,20261091,John Degenkolb,20,Stage 20,0,0,0,0,0,0,0,0,0
2026,20261091,John Degenkolb,21,Stage 21,0,0,0,0,0,0,0,0,0
2026,20261091,John Degenkolb,22,Final Classifications,0,0,0,0,0,0,0,0,0
2026,20261233,Matteo Trentin,1,Stage 1,0,0,0,0,0,0,0,0,0
2026,20261233,Matteo Trentin,2,Stage 2,0,0,0,0,0,0,0,0,0
2026,20261233,Matteo Trentin,3,Stage 3,0,0,0,0,0,0,0,0,0
2026,20261233,Matteo Trentin,4,Stage 4,0,0,0,0,0,0,0,0,0
2026,20261233,Matteo Trentin,5,Stage 5,0,0,0,0,0,0,0,0,0
2026,20261233,Matteo Trentin,6,Stage 6,0,0,0,0,0,0,0,0,0
2026,20261233,Matteo Trentin,7,Stage 7,0,0,0,0,0,0,0,0,0
2026,20261233,Matteo Trentin,8,Stage 8,0,0,0,0,0,0,0,0,0
2026,20261233,Matteo Trentin,9,Stage 9,0,0,0,0,0,0,0,0,0
2026,20261233,Matteo Trentin,10,Stage 10,0,0,0,0,0,0,0,0,0
2026,20261233,Matteo Trentin,11,Stage 11,0,0,0,0,0,0,0,0,0
2026,20261233,Matteo Trentin,12,Stage 12,0,0,0,0,0,0,0,0,0
2026,20261233,Matteo Trentin,13,Stage 13,0,0,0,0,0,0,0,0,0
2026,20261233,Matteo Trentin,14,Stage 14,0,0,0,0,0,0,0,0,0
2026,20261233,Matteo Trentin,15,Stage 15,0,0,0,0,0,0,0,0,0
2026,20261233,Matteo Trentin,16,Stage 16,0,0,0,0,0,0,0,0,0
2026,20261233,Matteo Trentin,17,Stage 17,0,0,0,0,0,0,0,0,0
2026,20261233,Matteo Trentin,18,Stage 18,0,0,0,0,0,0,0,0,0
2026,20261233,Matteo Trentin,19,Stage 19,0,0,0,0,0,0,0,0,0
2026,20261233,Matteo Trentin,20,Stage 20,0,0,0,0,0,0,0,0,0
2026,20261233,Matteo Trentin,21,Stage 21,0,0,0,0,0,0,0,0,0
2026,20261233,Matteo Trentin,22,Final Classifications,0,0,0,0,0,0,0,0,0
2026,20260289,Piet Allegaert,1,Stage 1,0,0,0,0,0,0,0,0,0
2026,20260289,Piet Allegaert,2,Stage 2,0,0,0,0,0,0,0,0,0
2026,20260289,Piet Allegaert,3,Stage 3,0,0,0,0,0,0,0,0,0
2026,20260289,Piet Allegaert,4,Stage 4,0,0,0,0,0,0,0,0,0
2026,20260289,Piet Allegaert,5,Stage 5,0,0,0,0,0,0,0,0,0
2026,20260289,Piet Allegaert,6,Stage 6,0,0,0,0,0,0,0,0,0
2026,20260289,Piet Allegaert,7,Stage 7,0,0,0,0,0,0,0,0,0
2026,20260289,Piet Allegaert,8,Stage 8,0,0,0,0,0,0,0,0,0
2026,20260289,Piet Allegaert,9,Stage 9,0,0,0,0,0,0,0,0,0
2026,20260289,Piet Allegaert,10,Stage 10,0,0,0,0,0,0,0,0,0
2026,20260289,Piet Allegaert,11,Stage 11,0,0,0,0,0,0,0,0,0
2026,20260289,Piet Allegaert,12,Stage 12,0,0,0,0,0,0,0,0,0
2026,20260289,Piet Allegaert,13,Stage 13,0,0,0,0,0,0,0,0,0
2026,20260289,Piet Allegaert,14,Stage 14,0,0,0,0,0,0,0,0,0
2026,20260289,Piet Allegaert,15,Stage 15,0,0,0,0,0,0,0,0,0
2026,20260289,Piet Allegaert,16,Stage 16,0,0,0,0,0,0,0,0,0
2026,20260289,Piet Allegaert,17,Stage 17,0,0,0,0,0,0,0,0,0
2026,20260289,Piet Allegaert,18,Stage 18,0,0,0,0,0,0,0,0,0
2026,20260289,Piet Allegaert,19,Stage 19,0,0,0,0,0,0,0,0,0
2026,20260289,Piet Allegaert,20,Stage 20,0,0,0,0,0,0,0,0,0
2026,20260289,Piet Allegaert,21,Stage 21,0,0,0,0,0,0,0,0,0
2026,20260289,Piet Allegaert,22,Final Classifications,0,0,0,0,0,0,0,0,0
2026,20261058,Kelland O'Brien,1,Stage 1,0,0,0,0,0,0,0,0,0
2026,20261058,Kelland O'Brien,2,Stage 2,0,0,0,0,0,0,0,0,0
2026,20261058,Kelland O'Brien,3,Stage 3,0,0,0,0,0,0,0,0,0
2026,20261058,Kelland O'Brien,4,Stage 4,0,0,0,0,0,0,0,0,0
2026,20261058,Kelland O'Brien,5,Stage 5,0,0,0,0,0,0,0,0,0
2026,20261058,Kelland O'Brien,6,Stage 6,0,0,0,0,0,0,0,0,0
2026,20261058,Kelland O'Brien,7,Stage 7,0,0,0,0,0,0,0,0,0
2026,20261058,Kelland O'Brien,8,Stage 8,0,0,0,0,0,0,0,0,0
2026,20261058,Kelland O'Brien,9,Stage 9,0,0,0,0,0,0,0,0,0
2026,20261058,Kelland O'Brien,10,Stage 10,0,0,0,0,0,0,0,0,0
2026,20261058,Kelland O'Brien,11,Stage 11,0,0,0,0,0,0,0,0,0
2026,20261058,Kelland O'Brien,12,Stage 12,0,0,0,0,0,0,0,0,0
2026,20261058,Kelland O'Brien,13,Stage 13,0,0,0,0,0,0,0,0,0
2026,20261058,Kelland O'Brien,14,Stage 14,0,0,0,0,0,0,0,0,0
2026,20261058,Kelland O'Brien,15,Stage 15,0,0,0,0,0,0,0,0,0
2026,20261058,Kelland O'Brien,16,Stage 16,0,0,0,0,0,0,0,0,0
2026,20261058,Kelland O'Brien,17,Stage 17,0,0,0,0,0,0,0,0,0
2026,20261058,Kelland O'Brien,18,Stage 18,0,0,0,0,0,0,0,0,0
2026,20261058,Kelland O'Brien,19,Stage 19,0,0,0,0,0,0,0,0,0
2026,20261058,Kelland O'Brien,20,Stage 20,0,0,0,0,0,0,0,0,0
2026,20261058,Kelland O'Brien,21,Stage 21,0,0,0,0,0,0,0,0,0
2026,20261058,Kelland O'Brien,22,Final Classifications,0,0,0,0,0,0,0,0,0
2026,20261092,Robbe Dhondt,1,Stage 1,0,0,0,0,0,0,0,0,0
2026,20261092,Robbe Dhondt,2,Stage 2,0,0,0,0,0,0,0,0,0
2026,20261092,Robbe Dhondt,3,Stage 3,0,0,0,0,0,0,0,0,0
2026,20261092,Robbe Dhondt,4,Stage 4,0,0,0,0,0,0,0,0,0
2026,20261092,Robbe Dhondt,5,Stage 5,0,0,0,0,0,0,0,0,0
2026,20261092,Robbe Dhondt,6,Stage 6,0,0,0,0,0,0,0,0,0
2026,20261092,Robbe Dhondt,7,Stage 7,0,0,0,0,0,0,0,0,0
2026,20261092,Robbe Dhondt,8,Stage 8,0,0,0,0,0,0,0,0,0
2026,20261092,Robbe Dhondt,9,Stage 9,0,0,0,0,0,0,0,0,0
2026,20261092,Robbe Dhondt,10,Stage 10,0,0,0,0,0,0,0,0,0
2026,20261092,Robbe Dhondt,11,Stage 11,0,0,0,0,0,0,0,0,0
2026,20261092,Robbe Dhondt,12,Stage 12,0,0,0,0,0,0,0,0,0
2026,20261092,Robbe Dhondt,13,Stage 13,0,0,0,0,0,0,0,0,0
2026,20261092,Robbe Dhondt,14,Stage 14,0,0,0,0,0,0,0,0,0
2026,20261092,Robbe Dhondt,15,Stage 15,0,0,0,0,0,0,0,0,0
2026,20261092,Robbe Dhondt,16,Stage 16,0,0,0,0,0,0,0,0,0
2026,20261092,Robbe Dhondt,17,Stage 17,0,0,0,0,0,0,0,0,0
2026,20261092,Robbe Dhondt,18,Stage 18,0,0,0,0,0,0,0,0,0
2026,20261092,Robbe Dhondt,19,Stage 19,0,0,0,0,0,0,0,0,0
2026,20261092,Robbe Dhondt,20,Stage 20,0,0,0,0,0,0,0,0,0
2026,20261092,Robbe Dhondt,21,Stage 21,0,0,0,0,0,0,0,0,0
2026,20261092,Robbe Dhondt,22,Final Classifications,0,0,0,0,0,0,0,0,0
2026,20261103,Niklas Märkl,1,Stage 1,0,0,0,0,0,0,0,0,0
2026,20261103,Niklas Märkl,2,Stage 2,0,0,0,0,0,0,0,0,0
2026,20261103,Niklas Märkl,3,Stage 3,0,0,0,0,0,0,0,0,0
2026,20261103,Niklas Märkl,4,Stage 4,0,0,0,0,0,0,0,0,0
2026,20261103,Niklas Märkl,5,Stage 5,0,0,0,0,0,0,0,0,0
2026,20261103,Niklas Märkl,6,Stage 6,0,0,0,0,0,0,0,0,0
2026,20261103,Niklas Märkl,7,Stage 7,0,0,0,0,0,0,0,0,0
2026,20261103,Niklas Märkl,8,Stage 8,0,0,0,0,0,0,0,0,0
2026,20261103,Niklas Märkl,9,Stage 9,0,0,0,0,0,0,0,0,0
2026,20261103,Niklas Märkl,10,Stage 10,0,0,0,0,0,0,0,0,0
2026,20261103,Niklas Märkl,11,Stage 11,0,0,0,0,0,0,0,0,0
2026,20261103,Niklas Märkl,12,Stage 12,0,0,0,0,0,0,0,0,0
2026,20261103,Niklas Märkl,13,Stage 13,0,0,0,0,0,0,0,0,0
2026,20261103,Niklas Märkl,14,Stage 14,0,0,0,0,0,0,0,0,0
2026,20261103,Niklas Märkl,15,Stage 15,0,0,0,0,0,0,0,0,0
2026,20261103,Niklas Märkl,16,Stage 16,0,0,0,0,0,0,0,0,0
2026,20261103,Niklas Märkl,17,Stage 17,0,0,0,0,0,0,0,0,0
2026,20261103,Niklas Märkl,18,Stage 18,0,0,0,0,0,0,0,0,0
2026,20261103,Niklas Märkl,19,Stage 19,0,0,0,0,0,0,0,0,0
2026,20261103,Niklas Märkl,20,Stage 20,0,0,0,0,0,0,0,0,0
2026,20261103,Niklas Märkl,21,Stage 21,0,0,0,0,0,0,0,0,0
2026,20261103,Niklas Märkl,22,Final Classifications,0,0,0,0,0,0,0,0,0
2026,20261110,Julius Van Den Berg,1,Stage 1,0,0,0,0,0,0,0,0,0
2026,20261110,Julius Van Den Berg,2,Stage 2,0,0,0,0,0,0,0,0,0
2026,20261110,Julius Van Den Berg,3,Stage 3,0,0,0,0,0,0,0,0,0
2026,20261110,Julius Van Den Berg,4,Stage 4,0,0,0,0,0,0,0,0,0
2026,20261110,Julius Van Den Berg,5,Stage 5,0,0,0,0,0,0,0,0,0
2026,20261110,Julius Van Den Berg,6,Stage 6,0,0,0,0,0,0,0,0,0
2026,20261110,Julius Van Den Berg,7,Stage 7,0,0,0,0,0,0,0,0,0
2026,20261110,Julius Van Den Berg,8,Stage 8,0,0,0,0,0,0,0,0,0
2026,20261110,Julius Van Den Berg,9,Stage 9,0,0,0,0,0,0,0,0,0
2026,20261110,Julius Van Den Berg,10,Stage 10,0,0,0,0,0,0,0,0,0
2026,20261110,Julius Van Den Berg,11,Stage 11,0,0,0,0,0,0,0,0,0
2026,20261110,Julius Van Den Berg,12,Stage 12,0,0,0,0,0,0,0,0,0
2026,20261110,Julius Van Den Berg,13,Stage 13,0,0,0,0,0,0,0,0,0
2026,20261110,Julius Van Den Berg,14,Stage 14,0,0,0,0,0,0,0,0,0
2026,20261110,Julius Van Den Berg,15,Stage 15,0,0,0,0,0,0,0,0,0
2026,20261110,Julius Van Den Berg,16,Stage 16,0,0,0,0,0,0,0,0,0
2026,20261110,Julius Van Den Berg,17,Stage 17,0,0,0,0,0,0,0,0,0
2026,20261110,Julius Van Den Berg,18,Stage 18,0,0,0,0,0,0,0,0,0
2026,20261110,Julius Van Den Berg,19,Stage 19,0,0,0,0,0,0,0,0,0
2026,20261110,Julius Van Den Berg,20,Stage 20,0,0,0,0,0,0,0,0,0
2026,20261110,Julius Van Den Berg,21,Stage 21,0,0,0,0,0,0,0,0,0
2026,20261110,Julius Van Den Berg,22,Final Classifications,0,0,0,0,0,0,0,0,0
