rider_id,name,round,round_label,stg,gc,pc,kom,spr,sum,bky,ass,tot
20261259,Tadej Pogačar,1,Stage 1,0,0,0,0,0,0,0,30,30
20261259,Tadej Pogačar,2,Stage 2,180,26,6,1,0,0,0,16,229
20261259,Tadej Pogačar,3,Stage 3,220,30,12,0,0,0,0,8,270
20261259,Tadej Pogačar,4,Stage 4,0,18,8,0,0,0,0,0,26
20261259,Tadej Pogačar,5,Stage 5,0,18,1,0,0,0,0,0,19
20261259,Tadej Pogačar,6,Stage 6,220,30,2,12,0,30,0,6,300
20261259,Tadej Pogačar,7,Stage 7,0,30,1,12,0,0,0,4,47
20261259,Tadej Pogačar,8,Stage 8,0,30,0,12,0,0,0,4,46
20261259,Tadej Pogačar,9,Stage 9,50,30,0,12,3,0,0,6,101
20261259,Tadej Pogačar,10,Stage 10,220,30,0,12,0,17,0,4,283
20261259,Tadej Pogačar,11,Stage 11,0,30,0,12,0,0,0,4,46
20261259,Tadej Pogačar,12,Stage 12,0,30,0,12,0,0,0,4,46
20261259,Tadej Pogačar,13,Stage 13,0,30,0,12,0,0,0,4,46
20261259,Tadej Pogačar,14,Stage 14,220,30,0,12,0,15,0,8,285
20261259,Tadej Pogačar,15,Stage 15,180,30,0,12,0,25,0,8,255
20261259,Tadej Pogačar,16,Stage 16,180,30,1,12,0,0,0,0,223
20261259,Tadej Pogačar,17,Stage 17,0,30,1,12,0,0,0,6,49
20261259,Tadej Pogačar,18,Stage 18,35,30,1,12,0,0,0,6,84
20261259,Tadej Pogačar,19,Stage 19,220,30,1,8,0,30,0,6,295
20261259,Tadej Pogačar,20,Stage 20,140,30,1,8,0,15,0,6,200
20261259,Tadej Pogačar,21,Stage 21,0,30,1,8,0,0,0,6,45
20261259,Tadej Pogačar,22,Final Classifications,0,600,30,100,0,0,0,40,770
20260858,Remco Evenepoel,1,Stage 1,0,0,0,0,0,0,0,20,20
20260858,Remco Evenepoel,2,Stage 2,160,22,4,0,0,0,0,2,188
20260858,Remco Evenepoel,3,Stage 3,80,22,2,0,0,0,0,4,108
20260858,Remco Evenepoel,4,Stage 4,0,14,0,0,0,0,0,4,18
20260858,Remco Evenepoel,5,Stage 5,0,14,0,0,0,0,0,4,18
20260858,Remco Evenepoel,6,Stage 6,140,18,0,0,0,4,0,4,166
20260858,Remco Evenepoel,7,Stage 7,0,18,0,0,0,0,0,4,22
20260858,Remco Evenepoel,8,Stage 8,0,18,0,0,0,0,0,4,22
20260858,Remco Evenepoel,9,Stage 9,40,18,0,0,0,0,0,0,58
20260858,Remco Evenepoel,10,Stage 10,180,22,0,0,0,4,0,0,206
20260858,Remco Evenepoel,11,Stage 11,0,22,0,0,0,0,0,0,22
20260858,Remco Evenepoel,12,Stage 12,12,22,0,0,0,0,0,0,34
20260858,Remco Evenepoel,13,Stage 13,0,22,0,0,0,0,0,2,24
20260858,Remco Evenepoel,14,Stage 14,120,22,0,0,0,2,0,0,144
20260858,Remco Evenepoel,15,Stage 15,220,26,0,2,0,30,0,2,280
20260858,Remco Evenepoel,16,Stage 16,220,26,0,4,0,0,0,0,250
20260858,Remco Evenepoel,17,Stage 17,0,26,0,4,0,0,0,2,32
20260858,Remco Evenepoel,18,Stage 18,70,26,0,4,0,0,0,2,102
20260858,Remco Evenepoel,19,Stage 19,110,26,0,4,0,6,0,2,148
20260858,Remco Evenepoel,20,Stage 20,180,26,0,2,0,10,0,2,220
20260858,Remco Evenepoel,21,Stage 21,0,26,0,2,0,0,0,2,30
20260858,Remco Evenepoel,22,Final Classifications,0,500,15,40,0,0,0,30,585
20261246,Isaac Del Toro,1,Stage 1,0,0,0,0,0,0,0,30,30
20261246,Isaac Del Toro,2,Stage 2,220,18,12,0,0,0,0,16,266
20261246,Isaac Del Toro,3,Stage 3,70,18,6,0,0,0,0,24,118
20261246,Isaac Del Toro,4,Stage 4,0,13,2,0,0,0,0,0,15
20261246,Isaac Del Toro,5,Stage 5,0,13,0,0,0,0,0,0,13
20261246,Isaac Del Toro,6,Stage 6,160,22,0,0,0,10,0,18,210
20261246,Isaac Del Toro,7,Stage 7,0,22,0,0,0,0,0,10,32
20261246,Isaac Del Toro,8,Stage 8,0,22,0,0,0,0,0,10,32
20261246,Isaac Del Toro,9,Stage 9,35,22,0,0,12,0,0,12,81
20261246,Isaac Del Toro,10,Stage 10,80,14,0,0,0,4,0,20,118
20261246,Isaac Del Toro,11,Stage 11,0,14,0,0,0,0,0,12,26
20261246,Isaac Del Toro,12,Stage 12,0,14,0,0,0,0,0,12,26
20261246,Isaac Del Toro,13,Stage 13,0,13,0,0,0,0,0,12,25
20261246,Isaac Del Toro,14,Stage 14,180,14,0,0,0,4,0,20,218
20261246,Isaac Del Toro,15,Stage 15,160,22,0,1,0,20,0,16,219
20261246,Isaac Del Toro,16,Stage 16,120,22,0,1,0,0,0,0,143
20261246,Isaac Del Toro,17,Stage 17,0,22,0,1,0,0,0,12,35
20261246,Isaac Del Toro,18,Stage 18,16,22,0,1,0,0,0,12,51
20261246,Isaac Del Toro,19,Stage 19,95,22,0,1,0,4,0,20,142
20261246,Isaac Del Toro,20,Stage 20,120,22,0,0,0,6,0,12,160
20261246,Isaac Del Toro,21,Stage 21,0,22,0,0,0,0,0,12,34
20261246,Isaac Del Toro,22,Final Classifications,0,400,10,20,0,0,0,40,470
20260368,Paul Seixas,1,Stage 1,0,0,0,0,0,0,0,15,15
20260368,Paul Seixas,2,Stage 2,70,15,0,0,0,0,0,0,85
20260368,Paul Seixas,3,Stage 3,140,15,0,0,0,0,0,0,155
20260368,Paul Seixas,4,Stage 4,0,11,0,0,0,0,0,0,11
20260368,Paul Seixas,5,Stage 5,0,11,0,0,0,0,0,8,19
20260368,Paul Seixas,6,Stage 6,120,15,0,2,0,20,0,0,157
20260368,Paul Seixas,7,Stage 7,0,15,0,2,0,0,0,0,17
20260368,Paul Seixas,8,Stage 8,0,15,0,2,0,0,0,2,19
20260368,Paul Seixas,9,Stage 9,25,15,0,1,0,0,0,0,41
20260368,Paul Seixas,10,Stage 10,160,16,0,2,0,6,0,0,184
20260368,Paul Seixas,11,Stage 11,0,16,0,2,0,0,0,4,22
20260368,Paul Seixas,12,Stage 12,0,16,0,2,0,0,0,4,22
20260368,Paul Seixas,13,Stage 13,0,15,0,1,0,0,0,0,16
20260368,Paul Seixas,14,Stage 14,160,18,0,2,0,6,0,0,186
20260368,Paul Seixas,15,Stage 15,140,18,0,4,0,15,0,0,177
20260368,Paul Seixas,16,Stage 16,140,18,0,2,0,0,0,0,160
20260368,Paul Seixas,17,Stage 17,0,18,0,2,0,0,0,2,22
20260368,Paul Seixas,18,Stage 18,20,18,0,2,0,0,0,0,40
20260368,Paul Seixas,19,Stage 19,70,18,0,0,0,0,0,0,88
20260368,Paul Seixas,20,Stage 20,60,18,0,0,0,2,0,0,80
20260368,Paul Seixas,21,Stage 21,0,18,0,0,0,0,0,0,18
20260368,Paul Seixas,22,Final Classifications,0,350,0,15,0,0,0,20,385
20260625,Mads Pedersen,1,Stage 1,0,0,0,0,0,0,0,25,25
20260625,Mads Pedersen,2,Stage 2,0,0,0,0,10,0,0,0,10
20260625,Mads Pedersen,3,Stage 3,0,0,4,0,20,0,20,2,46
20260625,Mads Pedersen,4,Stage 4,220,0,12,0,14,0,0,14,260
20260625,Mads Pedersen,5,Stage 5,95,0,12,0,14,0,0,10,131
20260625,Mads Pedersen,6,Stage 6,0,0,12,0,20,0,0,8,40
20260625,Mads Pedersen,7,Stage 7,70,0,12,0,14,0,0,8,104
20260625,Mads Pedersen,8,Stage 8,40,0,12,0,8,0,0,8,68
20260625,Mads Pedersen,9,Stage 9,110,0,12,0,20,0,0,8,150
20260625,Mads Pedersen,10,Stage 10,0,0,12,0,20,0,0,8,40
20260625,Mads Pedersen,11,Stage 11,50,0,12,0,5,0,0,8,75
20260625,Mads Pedersen,12,Stage 12,70,0,12,0,16,0,0,8,106
20260625,Mads Pedersen,13,Stage 13,0,0,12,0,16,0,0,8,36
20260625,Mads Pedersen,14,Stage 14,0,0,12,0,16,0,0,8,36
20260625,Mads Pedersen,15,Stage 15,0,0,12,0,16,0,0,8,36
20260625,Mads Pedersen,16,Stage 16,0,0,12,0,0,0,0,0,12
20260625,Mads Pedersen,17,Stage 17,80,0,12,0,20,0,0,8,120
20260625,Mads Pedersen,18,Stage 18,0,0,12,0,20,2,20,8,62
20260625,Mads Pedersen,19,Stage 19,0,0,12,0,20,0,0,8,40
20260625,Mads Pedersen,20,Stage 20,0,0,12,0,20,0,0,8,40
20260625,Mads Pedersen,21,Stage 21,160,0,12,0,10,0,0,8,190
20260625,Mads Pedersen,22,Final Classifications,0,0,120,0,0,0,0,50,170
20260392,Richard Carapaz,1,Stage 1,0,0,0,0,0,0,0,0,0
20260392,Richard Carapaz,2,Stage 2,30,2,0,0,0,0,0,0,32
20260392,Richard Carapaz,3,Stage 3,160,9,0,0,0,0,0,0,169
20260392,Richard Carapaz,4,Stage 4,0,5,0,0,0,0,0,6,11
20260392,Richard Carapaz,5,Stage 5,0,5,0,0,0,0,0,6,11
20260392,Richard Carapaz,6,Stage 6,0,5,0,0,0,0,0,0,5
20260392,Richard Carapaz,7,Stage 7,0,0,0,0,0,0,0,0,0
20260392,Richard Carapaz,8,Stage 8,0,0,0,0,0,0,0,0,0
20260392,Richard Carapaz,9,Stage 9,0,0,0,0,0,0,0,0,0
20260392,Richard Carapaz,10,Stage 10,50,3,0,6,0,25,0,0,84
20260392,Richard Carapaz,11,Stage 11,0,3,0,6,0,0,0,0,9
20260392,Richard Carapaz,12,Stage 12,0,3,0,6,0,0,0,0,9
20260392,Richard Carapaz,13,Stage 13,0,2,0,6,0,0,0,0,8
20260392,Richard Carapaz,14,Stage 14,80,6,0,6,0,20,20,0,132
20260392,Richard Carapaz,15,Stage 15,40,9,0,6,0,0,0,0,55
20260392,Richard Carapaz,16,Stage 16,0,9,0,6,0,0,0,0,15
20260392,Richard Carapaz,17,Stage 17,0,9,0,6,0,0,0,0,15
20260392,Richard Carapaz,18,Stage 18,220,11,0,6,12,25,20,0,294
20260392,Richard Carapaz,19,Stage 19,160,13,0,12,1,30,0,0,216
20260392,Richard Carapaz,20,Stage 20,220,13,0,12,2,100,20,0,367
20260392,Richard Carapaz,21,Stage 21,0,13,0,12,0,0,0,0,25
20260392,Richard Carapaz,22,Final Classifications,0,200,0,120,0,0,0,0,320
20260627,Mattias Skjelmose,1,Stage 1,0,0,0,0,0,0,0,25,25
20260627,Mattias Skjelmose,2,Stage 2,120,5,0,0,0,0,0,0,125
20260627,Mattias Skjelmose,3,Stage 3,50,7,0,0,0,0,0,2,59
20260627,Mattias Skjelmose,4,Stage 4,0,3,0,0,0,0,0,22,25
20260627,Mattias Skjelmose,5,Stage 5,0,4,0,0,0,0,0,10,14
20260627,Mattias Skjelmose,6,Stage 6,80,12,0,0,0,2,0,8,102
20260627,Mattias Skjelmose,7,Stage 7,0,12,0,0,0,0,0,8,20
20260627,Mattias Skjelmose,8,Stage 8,0,12,0,0,0,0,0,8,20
20260627,Mattias Skjelmose,9,Stage 9,0,12,0,0,0,0,0,8,20
20260627,Mattias Skjelmose,10,Stage 10,110,13,0,0,0,0,0,8,131
20260627,Mattias Skjelmose,11,Stage 11,0,13,0,0,0,0,0,8,21
20260627,Mattias Skjelmose,12,Stage 12,0,13,0,0,0,0,0,8,21
20260627,Mattias Skjelmose,13,Stage 13,0,12,0,0,0,0,0,8,20
20260627,Mattias Skjelmose,14,Stage 14,60,13,0,0,0,0,0,8,81
20260627,Mattias Skjelmose,15,Stage 15,95,14,0,0,0,4,0,8,121
20260627,Mattias Skjelmose,16,Stage 16,160,15,0,0,0,0,0,0,175
20260627,Mattias Skjelmose,17,Stage 17,0,15,0,0,0,0,0,8,23
20260627,Mattias Skjelmose,18,Stage 18,30,15,0,0,0,0,0,8,53
20260627,Mattias Skjelmose,19,Stage 19,80,15,0,0,0,2,0,8,105
20260627,Mattias Skjelmose,20,Stage 20,80,15,0,0,0,0,0,8,103
20260627,Mattias Skjelmose,21,Stage 21,0,15,0,0,12,0,0,10,37
20260627,Mattias Skjelmose,22,Final Classifications,0,260,0,0,0,0,0,50,310
20260017,Jasper Philipsen,1,Stage 1,0,0,0,0,0,0,0,10,10
20260017,Jasper Philipsen,2,Stage 2,0,0,0,0,8,0,0,0,8
20260017,Jasper Philipsen,3,Stage 3,0,0,0,0,0,0,0,0,0
20260017,Jasper Philipsen,4,Stage 4,0,0,0,0,16,0,0,0,16
20260017,Jasper Philipsen,5,Stage 5,120,0,4,0,10,0,0,0,134
20260017,Jasper Philipsen,6,Stage 6,0,0,4,0,12,0,0,0,16
20260017,Jasper Philipsen,7,Stage 7,120,0,2,0,8,0,0,0,130
20260017,Jasper Philipsen,8,Stage 8,140,0,4,0,12,0,0,0,156
20260017,Jasper Philipsen,9,Stage 9,0,0,4,0,14,0,0,8,26
20260017,Jasper Philipsen,10,Stage 10,0,0,4,0,12,0,0,0,16
20260017,Jasper Philipsen,11,Stage 11,160,0,6,0,8,0,0,0,174
20260017,Jasper Philipsen,12,Stage 12,160,0,6,0,14,0,0,0,180
20260017,Jasper Philipsen,13,Stage 13,0,0,8,0,20,0,0,0,28
20260017,Jasper Philipsen,14,Stage 14,0,0,8,0,20,0,0,0,28
20260017,Jasper Philipsen,15,Stage 15,0,0,8,0,20,0,0,0,28
20260017,Jasper Philipsen,16,Stage 16,0,0,8,0,0,0,0,0,8
20260017,Jasper Philipsen,17,Stage 17,220,0,8,0,6,0,0,0,234
20260017,Jasper Philipsen,18,Stage 18,0,0,8,0,0,0,0,0,8
20260017,Jasper Philipsen,19,Stage 19,0,0,8,0,0,0,0,0,8
20260017,Jasper Philipsen,20,Stage 20,0,0,8,0,0,0,0,0,8
20260017,Jasper Philipsen,21,Stage 21,180,0,8,0,0,0,0,8,196
20260017,Jasper Philipsen,22,Final Classifications,0,0,100,0,0,0,0,0,100
20260608,Juan Ayuso,1,Stage 1,0,0,0,0,0,0,0,25,25
20260608,Juan Ayuso,2,Stage 2,40,16,0,0,0,0,0,0,56
20260608,Juan Ayuso,3,Stage 3,60,16,0,0,0,0,0,2,78
20260608,Juan Ayuso,4,Stage 4,0,12,0,0,0,0,0,22,34
20260608,Juan Ayuso,5,Stage 5,0,12,0,0,0,0,0,10,22
20260608,Juan Ayuso,6,Stage 6,95,16,0,0,0,0,0,8,119
20260608,Juan Ayuso,7,Stage 7,0,16,0,0,0,0,0,8,24
20260608,Juan Ayuso,8,Stage 8,0,16,0,0,0,0,0,8,24
20260608,Juan Ayuso,9,Stage 9,0,16,0,0,0,0,0,8,24
20260608,Juan Ayuso,10,Stage 10,120,18,0,0,0,0,0,8,146
20260608,Juan Ayuso,11,Stage 11,0,18,0,0,0,0,0,8,26
20260608,Juan Ayuso,12,Stage 12,0,18,0,0,0,0,0,8,26
20260608,Juan Ayuso,13,Stage 13,0,16,0,0,0,0,0,8,24
20260608,Juan Ayuso,14,Stage 14,110,16,0,0,0,0,0,8,134
20260608,Juan Ayuso,15,Stage 15,80,15,0,0,0,2,0,8,105
20260608,Juan Ayuso,16,Stage 16,25,16,0,0,0,0,0,0,41
20260608,Juan Ayuso,17,Stage 17,0,16,0,0,0,0,0,8,24
20260608,Juan Ayuso,18,Stage 18,40,16,0,0,0,0,0,8,64
20260608,Juan Ayuso,19,Stage 19,16,14,0,0,0,0,0,8,38
20260608,Juan Ayuso,20,Stage 20,70,14,0,0,0,25,20,8,137
20260608,Juan Ayuso,21,Stage 21,0,14,0,0,3,0,0,10,27
20260608,Juan Ayuso,22,Final Classifications,0,220,0,0,0,0,0,50,270
20260124,Lenny Martinez,1,Stage 1,0,0,0,0,0,0,0,0,0
20260124,Lenny Martinez,2,Stage 2,80,12,0,0,0,0,0,0,92
20260124,Lenny Martinez,3,Stage 3,35,13,0,0,0,0,0,0,48
20260124,Lenny Martinez,4,Stage 4,0,9,0,0,0,0,0,0,9
20260124,Lenny Martinez,5,Stage 5,0,9,0,0,0,0,0,0,9
20260124,Lenny Martinez,6,Stage 6,70,13,0,6,0,21,0,0,110
20260124,Lenny Martinez,7,Stage 7,0,13,0,6,0,0,0,0,19
20260124,Lenny Martinez,8,Stage 8,0,13,0,6,0,0,0,0,19
20260124,Lenny Martinez,9,Stage 9,0,13,0,6,0,0,0,0,19
20260124,Lenny Martinez,10,Stage 10,60,12,0,0,0,0,0,0,72
20260124,Lenny Martinez,11,Stage 11,0,12,0,0,0,0,0,0,12
20260124,Lenny Martinez,12,Stage 12,0,12,0,0,0,0,0,0,12
20260124,Lenny Martinez,13,Stage 13,0,11,0,0,0,0,0,0,11
20260124,Lenny Martinez,14,Stage 14,50,11,0,0,0,0,0,0,61
20260124,Lenny Martinez,15,Stage 15,110,13,0,0,0,6,0,0,129
20260124,Lenny Martinez,16,Stage 16,4,14,0,0,0,0,0,0,18
20260124,Lenny Martinez,17,Stage 17,0,14,0,0,0,0,0,0,14
20260124,Lenny Martinez,18,Stage 18,80,14,0,0,0,0,0,0,94
20260124,Lenny Martinez,19,Stage 19,180,16,0,2,0,25,0,0,223
20260124,Lenny Martinez,20,Stage 20,110,16,0,1,0,4,0,0,131
20260124,Lenny Martinez,21,Stage 21,0,16,0,1,0,0,0,0,17
20260124,Lenny Martinez,22,Final Classifications,0,300,0,30,0,0,0,0,330
20261164,Jonas Vingegaard,1,Stage 1,0,30,0,0,0,0,0,50,80
20261164,Jonas Vingegaard,2,Stage 2,140,30,1,0,0,0,0,0,171
20261164,Jonas Vingegaard,3,Stage 3,180,26,8,0,0,0,0,0,214
20261164,Jonas Vingegaard,4,Stage 4,0,16,6,0,0,0,0,0,22
20261164,Jonas Vingegaard,5,Stage 5,0,16,0,0,0,0,0,0,16
20261164,Jonas Vingegaard,6,Stage 6,180,26,0,8,0,25,0,0,239
20261164,Jonas Vingegaard,7,Stage 7,0,26,0,8,0,0,0,0,34
20261164,Jonas Vingegaard,8,Stage 8,0,26,0,8,0,0,0,0,34
20261164,Jonas Vingegaard,9,Stage 9,8,26,0,8,0,0,0,2,44
20261164,Jonas Vingegaard,10,Stage 10,95,26,0,8,0,6,0,2,137
20261164,Jonas Vingegaard,11,Stage 11,0,26,0,8,0,0,0,2,36
20261164,Jonas Vingegaard,12,Stage 12,0,26,0,8,0,0,0,2,36
20261164,Jonas Vingegaard,13,Stage 13,0,26,0,8,0,0,0,0,34
20261164,Jonas Vingegaard,14,Stage 14,140,26,0,4,0,10,0,2,182
20261164,Jonas Vingegaard,15,Stage 15,0,0,0,0,0,0,0,0,0
20261164,Jonas Vingegaard,16,Stage 16,0,0,0,0,0,0,0,0,0
20261164,Jonas Vingegaard,17,Stage 17,0,0,0,0,0,0,0,0,0
20261164,Jonas Vingegaard,18,Stage 18,0,0,0,0,0,0,0,0,0
20261164,Jonas Vingegaard,19,Stage 19,0,0,0,0,0,0,0,0,0
20261164,Jonas Vingegaard,20,Stage 20,0,0,0,0,0,0,0,0,0
20261164,Jonas Vingegaard,21,Stage 21,0,0,0,0,0,0,0,0,0
20261164,Jonas Vingegaard,22,Final Classifications,0,0,0,0,0,0,0,0,0
20261327,Tobias Halland Johannessen,1,Stage 1,0,0,0,0,0,0,0,0,0
20261327,Tobias Halland Johannessen,2,Stage 2,110,9,0,4,0,0,0,0,123
20261327,Tobias Halland Johannessen,3,Stage 3,120,12,1,0,0,0,0,0,133
20261327,Tobias Halland Johannessen,4,Stage 4,0,8,0,0,0,0,0,8,16
20261327,Tobias Halland Johannessen,5,Stage 5,0,8,0,0,0,0,0,8,16
20261327,Tobias Halland Johannessen,6,Stage 6,12,8,0,0,0,0,0,0,20
20261327,Tobias Halland Johannessen,7,Stage 7,0,8,0,0,0,0,0,4,12
20261327,Tobias Halland Johannessen,8,Stage 8,0,8,0,0,0,0,0,0,8
20261327,Tobias Halland Johannessen,9,Stage 9,180,10,0,0,0,0,20,0,210
20261327,Tobias Halland Johannessen,10,Stage 10,12,7,0,0,0,0,0,0,19
20261327,Tobias Halland Johannessen,11,Stage 11,0,7,0,0,0,0,0,8,15
20261327,Tobias Halland Johannessen,12,Stage 12,0,7,0,0,0,0,0,0,7
20261327,Tobias Halland Johannessen,13,Stage 13,0,6,0,0,0,0,0,0,6
20261327,Tobias Halland Johannessen,14,Stage 14,70,7,0,0,0,10,20,0,107
20261327,Tobias Halland Johannessen,15,Stage 15,0,3,0,0,0,0,0,0,3
20261327,Tobias Halland Johannessen,16,Stage 16,0,5,0,0,0,0,0,0,5
20261327,Tobias Halland Johannessen,17,Stage 17,0,5,0,0,0,0,0,0,5
20261327,Tobias Halland Johannessen,18,Stage 18,120,7,0,0,14,2,20,0,163
20261327,Tobias Halland Johannessen,19,Stage 19,120,8,0,0,0,10,0,0,138
20261327,Tobias Halland Johannessen,20,Stage 20,50,9,0,0,16,2,20,0,97
20261327,Tobias Halland Johannessen,21,Stage 21,16,9,0,0,0,0,0,0,25
20261327,Tobias Halland Johannessen,22,Final Classifications,0,130,0,10,0,0,0,0,140
20260846,Thomas Pidcock,1,Stage 1,0,0,0,0,0,0,0,0,0
20260846,Thomas Pidcock,2,Stage 2,60,11,0,0,0,0,0,0,71
20260846,Thomas Pidcock,3,Stage 3,20,10,0,0,0,0,0,0,30
20260846,Thomas Pidcock,4,Stage 4,0,6,0,0,0,0,0,0,6
20260846,Thomas Pidcock,5,Stage 5,0,6,0,0,0,0,0,0,6
20260846,Thomas Pidcock,6,Stage 6,25,6,0,0,0,0,0,0,31
20260846,Thomas Pidcock,7,Stage 7,0,6,0,0,0,0,0,0,6
20260846,Thomas Pidcock,8,Stage 8,0,6,0,0,0,0,0,0,6
20260846,Thomas Pidcock,9,Stage 9,160,8,0,0,8,0,20,0,196
20260846,Thomas Pidcock,10,Stage 10,70,11,0,0,0,0,0,0,81
20260846,Thomas Pidcock,11,Stage 11,0,11,0,0,0,0,0,0,11
20260846,Thomas Pidcock,12,Stage 12,0,11,0,0,0,0,0,0,11
20260846,Thomas Pidcock,13,Stage 13,160,18,0,4,5,15,0,0,202
20260846,Thomas Pidcock,14,Stage 14,12,12,0,1,0,0,0,0,25
20260846,Thomas Pidcock,15,Stage 15,35,12,0,0,0,10,20,0,77
20260846,Thomas Pidcock,16,Stage 16,40,13,0,0,0,0,0,0,53
20260846,Thomas Pidcock,17,Stage 17,0,13,0,0,0,0,0,0,13
20260846,Thomas Pidcock,18,Stage 18,60,13,0,0,0,0,0,0,73
20260846,Thomas Pidcock,19,Stage 19,4,12,0,0,0,0,0,0,16
20260846,Thomas Pidcock,20,Stage 20,20,12,0,0,0,0,0,0,32
20260846,Thomas Pidcock,21,Stage 21,0,12,0,0,0,0,0,0,12
20260846,Thomas Pidcock,22,Final Classifications,0,180,0,0,0,0,0,0,180
20260356,Olav Kooij,1,Stage 1,0,0,0,0,0,0,0,15,15
20260356,Olav Kooij,2,Stage 2,0,0,0,0,0,0,0,0,0
20260356,Olav Kooij,3,Stage 3,0,0,0,0,0,0,0,0,0
20260356,Olav Kooij,4,Stage 4,0,0,0,0,0,0,0,0,0
20260356,Olav Kooij,5,Stage 5,220,0,2,0,0,0,0,0,222
20260356,Olav Kooij,6,Stage 6,0,0,1,0,0,0,0,0,1
20260356,Olav Kooij,7,Stage 7,0,0,0,0,0,0,0,0,0
20260356,Olav Kooij,8,Stage 8,160,0,1,0,0,0,0,0,161
20260356,Olav Kooij,9,Stage 9,0,0,1,0,0,0,0,0,1
20260356,Olav Kooij,10,Stage 10,0,0,1,0,0,0,0,2,3
20260356,Olav Kooij,11,Stage 11,180,0,1,0,0,0,0,0,181
20260356,Olav Kooij,12,Stage 12,180,0,1,0,0,0,0,0,181
20260356,Olav Kooij,13,Stage 13,0,0,1,0,0,0,0,0,1
20260356,Olav Kooij,14,Stage 14,0,0,1,0,0,0,0,2,3
20260356,Olav Kooij,15,Stage 15,0,0,2,0,0,0,0,0,2
20260356,Olav Kooij,16,Stage 16,0,0,2,0,0,0,0,0,2
20260356,Olav Kooij,17,Stage 17,160,0,2,0,0,0,0,0,162
20260356,Olav Kooij,18,Stage 18,0,0,2,0,0,0,0,0,2
20260356,Olav Kooij,19,Stage 19,0,0,2,0,0,0,0,0,2
20260356,Olav Kooij,20,Stage 20,0,0,2,0,0,0,0,0,2
20260356,Olav Kooij,21,Stage 21,120,0,2,0,0,0,0,0,122
20260356,Olav Kooij,22,Final Classifications,0,0,40,0,0,0,0,20,60
20260803,Biniam Girmay,1,Stage 1,0,0,0,0,0,0,0,0,0
20260803,Biniam Girmay,2,Stage 2,0,0,0,0,12,0,0,0,12
20260803,Biniam Girmay,3,Stage 3,0,0,0,0,0,0,0,0,0
20260803,Biniam Girmay,4,Stage 4,0,0,1,0,20,0,0,0,21
20260803,Biniam Girmay,5,Stage 5,110,0,8,0,12,0,0,0,130
20260803,Biniam Girmay,6,Stage 6,0,0,6,0,10,0,0,0,16
20260803,Biniam Girmay,7,Stage 7,160,0,8,0,12,0,0,0,180
20260803,Biniam Girmay,8,Stage 8,180,0,6,0,5,0,0,0,191
20260803,Biniam Girmay,9,Stage 9,0,0,8,0,16,0,0,0,24
20260803,Biniam Girmay,10,Stage 10,0,0,8,0,14,0,0,0,22
20260803,Biniam Girmay,11,Stage 11,110,0,8,0,4,0,0,0,122
20260803,Biniam Girmay,12,Stage 12,140,0,8,0,8,0,0,0,156
20260803,Biniam Girmay,13,Stage 13,0,0,6,0,14,0,0,0,20
20260803,Biniam Girmay,14,Stage 14,0,0,6,0,12,0,0,0,18
20260803,Biniam Girmay,15,Stage 15,0,0,6,0,12,0,0,0,18
20260803,Biniam Girmay,16,Stage 16,0,0,6,0,0,0,0,0,6
20260803,Biniam Girmay,17,Stage 17,0,0,6,0,0,0,0,0,6
20260803,Biniam Girmay,18,Stage 18,0,0,6,0,0,0,0,0,6
20260803,Biniam Girmay,19,Stage 19,0,0,6,0,0,0,0,0,6
20260803,Biniam Girmay,20,Stage 20,0,0,6,0,0,0,0,0,6
20260803,Biniam Girmay,21,Stage 21,50,0,6,0,0,0,0,0,56
20260803,Biniam Girmay,22,Final Classifications,0,0,80,0,0,0,0,0,80
20260943,Tim Merlier,1,Stage 1,0,0,0,0,0,0,0,0,0
20260943,Tim Merlier,2,Stage 2,0,0,0,0,5,0,0,0,5
20260943,Tim Merlier,3,Stage 3,0,0,0,0,0,0,0,0,0
20260943,Tim Merlier,4,Stage 4,0,0,0,0,0,0,0,0,0
20260943,Tim Merlier,5,Stage 5,160,0,0,0,4,0,0,0,164
20260943,Tim Merlier,6,Stage 6,0,0,0,0,0,0,0,0,0
20260943,Tim Merlier,7,Stage 7,220,0,4,0,6,0,0,0,230
20260943,Tim Merlier,8,Stage 8,220,0,8,0,6,0,0,0,234
20260943,Tim Merlier,9,Stage 9,0,0,6,0,0,0,0,0,6
20260943,Tim Merlier,10,Stage 10,0,0,6,0,0,0,0,0,6
20260943,Tim Merlier,11,Stage 11,25,0,4,0,0,0,0,0,29
20260943,Tim Merlier,12,Stage 12,220,0,4,0,12,0,0,0,236
20260943,Tim Merlier,13,Stage 13,0,0,4,0,0,0,0,0,4
20260943,Tim Merlier,14,Stage 14,0,0,4,0,0,0,0,0,4
20260943,Tim Merlier,15,Stage 15,0,0,0,0,0,0,0,0,0
20260943,Tim Merlier,16,Stage 16,0,0,0,0,0,0,0,0,0
20260943,Tim Merlier,17,Stage 17,0,0,0,0,0,0,0,0,0
20260943,Tim Merlier,18,Stage 18,0,0,0,0,0,0,0,0,0
20260943,Tim Merlier,19,Stage 19,0,0,0,0,0,0,0,0,0
20260943,Tim Merlier,20,Stage 20,0,0,0,0,0,0,0,0,0
20260943,Tim Merlier,21,Stage 21,0,0,0,0,0,0,0,0,0
20260943,Tim Merlier,22,Final Classifications,0,0,0,0,0,0,0,0,0
20260863,Florian Lipowitz,1,Stage 1,0,0,0,0,0,0,0,20,20
20260863,Florian Lipowitz,2,Stage 2,20,13,0,0,0,0,0,6,39
20260863,Florian Lipowitz,3,Stage 3,95,14,0,0,0,0,0,6,115
20260863,Florian Lipowitz,4,Stage 4,0,10,0,0,0,0,0,4,14
20260863,Florian Lipowitz,5,Stage 5,0,10,0,0,0,0,0,4,14
20260863,Florian Lipowitz,6,Stage 6,110,14,0,0,0,15,0,4,143
20260863,Florian Lipowitz,7,Stage 7,0,14,0,0,0,0,0,4,18
20260863,Florian Lipowitz,8,Stage 8,0,14,0,0,0,0,0,4,18
20260863,Florian Lipowitz,9,Stage 9,4,14,0,0,0,0,0,0,18
20260863,Florian Lipowitz,10,Stage 10,140,15,0,0,0,2,0,6,163
20260863,Florian Lipowitz,11,Stage 11,0,15,0,0,0,0,0,2,17
20260863,Florian Lipowitz,12,Stage 12,0,15,0,0,0,0,0,2,17
20260863,Florian Lipowitz,13,Stage 13,0,14,0,0,0,0,0,4,18
20260863,Florian Lipowitz,14,Stage 14,95,15,0,0,0,0,0,2,112
20260863,Florian Lipowitz,15,Stage 15,120,16,0,0,0,10,0,14,160
20260863,Florian Lipowitz,16,Stage 16,0,0,0,0,0,0,0,0,0
20260863,Florian Lipowitz,17,Stage 17,0,0,0,0,0,0,0,0,0
20260863,Florian Lipowitz,18,Stage 18,0,0,0,0,0,0,0,0,0
20260863,Florian Lipowitz,19,Stage 19,0,0,0,0,0,0,0,0,0
20260863,Florian Lipowitz,20,Stage 20,0,0,0,0,0,0,0,0,0
20260863,Florian Lipowitz,21,Stage 21,0,0,0,0,0,0,0,0,0
20260863,Florian Lipowitz,22,Final Classifications,0,0,0,0,0,0,0,0,0
20261388,Max Kanter,1,Stage 1,0,0,0,0,0,0,0,0,0
20261388,Max Kanter,2,Stage 2,0,0,0,0,4,0,0,0,4
20261388,Max Kanter,3,Stage 3,0,0,0,0,0,0,0,0,0
20261388,Max Kanter,4,Stage 4,0,0,0,0,0,0,0,0,0
20261388,Max Kanter,5,Stage 5,180,0,6,0,16,0,0,0,202
20261388,Max Kanter,6,Stage 6,0,0,8,0,14,0,0,0,22
20261388,Max Kanter,7,Stage 7,140,0,6,0,10,0,0,0,156
20261388,Max Kanter,8,Stage 8,70,0,2,0,10,0,0,0,82
20261388,Max Kanter,9,Stage 9,0,0,2,0,0,0,0,0,2
20261388,Max Kanter,10,Stage 10,0,0,2,0,16,0,0,0,18
20261388,Max Kanter,11,Stage 11,12,0,2,0,6,0,0,0,20
20261388,Max Kanter,12,Stage 12,95,0,2,0,10,0,0,0,107
20261388,Max Kanter,13,Stage 13,0,0,2,0,0,0,0,4,6
20261388,Max Kanter,14,Stage 14,0,0,2,0,14,0,0,0,16
20261388,Max Kanter,15,Stage 15,0,0,4,0,14,0,0,0,18
20261388,Max Kanter,16,Stage 16,0,0,4,0,0,0,0,0,4
20261388,Max Kanter,17,Stage 17,0,0,4,0,0,0,0,0,4
20261388,Max Kanter,18,Stage 18,0,0,4,0,0,0,0,0,4
20261388,Max Kanter,19,Stage 19,0,0,4,0,0,0,0,0,4
20261388,Max Kanter,20,Stage 20,0,0,4,0,0,0,0,0,4
20261388,Max Kanter,21,Stage 21,140,0,4,0,0,0,0,0,144
20261388,Max Kanter,22,Final Classifications,0,0,60,0,0,0,0,0,60
20261153,Sepp Kuss,1,Stage 1,0,0,0,0,0,0,0,50,50
20261153,Sepp Kuss,2,Stage 2,0,0,0,0,0,0,0,8,8
20261153,Sepp Kuss,3,Stage 3,0,0,0,0,0,0,0,8,8
20261153,Sepp Kuss,4,Stage 4,0,0,0,0,0,0,0,0,0
20261153,Sepp Kuss,5,Stage 5,0,0,0,0,0,0,0,0,0
20261153,Sepp Kuss,6,Stage 6,60,0,0,0,0,0,0,8,68
20261153,Sepp Kuss,7,Stage 7,0,0,0,0,0,0,0,4,4
20261153,Sepp Kuss,8,Stage 8,0,0,0,0,0,0,0,4,4
20261153,Sepp Kuss,9,Stage 9,0,1,0,0,0,0,0,6,7
20261153,Sepp Kuss,10,Stage 10,0,0,0,0,0,0,0,6,6
20261153,Sepp Kuss,11,Stage 11,0,0,0,0,0,0,0,6,6
20261153,Sepp Kuss,12,Stage 12,0,0,0,0,0,0,0,6,6
20261153,Sepp Kuss,13,Stage 13,0,0,0,0,0,0,0,4,4
20261153,Sepp Kuss,14,Stage 14,16,2,0,0,0,0,0,6,24
20261153,Sepp Kuss,15,Stage 15,0,4,0,0,0,0,0,0,4
20261153,Sepp Kuss,16,Stage 16,0,4,0,0,0,0,0,0,4
20261153,Sepp Kuss,17,Stage 17,0,4,0,0,0,0,0,0,4
20261153,Sepp Kuss,18,Stage 18,0,5,0,0,0,0,0,2,7
20261153,Sepp Kuss,19,Stage 19,140,6,0,0,2,17,0,0,165
20261153,Sepp Kuss,20,Stage 20,160,8,0,4,0,63,20,0,255
20261153,Sepp Kuss,21,Stage 21,0,8,0,4,0,0,0,0,12
20261153,Sepp Kuss,22,Final Classifications,0,120,0,60,0,0,0,10,190
20260626,Quinn Simmons,1,Stage 1,0,0,0,0,0,0,0,25,25
20260626,Quinn Simmons,2,Stage 2,0,0,0,0,0,0,0,0,0
20260626,Quinn Simmons,3,Stage 3,0,0,0,0,0,0,0,2,2
20260626,Quinn Simmons,4,Stage 4,180,0,4,0,10,0,0,18,212
20260626,Quinn Simmons,5,Stage 5,0,0,0,0,0,0,0,10,10
20260626,Quinn Simmons,6,Stage 6,0,0,0,0,5,0,0,8,13
20260626,Quinn Simmons,7,Stage 7,0,0,0,0,0,0,0,8,8
20260626,Quinn Simmons,8,Stage 8,0,0,0,0,0,0,0,8,8
20260626,Quinn Simmons,9,Stage 9,0,0,0,0,0,0,20,8,28
20260626,Quinn Simmons,10,Stage 10,0,0,0,0,0,0,0,8,8
20260626,Quinn Simmons,11,Stage 11,0,0,0,0,3,0,0,8,11
20260626,Quinn Simmons,12,Stage 12,0,0,0,0,1,0,0,8,9
20260626,Quinn Simmons,13,Stage 13,0,0,0,0,0,0,0,8,8
20260626,Quinn Simmons,14,Stage 14,0,0,0,0,6,0,0,8,14
20260626,Quinn Simmons,15,Stage 15,60,0,0,0,6,15,20,8,109
20260626,Quinn Simmons,16,Stage 16,0,0,0,0,0,0,0,0,0
20260626,Quinn Simmons,17,Stage 17,0,0,0,0,5,0,20,8,33
20260626,Quinn Simmons,18,Stage 18,0,0,0,0,0,0,0,8,8
20260626,Quinn Simmons,19,Stage 19,20,0,0,0,8,4,0,8,40
20260626,Quinn Simmons,20,Stage 20,8,3,0,0,0,0,0,8,19
20260626,Quinn Simmons,21,Stage 21,0,3,0,0,0,0,0,10,13
20260626,Quinn Simmons,22,Final Classifications,0,70,0,0,0,0,0,50,120
20261063,Mauro Schmid,1,Stage 1,0,0,0,0,0,0,0,0,0
20261063,Mauro Schmid,2,Stage 2,0,0,0,0,0,0,0,0,0
20261063,Mauro Schmid,3,Stage 3,0,0,0,0,2,0,20,0,22
20261063,Mauro Schmid,4,Stage 4,0,0,0,0,0,0,0,0,0
20261063,Mauro Schmid,5,Stage 5,0,0,0,0,0,0,0,0,0
20261063,Mauro Schmid,6,Stage 6,0,0,0,0,0,0,0,0,0
20261063,Mauro Schmid,7,Stage 7,0,0,0,0,0,0,0,0,0
20261063,Mauro Schmid,8,Stage 8,0,0,0,0,0,0,0,0,0
20261063,Mauro Schmid,9,Stage 9,0,0,0,0,0,0,0,0,0
20261063,Mauro Schmid,10,Stage 10,0,0,0,0,0,0,0,0,0
20261063,Mauro Schmid,11,Stage 11,0,0,0,0,0,0,0,0,0
20261063,Mauro Schmid,12,Stage 12,0,0,0,0,0,0,0,0,0
20261063,Mauro Schmid,13,Stage 13,220,0,0,0,0,10,0,0,230
20261063,Mauro Schmid,14,Stage 14,0,0,0,0,0,0,0,0,0
20261063,Mauro Schmid,15,Stage 15,0,0,0,0,0,0,20,0,20
20261063,Mauro Schmid,16,Stage 16,0,0,0,0,0,0,0,0,0
20261063,Mauro Schmid,17,Stage 17,180,0,0,0,0,0,0,0,180
20261063,Mauro Schmid,18,Stage 18,180,0,0,0,16,14,20,0,230
20261063,Mauro Schmid,19,Stage 19,0,0,0,0,0,0,0,0,0
20261063,Mauro Schmid,20,Stage 20,0,0,0,0,0,0,0,0,0
20261063,Mauro Schmid,21,Stage 21,0,0,0,0,0,0,0,0,0
20261063,Mauro Schmid,22,Final Classifications,0,0,0,0,0,0,0,0,0
20261197,Jordan Jegat,1,Stage 1,0,0,0,0,0,0,0,0,0
20261197,Jordan Jegat,2,Stage 2,0,0,0,0,0,0,0,0,0
20261197,Jordan Jegat,3,Stage 3,30,4,0,0,0,0,0,0,34
20261197,Jordan Jegat,4,Stage 4,0,0,0,0,0,0,0,0,0
20261197,Jordan Jegat,5,Stage 5,0,0,0,0,0,0,0,0,0
20261197,Jordan Jegat,6,Stage 6,40,2,0,0,0,0,0,0,42
20261197,Jordan Jegat,7,Stage 7,0,3,0,0,0,0,0,0,3
20261197,Jordan Jegat,8,Stage 8,0,3,0,0,0,0,0,0,3
20261197,Jordan Jegat,9,Stage 9,70,4,0,0,0,0,0,0,74
20261197,Jordan Jegat,10,Stage 10,0,2,0,0,0,0,0,0,2
20261197,Jordan Jegat,11,Stage 11,0,2,0,0,0,0,0,0,2
20261197,Jordan Jegat,12,Stage 12,0,2,0,0,0,0,0,0,2
20261197,Jordan Jegat,13,Stage 13,95,10,0,0,0,0,0,0,105
20261197,Jordan Jegat,14,Stage 14,8,9,0,0,0,0,0,0,17
20261197,Jordan Jegat,15,Stage 15,30,11,0,0,0,0,0,0,41
20261197,Jordan Jegat,16,Stage 16,0,12,0,0,0,0,0,0,12
20261197,Jordan Jegat,17,Stage 17,30,12,0,0,0,0,0,0,42
20261197,Jordan Jegat,18,Stage 18,50,12,0,0,0,0,0,0,62
20261197,Jordan Jegat,19,Stage 19,0,11,0,0,0,0,0,0,11
20261197,Jordan Jegat,20,Stage 20,4,11,0,0,0,0,0,0,15
20261197,Jordan Jegat,21,Stage 21,0,11,0,0,0,0,0,0,11
20261197,Jordan Jegat,22,Final Classifications,0,160,0,0,0,0,0,0,160
20260028,Mathieu Van Der Poel,1,Stage 1,0,0,0,0,0,0,0,10,10
20260028,Mathieu Van Der Poel,2,Stage 2,0,6,0,0,0,0,0,0,6
20260028,Mathieu Van Der Poel,3,Stage 3,0,0,0,0,0,0,0,0,0
20260028,Mathieu Van Der Poel,4,Stage 4,0,0,0,0,0,0,0,0,0
20260028,Mathieu Van Der Poel,5,Stage 5,0,0,0,0,0,0,0,0,0
20260028,Mathieu Van Der Poel,6,Stage 6,0,0,0,0,0,0,0,0,0
20260028,Mathieu Van Der Poel,7,Stage 7,0,0,0,0,0,0,0,0,0
20260028,Mathieu Van Der Poel,8,Stage 8,20,0,0,0,0,0,0,0,20
20260028,Mathieu Van Der Poel,9,Stage 9,220,0,0,0,10,0,20,0,250
20260028,Mathieu Van Der Poel,10,Stage 10,0,0,0,0,8,0,0,0,8
20260028,Mathieu Van Der Poel,11,Stage 11,0,0,0,0,0,0,0,2,2
20260028,Mathieu Van Der Poel,12,Stage 12,30,0,0,0,0,0,0,2,32
20260028,Mathieu Van Der Poel,13,Stage 13,0,0,0,0,0,0,0,0,0
20260028,Mathieu Van Der Poel,14,Stage 14,0,0,0,0,0,0,0,0,0
20260028,Mathieu Van Der Poel,15,Stage 15,0,0,0,0,0,0,0,0,0
20260028,Mathieu Van Der Poel,16,Stage 16,0,0,0,0,0,0,0,0,0
20260028,Mathieu Van Der Poel,17,Stage 17,50,0,0,0,0,0,20,8,78
20260028,Mathieu Van Der Poel,18,Stage 18,0,0,0,0,0,0,0,0,0
20260028,Mathieu Van Der Poel,19,Stage 19,0,0,0,0,0,0,0,0,0
20260028,Mathieu Van Der Poel,20,Stage 20,0,0,0,0,0,0,0,0,0
20260028,Mathieu Van Der Poel,21,Stage 21,220,0,0,0,0,0,0,4,224
20260028,Mathieu Van Der Poel,22,Final Classifications,0,0,0,0,0,0,0,0,0
20261268,Adam Yates,1,Stage 1,0,0,0,0,0,0,0,30,30
20261268,Adam Yates,2,Stage 2,12,0,0,0,0,0,0,24,36
20261268,Adam Yates,3,Stage 3,0,0,0,0,0,0,0,24,24
20261268,Adam Yates,4,Stage 4,0,0,0,0,0,0,0,0,0
20261268,Adam Yates,5,Stage 5,0,0,0,0,0,0,0,0,0
20261268,Adam Yates,6,Stage 6,16,0,0,0,0,0,0,22,38
20261268,Adam Yates,7,Stage 7,0,0,0,0,0,0,0,12,12
20261268,Adam Yates,8,Stage 8,0,0,0,0,0,0,0,12,12
20261268,Adam Yates,9,Stage 9,0,0,0,0,0,0,0,14,14
20261268,Adam Yates,10,Stage 10,16,1,0,0,0,0,0,20,37
20261268,Adam Yates,11,Stage 11,0,1,0,0,0,0,0,12,13
20261268,Adam Yates,12,Stage 12,0,1,0,0,0,0,0,12,13
20261268,Adam Yates,13,Stage 13,0,1,0,0,0,0,0,12,13
20261268,Adam Yates,14,Stage 14,20,3,0,0,0,0,0,24,47
20261268,Adam Yates,15,Stage 15,70,7,0,0,0,4,20,20,121
20261268,Adam Yates,16,Stage 16,0,7,0,0,0,0,0,0,7
20261268,Adam Yates,17,Stage 17,0,6,0,0,0,0,0,14,20
20261268,Adam Yates,18,Stage 18,0,2,0,0,0,0,0,14,16
20261268,Adam Yates,19,Stage 19,0,3,0,0,0,0,0,22,25
20261268,Adam Yates,20,Stage 20,0,0,0,0,0,0,0,14,14
20261268,Adam Yates,21,Stage 21,0,0,0,0,0,0,0,14,14
20261268,Adam Yates,22,Final Classifications,0,50,0,0,0,0,0,40,90
20260674,Huub Artz,1,Stage 1,0,0,0,0,0,0,0,0,0
20260674,Huub Artz,2,Stage 2,0,0,0,0,0,0,0,0,0
20260674,Huub Artz,3,Stage 3,0,0,0,0,0,0,0,0,0
20260674,Huub Artz,4,Stage 4,0,0,0,0,0,0,0,0,0
20260674,Huub Artz,5,Stage 5,140,0,0,0,0,0,0,0,140
20260674,Huub Artz,6,Stage 6,0,0,0,0,0,0,0,0,0
20260674,Huub Artz,7,Stage 7,95,0,0,0,0,0,0,0,95
20260674,Huub Artz,8,Stage 8,0,0,0,0,0,0,0,0,0
20260674,Huub Artz,9,Stage 9,0,0,0,0,0,0,0,0,0
20260674,Huub Artz,10,Stage 10,0,0,0,0,0,0,0,0,0
20260674,Huub Artz,11,Stage 11,120,0,0,0,0,0,0,0,120
20260674,Huub Artz,12,Stage 12,60,0,0,0,0,0,0,0,60
20260674,Huub Artz,13,Stage 13,0,0,0,0,0,0,0,0,0
20260674,Huub Artz,14,Stage 14,0,0,0,0,0,0,0,0,0
20260674,Huub Artz,15,Stage 15,0,0,0,0,0,0,0,0,0
20260674,Huub Artz,16,Stage 16,20,0,0,0,0,0,0,0,20
20260674,Huub Artz,17,Stage 17,95,0,0,0,0,0,0,0,95
20260674,Huub Artz,18,Stage 18,0,0,0,0,0,0,0,0,0
20260674,Huub Artz,19,Stage 19,0,0,0,0,0,0,0,0,0
20260674,Huub Artz,20,Stage 20,0,0,0,0,0,0,0,0,0
20260674,Huub Artz,21,Stage 21,25,0,0,0,0,0,0,0,25
20260674,Huub Artz,22,Final Classifications,0,0,0,0,0,0,0,0,0
20261341,Søren Wærenskjold,1,Stage 1,0,0,0,0,0,0,0,0,0
20261341,Søren Wærenskjold,2,Stage 2,0,0,0,0,2,0,0,0,2
20261341,Søren Wærenskjold,3,Stage 3,0,0,0,0,0,0,0,0,0
20261341,Søren Wærenskjold,4,Stage 4,0,0,0,0,0,0,0,8,8
20261341,Søren Wærenskjold,5,Stage 5,60,0,0,0,0,0,0,8,68
20261341,Søren Wærenskjold,6,Stage 6,0,0,0,0,0,0,0,0,0
20261341,Søren Wærenskjold,7,Stage 7,180,0,0,0,0,0,0,0,180
20261341,Søren Wærenskjold,8,Stage 8,50,0,0,0,0,0,0,0,50
20261341,Søren Wærenskjold,9,Stage 9,0,0,0,0,0,0,0,4,4
20261341,Søren Wærenskjold,10,Stage 10,0,0,0,0,0,0,0,0,0
20261341,Søren Wærenskjold,11,Stage 11,220,0,0,0,0,0,0,0,220
20261341,Søren Wærenskjold,12,Stage 12,0,0,0,0,0,0,0,0,0
20261341,Søren Wærenskjold,13,Stage 13,0,0,0,0,0,0,0,0,0
20261341,Søren Wærenskjold,14,Stage 14,0,0,0,0,0,0,0,0,0
20261341,Søren Wærenskjold,15,Stage 15,0,0,1,0,0,0,0,0,1
20261341,Søren Wærenskjold,16,Stage 16,0,0,0,0,0,0,0,0,0
20261341,Søren Wærenskjold,17,Stage 17,0,0,0,0,0,0,0,0,0
20261341,Søren Wærenskjold,18,Stage 18,0,0,0,0,0,0,0,0,0
20261341,Søren Wærenskjold,19,Stage 19,0,0,0,0,0,0,0,0,0
20261341,Søren Wærenskjold,20,Stage 20,0,0,0,0,0,0,0,0,0
20261341,Søren Wærenskjold,21,Stage 21,0,0,0,0,0,0,0,0,0
20261341,Søren Wærenskjold,22,Final Classifications,0,0,20,0,0,0,0,0,20
20261158,Davide Piganzoli,1,Stage 1,0,0,0,0,0,0,0,50,50
20261158,Davide Piganzoli,2,Stage 2,0,4,0,0,0,0,0,8,12
20261158,Davide Piganzoli,3,Stage 3,4,6,0,0,0,0,0,8,18
20261158,Davide Piganzoli,4,Stage 4,0,2,0,0,0,0,0,0,2
20261158,Davide Piganzoli,5,Stage 5,0,3,0,0,0,0,0,0,3
20261158,Davide Piganzoli,6,Stage 6,0,4,0,0,0,0,0,8,12
20261158,Davide Piganzoli,7,Stage 7,0,5,0,0,0,0,0,4,9
20261158,Davide Piganzoli,8,Stage 8,0,5,0,0,0,0,0,4,9
20261158,Davide Piganzoli,9,Stage 9,0,6,0,0,0,0,0,6,12
20261158,Davide Piganzoli,10,Stage 10,40,8,0,0,0,0,0,6,54
20261158,Davide Piganzoli,11,Stage 11,0,8,0,0,0,0,0,6,14
20261158,Davide Piganzoli,12,Stage 12,0,8,0,0,0,0,0,6,14
20261158,Davide Piganzoli,13,Stage 13,0,7,0,0,0,0,0,4,11
20261158,Davide Piganzoli,14,Stage 14,4,5,0,0,0,0,0,6,15
20261158,Davide Piganzoli,15,Stage 15,12,6,0,0,0,0,0,0,18
20261158,Davide Piganzoli,16,Stage 16,0,8,0,0,0,0,0,0,8
20261158,Davide Piganzoli,17,Stage 17,0,8,0,0,0,0,0,0,8
20261158,Davide Piganzoli,18,Stage 18,0,8,0,0,0,0,0,2,10
20261158,Davide Piganzoli,19,Stage 19,8,7,0,0,0,0,0,0,15
20261158,Davide Piganzoli,20,Stage 20,25,7,0,0,8,34,20,2,96
20261158,Davide Piganzoli,21,Stage 21,0,7,0,0,0,0,0,0,7
20261158,Davide Piganzoli,22,Final Classifications,0,110,0,0,0,0,0,10,120
20260299,Milan Fretin,1,Stage 1,0,0,0,0,0,0,0,0,0
20260299,Milan Fretin,2,Stage 2,0,0,0,0,0,0,0,0,0
20260299,Milan Fretin,3,Stage 3,0,0,0,0,0,0,0,0,0
20260299,Milan Fretin,4,Stage 4,0,0,0,0,0,0,0,0,0
20260299,Milan Fretin,5,Stage 5,80,0,0,0,0,0,0,0,80
20260299,Milan Fretin,6,Stage 6,0,0,0,0,0,0,0,0,0
20260299,Milan Fretin,7,Stage 7,35,0,0,0,0,0,0,0,35
20260299,Milan Fretin,8,Stage 8,60,0,0,0,0,0,0,0,60
20260299,Milan Fretin,9,Stage 9,0,0,0,0,0,0,0,0,0
20260299,Milan Fretin,10,Stage 10,0,0,0,0,0,0,0,0,0
20260299,Milan Fretin,11,Stage 11,140,0,0,0,0,0,0,0,140
20260299,Milan Fretin,12,Stage 12,120,0,0,0,0,0,0,0,120
20260299,Milan Fretin,13,Stage 13,0,0,0,0,0,0,0,0,0
20260299,Milan Fretin,14,Stage 14,0,0,0,0,0,0,0,0,0
20260299,Milan Fretin,15,Stage 15,0,0,0,0,0,0,0,0,0
20260299,Milan Fretin,16,Stage 16,0,0,0,0,0,0,0,0,0
20260299,Milan Fretin,17,Stage 17,0,0,0,0,0,0,0,0,0
20260299,Milan Fretin,18,Stage 18,0,0,0,0,0,0,0,0,0
20260299,Milan Fretin,19,Stage 19,0,0,0,0,0,0,0,0,0
20260299,Milan Fretin,20,Stage 20,0,0,0,0,0,0,0,0,0
20260299,Milan Fretin,21,Stage 21,70,0,0,0,0,0,0,0,70
20260299,Milan Fretin,22,Final Classifications,0,0,0,0,0,0,0,0,0
20261227,Rick Pluimers,1,Stage 1,0,0,0,0,0,0,0,0,0
20261227,Rick Pluimers,2,Stage 2,0,0,0,0,0,0,0,0,0
20261227,Rick Pluimers,3,Stage 3,0,0,0,0,0,0,0,0,0
20261227,Rick Pluimers,4,Stage 4,0,0,0,0,0,0,0,0,0
20261227,Rick Pluimers,5,Stage 5,30,0,0,0,0,0,0,0,30
20261227,Rick Pluimers,6,Stage 6,0,0,0,0,0,0,0,0,0
20261227,Rick Pluimers,7,Stage 7,12,0,0,0,0,0,0,0,12
20261227,Rick Pluimers,8,Stage 8,110,0,0,0,0,0,0,0,110
20261227,Rick Pluimers,9,Stage 9,0,0,0,0,0,0,0,0,0
20261227,Rick Pluimers,10,Stage 10,0,0,0,0,0,0,0,0,0
20261227,Rick Pluimers,11,Stage 11,40,0,0,0,0,0,0,0,40
20261227,Rick Pluimers,12,Stage 12,50,0,0,0,0,0,0,0,50
20261227,Rick Pluimers,13,Stage 13,0,0,0,0,0,0,0,0,0
20261227,Rick Pluimers,14,Stage 14,0,0,0,0,0,0,0,0,0
20261227,Rick Pluimers,15,Stage 15,0,0,0,0,0,0,0,0,0
20261227,Rick Pluimers,16,Stage 16,0,0,0,0,0,0,0,0,0
20261227,Rick Pluimers,17,Stage 17,120,0,0,0,0,0,20,0,140
20261227,Rick Pluimers,18,Stage 18,0,0,0,0,0,0,0,0,0
20261227,Rick Pluimers,19,Stage 19,0,0,0,0,0,0,0,0,0
20261227,Rick Pluimers,20,Stage 20,0,0,0,0,0,0,0,0,0
20261227,Rick Pluimers,21,Stage 21,95,0,0,0,0,0,0,0,95
20261227,Rick Pluimers,22,Final Classifications,0,0,0,0,0,0,0,0,0
20260552,Clément Russo,1,Stage 1,0,0,0,0,0,0,0,5,5
20260552,Clément Russo,2,Stage 2,0,0,0,0,0,0,0,0,0
20260552,Clément Russo,3,Stage 3,0,0,0,0,0,0,0,0,0
20260552,Clément Russo,4,Stage 4,0,0,0,0,0,0,0,0,0
20260552,Clément Russo,5,Stage 5,35,0,0,0,0,0,0,0,35
20260552,Clément Russo,6,Stage 6,0,0,0,0,0,0,0,0,0
20260552,Clément Russo,7,Stage 7,20,0,0,0,0,0,0,0,20
20260552,Clément Russo,8,Stage 8,80,0,0,0,0,0,0,0,80
20260552,Clément Russo,9,Stage 9,0,0,0,0,0,0,0,0,0
20260552,Clément Russo,10,Stage 10,0,0,0,0,0,0,0,0,0
20260552,Clément Russo,11,Stage 11,80,0,0,0,0,0,0,0,80
20260552,Clément Russo,12,Stage 12,80,0,0,0,0,0,0,0,80
20260552,Clément Russo,13,Stage 13,0,0,0,0,0,0,0,0,0
20260552,Clément Russo,14,Stage 14,0,0,0,0,0,0,0,0,0
20260552,Clément Russo,15,Stage 15,0,0,0,0,0,0,0,0,0
20260552,Clément Russo,16,Stage 16,0,0,0,0,0,0,0,0,0
20260552,Clément Russo,17,Stage 17,110,0,0,0,0,0,0,0,110
20260552,Clément Russo,18,Stage 18,0,0,0,0,0,0,0,0,0
20260552,Clément Russo,19,Stage 19,0,0,0,0,0,0,0,0,0
20260552,Clément Russo,20,Stage 20,0,0,0,0,0,0,0,0,0
20260552,Clément Russo,21,Stage 21,60,0,0,0,0,0,0,0,60
20260552,Clément Russo,22,Final Classifications,0,0,0,0,0,0,0,0,0
20260944,Valentin Paret-Peintre,1,Stage 1,0,0,0,0,0,0,0,0,0
20260944,Valentin Paret-Peintre,2,Stage 2,0,0,0,0,0,0,0,0,0
20260944,Valentin Paret-Peintre,3,Stage 3,0,0,0,0,0,0,0,0,0
20260944,Valentin Paret-Peintre,4,Stage 4,0,0,0,0,0,0,0,0,0
20260944,Valentin Paret-Peintre,5,Stage 5,0,0,0,0,0,0,0,2,2
20260944,Valentin Paret-Peintre,6,Stage 6,0,0,0,1,0,10,0,0,11
20260944,Valentin Paret-Peintre,7,Stage 7,0,0,0,1,0,0,0,8,9
20260944,Valentin Paret-Peintre,8,Stage 8,0,0,0,1,0,0,0,8,9
20260944,Valentin Paret-Peintre,9,Stage 9,0,0,0,2,0,0,0,0,2
20260944,Valentin Paret-Peintre,10,Stage 10,0,0,0,4,0,0,0,0,4
20260944,Valentin Paret-Peintre,11,Stage 11,0,0,0,4,0,0,0,0,4
20260944,Valentin Paret-Peintre,12,Stage 12,0,0,0,4,0,0,0,8,12
20260944,Valentin Paret-Peintre,13,Stage 13,0,0,0,2,0,0,0,0,2
20260944,Valentin Paret-Peintre,14,Stage 14,0,0,0,8,0,30,20,0,58
20260944,Valentin Paret-Peintre,15,Stage 15,0,0,0,8,0,0,0,0,8
20260944,Valentin Paret-Peintre,16,Stage 16,0,0,0,8,0,0,0,0,8
20260944,Valentin Paret-Peintre,17,Stage 17,0,0,0,8,0,0,0,0,8
20260944,Valentin Paret-Peintre,18,Stage 18,140,0,0,8,5,19,20,0,192
20260944,Valentin Paret-Peintre,19,Stage 19,0,0,0,6,0,15,0,0,21
20260944,Valentin Paret-Peintre,20,Stage 20,0,0,0,6,1,25,0,0,32
20260944,Valentin Paret-Peintre,21,Stage 21,0,0,0,6,0,0,0,0,6
20260944,Valentin Paret-Peintre,22,Final Classifications,0,0,0,80,0,0,0,0,80
20261234,Yannis Voisard,1,Stage 1,0,0,0,0,0,0,0,0,0
20261234,Yannis Voisard,2,Stage 2,0,0,0,0,0,0,0,0,0
20261234,Yannis Voisard,3,Stage 3,0,1,0,0,0,0,0,0,1
20261234,Yannis Voisard,4,Stage 4,0,0,0,0,0,0,0,0,0
20261234,Yannis Voisard,5,Stage 5,0,0,0,0,0,0,0,0,0
20261234,Yannis Voisard,6,Stage 6,20,0,0,0,0,0,0,0,20
20261234,Yannis Voisard,7,Stage 7,0,1,0,0,0,0,0,0,1
20261234,Yannis Voisard,8,Stage 8,0,2,0,0,0,0,0,0,2
20261234,Yannis Voisard,9,Stage 9,12,3,0,0,0,0,0,0,15
20261234,Yannis Voisard,10,Stage 10,20,5,0,0,0,0,0,0,25
20261234,Yannis Voisard,11,Stage 11,0,5,0,0,0,0,0,0,5
20261234,Yannis Voisard,12,Stage 12,0,5,0,0,0,0,0,0,5
20261234,Yannis Voisard,13,Stage 13,0,4,0,0,0,0,0,0,4
20261234,Yannis Voisard,14,Stage 14,35,4,0,0,0,0,0,0,39
20261234,Yannis Voisard,15,Stage 15,50,10,0,0,0,6,20,0,86
20261234,Yannis Voisard,16,Stage 16,0,11,0,0,0,0,0,0,11
20261234,Yannis Voisard,17,Stage 17,0,11,0,0,0,0,0,0,11
20261234,Yannis Voisard,18,Stage 18,8,10,0,0,0,0,0,0,18
20261234,Yannis Voisard,19,Stage 19,35,10,0,0,0,0,0,0,45
20261234,Yannis Voisard,20,Stage 20,12,10,0,0,0,0,0,0,22
20261234,Yannis Voisard,21,Stage 21,0,10,0,0,0,0,0,0,10
20261234,Yannis Voisard,22,Final Classifications,0,140,0,0,0,0,0,0,140
20260862,Jai Hindley,1,Stage 1,0,0,0,0,0,0,0,20,20
20260862,Jai Hindley,2,Stage 2,0,0,0,0,0,0,0,6,6
20260862,Jai Hindley,3,Stage 3,0,0,0,0,0,0,0,6,6
20260862,Jai Hindley,4,Stage 4,0,0,0,0,0,0,0,4,4
20260862,Jai Hindley,5,Stage 5,0,0,0,0,0,0,0,4,4
20260862,Jai Hindley,6,Stage 6,0,0,0,0,0,0,0,4,4
20260862,Jai Hindley,7,Stage 7,0,0,0,0,0,0,0,4,4
20260862,Jai Hindley,8,Stage 8,0,0,0,0,0,0,0,4,4
20260862,Jai Hindley,9,Stage 9,0,0,0,0,0,0,0,0,0
20260862,Jai Hindley,10,Stage 10,0,0,0,0,0,0,0,6,6
20260862,Jai Hindley,11,Stage 11,0,0,0,0,0,0,0,2,2
20260862,Jai Hindley,12,Stage 12,0,0,0,0,0,0,0,2,2
20260862,Jai Hindley,13,Stage 13,0,0,0,0,0,0,0,4,4
20260862,Jai Hindley,14,Stage 14,0,0,0,0,0,0,0,2,2
20260862,Jai Hindley,15,Stage 15,0,0,0,0,0,0,0,14,14
20260862,Jai Hindley,16,Stage 16,0,0,0,0,0,0,0,0,0
20260862,Jai Hindley,17,Stage 17,0,0,0,0,0,0,20,6,26
20260862,Jai Hindley,18,Stage 18,4,3,0,0,0,0,0,6,13
20260862,Jai Hindley,19,Stage 19,0,2,0,0,0,0,0,6,8
20260862,Jai Hindley,20,Stage 20,95,6,0,0,6,44,20,10,181
20260862,Jai Hindley,21,Stage 21,0,6,0,0,0,0,0,6,12
20260862,Jai Hindley,22,Final Classifications,0,100,0,5,0,0,0,30,135
20261207,Anthony Turgis,1,Stage 1,0,0,0,0,0,0,0,0,0
20261207,Anthony Turgis,2,Stage 2,0,0,0,0,6,0,0,0,6
20261207,Anthony Turgis,3,Stage 3,0,0,0,0,0,0,0,0,0
20261207,Anthony Turgis,4,Stage 4,0,0,0,0,0,0,0,0,0
20261207,Anthony Turgis,5,Stage 5,70,0,0,0,8,0,0,0,78
20261207,Anthony Turgis,6,Stage 6,0,0,0,0,6,0,0,0,6
20261207,Anthony Turgis,7,Stage 7,25,0,0,0,5,0,0,0,30
20261207,Anthony Turgis,8,Stage 8,25,0,0,0,4,0,0,0,29
20261207,Anthony Turgis,9,Stage 9,0,0,0,0,0,0,0,0,0
20261207,Anthony Turgis,10,Stage 10,0,0,0,0,0,0,0,0,0
20261207,Anthony Turgis,11,Stage 11,95,0,0,0,0,0,0,0,95
20261207,Anthony Turgis,12,Stage 12,110,0,0,0,0,0,0,0,110
20261207,Anthony Turgis,13,Stage 13,0,0,0,0,0,0,0,0,0
20261207,Anthony Turgis,14,Stage 14,0,0,0,0,0,0,0,0,0
20261207,Anthony Turgis,15,Stage 15,0,0,0,0,0,0,0,0,0
20261207,Anthony Turgis,16,Stage 16,0,0,0,0,0,0,0,0,0
20261207,Anthony Turgis,17,Stage 17,0,0,0,0,0,0,0,0,0
20261207,Anthony Turgis,18,Stage 18,0,0,0,0,0,0,0,0,0
20261207,Anthony Turgis,19,Stage 19,0,0,0,0,0,0,0,0,0
20261207,Anthony Turgis,20,Stage 20,0,0,0,0,0,0,0,0,0
20261207,Anthony Turgis,21,Stage 21,80,0,0,0,0,0,0,0,80
20261207,Anthony Turgis,22,Final Classifications,0,0,5,0,0,0,0,0,5
20261267,Tim Wellens,1,Stage 1,0,0,0,0,0,0,0,30,30
20261267,Tim Wellens,2,Stage 2,0,0,0,0,0,0,0,24,24
20261267,Tim Wellens,3,Stage 3,0,0,0,0,0,0,0,24,24
20261267,Tim Wellens,4,Stage 4,0,0,0,0,0,0,0,0,0
20261267,Tim Wellens,5,Stage 5,0,0,0,0,0,0,0,0,0
20261267,Tim Wellens,6,Stage 6,0,0,0,0,0,6,0,22,28
20261267,Tim Wellens,7,Stage 7,0,0,0,0,0,0,0,12,12
20261267,Tim Wellens,8,Stage 8,0,0,0,0,0,0,0,12,12
20261267,Tim Wellens,9,Stage 9,0,0,0,0,2,0,0,14,16
20261267,Tim Wellens,10,Stage 10,0,0,0,0,1,0,0,20,21
20261267,Tim Wellens,11,Stage 11,0,0,0,0,0,0,0,12,12
20261267,Tim Wellens,12,Stage 12,0,0,0,0,0,0,0,12,12
20261267,Tim Wellens,13,Stage 13,70,0,0,0,0,0,0,12,82
20261267,Tim Wellens,14,Stage 14,0,0,0,0,0,0,0,24,24
20261267,Tim Wellens,15,Stage 15,0,0,0,0,0,0,0,20,20
20261267,Tim Wellens,16,Stage 16,0,0,0,0,0,0,0,0,0
20261267,Tim Wellens,17,Stage 17,0,0,0,0,0,0,0,14,14
20261267,Tim Wellens,18,Stage 18,0,0,0,0,0,0,0,14,14
20261267,Tim Wellens,19,Stage 19,0,0,0,0,0,0,0,22,22
20261267,Tim Wellens,20,Stage 20,0,0,0,0,0,0,0,14,14
20261267,Tim Wellens,21,Stage 21,0,0,0,0,0,0,0,14,14
20261267,Tim Wellens,22,Final Classifications,0,0,0,0,0,0,0,40,40
20260754,Raúl García Pierna,1,Stage 1,0,0,0,0,0,0,0,0,0
20260754,Raúl García Pierna,2,Stage 2,0,0,0,0,0,0,0,0,0
20260754,Raúl García Pierna,3,Stage 3,0,0,0,6,0,6,20,0,32
20260754,Raúl García Pierna,4,Stage 4,160,0,0,4,0,0,0,0,164
20260754,Raúl García Pierna,5,Stage 5,0,0,0,4,0,0,0,0,4
20260754,Raúl García Pierna,6,Stage 6,0,0,0,0,0,0,0,0,0
20260754,Raúl García Pierna,7,Stage 7,0,0,0,0,0,0,0,0,0
20260754,Raúl García Pierna,8,Stage 8,0,0,0,0,0,0,0,0,0
20260754,Raúl García Pierna,9,Stage 9,0,0,0,0,0,0,0,0,0
20260754,Raúl García Pierna,10,Stage 10,0,0,0,0,0,0,0,0,0
20260754,Raúl García Pierna,11,Stage 11,0,0,0,0,0,0,0,0,0
20260754,Raúl García Pierna,12,Stage 12,0,0,0,0,0,0,0,0,0
20260754,Raúl García Pierna,13,Stage 13,50,0,0,0,0,0,0,0,50
20260754,Raúl García Pierna,14,Stage 14,0,0,0,0,0,0,0,0,0
20260754,Raúl García Pierna,15,Stage 15,0,0,0,0,0,0,20,0,20
20260754,Raúl García Pierna,16,Stage 16,0,0,0,0,0,0,0,0,0
20260754,Raúl García Pierna,17,Stage 17,16,0,0,0,0,0,0,0,16
20260754,Raúl García Pierna,18,Stage 18,110,0,0,0,4,0,20,0,134
20260754,Raúl García Pierna,19,Stage 19,0,0,0,0,5,0,0,0,5
20260754,Raúl García Pierna,20,Stage 20,0,0,0,0,0,0,0,0,0
20260754,Raúl García Pierna,21,Stage 21,0,0,0,0,0,0,0,0,0
20260754,Raúl García Pierna,22,Final Classifications,0,0,0,0,0,0,0,0,0
20260633,Mathias Vacek,1,Stage 1,0,0,0,0,0,0,0,25,25
20260633,Mathias Vacek,2,Stage 2,0,0,0,0,0,0,0,0,0
20260633,Mathias Vacek,3,Stage 3,0,0,0,0,0,0,0,2,2
20260633,Mathias Vacek,4,Stage 4,60,22,0,0,6,0,0,20,108
20260633,Mathias Vacek,5,Stage 5,0,22,0,0,0,0,0,8,30
20260633,Mathias Vacek,6,Stage 6,0,11,0,0,0,0,0,8,19
20260633,Mathias Vacek,7,Stage 7,0,11,0,0,0,0,0,8,19
20260633,Mathias Vacek,8,Stage 8,0,11,0,0,0,0,0,8,19
20260633,Mathias Vacek,9,Stage 9,0,0,0,0,6,0,0,8,14
20260633,Mathias Vacek,10,Stage 10,0,0,0,0,0,0,0,8,8
20260633,Mathias Vacek,11,Stage 11,0,0,0,0,2,0,0,8,10
20260633,Mathias Vacek,12,Stage 12,0,0,0,0,0,0,0,8,8
20260633,Mathias Vacek,13,Stage 13,0,0,0,0,0,0,0,8,8
20260633,Mathias Vacek,14,Stage 14,0,0,0,0,3,0,0,8,11
20260633,Mathias Vacek,15,Stage 15,0,0,0,0,0,0,0,8,8
20260633,Mathias Vacek,16,Stage 16,0,0,0,0,0,0,0,0,0
20260633,Mathias Vacek,17,Stage 17,0,0,0,0,0,0,0,8,8
20260633,Mathias Vacek,18,Stage 18,0,0,0,0,8,0,20,8,36
20260633,Mathias Vacek,19,Stage 19,0,0,0,0,12,0,0,8,20
20260633,Mathias Vacek,20,Stage 20,0,0,0,0,0,0,0,8,8
20260633,Mathias Vacek,21,Stage 21,0,0,0,0,0,0,0,10,10
20260633,Mathias Vacek,22,Final Classifications,0,0,0,0,0,0,0,50,50
20261251,Brandon McNulty,1,Stage 1,0,0,0,0,0,0,0,30,30
20261251,Brandon McNulty,2,Stage 2,0,0,0,8,0,0,0,24,32
20261251,Brandon McNulty,3,Stage 3,0,0,0,2,0,0,0,24,26
20261251,Brandon McNulty,4,Stage 4,0,0,0,0,0,0,0,0,0
20261251,Brandon McNulty,5,Stage 5,0,0,0,0,0,0,0,0,0
20261251,Brandon McNulty,6,Stage 6,4,0,0,0,0,2,0,22,28
20261251,Brandon McNulty,7,Stage 7,0,0,0,0,0,0,0,12,12
20261251,Brandon McNulty,8,Stage 8,0,0,0,0,0,0,0,12,12
20261251,Brandon McNulty,9,Stage 9,0,0,0,0,1,0,0,14,15
20261251,Brandon McNulty,10,Stage 10,0,0,0,0,0,0,0,20,20
20261251,Brandon McNulty,11,Stage 11,0,0,0,0,0,0,0,12,12
20261251,Brandon McNulty,12,Stage 12,0,0,0,0,0,0,0,12,12
20261251,Brandon McNulty,13,Stage 13,120,0,0,0,0,0,0,12,132
20261251,Brandon McNulty,14,Stage 14,0,1,0,0,0,0,0,24,25
20261251,Brandon McNulty,15,Stage 15,0,2,0,0,0,0,0,20,22
20261251,Brandon McNulty,16,Stage 16,0,3,0,0,0,0,0,0,3
20261251,Brandon McNulty,17,Stage 17,0,3,0,0,0,0,0,14,17
20261251,Brandon McNulty,18,Stage 18,0,0,0,0,0,0,0,14,14
20261251,Brandon McNulty,19,Stage 19,0,0,0,0,0,0,0,0,0
20261251,Brandon McNulty,20,Stage 20,0,0,0,0,0,0,0,0,0
20261251,Brandon McNulty,21,Stage 21,0,0,0,0,0,0,0,0,0
20261251,Brandon McNulty,22,Final Classifications,0,0,0,0,0,0,0,0,0
20260569,Egan Bernal,1,Stage 1,0,0,0,0,0,0,0,40,40
20260569,Egan Bernal,2,Stage 2,0,0,0,0,0,0,0,4,4
20260569,Egan Bernal,3,Stage 3,16,0,0,0,0,0,0,0,16
20260569,Egan Bernal,4,Stage 4,0,0,0,0,0,0,0,0,0
20260569,Egan Bernal,5,Stage 5,0,0,0,0,0,0,0,0,0
20260569,Egan Bernal,6,Stage 6,50,10,0,0,0,0,0,0,60
20260569,Egan Bernal,7,Stage 7,0,10,0,0,0,0,0,0,10
20260569,Egan Bernal,8,Stage 8,0,10,0,0,0,0,0,0,10
20260569,Egan Bernal,9,Stage 9,0,11,0,0,0,0,0,0,11
20260569,Egan Bernal,10,Stage 10,25,10,0,0,0,0,0,0,35
20260569,Egan Bernal,11,Stage 11,0,10,0,0,0,0,0,0,10
20260569,Egan Bernal,12,Stage 12,0,10,0,0,0,0,0,0,10
20260569,Egan Bernal,13,Stage 13,0,9,0,0,0,0,0,0,9
20260569,Egan Bernal,14,Stage 14,30,10,0,0,0,0,0,0,40
20260569,Egan Bernal,15,Stage 15,0,5,0,0,0,0,20,0,25
20260569,Egan Bernal,16,Stage 16,0,6,0,0,0,0,0,0,6
20260569,Egan Bernal,17,Stage 17,0,7,0,0,0,0,20,0,27
20260569,Egan Bernal,18,Stage 18,0,6,0,0,0,0,20,0,26
20260569,Egan Bernal,19,Stage 19,0,5,0,0,0,0,0,0,5
20260569,Egan Bernal,20,Stage 20,0,1,0,0,0,0,0,0,1
20260569,Egan Bernal,21,Stage 21,0,1,0,0,0,0,0,0,1
20260569,Egan Bernal,22,Final Classifications,0,55,0,0,0,0,0,0,55
20261247,Felix Großschartner,1,Stage 1,0,0,0,0,0,0,0,30,30
20261247,Felix Großschartner,2,Stage 2,0,0,0,0,0,0,0,24,24
20261247,Felix Großschartner,3,Stage 3,0,0,0,0,0,0,0,24,24
20261247,Felix Großschartner,4,Stage 4,0,0,0,0,0,0,0,0,0
20261247,Felix Großschartner,5,Stage 5,0,0,0,0,0,0,0,0,0
20261247,Felix Großschartner,6,Stage 6,0,0,0,0,0,4,0,22,26
20261247,Felix Großschartner,7,Stage 7,0,0,0,0,0,0,0,12,12
20261247,Felix Großschartner,8,Stage 8,0,0,0,0,0,0,0,12,12
20261247,Felix Großschartner,9,Stage 9,0,0,0,0,0,0,0,14,14
20261247,Felix Großschartner,10,Stage 10,0,0,0,0,0,0,0,20,20
20261247,Felix Großschartner,11,Stage 11,0,0,0,0,0,0,0,12,12
20261247,Felix Großschartner,12,Stage 12,0,0,0,0,0,0,0,12,12
20261247,Felix Großschartner,13,Stage 13,0,0,0,0,0,0,0,12,12
20261247,Felix Großschartner,14,Stage 14,0,0,0,0,0,0,0,24,24
20261247,Felix Großschartner,15,Stage 15,0,0,0,0,0,0,0,20,20
20261247,Felix Großschartner,16,Stage 16,35,0,0,0,0,0,0,0,35
20261247,Felix Großschartner,17,Stage 17,0,0,0,0,0,0,0,14,14
20261247,Felix Großschartner,18,Stage 18,0,0,0,0,0,0,0,14,14
20261247,Felix Großschartner,19,Stage 19,0,0,0,0,0,0,0,22,22
20261247,Felix Großschartner,20,Stage 20,0,0,0,0,0,0,0,14,14
20261247,Felix Großschartner,21,Stage 21,0,0,0,0,0,0,0,14,14
20261247,Felix Großschartner,22,Final Classifications,0,0,0,0,0,0,0,40,40
20260956,Ilan Van Wilder,1,Stage 1,0,0,0,0,0,0,0,0,0
20260956,Ilan Van Wilder,2,Stage 2,35,10,0,0,0,0,0,0,45
20260956,Ilan Van Wilder,3,Stage 3,40,11,0,0,0,0,0,0,51
20260956,Ilan Van Wilder,4,Stage 4,0,7,0,0,0,0,0,0,7
20260956,Ilan Van Wilder,5,Stage 5,0,7,0,0,0,0,0,2,9
20260956,Ilan Van Wilder,6,Stage 6,30,7,0,0,0,0,0,0,37
20260956,Ilan Van Wilder,7,Stage 7,0,7,0,0,0,0,0,8,15
20260956,Ilan Van Wilder,8,Stage 8,0,7,0,0,0,0,0,8,15
20260956,Ilan Van Wilder,9,Stage 9,0,7,0,0,0,0,0,0,7
20260956,Ilan Van Wilder,10,Stage 10,35,9,0,0,0,0,0,0,44
20260956,Ilan Van Wilder,11,Stage 11,0,9,0,0,0,0,0,0,9
20260956,Ilan Van Wilder,12,Stage 12,0,9,0,0,0,0,0,8,17
20260956,Ilan Van Wilder,13,Stage 13,0,8,0,0,0,0,0,0,8
20260956,Ilan Van Wilder,14,Stage 14,40,8,0,0,0,0,0,0,48
20260956,Ilan Van Wilder,15,Stage 15,8,8,0,0,0,0,20,0,36
20260956,Ilan Van Wilder,16,Stage 16,0,10,0,0,0,0,0,0,10
20260956,Ilan Van Wilder,17,Stage 17,0,10,0,0,0,0,0,0,10
20260956,Ilan Van Wilder,18,Stage 18,0,9,0,0,0,0,0,0,9
20260956,Ilan Van Wilder,19,Stage 19,0,9,0,0,0,0,0,0,9
20260956,Ilan Van Wilder,20,Stage 20,0,0,0,0,0,0,0,0,0
20260956,Ilan Van Wilder,21,Stage 21,0,0,0,0,0,0,0,0,0
20260956,Ilan Van Wilder,22,Final Classifications,0,0,0,0,0,0,0,0,0
20261149,Matteo Jorgenson,1,Stage 1,0,0,0,0,0,0,0,50,50
20261149,Matteo Jorgenson,2,Stage 2,0,0,0,0,0,0,0,8,8
20261149,Matteo Jorgenson,3,Stage 3,0,0,0,0,0,0,0,8,8
20261149,Matteo Jorgenson,4,Stage 4,0,0,0,0,0,0,0,0,0
20261149,Matteo Jorgenson,5,Stage 5,0,0,0,0,0,0,0,0,0
20261149,Matteo Jorgenson,6,Stage 6,0,0,0,0,0,0,0,8,8
20261149,Matteo Jorgenson,7,Stage 7,0,0,0,0,0,0,0,4,4
20261149,Matteo Jorgenson,8,Stage 8,0,0,0,0,0,0,0,4,4
20261149,Matteo Jorgenson,9,Stage 9,0,0,0,0,0,0,0,6,6
20261149,Matteo Jorgenson,10,Stage 10,0,0,0,0,0,0,0,6,6
20261149,Matteo Jorgenson,11,Stage 11,0,0,0,0,0,0,0,6,6
20261149,Matteo Jorgenson,12,Stage 12,0,0,0,0,0,0,0,6,6
20261149,Matteo Jorgenson,13,Stage 13,0,0,0,0,0,0,0,4,4
20261149,Matteo Jorgenson,14,Stage 14,0,0,0,0,0,0,0,6,6
20261149,Matteo Jorgenson,15,Stage 15,0,0,0,0,0,0,0,0,0
20261149,Matteo Jorgenson,16,Stage 16,30,0,0,0,0,0,0,0,30
20261149,Matteo Jorgenson,17,Stage 17,0,0,0,0,0,0,0,0,0
20261149,Matteo Jorgenson,18,Stage 18,160,0,0,0,10,6,20,0,196
20261149,Matteo Jorgenson,19,Stage 19,0,0,0,0,0,0,0,0,0
20261149,Matteo Jorgenson,20,Stage 20,0,0,0,0,14,0,0,2,16
20261149,Matteo Jorgenson,21,Stage 21,0,0,0,0,0,0,0,0,0
20261149,Matteo Jorgenson,22,Final Classifications,0,5,0,0,0,0,0,10,15
20260390,Alex Baudin,1,Stage 1,0,0,0,0,0,0,0,0,0
20260390,Alex Baudin,2,Stage 2,25,8,0,0,0,0,0,0,33
20260390,Alex Baudin,3,Stage 3,0,0,0,12,14,15,20,2,63
20260390,Alex Baudin,4,Stage 4,0,0,0,12,0,0,0,6,18
20260390,Alex Baudin,5,Stage 5,0,0,0,12,0,0,0,6,18
20260390,Alex Baudin,6,Stage 6,0,0,0,4,0,0,0,0,4
20260390,Alex Baudin,7,Stage 7,0,0,0,4,0,0,0,0,4
20260390,Alex Baudin,8,Stage 8,0,0,0,4,0,0,0,0,4
20260390,Alex Baudin,9,Stage 9,140,0,0,4,0,0,20,0,164
20260390,Alex Baudin,10,Stage 10,0,0,0,0,0,0,0,0,0
20260390,Alex Baudin,11,Stage 11,0,0,0,0,0,0,0,0,0
20260390,Alex Baudin,12,Stage 12,0,0,0,0,0,0,0,0,0
20260390,Alex Baudin,13,Stage 13,0,0,0,0,0,0,0,0,0
20260390,Alex Baudin,14,Stage 14,0,0,0,0,0,0,0,0,0
20260390,Alex Baudin,15,Stage 15,0,0,0,0,0,0,20,0,20
20260390,Alex Baudin,16,Stage 16,0,0,0,0,0,0,0,0,0
20260390,Alex Baudin,17,Stage 17,0,0,0,0,0,0,20,0,20
20260390,Alex Baudin,18,Stage 18,0,0,0,0,0,0,0,8,8
20260390,Alex Baudin,19,Stage 19,0,0,0,0,6,0,0,2,8
20260390,Alex Baudin,20,Stage 20,0,0,0,0,0,0,0,8,8
20260390,Alex Baudin,21,Stage 21,0,0,0,0,0,0,0,0,0
20260390,Alex Baudin,22,Final Classifications,0,0,0,0,0,0,0,0,0
20261265,Florian Vermeersch,1,Stage 1,0,0,0,0,0,0,0,30,30
20261265,Florian Vermeersch,2,Stage 2,0,0,0,0,0,0,0,24,24
20261265,Florian Vermeersch,3,Stage 3,0,0,0,0,0,0,0,24,24
20261265,Florian Vermeersch,4,Stage 4,0,0,0,0,0,0,0,0,0
20261265,Florian Vermeersch,5,Stage 5,0,0,0,0,0,0,0,0,0
20261265,Florian Vermeersch,6,Stage 6,0,0,0,0,0,0,0,22,22
20261265,Florian Vermeersch,7,Stage 7,0,0,0,0,0,0,0,12,12
20261265,Florian Vermeersch,8,Stage 8,0,0,0,0,0,0,0,12,12
20261265,Florian Vermeersch,9,Stage 9,0,0,0,0,0,0,0,14,14
20261265,Florian Vermeersch,10,Stage 10,0,0,0,0,0,0,0,20,20
20261265,Florian Vermeersch,11,Stage 11,0,0,0,0,0,0,0,12,12
20261265,Florian Vermeersch,12,Stage 12,16,0,0,0,0,0,0,12,28
20261265,Florian Vermeersch,13,Stage 13,0,0,0,0,0,0,0,12,12
20261265,Florian Vermeersch,14,Stage 14,0,0,0,0,0,0,0,24,24
20261265,Florian Vermeersch,15,Stage 15,0,0,0,0,0,0,0,20,20
20261265,Florian Vermeersch,16,Stage 16,0,0,0,0,0,0,0,0,0
20261265,Florian Vermeersch,17,Stage 17,0,0,0,0,0,0,0,14,14
20261265,Florian Vermeersch,18,Stage 18,0,0,0,0,0,0,0,14,14
20261265,Florian Vermeersch,19,Stage 19,0,0,0,0,0,0,0,22,22
20261265,Florian Vermeersch,20,Stage 20,0,0,0,0,0,0,0,14,14
20261265,Florian Vermeersch,21,Stage 21,0,0,0,0,0,0,0,14,14
20261265,Florian Vermeersch,22,Final Classifications,0,0,0,0,0,0,0,40,40
20260403,Sean Quinn,1,Stage 1,0,0,0,0,0,0,0,0,0
20260403,Sean Quinn,2,Stage 2,0,0,0,0,0,0,0,0,0
20260403,Sean Quinn,3,Stage 3,0,0,0,0,0,0,0,2,2
20260403,Sean Quinn,4,Stage 4,95,26,0,0,0,0,0,2,123
20260403,Sean Quinn,5,Stage 5,0,26,0,0,0,0,0,2,28
20260403,Sean Quinn,6,Stage 6,0,9,0,0,0,0,0,0,9
20260403,Sean Quinn,7,Stage 7,0,9,0,0,0,0,0,0,9
20260403,Sean Quinn,8,Stage 8,0,9,0,0,0,0,0,0,9
20260403,Sean Quinn,9,Stage 9,60,9,0,0,0,0,0,0,69
20260403,Sean Quinn,10,Stage 10,8,6,0,0,0,0,0,0,14
20260403,Sean Quinn,11,Stage 11,0,6,0,0,0,0,0,0,6
20260403,Sean Quinn,12,Stage 12,0,6,0,0,0,0,0,0,6
20260403,Sean Quinn,13,Stage 13,0,5,0,0,0,0,0,0,5
20260403,Sean Quinn,14,Stage 14,0,0,0,0,0,0,0,0,0
20260403,Sean Quinn,15,Stage 15,0,1,0,0,0,0,0,0,1
20260403,Sean Quinn,16,Stage 16,0,2,0,0,0,0,0,0,2
20260403,Sean Quinn,17,Stage 17,0,2,0,0,0,0,0,0,2
20260403,Sean Quinn,18,Stage 18,0,0,0,0,0,0,0,8,8
20260403,Sean Quinn,19,Stage 19,0,0,0,0,0,0,0,2,2
20260403,Sean Quinn,20,Stage 20,0,2,0,0,0,0,0,8,10
20260403,Sean Quinn,21,Stage 21,0,2,0,0,0,0,0,0,2
20260403,Sean Quinn,22,Final Classifications,0,60,0,0,0,0,0,0,60
20261401,Harold Tejada,1,Stage 1,0,0,0,0,0,0,0,0,0
20261401,Harold Tejada,2,Stage 2,0,0,0,0,0,0,0,0,0
20261401,Harold Tejada,3,Stage 3,0,0,0,0,8,0,20,0,28
20261401,Harold Tejada,4,Stage 4,0,0,0,0,0,0,0,0,0
20261401,Harold Tejada,5,Stage 5,0,0,0,0,0,0,0,4,4
20261401,Harold Tejada,6,Stage 6,35,0,0,0,0,0,0,0,35
20261401,Harold Tejada,7,Stage 7,0,0,0,0,0,0,0,0,0
20261401,Harold Tejada,8,Stage 8,0,1,0,0,0,0,0,0,1
20261401,Harold Tejada,9,Stage 9,0,0,0,0,0,0,0,0,0
20261401,Harold Tejada,10,Stage 10,0,0,0,0,6,0,20,0,26
20261401,Harold Tejada,11,Stage 11,0,0,0,0,0,0,0,0,0
20261401,Harold Tejada,12,Stage 12,0,0,0,0,0,0,0,0,0
20261401,Harold Tejada,13,Stage 13,180,0,0,0,0,0,0,0,180
20261401,Harold Tejada,14,Stage 14,0,0,0,0,0,0,0,0,0
20261401,Harold Tejada,15,Stage 15,0,0,0,0,0,0,0,0,0
20261401,Harold Tejada,16,Stage 16,0,0,0,0,0,0,0,0,0
20261401,Harold Tejada,17,Stage 17,0,0,0,0,2,0,0,0,2
20261401,Harold Tejada,18,Stage 18,0,0,0,0,0,0,0,0,0
20261401,Harold Tejada,19,Stage 19,60,0,0,0,0,0,0,0,60
20261401,Harold Tejada,20,Stage 20,0,0,0,0,0,0,0,0,0
20261401,Harold Tejada,21,Stage 21,0,0,0,0,0,0,0,0,0
20261401,Harold Tejada,22,Final Classifications,0,25,0,0,0,0,0,0,25
20261260,Nils Politt,1,Stage 1,0,0,0,0,0,0,0,30,30
20261260,Nils Politt,2,Stage 2,0,0,0,0,0,0,0,24,24
20261260,Nils Politt,3,Stage 3,0,0,0,0,0,0,0,24,24
20261260,Nils Politt,4,Stage 4,0,0,0,0,0,0,0,0,0
20261260,Nils Politt,5,Stage 5,0,0,0,0,0,0,0,0,0
20261260,Nils Politt,6,Stage 6,0,0,0,0,0,0,0,22,22
20261260,Nils Politt,7,Stage 7,0,0,0,0,0,0,0,12,12
20261260,Nils Politt,8,Stage 8,0,0,0,0,0,0,0,12,12
20261260,Nils Politt,9,Stage 9,0,0,0,0,0,0,0,14,14
20261260,Nils Politt,10,Stage 10,0,0,0,0,0,0,0,20,20
20261260,Nils Politt,11,Stage 11,0,0,0,0,0,0,0,12,12
20261260,Nils Politt,12,Stage 12,0,0,0,0,0,0,0,12,12
20261260,Nils Politt,13,Stage 13,0,0,0,0,0,0,0,12,12
20261260,Nils Politt,14,Stage 14,0,0,0,0,0,0,0,24,24
20261260,Nils Politt,15,Stage 15,0,0,0,0,0,0,0,20,20
20261260,Nils Politt,16,Stage 16,0,0,0,0,0,0,0,0,0
20261260,Nils Politt,17,Stage 17,0,0,0,0,0,0,0,14,14
20261260,Nils Politt,18,Stage 18,0,0,0,0,0,0,0,14,14
20261260,Nils Politt,19,Stage 19,0,0,0,0,0,0,0,22,22
20261260,Nils Politt,20,Stage 20,0,0,0,0,0,0,0,14,14
20261260,Nils Politt,21,Stage 21,0,0,0,0,0,0,0,14,14
20261260,Nils Politt,22,Final Classifications,0,0,0,0,0,0,0,40,40
20261055,Michael Matthews,1,Stage 1,0,0,0,0,0,0,0,0,0
20261055,Michael Matthews,2,Stage 2,0,0,0,0,3,0,0,0,3
20261055,Michael Matthews,3,Stage 3,0,0,0,0,0,0,0,0,0
20261055,Michael Matthews,4,Stage 4,50,0,0,0,5,0,0,0,55
20261055,Michael Matthews,5,Stage 5,0,0,0,0,0,0,0,0,0
20261055,Michael Matthews,6,Stage 6,0,0,0,0,1,0,0,0,1
20261055,Michael Matthews,7,Stage 7,0,0,0,0,3,0,0,0,3
20261055,Michael Matthews,8,Stage 8,0,0,0,0,0,0,0,0,0
20261055,Michael Matthews,9,Stage 9,95,0,0,0,0,0,0,0,95
20261055,Michael Matthews,10,Stage 10,0,0,0,0,10,0,0,0,10
20261055,Michael Matthews,11,Stage 11,0,0,0,0,0,0,0,0,0
20261055,Michael Matthews,12,Stage 12,0,0,0,0,0,0,0,0,0
20261055,Michael Matthews,13,Stage 13,35,0,0,0,0,0,0,8,43
20261055,Michael Matthews,14,Stage 14,0,0,0,0,0,0,0,0,0
20261055,Michael Matthews,15,Stage 15,0,0,0,0,0,0,0,0,0
20261055,Michael Matthews,16,Stage 16,0,0,0,0,0,0,0,0,0
20261055,Michael Matthews,17,Stage 17,70,0,0,0,0,0,0,4,74
20261055,Michael Matthews,18,Stage 18,0,0,0,0,0,0,0,4,4
20261055,Michael Matthews,19,Stage 19,0,0,0,0,16,0,0,0,16
20261055,Michael Matthews,20,Stage 20,0,0,0,0,0,0,0,0,0
20261055,Michael Matthews,21,Stage 21,35,0,0,0,0,0,0,0,35
20261055,Michael Matthews,22,Final Classifications,0,0,0,0,0,0,0,0,0
20260750,Pablo Castrillo,1,Stage 1,0,0,0,0,0,0,0,0,0
20260750,Pablo Castrillo,2,Stage 2,0,0,0,0,0,0,0,0,0
20260750,Pablo Castrillo,3,Stage 3,0,0,0,0,0,0,0,0,0
20260750,Pablo Castrillo,4,Stage 4,70,0,0,0,8,0,0,2,80
20260750,Pablo Castrillo,5,Stage 5,0,0,0,0,0,0,0,0,0
20260750,Pablo Castrillo,6,Stage 6,0,0,0,0,0,0,0,0,0
20260750,Pablo Castrillo,7,Stage 7,0,0,0,0,0,0,0,0,0
20260750,Pablo Castrillo,8,Stage 8,0,0,0,0,0,0,0,0,0
20260750,Pablo Castrillo,9,Stage 9,0,0,0,0,0,0,20,0,20
20260750,Pablo Castrillo,10,Stage 10,4,0,0,0,0,0,0,0,4
20260750,Pablo Castrillo,11,Stage 11,0,0,0,0,0,0,0,0,0
20260750,Pablo Castrillo,12,Stage 12,0,0,0,0,0,0,0,0,0
20260750,Pablo Castrillo,13,Stage 13,0,0,0,0,0,0,0,0,0
20260750,Pablo Castrillo,14,Stage 14,0,0,0,0,0,0,0,0,0
20260750,Pablo Castrillo,15,Stage 15,0,0,0,0,0,0,0,0,0
20260750,Pablo Castrillo,16,Stage 16,70,0,0,0,0,0,0,0,70
20260750,Pablo Castrillo,17,Stage 17,0,0,0,0,0,0,20,0,20
20260750,Pablo Castrillo,18,Stage 18,95,0,0,0,3,0,20,0,118
20260750,Pablo Castrillo,19,Stage 19,0,0,0,0,4,0,0,0,4
20260750,Pablo Castrillo,20,Stage 20,0,0,0,0,0,0,0,0,0
20260750,Pablo Castrillo,21,Stage 21,0,0,0,0,0,0,0,0,0
20260750,Pablo Castrillo,22,Final Classifications,0,10,0,0,0,0,0,0,10
20260876,Maxim Van Gils,1,Stage 1,0,0,0,0,0,0,0,20,20
20260876,Maxim Van Gils,2,Stage 2,0,0,0,0,0,0,0,6,6
20260876,Maxim Van Gils,3,Stage 3,0,0,0,0,0,0,0,6,6
20260876,Maxim Van Gils,4,Stage 4,0,0,0,0,0,0,0,4,4
20260876,Maxim Van Gils,5,Stage 5,0,0,0,0,0,0,0,4,4
20260876,Maxim Van Gils,6,Stage 6,0,0,0,0,0,0,0,4,4
20260876,Maxim Van Gils,7,Stage 7,0,0,0,0,0,0,0,4,4
20260876,Maxim Van Gils,8,Stage 8,0,0,0,0,0,0,0,4,4
20260876,Maxim Van Gils,9,Stage 9,0,0,0,0,4,0,0,0,4
20260876,Maxim Van Gils,10,Stage 10,0,0,0,0,0,0,0,6,6
20260876,Maxim Van Gils,11,Stage 11,0,0,0,0,0,0,0,2,2
20260876,Maxim Van Gils,12,Stage 12,0,0,0,0,0,0,0,2,2
20260876,Maxim Van Gils,13,Stage 13,140,0,0,0,0,6,0,4,150
20260876,Maxim Van Gils,14,Stage 14,0,0,0,0,0,0,0,2,2
20260876,Maxim Van Gils,15,Stage 15,0,0,0,0,0,0,0,14,14
20260876,Maxim Van Gils,16,Stage 16,0,0,0,0,0,0,0,0,0
20260876,Maxim Van Gils,17,Stage 17,0,0,0,0,0,0,0,6,6
20260876,Maxim Van Gils,18,Stage 18,0,0,0,0,0,0,0,6,6
20260876,Maxim Van Gils,19,Stage 19,0,0,0,0,0,0,0,6,6
20260876,Maxim Van Gils,20,Stage 20,0,0,0,0,0,0,0,10,10
20260876,Maxim Van Gils,21,Stage 21,0,0,0,0,0,0,0,6,6
20260876,Maxim Van Gils,22,Final Classifications,0,20,0,0,0,0,0,30,50
20260613,Derek Gee-West,1,Stage 1,0,0,0,0,0,0,0,25,25
20260613,Derek Gee-West,2,Stage 2,0,0,0,0,0,0,0,0,0
20260613,Derek Gee-West,3,Stage 3,0,0,0,0,0,0,0,2,2
20260613,Derek Gee-West,4,Stage 4,0,0,0,0,0,0,0,22,22
20260613,Derek Gee-West,5,Stage 5,0,0,0,0,0,0,0,10,10
20260613,Derek Gee-West,6,Stage 6,0,0,0,0,0,0,0,8,8
20260613,Derek Gee-West,7,Stage 7,0,0,0,0,0,0,0,8,8
20260613,Derek Gee-West,8,Stage 8,0,0,0,0,0,0,0,8,8
20260613,Derek Gee-West,9,Stage 9,0,0,0,0,0,0,20,8,28
20260613,Derek Gee-West,10,Stage 10,0,0,0,0,0,0,0,8,8
20260613,Derek Gee-West,11,Stage 11,0,0,0,0,0,0,0,8,8
20260613,Derek Gee-West,12,Stage 12,0,0,0,0,0,0,0,8,8
20260613,Derek Gee-West,13,Stage 13,0,0,0,0,0,0,0,8,8
20260613,Derek Gee-West,14,Stage 14,25,0,0,0,0,0,0,8,33
20260613,Derek Gee-West,15,Stage 15,0,0,0,0,0,0,0,8,8
20260613,Derek Gee-West,16,Stage 16,0,0,0,0,0,0,0,0,0
20260613,Derek Gee-West,17,Stage 17,0,0,0,0,4,0,0,8,12
20260613,Derek Gee-West,18,Stage 18,0,0,0,0,0,0,0,8,8
20260613,Derek Gee-West,19,Stage 19,0,0,0,0,0,0,0,8,8
20260613,Derek Gee-West,20,Stage 20,0,0,0,0,0,0,0,8,8
20260613,Derek Gee-West,21,Stage 21,0,0,0,0,0,0,0,10,10
20260613,Derek Gee-West,22,Final Classifications,0,30,0,0,0,0,0,50,80
20260567,Thymen Arensman,1,Stage 1,0,0,0,0,0,0,0,40,40
20260567,Thymen Arensman,2,Stage 2,0,1,0,0,0,0,0,4,5
20260567,Thymen Arensman,3,Stage 3,8,5,0,0,0,0,0,0,13
20260567,Thymen Arensman,4,Stage 4,0,1,0,0,0,0,0,0,1
20260567,Thymen Arensman,5,Stage 5,0,2,0,0,0,0,0,0,2
20260567,Thymen Arensman,6,Stage 6,0,0,0,0,0,0,0,0,0
20260567,Thymen Arensman,7,Stage 7,0,0,0,0,0,0,0,0,0
20260567,Thymen Arensman,8,Stage 8,0,0,0,0,0,0,0,0,0
20260567,Thymen Arensman,9,Stage 9,0,0,0,0,0,0,0,0,0
20260567,Thymen Arensman,10,Stage 10,0,0,0,0,0,0,0,0,0
20260567,Thymen Arensman,11,Stage 11,0,0,0,0,0,0,0,0,0
20260567,Thymen Arensman,12,Stage 12,0,0,0,0,0,0,0,0,0
20260567,Thymen Arensman,13,Stage 13,0,0,0,0,0,0,0,0,0
20260567,Thymen Arensman,14,Stage 14,0,0,0,0,0,0,0,0,0
20260567,Thymen Arensman,15,Stage 15,0,0,0,0,0,0,0,0,0
20260567,Thymen Arensman,16,Stage 16,95,0,0,0,0,0,0,0,95
20260567,Thymen Arensman,17,Stage 17,0,0,0,0,0,0,0,0,0
20260567,Thymen Arensman,18,Stage 18,0,0,0,0,0,0,20,0,20
20260567,Thymen Arensman,19,Stage 19,40,0,0,0,3,6,0,0,49
20260567,Thymen Arensman,20,Stage 20,0,0,0,0,0,10,20,0,30
20260567,Thymen Arensman,21,Stage 21,0,0,0,0,0,0,0,0,0
20260567,Thymen Arensman,22,Final Classifications,0,45,0,0,0,0,0,0,45
20260365,Nicolas Prodhomme,1,Stage 1,0,0,0,0,0,0,0,15,15
20260365,Nicolas Prodhomme,2,Stage 2,0,0,0,0,0,0,0,0,0
20260365,Nicolas Prodhomme,3,Stage 3,0,0,0,8,0,10,20,0,38
20260365,Nicolas Prodhomme,4,Stage 4,0,0,0,6,0,0,0,0,6
20260365,Nicolas Prodhomme,5,Stage 5,0,0,0,6,0,0,0,8,14
20260365,Nicolas Prodhomme,6,Stage 6,0,0,0,0,0,0,0,0,0
20260365,Nicolas Prodhomme,7,Stage 7,0,0,0,0,0,0,0,0,0
20260365,Nicolas Prodhomme,8,Stage 8,0,0,0,0,0,0,0,2,2
20260365,Nicolas Prodhomme,9,Stage 9,0,0,0,0,0,0,0,0,0
20260365,Nicolas Prodhomme,10,Stage 10,0,0,0,1,0,10,0,2,13
20260365,Nicolas Prodhomme,11,Stage 11,0,0,0,1,0,0,0,4,5
20260365,Nicolas Prodhomme,12,Stage 12,0,0,0,1,0,0,0,4,5
20260365,Nicolas Prodhomme,13,Stage 13,0,0,0,0,0,0,0,0,0
20260365,Nicolas Prodhomme,14,Stage 14,0,0,0,0,0,0,0,2,2
20260365,Nicolas Prodhomme,15,Stage 15,0,0,0,0,0,0,0,0,0
20260365,Nicolas Prodhomme,16,Stage 16,0,1,0,0,0,0,0,0,1
20260365,Nicolas Prodhomme,17,Stage 17,0,0,0,0,0,0,0,2,2
20260365,Nicolas Prodhomme,18,Stage 18,25,4,0,0,0,0,0,0,29
20260365,Nicolas Prodhomme,19,Stage 19,0,4,0,0,0,0,0,0,4
20260365,Nicolas Prodhomme,20,Stage 20,35,5,0,0,0,0,0,0,40
20260365,Nicolas Prodhomme,21,Stage 21,0,5,0,0,0,0,0,0,5
20260365,Nicolas Prodhomme,22,Final Classifications,0,90,0,0,0,0,0,20,110
20260593,Kévin Vauquelin,1,Stage 1,0,0,0,0,0,0,0,40,40
20260593,Kévin Vauquelin,2,Stage 2,0,0,0,0,0,0,0,4,4
20260593,Kévin Vauquelin,3,Stage 3,0,0,0,0,0,0,0,0,0
20260593,Kévin Vauquelin,4,Stage 4,110,0,0,0,0,0,0,0,110
20260593,Kévin Vauquelin,5,Stage 5,0,0,0,0,0,0,0,0,0
20260593,Kévin Vauquelin,6,Stage 6,0,0,0,0,0,0,0,0,0
20260593,Kévin Vauquelin,7,Stage 7,0,0,0,0,0,0,0,0,0
20260593,Kévin Vauquelin,8,Stage 8,0,0,0,0,0,0,0,0,0
20260593,Kévin Vauquelin,9,Stage 9,0,0,0,0,0,0,0,0,0
20260593,Kévin Vauquelin,10,Stage 10,0,0,0,0,0,0,0,0,0
20260593,Kévin Vauquelin,11,Stage 11,0,0,0,0,0,0,0,0,0
20260593,Kévin Vauquelin,12,Stage 12,0,0,0,0,0,0,0,0,0
20260593,Kévin Vauquelin,13,Stage 13,110,0,0,0,0,2,0,0,112
20260593,Kévin Vauquelin,14,Stage 14,0,0,0,0,0,0,0,0,0
20260593,Kévin Vauquelin,15,Stage 15,0,0,0,0,0,0,20,0,20
20260593,Kévin Vauquelin,16,Stage 16,0,0,0,0,0,0,0,0,0
20260593,Kévin Vauquelin,17,Stage 17,0,0,0,0,0,0,0,0,0
20260593,Kévin Vauquelin,18,Stage 18,0,0,0,0,0,0,0,0,0
20260593,Kévin Vauquelin,19,Stage 19,0,0,0,0,0,0,0,0,0
20260593,Kévin Vauquelin,20,Stage 20,0,0,0,0,0,0,0,0,0
20260593,Kévin Vauquelin,21,Stage 21,0,0,0,0,0,0,0,0,0
20260593,Kévin Vauquelin,22,Final Classifications,0,0,0,0,0,0,0,0,0
20261037,Pascal Ackermann,1,Stage 1,0,0,0,0,0,0,0,0,0
20261037,Pascal Ackermann,2,Stage 2,0,0,0,0,0,0,0,0,0
20261037,Pascal Ackermann,3,Stage 3,0,0,0,0,0,0,0,0,0
20261037,Pascal Ackermann,4,Stage 4,0,0,0,0,0,0,0,0,0
20261037,Pascal Ackermann,5,Stage 5,40,0,0,0,0,0,0,0,40
20261037,Pascal Ackermann,6,Stage 6,0,0,0,0,0,0,0,0,0
20261037,Pascal Ackermann,7,Stage 7,40,0,0,0,0,0,0,0,40
20261037,Pascal Ackermann,8,Stage 8,95,0,0,0,0,0,0,0,95
20261037,Pascal Ackermann,9,Stage 9,0,0,0,0,0,0,0,0,0
20261037,Pascal Ackermann,10,Stage 10,0,0,0,0,0,0,0,0,0
20261037,Pascal Ackermann,11,Stage 11,60,0,0,0,0,0,0,0,60
20261037,Pascal Ackermann,12,Stage 12,25,0,0,0,0,0,0,0,25
20261037,Pascal Ackermann,13,Stage 13,0,0,0,0,0,0,0,8,8
20261037,Pascal Ackermann,14,Stage 14,0,0,0,0,0,0,0,0,0
20261037,Pascal Ackermann,15,Stage 15,0,0,0,0,0,0,0,0,0
20261037,Pascal Ackermann,16,Stage 16,0,0,0,0,0,0,0,0,0
20261037,Pascal Ackermann,17,Stage 17,0,0,0,0,0,0,0,4,4
20261037,Pascal Ackermann,18,Stage 18,0,0,0,0,0,0,0,4,4
20261037,Pascal Ackermann,19,Stage 19,0,0,0,0,0,0,0,0,0
20261037,Pascal Ackermann,20,Stage 20,0,0,0,0,0,0,0,0,0
20261037,Pascal Ackermann,21,Stage 21,0,0,0,0,0,0,0,0,0
20261037,Pascal Ackermann,22,Final Classifications,0,0,0,0,0,0,0,0,0
20260635,Carlos Verona,1,Stage 1,0,0,0,0,0,0,0,25,25
20260635,Carlos Verona,2,Stage 2,0,0,0,0,0,0,0,0,0
20260635,Carlos Verona,3,Stage 3,0,0,0,0,0,0,0,2,2
20260635,Carlos Verona,4,Stage 4,0,0,0,0,0,0,0,22,22
20260635,Carlos Verona,5,Stage 5,0,0,0,0,0,0,0,10,10
20260635,Carlos Verona,6,Stage 6,0,0,0,0,0,0,0,8,8
20260635,Carlos Verona,7,Stage 7,0,0,0,0,0,0,0,8,8
20260635,Carlos Verona,8,Stage 8,0,0,0,0,0,0,0,8,8
20260635,Carlos Verona,9,Stage 9,0,0,0,0,0,0,0,8,8
20260635,Carlos Verona,10,Stage 10,0,0,0,0,0,0,0,8,8
20260635,Carlos Verona,11,Stage 11,0,0,0,0,0,0,0,8,8
20260635,Carlos Verona,12,Stage 12,0,0,0,0,0,0,0,8,8
20260635,Carlos Verona,13,Stage 13,0,0,0,0,0,0,0,8,8
20260635,Carlos Verona,14,Stage 14,0,0,0,0,0,0,0,8,8
20260635,Carlos Verona,15,Stage 15,0,0,0,0,0,0,0,8,8
20260635,Carlos Verona,16,Stage 16,0,0,0,0,0,0,0,0,0
20260635,Carlos Verona,17,Stage 17,0,0,0,0,0,0,0,8,8
20260635,Carlos Verona,18,Stage 18,0,0,0,0,0,0,0,8,8
20260635,Carlos Verona,19,Stage 19,0,0,0,0,0,0,0,8,8
20260635,Carlos Verona,20,Stage 20,0,0,0,0,0,0,0,8,8
20260635,Carlos Verona,21,Stage 21,0,0,0,0,0,0,0,10,10
20260635,Carlos Verona,22,Final Classifications,0,40,0,0,0,0,0,50,90
20260854,Mattia Cattaneo,1,Stage 1,0,0,0,0,0,0,0,20,20
20260854,Mattia Cattaneo,2,Stage 2,0,0,0,0,0,0,0,6,6
20260854,Mattia Cattaneo,3,Stage 3,0,0,0,0,0,0,0,6,6
20260854,Mattia Cattaneo,4,Stage 4,0,0,0,0,0,0,0,4,4
20260854,Mattia Cattaneo,5,Stage 5,0,0,0,0,0,0,0,4,4
20260854,Mattia Cattaneo,6,Stage 6,0,0,0,0,0,0,0,4,4
20260854,Mattia Cattaneo,7,Stage 7,0,0,0,0,0,0,0,4,4
20260854,Mattia Cattaneo,8,Stage 8,0,0,0,0,0,0,0,4,4
20260854,Mattia Cattaneo,9,Stage 9,0,0,0,0,0,0,0,0,0
20260854,Mattia Cattaneo,10,Stage 10,0,0,0,0,0,0,0,6,6
20260854,Mattia Cattaneo,11,Stage 11,0,0,0,0,0,0,0,2,2
20260854,Mattia Cattaneo,12,Stage 12,0,0,0,0,0,0,0,2,2
20260854,Mattia Cattaneo,13,Stage 13,0,0,0,0,0,0,0,4,4
20260854,Mattia Cattaneo,14,Stage 14,0,0,0,0,0,0,0,2,2
20260854,Mattia Cattaneo,15,Stage 15,0,0,0,0,0,0,0,14,14
20260854,Mattia Cattaneo,16,Stage 16,110,0,0,0,0,0,0,0,110
20260854,Mattia Cattaneo,17,Stage 17,0,0,0,0,0,0,0,6,6
20260854,Mattia Cattaneo,18,Stage 18,0,0,0,0,0,0,0,6,6
20260854,Mattia Cattaneo,19,Stage 19,0,0,0,0,0,0,0,6,6
20260854,Mattia Cattaneo,20,Stage 20,0,0,0,0,0,0,0,10,10
20260854,Mattia Cattaneo,21,Stage 21,0,0,0,0,0,0,0,6,6
20260854,Mattia Cattaneo,22,Final Classifications,0,0,0,0,0,0,0,30,30
20261139,Bruno Armirail,1,Stage 1,0,0,0,0,0,0,0,50,50
20261139,Bruno Armirail,2,Stage 2,0,0,0,0,0,0,0,8,8
20261139,Bruno Armirail,3,Stage 3,0,0,0,0,0,0,0,8,8
20261139,Bruno Armirail,4,Stage 4,0,0,0,0,0,0,0,0,0
20261139,Bruno Armirail,5,Stage 5,0,0,0,0,0,0,0,0,0
20261139,Bruno Armirail,6,Stage 6,0,0,0,0,0,0,0,8,8
20261139,Bruno Armirail,7,Stage 7,0,0,0,0,0,0,0,4,4
20261139,Bruno Armirail,8,Stage 8,0,0,0,0,0,0,0,4,4
20261139,Bruno Armirail,9,Stage 9,0,0,0,0,0,0,0,6,6
20261139,Bruno Armirail,10,Stage 10,0,0,0,0,0,0,0,6,6
20261139,Bruno Armirail,11,Stage 11,0,0,0,0,0,0,0,6,6
20261139,Bruno Armirail,12,Stage 12,0,0,0,0,0,0,0,6,6
20261139,Bruno Armirail,13,Stage 13,0,0,0,0,0,0,0,4,4
20261139,Bruno Armirail,14,Stage 14,0,0,0,0,1,0,0,6,7
20261139,Bruno Armirail,15,Stage 15,0,0,0,0,3,0,20,0,23
20261139,Bruno Armirail,16,Stage 16,80,0,0,0,0,0,0,0,80
20261139,Bruno Armirail,17,Stage 17,0,0,0,0,0,0,0,0,0
20261139,Bruno Armirail,18,Stage 18,0,0,0,0,0,0,0,2,2
20261139,Bruno Armirail,19,Stage 19,0,0,0,0,10,0,0,0,10
20261139,Bruno Armirail,20,Stage 20,0,0,0,0,12,0,0,2,14
20261139,Bruno Armirail,21,Stage 21,0,0,0,0,0,0,0,0,0
20261139,Bruno Armirail,22,Final Classifications,0,0,0,0,0,0,0,10,10
20260366,Matthew Riccitello,1,Stage 1,0,0,0,0,0,0,0,15,15
20260366,Matthew Riccitello,2,Stage 2,0,0,0,0,0,0,0,0,0
20260366,Matthew Riccitello,3,Stage 3,0,0,0,0,0,0,0,0,0
20260366,Matthew Riccitello,4,Stage 4,0,0,0,0,0,0,0,0,0
20260366,Matthew Riccitello,5,Stage 5,0,0,0,0,0,0,0,8,8
20260366,Matthew Riccitello,6,Stage 6,0,0,0,0,0,0,0,0,0
20260366,Matthew Riccitello,7,Stage 7,0,0,0,0,0,0,0,0,0
20260366,Matthew Riccitello,8,Stage 8,0,0,0,0,0,0,0,2,2
20260366,Matthew Riccitello,9,Stage 9,0,0,0,0,0,0,0,0,0
20260366,Matthew Riccitello,10,Stage 10,0,0,0,0,0,0,0,2,2
20260366,Matthew Riccitello,11,Stage 11,0,0,0,0,0,0,0,4,4
20260366,Matthew Riccitello,12,Stage 12,0,0,0,0,0,0,0,4,4
20260366,Matthew Riccitello,13,Stage 13,0,0,0,0,0,0,0,0,0
20260366,Matthew Riccitello,14,Stage 14,0,0,0,0,0,0,0,2,2
20260366,Matthew Riccitello,15,Stage 15,4,0,0,0,0,0,0,0,4
20260366,Matthew Riccitello,16,Stage 16,0,0,0,0,0,0,0,0,0
20260366,Matthew Riccitello,17,Stage 17,0,0,0,0,0,0,0,2,2
20260366,Matthew Riccitello,18,Stage 18,12,0,0,0,0,0,0,0,12
20260366,Matthew Riccitello,19,Stage 19,50,0,0,0,0,0,0,0,50
20260366,Matthew Riccitello,20,Stage 20,40,0,0,0,5,25,20,0,90
20260366,Matthew Riccitello,21,Stage 21,0,0,0,0,0,0,0,0,0
20260366,Matthew Riccitello,22,Final Classifications,0,35,0,0,0,0,0,20,55
20260572,Filippo Ganna,1,Stage 1,0,0,0,0,0,0,0,40,40
20260572,Filippo Ganna,2,Stage 2,0,0,0,0,0,0,0,4,4
20260572,Filippo Ganna,3,Stage 3,0,0,0,0,0,0,0,0,0
20260572,Filippo Ganna,4,Stage 4,0,0,0,0,0,0,0,0,0
20260572,Filippo Ganna,5,Stage 5,0,0,0,0,0,0,0,0,0
20260572,Filippo Ganna,6,Stage 6,0,0,0,0,0,0,0,0,0
20260572,Filippo Ganna,7,Stage 7,0,0,0,0,0,0,0,0,0
20260572,Filippo Ganna,8,Stage 8,0,0,0,0,0,0,0,0,0
20260572,Filippo Ganna,9,Stage 9,120,0,0,0,0,0,0,0,120
20260572,Filippo Ganna,10,Stage 10,0,0,0,0,0,0,0,0,0
20260572,Filippo Ganna,11,Stage 11,0,0,0,0,0,0,0,0,0
20260572,Filippo Ganna,12,Stage 12,0,0,0,0,0,0,0,0,0
20260572,Filippo Ganna,13,Stage 13,0,0,0,0,0,0,0,0,0
20260572,Filippo Ganna,14,Stage 14,0,0,0,0,0,0,0,0,0
20260572,Filippo Ganna,15,Stage 15,0,0,0,0,0,0,0,0,0
20260572,Filippo Ganna,16,Stage 16,50,0,0,0,0,0,0,0,50
20260572,Filippo Ganna,17,Stage 17,0,0,0,0,0,0,0,0,0
20260572,Filippo Ganna,18,Stage 18,0,0,0,0,0,0,0,0,0
20260572,Filippo Ganna,19,Stage 19,0,0,0,0,0,0,0,0,0
20260572,Filippo Ganna,20,Stage 20,0,0,0,0,0,0,0,0,0
20260572,Filippo Ganna,21,Stage 21,30,0,0,0,0,0,0,0,30
20260572,Filippo Ganna,22,Final Classifications,0,0,0,0,0,0,0,0,0
20260006,Ramses Debruyne,1,Stage 1,0,0,0,0,0,0,0,10,10
20260006,Ramses Debruyne,2,Stage 2,0,0,0,0,0,0,0,0,0
20260006,Ramses Debruyne,3,Stage 3,0,0,0,0,0,0,0,0,0
20260006,Ramses Debruyne,4,Stage 4,120,15,0,0,0,0,0,0,135
20260006,Ramses Debruyne,5,Stage 5,0,15,0,0,0,0,0,0,15
20260006,Ramses Debruyne,6,Stage 6,0,1,0,0,0,0,0,0,1
20260006,Ramses Debruyne,7,Stage 7,0,2,0,0,0,0,0,0,2
20260006,Ramses Debruyne,8,Stage 8,0,0,0,0,0,0,0,0,0
20260006,Ramses Debruyne,9,Stage 9,16,2,0,0,0,0,0,8,26
20260006,Ramses Debruyne,10,Stage 10,30,4,0,0,0,0,0,0,34
20260006,Ramses Debruyne,11,Stage 11,0,4,0,0,0,0,0,2,6
20260006,Ramses Debruyne,12,Stage 12,0,4,0,0,0,0,0,2,6
20260006,Ramses Debruyne,13,Stage 13,0,3,0,0,0,0,0,0,3
20260006,Ramses Debruyne,14,Stage 14,0,0,0,0,0,0,0,0,0
20260006,Ramses Debruyne,15,Stage 15,0,0,0,0,0,0,0,0,0
20260006,Ramses Debruyne,16,Stage 16,0,0,0,0,0,0,0,0,0
20260006,Ramses Debruyne,17,Stage 17,0,0,0,0,0,0,0,0,0
20260006,Ramses Debruyne,18,Stage 18,0,0,0,0,0,0,0,0,0
20260006,Ramses Debruyne,19,Stage 19,0,0,0,0,0,0,0,0,0
20260006,Ramses Debruyne,20,Stage 20,0,0,0,0,0,0,0,0,0
20260006,Ramses Debruyne,21,Stage 21,0,0,0,0,0,0,0,0,0
20260006,Ramses Debruyne,22,Final Classifications,0,0,0,0,0,0,0,0,0
20260343,Tiesj Benoot,1,Stage 1,0,0,0,0,0,0,0,15,15
20260343,Tiesj Benoot,2,Stage 2,0,0,0,0,0,0,0,0,0
20260343,Tiesj Benoot,3,Stage 3,12,0,0,0,0,0,0,0,12
20260343,Tiesj Benoot,4,Stage 4,0,0,0,0,0,0,0,0,0
20260343,Tiesj Benoot,5,Stage 5,0,0,0,0,0,0,0,8,8
20260343,Tiesj Benoot,6,Stage 6,0,0,0,0,0,0,0,0,0
20260343,Tiesj Benoot,7,Stage 7,0,0,0,0,0,0,0,0,0
20260343,Tiesj Benoot,8,Stage 8,0,0,0,0,0,0,0,2,2
20260343,Tiesj Benoot,9,Stage 9,20,0,0,0,0,0,0,0,20
20260343,Tiesj Benoot,10,Stage 10,0,0,0,0,0,0,0,2,2
20260343,Tiesj Benoot,11,Stage 11,0,0,0,0,0,0,0,4,4
20260343,Tiesj Benoot,12,Stage 12,0,0,0,0,0,0,0,4,4
20260343,Tiesj Benoot,13,Stage 13,0,0,0,0,0,0,0,0,0
20260343,Tiesj Benoot,14,Stage 14,0,0,0,0,0,0,0,2,2
20260343,Tiesj Benoot,15,Stage 15,0,0,0,0,0,0,0,0,0
20260343,Tiesj Benoot,16,Stage 16,0,0,0,0,0,0,0,0,0
20260343,Tiesj Benoot,17,Stage 17,0,1,0,0,3,0,20,2,26
20260343,Tiesj Benoot,18,Stage 18,0,1,0,0,0,0,0,0,1
20260343,Tiesj Benoot,19,Stage 19,0,1,0,0,0,0,0,0,1
20260343,Tiesj Benoot,20,Stage 20,30,4,0,0,0,0,0,0,34
20260343,Tiesj Benoot,21,Stage 21,0,4,0,0,0,0,0,0,4
20260343,Tiesj Benoot,22,Final Classifications,0,80,0,0,0,0,0,20,100
20260628,Toms Skujiņš,1,Stage 1,0,0,0,0,0,0,0,25,25
20260628,Toms Skujiņš,2,Stage 2,0,0,0,0,0,0,0,0,0
20260628,Toms Skujiņš,3,Stage 3,0,0,0,0,0,0,0,2,2
20260628,Toms Skujiņš,4,Stage 4,0,0,0,0,0,0,0,22,22
20260628,Toms Skujiņš,5,Stage 5,0,0,0,0,0,0,0,10,10
20260628,Toms Skujiņš,6,Stage 6,0,0,0,0,0,0,0,8,8
20260628,Toms Skujiņš,7,Stage 7,0,0,0,0,0,0,0,8,8
20260628,Toms Skujiņš,8,Stage 8,0,0,0,0,0,0,0,8,8
20260628,Toms Skujiņš,9,Stage 9,0,0,0,0,0,0,0,8,8
20260628,Toms Skujiņš,10,Stage 10,0,0,0,0,0,0,0,8,8
20260628,Toms Skujiņš,11,Stage 11,0,0,0,0,0,0,0,8,8
20260628,Toms Skujiņš,12,Stage 12,0,0,0,0,0,0,0,8,8
20260628,Toms Skujiņš,13,Stage 13,0,0,0,0,0,0,0,8,8
20260628,Toms Skujiņš,14,Stage 14,0,0,0,0,0,0,0,8,8
20260628,Toms Skujiņš,15,Stage 15,0,0,0,0,0,0,0,8,8
20260628,Toms Skujiņš,16,Stage 16,0,0,0,0,0,0,0,0,0
20260628,Toms Skujiņš,17,Stage 17,0,0,0,0,0,0,0,8,8
20260628,Toms Skujiņš,18,Stage 18,0,0,0,0,0,0,0,8,8
20260628,Toms Skujiņš,19,Stage 19,0,0,0,0,0,0,0,8,8
20260628,Toms Skujiņš,20,Stage 20,0,0,0,0,0,0,0,8,8
20260628,Toms Skujiņš,21,Stage 21,0,0,0,0,0,0,0,10,10
20260628,Toms Skujiņš,22,Final Classifications,0,0,0,0,0,0,0,50,50
20260698,Lennert Van Eetvelt,1,Stage 1,0,0,0,0,0,0,0,0,0
20260698,Lennert Van Eetvelt,2,Stage 2,50,3,0,0,0,0,0,0,53
20260698,Lennert Van Eetvelt,3,Stage 3,110,8,0,0,0,0,0,0,118
20260698,Lennert Van Eetvelt,4,Stage 4,0,4,0,0,0,0,0,0,4
20260698,Lennert Van Eetvelt,5,Stage 5,0,1,0,0,0,0,0,0,1
20260698,Lennert Van Eetvelt,6,Stage 6,8,3,0,0,0,0,0,0,11
20260698,Lennert Van Eetvelt,7,Stage 7,0,4,0,0,0,0,0,0,4
20260698,Lennert Van Eetvelt,8,Stage 8,0,4,0,0,0,0,0,0,4
20260698,Lennert Van Eetvelt,9,Stage 9,0,5,0,0,0,0,20,0,25
20260698,Lennert Van Eetvelt,10,Stage 10,0,0,0,0,0,0,0,0,0
20260698,Lennert Van Eetvelt,11,Stage 11,0,0,0,0,0,0,0,0,0
20260698,Lennert Van Eetvelt,12,Stage 12,0,0,0,0,0,0,0,0,0
20260698,Lennert Van Eetvelt,13,Stage 13,0,0,0,0,0,0,0,0,0
20260698,Lennert Van Eetvelt,14,Stage 14,0,0,0,0,0,0,0,0,0
20260698,Lennert Van Eetvelt,15,Stage 15,0,0,0,0,0,0,0,0,0
20260698,Lennert Van Eetvelt,16,Stage 16,0,0,0,0,0,0,0,0,0
20260698,Lennert Van Eetvelt,17,Stage 17,0,0,0,0,0,0,0,0,0
20260698,Lennert Van Eetvelt,18,Stage 18,0,0,0,0,0,0,0,0,0
20260698,Lennert Van Eetvelt,19,Stage 19,0,0,0,0,0,0,0,0,0
20260698,Lennert Van Eetvelt,20,Stage 20,0,0,0,0,0,0,0,0,0
20260698,Lennert Van Eetvelt,21,Stage 21,0,0,0,0,0,0,0,0,0
20260698,Lennert Van Eetvelt,22,Final Classifications,0,0,0,0,0,0,0,0,0
20261088,Pavel Bittner,1,Stage 1,0,0,0,0,0,0,0,0,0
20261088,Pavel Bittner,2,Stage 2,0,0,0,0,0,0,0,0,0
20261088,Pavel Bittner,3,Stage 3,0,0,0,0,0,0,0,0,0
20261088,Pavel Bittner,4,Stage 4,0,0,0,0,0,0,0,0,0
20261088,Pavel Bittner,5,Stage 5,20,0,0,0,0,0,0,0,20
20261088,Pavel Bittner,6,Stage 6,0,0,0,0,0,0,0,0,0
20261088,Pavel Bittner,7,Stage 7,50,0,0,0,0,0,0,0,50
20261088,Pavel Bittner,8,Stage 8,120,0,0,0,0,0,0,0,120
20261088,Pavel Bittner,9,Stage 9,0,0,0,0,0,0,0,0,0
20261088,Pavel Bittner,10,Stage 10,0,0,0,0,0,0,0,0,0
20261088,Pavel Bittner,11,Stage 11,0,0,0,0,0,0,0,0,0
20261088,Pavel Bittner,12,Stage 12,0,0,0,0,0,0,0,0,0
20261088,Pavel Bittner,13,Stage 13,0,0,0,0,0,0,0,0,0
20261088,Pavel Bittner,14,Stage 14,0,0,0,0,0,0,0,0,0
20261088,Pavel Bittner,15,Stage 15,0,0,0,0,0,0,0,0,0
20261088,Pavel Bittner,16,Stage 16,0,0,0,0,0,0,0,0,0
20261088,Pavel Bittner,17,Stage 17,0,0,0,0,0,0,0,0,0
20261088,Pavel Bittner,18,Stage 18,0,0,0,0,0,0,0,0,0
20261088,Pavel Bittner,19,Stage 19,0,0,0,0,0,0,0,0,0
20261088,Pavel Bittner,20,Stage 20,0,0,0,0,0,0,0,0,0
20261088,Pavel Bittner,21,Stage 21,0,0,0,0,5,0,0,0,5
20261088,Pavel Bittner,22,Final Classifications,0,0,0,0,0,0,0,0,0
20260127,Matej Mohorič,1,Stage 1,0,0,0,0,0,0,0,0,0
20260127,Matej Mohorič,2,Stage 2,0,0,0,0,0,0,0,0,0
20260127,Matej Mohorič,3,Stage 3,0,0,0,0,0,0,0,0,0
20260127,Matej Mohorič,4,Stage 4,0,0,0,0,0,0,0,0,0
20260127,Matej Mohorič,5,Stage 5,0,0,0,0,0,0,0,0,0
20260127,Matej Mohorič,6,Stage 6,0,0,0,0,0,0,0,0,0
20260127,Matej Mohorič,7,Stage 7,0,0,0,0,0,0,0,0,0
20260127,Matej Mohorič,8,Stage 8,0,0,0,0,0,0,0,0,0
20260127,Matej Mohorič,9,Stage 9,0,0,0,0,0,0,0,0,0
20260127,Matej Mohorič,10,Stage 10,0,0,0,0,0,0,0,0,0
20260127,Matej Mohorič,11,Stage 11,0,0,0,0,0,0,0,0,0
20260127,Matej Mohorič,12,Stage 12,0,0,0,0,0,0,0,0,0
20260127,Matej Mohorič,13,Stage 13,0,0,0,0,0,0,0,0,0
20260127,Matej Mohorič,14,Stage 14,0,0,0,0,0,0,0,0,0
20260127,Matej Mohorič,15,Stage 15,0,0,0,0,0,0,20,0,20
20260127,Matej Mohorič,16,Stage 16,0,0,0,0,0,0,0,0,0
20260127,Matej Mohorič,17,Stage 17,35,0,0,0,0,0,20,0,55
20260127,Matej Mohorič,18,Stage 18,0,0,0,0,0,0,0,0,0
20260127,Matej Mohorič,19,Stage 19,0,0,0,0,0,0,0,4,4
20260127,Matej Mohorič,20,Stage 20,0,0,0,0,0,0,0,0,0
20260127,Matej Mohorič,21,Stage 21,110,0,0,0,0,0,0,0,110
20260127,Matej Mohorič,22,Final Classifications,0,0,0,0,0,0,0,0,0
20260573,Dorian Godon,1,Stage 1,0,0,0,0,0,0,0,40,40
20260573,Dorian Godon,2,Stage 2,0,0,0,0,0,0,0,4,4
20260573,Dorian Godon,3,Stage 3,0,0,0,0,0,0,0,0,0
20260573,Dorian Godon,4,Stage 4,0,0,0,0,0,0,0,0,0
20260573,Dorian Godon,5,Stage 5,25,0,0,0,0,0,0,0,25
20260573,Dorian Godon,6,Stage 6,0,0,0,0,0,0,0,0,0
20260573,Dorian Godon,7,Stage 7,80,0,0,0,0,0,0,0,80
20260573,Dorian Godon,8,Stage 8,30,0,0,0,0,0,0,0,30
20260573,Dorian Godon,9,Stage 9,0,0,0,0,0,0,0,0,0
20260573,Dorian Godon,10,Stage 10,0,0,0,0,0,0,0,0,0
20260573,Dorian Godon,11,Stage 11,0,0,0,0,0,0,0,0,0
20260573,Dorian Godon,12,Stage 12,0,0,0,0,0,0,0,0,0
20260573,Dorian Godon,13,Stage 13,0,0,0,0,0,0,0,0,0
20260573,Dorian Godon,14,Stage 14,0,0,0,0,0,0,0,0,0
20260573,Dorian Godon,15,Stage 15,0,0,0,0,0,0,0,0,0
20260573,Dorian Godon,16,Stage 16,0,0,0,0,0,0,0,0,0
20260573,Dorian Godon,17,Stage 17,0,0,0,0,0,0,0,0,0
20260573,Dorian Godon,18,Stage 18,0,0,0,0,0,0,0,0,0
20260573,Dorian Godon,19,Stage 19,0,0,0,0,0,0,0,0,0
20260573,Dorian Godon,20,Stage 20,0,0,0,0,0,0,0,0,0
20260573,Dorian Godon,21,Stage 21,0,0,0,0,0,0,0,0,0
20260573,Dorian Godon,22,Final Classifications,0,0,0,0,0,0,0,0,0
20260801,Marco Frigo,1,Stage 1,0,0,0,0,0,0,0,0,0
20260801,Marco Frigo,2,Stage 2,0,0,0,0,0,0,0,0,0
20260801,Marco Frigo,3,Stage 3,0,0,0,0,0,0,0,0,0
20260801,Marco Frigo,4,Stage 4,140,0,0,1,0,0,0,0,141
20260801,Marco Frigo,5,Stage 5,0,0,0,2,0,0,0,0,2
20260801,Marco Frigo,6,Stage 6,0,0,0,0,0,0,0,0,0
20260801,Marco Frigo,7,Stage 7,0,0,0,0,0,0,0,2,2
20260801,Marco Frigo,8,Stage 8,0,0,0,0,0,0,0,4,4
20260801,Marco Frigo,9,Stage 9,0,0,0,0,0,0,0,0,0
20260801,Marco Frigo,10,Stage 10,0,0,0,0,0,0,0,0,0
20260801,Marco Frigo,11,Stage 11,0,0,0,0,0,0,0,0,0
20260801,Marco Frigo,12,Stage 12,0,0,0,0,0,0,0,0,0
20260801,Marco Frigo,13,Stage 13,0,0,0,0,0,0,0,0,0
20260801,Marco Frigo,14,Stage 14,0,0,0,0,0,0,0,0,0
20260801,Marco Frigo,15,Stage 15,0,0,0,0,0,0,20,0,20
20260801,Marco Frigo,16,Stage 16,0,0,0,0,0,0,0,0,0
20260801,Marco Frigo,17,Stage 17,0,0,0,0,0,0,0,0,0
20260801,Marco Frigo,18,Stage 18,0,0,0,0,0,0,0,0,0
20260801,Marco Frigo,19,Stage 19,0,0,0,0,0,0,0,0,0
20260801,Marco Frigo,20,Stage 20,0,0,0,0,0,0,0,0,0
20260801,Marco Frigo,21,Stage 21,0,0,0,0,1,0,0,0,1
20260801,Marco Frigo,22,Final Classifications,0,0,0,0,0,0,0,0,0
20261143,Victor Campenaerts,1,Stage 1,0,0,0,0,0,0,0,50,50
20261143,Victor Campenaerts,2,Stage 2,0,0,0,0,0,0,0,8,8
20261143,Victor Campenaerts,3,Stage 3,0,0,0,0,0,0,0,8,8
20261143,Victor Campenaerts,4,Stage 4,0,0,0,0,0,0,0,0,0
20261143,Victor Campenaerts,5,Stage 5,0,0,0,0,0,0,0,0,0
20261143,Victor Campenaerts,6,Stage 6,0,0,0,0,16,0,0,8,24
20261143,Victor Campenaerts,7,Stage 7,0,0,0,0,0,0,0,4,4
20261143,Victor Campenaerts,8,Stage 8,0,0,0,0,0,0,0,4,4
20261143,Victor Campenaerts,9,Stage 9,0,0,0,0,0,0,0,6,6
20261143,Victor Campenaerts,10,Stage 10,0,0,0,0,0,0,0,6,6
20261143,Victor Campenaerts,11,Stage 11,0,0,0,0,0,0,0,6,6
20261143,Victor Campenaerts,12,Stage 12,0,0,0,0,0,0,0,6,6
20261143,Victor Campenaerts,13,Stage 13,0,0,0,0,0,0,0,4,4
20261143,Victor Campenaerts,14,Stage 14,0,0,0,0,0,0,0,6,6
20261143,Victor Campenaerts,15,Stage 15,0,0,0,0,0,0,20,0,20
20261143,Victor Campenaerts,16,Stage 16,0,0,0,0,0,0,0,0,0
20261143,Victor Campenaerts,17,Stage 17,0,0,0,0,0,0,0,0,0
20261143,Victor Campenaerts,18,Stage 18,0,0,0,0,0,0,0,2,2
20261143,Victor Campenaerts,19,Stage 19,0,0,0,0,0,0,0,0,0
20261143,Victor Campenaerts,20,Stage 20,0,0,0,0,0,0,0,2,2
20261143,Victor Campenaerts,21,Stage 21,0,0,0,0,0,0,0,0,0
20261143,Victor Campenaerts,22,Final Classifications,0,0,0,0,0,0,0,10,10
20260875,Tim Van Dijke,1,Stage 1,0,0,0,0,0,0,0,20,20
20260875,Tim Van Dijke,2,Stage 2,0,0,0,0,0,0,0,6,6
20260875,Tim Van Dijke,3,Stage 3,0,0,0,0,0,0,0,6,6
20260875,Tim Van Dijke,4,Stage 4,0,0,0,0,0,0,0,4,4
20260875,Tim Van Dijke,5,Stage 5,0,0,0,0,0,0,0,4,4
20260875,Tim Van Dijke,6,Stage 6,0,0,0,0,0,0,0,4,4
20260875,Tim Van Dijke,7,Stage 7,0,0,0,0,0,0,0,4,4
20260875,Tim Van Dijke,8,Stage 8,0,0,0,0,0,0,0,4,4
20260875,Tim Van Dijke,9,Stage 9,0,0,0,0,0,0,0,0,0
20260875,Tim Van Dijke,10,Stage 10,0,0,0,0,0,0,0,6,6
20260875,Tim Van Dijke,11,Stage 11,0,0,0,0,0,0,0,2,2
20260875,Tim Van Dijke,12,Stage 12,0,0,0,0,0,0,0,2,2
20260875,Tim Van Dijke,13,Stage 13,0,0,0,0,0,0,0,4,4
20260875,Tim Van Dijke,14,Stage 14,0,0,0,0,0,0,0,2,2
20260875,Tim Van Dijke,15,Stage 15,0,0,0,0,0,0,20,14,34
20260875,Tim Van Dijke,16,Stage 16,0,0,0,0,0,0,0,0,0
20260875,Tim Van Dijke,17,Stage 17,0,0,0,0,0,0,0,6,6
20260875,Tim Van Dijke,18,Stage 18,0,0,0,0,0,0,0,6,6
20260875,Tim Van Dijke,19,Stage 19,0,0,0,0,0,0,0,6,6
20260875,Tim Van Dijke,20,Stage 20,0,0,0,0,0,0,0,10,10
20260875,Tim Van Dijke,21,Stage 21,0,0,0,0,0,0,0,6,6
20260875,Tim Van Dijke,22,Final Classifications,0,0,0,0,0,0,0,30,30
20260273,Fernando Gaviria,1,Stage 1,0,0,0,0,0,0,0,0,0
20260273,Fernando Gaviria,2,Stage 2,0,0,0,0,0,0,0,0,0
20260273,Fernando Gaviria,3,Stage 3,0,0,0,0,0,0,0,0,0
20260273,Fernando Gaviria,4,Stage 4,0,0,0,0,0,0,0,0,0
20260273,Fernando Gaviria,5,Stage 5,16,0,0,0,6,0,0,0,22
20260273,Fernando Gaviria,6,Stage 6,0,0,0,0,0,0,0,0,0
20260273,Fernando Gaviria,7,Stage 7,30,0,0,0,0,0,0,0,30
20260273,Fernando Gaviria,8,Stage 8,35,0,0,0,2,0,0,0,37
20260273,Fernando Gaviria,9,Stage 9,0,0,0,0,0,0,0,0,0
20260273,Fernando Gaviria,10,Stage 10,0,0,0,0,0,0,0,0,0
20260273,Fernando Gaviria,11,Stage 11,70,0,0,0,0,0,0,0,70
20260273,Fernando Gaviria,12,Stage 12,0,0,0,0,2,0,0,0,2
20260273,Fernando Gaviria,13,Stage 13,0,0,0,0,0,0,0,0,0
20260273,Fernando Gaviria,14,Stage 14,0,0,0,0,0,0,0,0,0
20260273,Fernando Gaviria,15,Stage 15,0,0,0,0,0,0,0,0,0
20260273,Fernando Gaviria,16,Stage 16,0,0,0,0,0,0,0,0,0
20260273,Fernando Gaviria,17,Stage 17,0,0,0,0,0,0,0,0,0
20260273,Fernando Gaviria,18,Stage 18,0,0,0,0,0,0,0,0,0
20260273,Fernando Gaviria,19,Stage 19,0,0,0,0,0,0,0,0,0
20260273,Fernando Gaviria,20,Stage 20,0,0,0,0,0,0,0,0,0
20260273,Fernando Gaviria,21,Stage 21,0,0,0,0,0,0,0,0,0
20260273,Fernando Gaviria,22,Final Classifications,0,0,0,0,0,0,0,0,0
20260528,Clément Braz Afonso,1,Stage 1,0,0,0,0,0,0,0,5,5
20260528,Clément Braz Afonso,2,Stage 2,0,0,0,0,0,0,0,0,0
20260528,Clément Braz Afonso,3,Stage 3,0,0,0,0,0,0,20,0,20
20260528,Clément Braz Afonso,4,Stage 4,0,0,0,0,0,0,0,0,0
20260528,Clément Braz Afonso,5,Stage 5,0,0,0,0,0,0,0,0,0
20260528,Clément Braz Afonso,6,Stage 6,0,0,0,0,0,0,0,0,0
20260528,Clément Braz Afonso,7,Stage 7,0,0,0,0,0,0,0,0,0
20260528,Clément Braz Afonso,8,Stage 8,0,0,0,0,0,0,0,0,0
20260528,Clément Braz Afonso,9,Stage 9,0,0,0,0,0,0,0,0,0
20260528,Clément Braz Afonso,10,Stage 10,0,0,0,0,0,0,0,0,0
20260528,Clément Braz Afonso,11,Stage 11,0,0,0,0,0,0,0,0,0
20260528,Clément Braz Afonso,12,Stage 12,0,0,0,0,0,0,0,0,0
20260528,Clément Braz Afonso,13,Stage 13,80,0,0,0,0,0,0,0,80
20260528,Clément Braz Afonso,14,Stage 14,0,0,0,0,0,0,0,0,0
20260528,Clément Braz Afonso,15,Stage 15,0,0,0,0,0,0,0,0,0
20260528,Clément Braz Afonso,16,Stage 16,0,0,0,0,0,0,0,0,0
20260528,Clément Braz Afonso,17,Stage 17,0,0,0,0,0,0,20,0,20
20260528,Clément Braz Afonso,18,Stage 18,0,0,0,0,0,0,0,0,0
20260528,Clément Braz Afonso,19,Stage 19,25,0,0,0,0,0,0,0,25
20260528,Clément Braz Afonso,20,Stage 20,0,0,0,0,4,0,0,0,4
20260528,Clément Braz Afonso,21,Stage 21,0,0,0,0,0,0,0,0,0
20260528,Clément Braz Afonso,22,Final Classifications,0,0,0,0,0,0,0,0,0
20260855,Nico Denz,1,Stage 1,0,0,0,0,0,0,0,20,20
20260855,Nico Denz,2,Stage 2,0,0,0,0,0,0,0,6,6
20260855,Nico Denz,3,Stage 3,0,0,0,0,0,0,0,6,6
20260855,Nico Denz,4,Stage 4,0,0,0,0,4,0,0,4,8
20260855,Nico Denz,5,Stage 5,0,0,0,0,0,0,0,4,4
20260855,Nico Denz,6,Stage 6,0,0,0,0,0,0,0,4,4
20260855,Nico Denz,7,Stage 7,0,0,0,0,0,0,0,4,4
20260855,Nico Denz,8,Stage 8,0,0,0,0,0,0,0,4,4
20260855,Nico Denz,9,Stage 9,0,0,0,0,0,0,0,0,0
20260855,Nico Denz,10,Stage 10,0,0,0,0,0,0,0,6,6
20260855,Nico Denz,11,Stage 11,0,0,0,0,0,0,0,2,2
20260855,Nico Denz,12,Stage 12,0,0,0,0,0,0,0,2,2
20260855,Nico Denz,13,Stage 13,0,0,0,0,0,0,0,4,4
20260855,Nico Denz,14,Stage 14,0,0,0,0,0,0,0,2,2
20260855,Nico Denz,15,Stage 15,0,0,0,0,0,0,0,14,14
20260855,Nico Denz,16,Stage 16,0,0,0,0,0,0,0,0,0
20260855,Nico Denz,17,Stage 17,0,0,0,0,0,0,0,6,6
20260855,Nico Denz,18,Stage 18,0,0,0,0,0,0,0,6,6
20260855,Nico Denz,19,Stage 19,0,0,0,0,0,0,0,6,6
20260855,Nico Denz,20,Stage 20,0,0,0,0,0,0,0,10,10
20260855,Nico Denz,21,Stage 21,0,0,0,0,0,0,0,6,6
20260855,Nico Denz,22,Final Classifications,0,0,0,0,0,0,0,30,30
20261147,Per Strand Hagenes,1,Stage 1,0,0,0,0,0,0,0,50,50
20261147,Per Strand Hagenes,2,Stage 2,0,0,0,0,0,0,0,8,8
20261147,Per Strand Hagenes,3,Stage 3,0,0,0,0,0,0,0,8,8
20261147,Per Strand Hagenes,4,Stage 4,0,0,0,0,0,0,0,0,0
20261147,Per Strand Hagenes,5,Stage 5,0,0,0,0,0,0,0,0,0
20261147,Per Strand Hagenes,6,Stage 6,0,0,0,0,0,0,0,8,8
20261147,Per Strand Hagenes,7,Stage 7,0,0,0,0,0,0,0,4,4
20261147,Per Strand Hagenes,8,Stage 8,0,0,0,0,0,0,0,4,4
20261147,Per Strand Hagenes,9,Stage 9,0,0,0,0,0,0,0,6,6
20261147,Per Strand Hagenes,10,Stage 10,0,0,0,0,0,0,0,6,6
20261147,Per Strand Hagenes,11,Stage 11,0,0,0,0,0,0,0,6,6
20261147,Per Strand Hagenes,12,Stage 12,0,0,0,0,0,0,0,6,6
20261147,Per Strand Hagenes,13,Stage 13,0,0,0,0,0,0,0,4,4
20261147,Per Strand Hagenes,14,Stage 14,0,0,0,0,0,0,0,6,6
20261147,Per Strand Hagenes,15,Stage 15,0,0,0,0,0,0,0,0,0
20261147,Per Strand Hagenes,16,Stage 16,0,0,0,0,0,0,0,0,0
20261147,Per Strand Hagenes,17,Stage 17,0,0,0,0,0,0,20,0,20
20261147,Per Strand Hagenes,18,Stage 18,0,0,0,0,0,0,0,2,2
20261147,Per Strand Hagenes,19,Stage 19,0,0,0,0,0,0,0,0,0
20261147,Per Strand Hagenes,20,Stage 20,0,0,0,0,0,0,0,2,2
20261147,Per Strand Hagenes,21,Stage 21,0,0,0,0,0,0,0,0,0
20261147,Per Strand Hagenes,22,Final Classifications,0,0,0,0,0,0,0,10,10
20260872,Jan Tratnik,1,Stage 1,0,0,0,0,0,0,0,20,20
20260872,Jan Tratnik,2,Stage 2,0,0,0,0,0,0,0,6,6
20260872,Jan Tratnik,3,Stage 3,0,0,0,0,0,0,0,6,6
20260872,Jan Tratnik,4,Stage 4,0,0,0,2,0,0,0,4,6
20260872,Jan Tratnik,5,Stage 5,0,0,0,1,0,0,0,4,5
20260872,Jan Tratnik,6,Stage 6,0,0,0,0,0,0,0,4,4
20260872,Jan Tratnik,7,Stage 7,0,0,0,0,0,0,0,4,4
20260872,Jan Tratnik,8,Stage 8,0,0,0,0,0,0,0,4,4
20260872,Jan Tratnik,9,Stage 9,0,0,0,0,0,0,0,0,0
20260872,Jan Tratnik,10,Stage 10,0,0,0,0,0,0,0,6,6
20260872,Jan Tratnik,11,Stage 11,0,0,0,0,0,0,0,2,2
20260872,Jan Tratnik,12,Stage 12,0,0,0,0,0,0,0,2,2
20260872,Jan Tratnik,13,Stage 13,0,0,0,0,0,0,0,4,4
20260872,Jan Tratnik,14,Stage 14,0,0,0,0,0,0,0,2,2
20260872,Jan Tratnik,15,Stage 15,0,0,0,0,0,0,0,14,14
20260872,Jan Tratnik,16,Stage 16,0,0,0,0,0,0,0,0,0
20260872,Jan Tratnik,17,Stage 17,0,0,0,0,0,0,0,6,6
20260872,Jan Tratnik,18,Stage 18,0,0,0,0,0,0,0,6,6
20260872,Jan Tratnik,19,Stage 19,0,0,0,0,0,0,0,6,6
20260872,Jan Tratnik,20,Stage 20,0,0,0,0,0,0,0,10,10
20260872,Jan Tratnik,21,Stage 21,0,0,0,0,0,0,0,6,6
20260872,Jan Tratnik,22,Final Classifications,0,0,0,0,0,0,0,30,30
20260794,Lewis Askey,1,Stage 1,0,0,0,0,0,0,0,0,0
20260794,Lewis Askey,2,Stage 2,0,0,0,0,0,0,0,0,0
20260794,Lewis Askey,3,Stage 3,0,0,0,0,0,0,0,0,0
20260794,Lewis Askey,4,Stage 4,0,0,0,0,0,0,0,0,0
20260794,Lewis Askey,5,Stage 5,0,0,0,0,0,0,0,0,0
20260794,Lewis Askey,6,Stage 6,0,0,0,0,0,0,0,0,0
20260794,Lewis Askey,7,Stage 7,0,0,0,0,0,0,0,2,2
20260794,Lewis Askey,8,Stage 8,0,0,0,0,0,0,0,4,4
20260794,Lewis Askey,9,Stage 9,0,0,0,0,0,0,0,0,0
20260794,Lewis Askey,10,Stage 10,0,0,0,0,0,0,0,0,0
20260794,Lewis Askey,11,Stage 11,0,0,0,0,0,0,0,0,0
20260794,Lewis Askey,12,Stage 12,0,0,0,0,0,0,0,0,0
20260794,Lewis Askey,13,Stage 13,0,0,0,0,0,0,0,0,0
20260794,Lewis Askey,14,Stage 14,0,0,0,0,2,0,0,0,2
20260794,Lewis Askey,15,Stage 15,0,0,0,0,0,0,0,0,0
20260794,Lewis Askey,16,Stage 16,0,0,0,0,0,0,0,0,0
20260794,Lewis Askey,17,Stage 17,140,0,0,0,0,0,0,0,140
20260794,Lewis Askey,18,Stage 18,0,0,0,0,0,0,0,0,0
20260794,Lewis Askey,19,Stage 19,0,0,0,0,0,0,0,0,0
20260794,Lewis Askey,20,Stage 20,0,0,0,0,0,0,0,0,0
20260794,Lewis Askey,21,Stage 21,0,0,0,0,0,0,0,0,0
20260794,Lewis Askey,22,Final Classifications,0,0,0,0,0,0,0,0,0
20260950,Jasper Stuyven,1,Stage 1,0,0,0,0,0,0,0,0,0
20260950,Jasper Stuyven,2,Stage 2,0,0,0,0,0,0,0,0,0
20260950,Jasper Stuyven,3,Stage 3,0,0,0,0,0,0,0,0,0
20260950,Jasper Stuyven,4,Stage 4,30,0,0,0,0,0,0,0,30
20260950,Jasper Stuyven,5,Stage 5,0,0,0,0,0,0,0,2,2
20260950,Jasper Stuyven,6,Stage 6,0,0,0,0,0,0,0,0,0
20260950,Jasper Stuyven,7,Stage 7,0,0,0,0,0,0,0,8,8
20260950,Jasper Stuyven,8,Stage 8,0,0,0,0,0,0,0,8,8
20260950,Jasper Stuyven,9,Stage 9,0,0,0,0,0,0,0,0,0
20260950,Jasper Stuyven,10,Stage 10,0,0,0,0,0,0,0,0,0
20260950,Jasper Stuyven,11,Stage 11,0,0,0,0,0,0,0,0,0
20260950,Jasper Stuyven,12,Stage 12,20,0,0,0,0,0,0,8,28
20260950,Jasper Stuyven,13,Stage 13,0,0,0,0,0,0,0,0,0
20260950,Jasper Stuyven,14,Stage 14,0,0,0,0,0,0,0,0,0
20260950,Jasper Stuyven,15,Stage 15,0,0,0,0,0,0,0,0,0
20260950,Jasper Stuyven,16,Stage 16,0,0,0,0,0,0,0,0,0
20260950,Jasper Stuyven,17,Stage 17,0,0,0,0,10,0,20,0,30
20260950,Jasper Stuyven,18,Stage 18,0,0,0,0,0,0,0,0,0
20260950,Jasper Stuyven,19,Stage 19,0,0,0,0,0,0,0,0,0
20260950,Jasper Stuyven,20,Stage 20,0,0,0,0,0,0,0,0,0
20260950,Jasper Stuyven,21,Stage 21,40,0,0,0,0,0,0,0,40
20260950,Jasper Stuyven,22,Final Classifications,0,0,0,0,0,0,0,0,0
20260112,Phil Bauhaus,1,Stage 1,0,0,0,0,0,0,0,0,0
20260112,Phil Bauhaus,2,Stage 2,0,0,0,0,0,0,0,0,0
20260112,Phil Bauhaus,3,Stage 3,0,0,0,0,0,0,0,0,0
20260112,Phil Bauhaus,4,Stage 4,0,0,0,0,0,0,0,0,0
20260112,Phil Bauhaus,5,Stage 5,12,0,0,0,0,0,0,0,12
20260112,Phil Bauhaus,6,Stage 6,0,0,0,0,0,0,0,0,0
20260112,Phil Bauhaus,7,Stage 7,110,0,0,0,0,0,0,0,110
20260112,Phil Bauhaus,8,Stage 8,16,0,0,0,0,0,0,0,16
20260112,Phil Bauhaus,9,Stage 9,0,0,0,0,0,0,0,0,0
20260112,Phil Bauhaus,10,Stage 10,0,0,0,0,0,0,0,0,0
20260112,Phil Bauhaus,11,Stage 11,0,0,0,0,0,0,0,0,0
20260112,Phil Bauhaus,12,Stage 12,0,0,0,0,0,0,0,0,0
20260112,Phil Bauhaus,13,Stage 13,0,0,0,0,0,0,0,0,0
20260112,Phil Bauhaus,14,Stage 14,0,0,0,0,0,0,0,0,0
20260112,Phil Bauhaus,15,Stage 15,0,0,0,0,0,0,0,0,0
20260112,Phil Bauhaus,16,Stage 16,0,0,0,0,0,0,0,0,0
20260112,Phil Bauhaus,17,Stage 17,0,0,0,0,0,0,0,0,0
20260112,Phil Bauhaus,18,Stage 18,0,0,0,0,0,0,0,0,0
20260112,Phil Bauhaus,19,Stage 19,0,0,0,0,0,0,0,4,4
20260112,Phil Bauhaus,20,Stage 20,0,0,0,0,0,0,0,0,0
20260112,Phil Bauhaus,21,Stage 21,0,0,0,0,0,0,0,0,0
20260112,Phil Bauhaus,22,Final Classifications,0,0,0,0,0,0,0,0,0
20261339,Torstein Træen,1,Stage 1,0,0,0,0,0,0,0,0,0
20261339,Torstein Træen,2,Stage 2,0,0,0,0,0,0,0,0,0
20261339,Torstein Træen,3,Stage 3,0,0,0,0,0,0,0,0,0
20261339,Torstein Træen,4,Stage 4,80,30,0,0,0,0,0,0,110
20261339,Torstein Træen,5,Stage 5,0,30,0,0,0,0,0,0,30
20261339,Torstein Træen,6,Stage 6,0,0,0,0,0,0,0,0,0
20261339,Torstein Træen,7,Stage 7,0,0,0,0,0,0,0,0,0
20261339,Torstein Træen,8,Stage 8,0,0,0,0,0,0,0,0,0
20261339,Torstein Træen,9,Stage 9,0,0,0,0,0,0,0,0,0
20261339,Torstein Træen,10,Stage 10,0,0,0,0,0,0,0,0,0
20261339,Torstein Træen,11,Stage 11,0,0,0,0,0,0,0,0,0
20261339,Torstein Træen,12,Stage 12,0,0,0,0,0,0,0,0,0
20261339,Torstein Træen,13,Stage 13,0,0,0,0,0,0,0,0,0
20261339,Torstein Træen,14,Stage 14,0,0,0,0,0,0,0,0,0
20261339,Torstein Træen,15,Stage 15,0,0,0,0,0,0,0,0,0
20261339,Torstein Træen,16,Stage 16,0,0,0,0,0,0,0,0,0
20261339,Torstein Træen,17,Stage 17,0,0,0,0,0,0,0,0,0
20261339,Torstein Træen,18,Stage 18,0,0,0,0,0,0,0,0,0
20261339,Torstein Træen,19,Stage 19,0,0,0,0,0,0,0,0,0
20261339,Torstein Træen,20,Stage 20,0,0,0,0,0,0,0,0,0
20261339,Torstein Træen,21,Stage 21,0,0,0,0,0,0,0,0,0
20261339,Torstein Træen,22,Final Classifications,0,0,0,0,0,0,0,0,0
20260700,Baptiste Veistroffer,1,Stage 1,0,0,0,0,0,0,0,0,0
20260700,Baptiste Veistroffer,2,Stage 2,0,0,0,0,0,0,0,0,0
20260700,Baptiste Veistroffer,3,Stage 3,0,0,0,0,0,0,0,0,0
20260700,Baptiste Veistroffer,4,Stage 4,0,0,0,0,0,0,0,0,0
20260700,Baptiste Veistroffer,5,Stage 5,0,0,0,0,20,0,20,0,40
20260700,Baptiste Veistroffer,6,Stage 6,0,0,0,0,0,0,0,0,0
20260700,Baptiste Veistroffer,7,Stage 7,0,0,0,0,20,0,20,0,40
20260700,Baptiste Veistroffer,8,Stage 8,0,0,0,0,0,0,0,0,0
20260700,Baptiste Veistroffer,9,Stage 9,0,0,0,0,0,0,0,0,0
20260700,Baptiste Veistroffer,10,Stage 10,0,0,0,0,0,0,0,0,0
20260700,Baptiste Veistroffer,11,Stage 11,0,0,0,0,0,0,0,0,0
20260700,Baptiste Veistroffer,12,Stage 12,0,0,0,0,20,0,20,0,40
20260700,Baptiste Veistroffer,13,Stage 13,0,0,0,0,0,0,0,0,0
20260700,Baptiste Veistroffer,14,Stage 14,0,0,0,0,0,0,0,0,0
20260700,Baptiste Veistroffer,15,Stage 15,0,0,0,0,0,0,0,0,0
20260700,Baptiste Veistroffer,16,Stage 16,0,0,0,0,0,0,0,0,0
20260700,Baptiste Veistroffer,17,Stage 17,0,0,0,0,0,0,0,0,0
20260700,Baptiste Veistroffer,18,Stage 18,0,0,0,0,0,0,0,0,0
20260700,Baptiste Veistroffer,19,Stage 19,0,0,0,0,0,0,0,0,0
20260700,Baptiste Veistroffer,20,Stage 20,0,0,0,0,0,0,0,0,0
20260700,Baptiste Veistroffer,21,Stage 21,0,0,0,0,20,0,0,0,20
20260700,Baptiste Veistroffer,22,Final Classifications,0,0,0,0,0,0,0,0,0
20260537,Romain Grégoire,1,Stage 1,0,0,0,0,0,0,0,5,5
20260537,Romain Grégoire,2,Stage 2,95,14,0,0,0,0,0,0,109
20260537,Romain Grégoire,3,Stage 3,0,0,0,0,0,0,0,0,0
20260537,Romain Grégoire,4,Stage 4,0,0,0,0,0,0,0,0,0
20260537,Romain Grégoire,5,Stage 5,0,0,0,0,0,0,0,0,0
20260537,Romain Grégoire,6,Stage 6,0,0,0,0,0,0,0,0,0
20260537,Romain Grégoire,7,Stage 7,0,0,0,0,0,0,0,0,0
20260537,Romain Grégoire,8,Stage 8,0,0,0,0,0,0,0,0,0
20260537,Romain Grégoire,9,Stage 9,0,0,0,0,0,0,0,0,0
20260537,Romain Grégoire,10,Stage 10,0,0,0,0,0,0,0,0,0
20260537,Romain Grégoire,11,Stage 11,0,0,0,0,0,0,0,0,0
20260537,Romain Grégoire,12,Stage 12,0,0,0,0,0,0,0,0,0
20260537,Romain Grégoire,13,Stage 13,0,0,0,0,0,0,0,0,0
20260537,Romain Grégoire,14,Stage 14,0,0,0,0,0,0,0,0,0
20260537,Romain Grégoire,15,Stage 15,0,0,0,0,0,0,0,0,0
20260537,Romain Grégoire,16,Stage 16,0,0,0,0,0,0,0,0,0
20260537,Romain Grégoire,17,Stage 17,0,0,0,0,0,0,0,0,0
20260537,Romain Grégoire,18,Stage 18,0,0,0,0,1,0,20,0,21
20260537,Romain Grégoire,19,Stage 19,0,0,0,0,0,0,0,0,0
20260537,Romain Grégoire,20,Stage 20,0,0,0,0,0,0,0,0,0
20260537,Romain Grégoire,21,Stage 21,0,0,0,0,0,0,0,0,0
20260537,Romain Grégoire,22,Final Classifications,0,0,0,0,0,0,0,0,0
20261185,Nicolas Breuillard,1,Stage 1,0,0,0,0,0,0,0,0,0
20261185,Nicolas Breuillard,2,Stage 2,0,0,0,0,0,0,0,0,0
20261185,Nicolas Breuillard,3,Stage 3,0,0,0,0,0,0,0,0,0
20261185,Nicolas Breuillard,4,Stage 4,0,0,0,0,0,0,0,0,0
20261185,Nicolas Breuillard,5,Stage 5,0,0,0,0,0,0,0,0,0
20261185,Nicolas Breuillard,6,Stage 6,0,0,0,0,0,0,0,0,0
20261185,Nicolas Breuillard,7,Stage 7,0,0,0,0,0,0,0,0,0
20261185,Nicolas Breuillard,8,Stage 8,0,0,0,0,0,0,0,0,0
20261185,Nicolas Breuillard,9,Stage 9,80,0,0,0,0,0,0,0,80
20261185,Nicolas Breuillard,10,Stage 10,0,0,0,0,0,0,0,0,0
20261185,Nicolas Breuillard,11,Stage 11,0,0,0,0,0,0,0,0,0
20261185,Nicolas Breuillard,12,Stage 12,0,0,0,0,0,0,0,0,0
20261185,Nicolas Breuillard,13,Stage 13,30,0,0,0,0,0,0,0,30
20261185,Nicolas Breuillard,14,Stage 14,0,0,0,0,0,0,0,0,0
20261185,Nicolas Breuillard,15,Stage 15,0,0,0,0,0,0,0,0,0
20261185,Nicolas Breuillard,16,Stage 16,0,0,0,0,0,0,0,0,0
20261185,Nicolas Breuillard,17,Stage 17,0,0,0,0,0,0,0,0,0
20261185,Nicolas Breuillard,18,Stage 18,0,0,0,0,2,0,20,0,22
20261185,Nicolas Breuillard,19,Stage 19,0,0,0,0,0,0,0,0,0
20261185,Nicolas Breuillard,20,Stage 20,0,0,0,0,0,0,0,0,0
20261185,Nicolas Breuillard,21,Stage 21,0,0,0,0,0,0,0,0,0
20261185,Nicolas Breuillard,22,Final Classifications,0,0,0,0,0,0,0,0,0
20260394,Ben Healy,1,Stage 1,0,0,0,0,0,0,0,0,0
20260394,Ben Healy,2,Stage 2,0,0,0,0,0,0,0,0,0
20260394,Ben Healy,3,Stage 3,0,0,0,0,0,0,0,2,2
20260394,Ben Healy,4,Stage 4,0,0,0,0,0,0,0,6,6
20260394,Ben Healy,5,Stage 5,0,0,0,0,0,0,0,6,6
20260394,Ben Healy,6,Stage 6,0,0,0,0,0,0,0,0,0
20260394,Ben Healy,7,Stage 7,0,0,0,0,0,0,0,0,0
20260394,Ben Healy,8,Stage 8,0,0,0,0,0,0,0,0,0
20260394,Ben Healy,9,Stage 9,0,0,0,0,5,0,0,0,5
20260394,Ben Healy,10,Stage 10,0,0,0,0,0,0,0,0,0
20260394,Ben Healy,11,Stage 11,0,0,0,0,0,0,0,0,0
20260394,Ben Healy,12,Stage 12,0,0,0,0,0,0,0,0,0
20260394,Ben Healy,13,Stage 13,0,0,0,0,0,0,0,0,0
20260394,Ben Healy,14,Stage 14,0,0,0,0,0,8,20,0,28
20260394,Ben Healy,15,Stage 15,0,0,0,0,0,0,20,0,20
20260394,Ben Healy,16,Stage 16,0,0,0,0,0,0,0,0,0
20260394,Ben Healy,17,Stage 17,0,0,0,0,14,0,0,0,14
20260394,Ben Healy,18,Stage 18,0,0,0,0,0,6,0,8,14
20260394,Ben Healy,19,Stage 19,0,0,0,0,0,0,0,2,2
20260394,Ben Healy,20,Stage 20,0,0,0,0,3,0,20,8,31
20260394,Ben Healy,21,Stage 21,0,0,0,0,0,0,0,0,0
20260394,Ben Healy,22,Final Classifications,0,0,0,0,0,0,0,0,0
20260591,Joshua Tarling,1,Stage 1,0,0,0,0,0,0,0,40,40
20260591,Joshua Tarling,2,Stage 2,0,0,0,0,0,0,0,4,4
20260591,Joshua Tarling,3,Stage 3,0,0,0,0,0,0,0,0,0
20260591,Joshua Tarling,4,Stage 4,0,0,0,0,0,0,0,0,0
20260591,Joshua Tarling,5,Stage 5,0,0,0,0,0,0,0,0,0
20260591,Joshua Tarling,6,Stage 6,0,0,0,0,0,0,0,0,0
20260591,Joshua Tarling,7,Stage 7,0,0,0,0,0,0,0,0,0
20260591,Joshua Tarling,8,Stage 8,0,0,0,0,0,0,0,0,0
20260591,Joshua Tarling,9,Stage 9,0,0,0,0,0,0,0,0,0
20260591,Joshua Tarling,10,Stage 10,0,0,0,0,0,0,0,0,0
20260591,Joshua Tarling,11,Stage 11,0,0,0,0,0,0,0,0,0
20260591,Joshua Tarling,12,Stage 12,0,0,0,0,0,0,0,0,0
20260591,Joshua Tarling,13,Stage 13,0,0,0,0,0,0,0,0,0
20260591,Joshua Tarling,14,Stage 14,0,0,0,0,0,0,0,0,0
20260591,Joshua Tarling,15,Stage 15,0,0,0,0,0,0,0,0,0
20260591,Joshua Tarling,16,Stage 16,60,0,0,0,0,0,0,0,60
20260591,Joshua Tarling,17,Stage 17,0,0,0,0,0,0,20,0,20
20260591,Joshua Tarling,18,Stage 18,0,0,0,0,0,0,0,0,0
20260591,Joshua Tarling,19,Stage 19,0,0,0,0,0,0,0,0,0
20260591,Joshua Tarling,20,Stage 20,0,0,0,0,0,0,0,0,0
20260591,Joshua Tarling,21,Stage 21,0,0,0,0,0,0,0,0,0
20260591,Joshua Tarling,22,Final Classifications,0,0,0,0,0,0,0,0,0
20261138,Edoardo Affini,1,Stage 1,0,0,0,0,0,0,0,50,50
20261138,Edoardo Affini,2,Stage 2,0,0,0,0,0,0,0,8,8
20261138,Edoardo Affini,3,Stage 3,0,0,0,0,0,0,0,8,8
20261138,Edoardo Affini,4,Stage 4,0,0,0,0,0,0,0,0,0
20261138,Edoardo Affini,5,Stage 5,0,0,0,0,0,0,0,0,0
20261138,Edoardo Affini,6,Stage 6,0,0,0,0,0,0,0,8,8
20261138,Edoardo Affini,7,Stage 7,0,0,0,0,0,0,0,4,4
20261138,Edoardo Affini,8,Stage 8,0,0,0,0,0,0,0,4,4
20261138,Edoardo Affini,9,Stage 9,0,0,0,0,0,0,0,6,6
20261138,Edoardo Affini,10,Stage 10,0,0,0,0,0,0,0,6,6
20261138,Edoardo Affini,11,Stage 11,0,0,0,0,0,0,0,6,6
20261138,Edoardo Affini,12,Stage 12,0,0,0,0,0,0,0,6,6
20261138,Edoardo Affini,13,Stage 13,0,0,0,0,0,0,0,4,4
20261138,Edoardo Affini,14,Stage 14,0,0,0,0,0,0,0,6,6
20261138,Edoardo Affini,15,Stage 15,0,0,0,0,0,0,0,0,0
20261138,Edoardo Affini,16,Stage 16,0,0,0,0,0,0,0,0,0
20261138,Edoardo Affini,17,Stage 17,0,0,0,0,0,0,0,0,0
20261138,Edoardo Affini,18,Stage 18,0,0,0,0,0,0,0,2,2
20261138,Edoardo Affini,19,Stage 19,0,0,0,0,0,0,0,0,0
20261138,Edoardo Affini,20,Stage 20,0,0,0,0,0,0,0,0,0
20261138,Edoardo Affini,21,Stage 21,0,0,0,0,0,0,0,0,0
20261138,Edoardo Affini,22,Final Classifications,0,0,0,0,0,0,0,0,0
20260675,Jenno Berckmoes,1,Stage 1,0,0,0,0,0,0,0,0,0
20260675,Jenno Berckmoes,2,Stage 2,0,0,0,0,0,0,0,0,0
20260675,Jenno Berckmoes,3,Stage 3,0,0,0,0,0,0,0,0,0
20260675,Jenno Berckmoes,4,Stage 4,0,0,0,0,0,0,0,0,0
20260675,Jenno Berckmoes,5,Stage 5,50,0,0,0,0,0,0,0,50
20260675,Jenno Berckmoes,6,Stage 6,0,0,0,0,0,0,0,0,0
20260675,Jenno Berckmoes,7,Stage 7,16,0,0,0,0,0,0,0,16
20260675,Jenno Berckmoes,8,Stage 8,12,0,0,0,0,0,0,0,12
20260675,Jenno Berckmoes,9,Stage 9,0,0,0,0,0,0,0,0,0
20260675,Jenno Berckmoes,10,Stage 10,0,0,0,0,0,0,0,0,0
20260675,Jenno Berckmoes,11,Stage 11,35,0,0,0,0,0,0,0,35
20260675,Jenno Berckmoes,12,Stage 12,0,0,0,0,3,0,0,0,3
20260675,Jenno Berckmoes,13,Stage 13,0,0,0,0,0,0,0,0,0
20260675,Jenno Berckmoes,14,Stage 14,0,0,0,0,0,0,0,0,0
20260675,Jenno Berckmoes,15,Stage 15,0,0,0,0,0,0,0,0,0
20260675,Jenno Berckmoes,16,Stage 16,0,0,0,0,0,0,0,0,0
20260675,Jenno Berckmoes,17,Stage 17,0,0,0,0,0,0,0,0,0
20260675,Jenno Berckmoes,18,Stage 18,0,0,0,0,0,0,0,0,0
20260675,Jenno Berckmoes,19,Stage 19,0,0,0,0,0,0,0,0,0
20260675,Jenno Berckmoes,20,Stage 20,0,0,0,0,0,0,0,0,0
20260675,Jenno Berckmoes,21,Stage 21,0,0,0,0,0,0,0,0,0
20260675,Jenno Berckmoes,22,Final Classifications,0,0,0,0,0,0,0,0,0
20261061,Luke Plapp,1,Stage 1,0,0,0,0,0,0,0,0,0
20261061,Luke Plapp,2,Stage 2,0,0,0,0,0,0,0,0,0
20261061,Luke Plapp,3,Stage 3,0,0,0,0,6,0,20,0,26
20261061,Luke Plapp,4,Stage 4,0,0,0,0,0,0,0,0,0
20261061,Luke Plapp,5,Stage 5,0,0,0,0,0,0,0,0,0
20261061,Luke Plapp,6,Stage 6,0,0,0,0,0,0,0,0,0
20261061,Luke Plapp,7,Stage 7,0,0,0,0,0,0,0,0,0
20261061,Luke Plapp,8,Stage 8,0,0,0,0,0,0,0,0,0
20261061,Luke Plapp,9,Stage 9,0,0,0,0,0,0,0,0,0
20261061,Luke Plapp,10,Stage 10,0,0,0,0,0,0,0,0,0
20261061,Luke Plapp,11,Stage 11,0,0,0,0,0,0,0,0,0
20261061,Luke Plapp,12,Stage 12,0,0,0,0,0,0,0,0,0
20261061,Luke Plapp,13,Stage 13,60,0,0,0,3,4,0,8,75
20261061,Luke Plapp,14,Stage 14,0,0,0,0,0,0,0,0,0
20261061,Luke Plapp,15,Stage 15,0,0,0,0,0,0,0,0,0
20261061,Luke Plapp,16,Stage 16,0,0,0,0,0,0,0,0,0
20261061,Luke Plapp,17,Stage 17,0,0,0,0,0,0,0,4,4
20261061,Luke Plapp,18,Stage 18,0,0,0,0,0,0,0,4,4
20261061,Luke Plapp,19,Stage 19,0,0,0,0,0,0,0,0,0
20261061,Luke Plapp,20,Stage 20,0,0,0,0,0,0,0,0,0
20261061,Luke Plapp,21,Stage 21,0,0,0,0,6,0,0,0,6
20261061,Luke Plapp,22,Final Classifications,0,0,0,0,0,0,0,0,0
20261048,Felix Engelhardt,1,Stage 1,0,0,0,0,0,0,0,0,0
20261048,Felix Engelhardt,2,Stage 2,0,0,2,6,16,0,20,0,44
20261048,Felix Engelhardt,3,Stage 3,0,0,0,0,0,0,0,0,0
20261048,Felix Engelhardt,4,Stage 4,0,0,0,0,0,0,0,0,0
20261048,Felix Engelhardt,5,Stage 5,0,0,0,0,0,0,0,0,0
20261048,Felix Engelhardt,6,Stage 6,0,0,0,0,0,0,0,0,0
20261048,Felix Engelhardt,7,Stage 7,0,0,0,0,0,0,0,0,0
20261048,Felix Engelhardt,8,Stage 8,0,0,0,0,0,0,0,0,0
20261048,Felix Engelhardt,9,Stage 9,0,0,0,0,0,0,0,0,0
20261048,Felix Engelhardt,10,Stage 10,0,0,0,0,0,0,0,0,0
20261048,Felix Engelhardt,11,Stage 11,0,0,0,0,0,0,0,0,0
20261048,Felix Engelhardt,12,Stage 12,0,0,0,0,0,0,0,0,0
20261048,Felix Engelhardt,13,Stage 13,0,0,0,0,0,0,0,8,8
20261048,Felix Engelhardt,14,Stage 14,0,0,0,0,0,0,0,0,0
20261048,Felix Engelhardt,15,Stage 15,0,0,0,0,0,0,0,0,0
20261048,Felix Engelhardt,16,Stage 16,0,0,0,0,0,0,0,0,0
20261048,Felix Engelhardt,17,Stage 17,0,0,0,0,8,0,20,4,32
20261048,Felix Engelhardt,18,Stage 18,0,0,0,0,6,0,20,4,30
20261048,Felix Engelhardt,19,Stage 19,0,0,0,0,0,0,0,0,0
20261048,Felix Engelhardt,20,Stage 20,0,0,0,0,0,0,0,0,0
20261048,Felix Engelhardt,21,Stage 21,0,0,0,0,0,0,0,0,0
20261048,Felix Engelhardt,22,Final Classifications,0,0,0,0,0,0,0,0,0
20260571,Tobias Foss,1,Stage 1,0,0,0,0,0,0,0,40,40
20260571,Tobias Foss,2,Stage 2,4,7,0,0,0,0,0,4,15
20260571,Tobias Foss,3,Stage 3,0,0,0,0,0,0,0,0,0
20260571,Tobias Foss,4,Stage 4,0,0,0,0,0,0,0,0,0
20260571,Tobias Foss,5,Stage 5,0,0,0,0,0,0,0,0,0
20260571,Tobias Foss,6,Stage 6,0,0,0,0,0,0,0,0,0
20260571,Tobias Foss,7,Stage 7,0,0,0,0,0,0,0,0,0
20260571,Tobias Foss,8,Stage 8,0,0,0,0,0,0,0,0,0
20260571,Tobias Foss,9,Stage 9,0,0,0,0,0,0,0,0,0
20260571,Tobias Foss,10,Stage 10,0,0,0,0,0,0,0,0,0
20260571,Tobias Foss,11,Stage 11,0,0,0,0,0,0,0,0,0
20260571,Tobias Foss,12,Stage 12,0,0,0,0,0,0,0,0,0
20260571,Tobias Foss,13,Stage 13,0,0,0,0,0,0,0,0,0
20260571,Tobias Foss,14,Stage 14,0,0,0,0,0,0,0,0,0
20260571,Tobias Foss,15,Stage 15,0,0,0,0,0,0,0,0,0
20260571,Tobias Foss,16,Stage 16,0,0,0,0,0,0,0,0,0
20260571,Tobias Foss,17,Stage 17,0,0,0,0,0,0,0,0,0
20260571,Tobias Foss,18,Stage 18,0,0,0,0,0,0,0,0,0
20260571,Tobias Foss,19,Stage 19,0,0,0,0,14,0,0,0,14
20260571,Tobias Foss,20,Stage 20,0,0,0,0,10,8,20,0,38
20260571,Tobias Foss,21,Stage 21,0,0,0,0,0,0,0,0,0
20260571,Tobias Foss,22,Final Classifications,0,0,0,0,0,0,0,0,0
20260280,Alex Molenaar,1,Stage 1,0,0,0,0,0,0,0,0,0
20260280,Alex Molenaar,2,Stage 2,0,0,8,12,20,0,20,0,60
20260280,Alex Molenaar,3,Stage 3,0,0,0,4,0,0,0,0,4
20260280,Alex Molenaar,4,Stage 4,25,0,0,8,0,0,0,0,33
20260280,Alex Molenaar,5,Stage 5,0,0,0,8,0,0,0,0,8
20260280,Alex Molenaar,6,Stage 6,0,0,0,0,0,0,0,0,0
20260280,Alex Molenaar,7,Stage 7,0,0,0,0,0,0,0,0,0
20260280,Alex Molenaar,8,Stage 8,0,0,0,0,0,0,0,0,0
20260280,Alex Molenaar,9,Stage 9,0,0,0,0,0,0,0,0,0
20260280,Alex Molenaar,10,Stage 10,0,0,0,0,0,0,0,0,0
20260280,Alex Molenaar,11,Stage 11,0,0,0,0,0,0,0,0,0
20260280,Alex Molenaar,12,Stage 12,0,0,0,0,0,0,0,0,0
20260280,Alex Molenaar,13,Stage 13,0,0,0,0,0,0,0,0,0
20260280,Alex Molenaar,14,Stage 14,0,0,0,0,0,0,0,0,0
20260280,Alex Molenaar,15,Stage 15,0,0,0,0,0,0,0,0,0
20260280,Alex Molenaar,16,Stage 16,0,0,0,0,0,0,0,0,0
20260280,Alex Molenaar,17,Stage 17,0,0,0,0,0,0,0,0,0
20260280,Alex Molenaar,18,Stage 18,0,0,0,0,0,0,0,0,0
20260280,Alex Molenaar,19,Stage 19,0,0,0,0,0,0,0,0,0
20260280,Alex Molenaar,20,Stage 20,0,0,0,0,0,0,0,0,0
20260280,Alex Molenaar,21,Stage 21,0,0,0,0,0,0,0,0,0
20260280,Alex Molenaar,22,Final Classifications,0,0,0,0,0,0,0,0,0
20260766,Einer Rubio,1,Stage 1,0,0,0,0,0,0,0,0,0
20260766,Einer Rubio,2,Stage 2,0,0,0,0,0,0,0,0,0
20260766,Einer Rubio,3,Stage 3,0,0,0,0,0,0,0,0,0
20260766,Einer Rubio,4,Stage 4,0,0,0,0,0,0,0,2,2
20260766,Einer Rubio,5,Stage 5,0,0,0,0,0,0,0,0,0
20260766,Einer Rubio,6,Stage 6,0,0,0,0,0,0,0,0,0
20260766,Einer Rubio,7,Stage 7,0,0,0,0,0,0,0,0,0
20260766,Einer Rubio,8,Stage 8,0,0,0,0,0,0,0,0,0
20260766,Einer Rubio,9,Stage 9,0,0,0,0,0,0,0,0,0
20260766,Einer Rubio,10,Stage 10,0,0,0,0,2,0,0,0,2
20260766,Einer Rubio,11,Stage 11,0,0,0,0,0,0,0,0,0
20260766,Einer Rubio,12,Stage 12,0,0,0,0,0,0,0,0,0
20260766,Einer Rubio,13,Stage 13,0,0,0,0,0,0,0,0,0
20260766,Einer Rubio,14,Stage 14,0,0,0,0,0,4,20,0,24
20260766,Einer Rubio,15,Stage 15,20,0,0,0,8,2,20,0,50
20260766,Einer Rubio,16,Stage 16,0,0,0,0,0,0,0,0,0
20260766,Einer Rubio,17,Stage 17,0,0,0,0,0,0,20,0,20
20260766,Einer Rubio,18,Stage 18,0,0,0,0,0,0,0,0,0
20260766,Einer Rubio,19,Stage 19,0,0,0,0,0,0,0,0,0
20260766,Einer Rubio,20,Stage 20,0,0,0,0,0,0,0,0,0
20260766,Einer Rubio,21,Stage 21,0,0,0,0,0,0,0,0,0
20260766,Einer Rubio,22,Final Classifications,0,0,0,0,0,0,0,0,0
20260018,Edward Planckaert,1,Stage 1,0,0,0,0,0,0,0,10,10
20260018,Edward Planckaert,2,Stage 2,0,0,0,0,0,0,0,0,0
20260018,Edward Planckaert,3,Stage 3,0,0,0,0,0,0,0,0,0
20260018,Edward Planckaert,4,Stage 4,0,0,0,0,12,0,0,0,12
20260018,Edward Planckaert,5,Stage 5,0,0,0,0,0,0,0,0,0
20260018,Edward Planckaert,6,Stage 6,0,0,0,0,0,0,0,0,0
20260018,Edward Planckaert,7,Stage 7,0,0,0,0,0,0,0,0,0
20260018,Edward Planckaert,8,Stage 8,0,0,0,0,0,0,0,0,0
20260018,Edward Planckaert,9,Stage 9,0,0,0,0,0,0,0,8,8
20260018,Edward Planckaert,10,Stage 10,0,0,0,0,0,0,0,0,0
20260018,Edward Planckaert,11,Stage 11,0,0,0,0,0,0,0,2,2
20260018,Edward Planckaert,12,Stage 12,0,0,0,0,0,0,0,2,2
20260018,Edward Planckaert,13,Stage 13,0,0,0,0,12,0,0,0,12
20260018,Edward Planckaert,14,Stage 14,0,0,0,0,8,0,0,0,8
20260018,Edward Planckaert,15,Stage 15,0,0,0,0,5,0,0,0,5
20260018,Edward Planckaert,16,Stage 16,0,0,0,0,0,0,0,0,0
20260018,Edward Planckaert,17,Stage 17,0,0,0,0,16,0,0,8,24
20260018,Edward Planckaert,18,Stage 18,0,0,0,0,0,0,0,0,0
20260018,Edward Planckaert,19,Stage 19,0,0,0,0,0,0,0,0,0
20260018,Edward Planckaert,20,Stage 20,0,0,0,0,0,0,0,0,0
20260018,Edward Planckaert,21,Stage 21,0,0,0,0,0,0,0,12,12
20260018,Edward Planckaert,22,Final Classifications,0,0,0,0,0,0,0,0,0
20260850,Fred Wright,1,Stage 1,0,0,0,0,0,0,0,0,0
20260850,Fred Wright,2,Stage 2,0,0,0,0,0,0,0,0,0
20260850,Fred Wright,3,Stage 3,0,0,0,0,0,0,0,0,0
20260850,Fred Wright,4,Stage 4,0,0,0,0,0,0,0,0,0
20260850,Fred Wright,5,Stage 5,0,0,0,0,0,0,0,0,0
20260850,Fred Wright,6,Stage 6,0,0,0,0,0,0,0,0,0
20260850,Fred Wright,7,Stage 7,8,0,0,0,0,0,0,0,8
20260850,Fred Wright,8,Stage 8,8,0,0,0,0,0,0,0,8
20260850,Fred Wright,9,Stage 9,0,0,0,0,0,0,0,2,2
20260850,Fred Wright,10,Stage 10,0,0,0,0,0,0,0,0,0
20260850,Fred Wright,11,Stage 11,16,0,0,0,0,0,0,0,16
20260850,Fred Wright,12,Stage 12,40,0,0,0,0,0,0,0,40
20260850,Fred Wright,13,Stage 13,0,0,0,0,10,0,0,2,12
20260850,Fred Wright,14,Stage 14,0,0,0,0,0,0,0,0,0
20260850,Fred Wright,15,Stage 15,0,0,0,0,0,0,0,0,0
20260850,Fred Wright,16,Stage 16,0,0,0,0,0,0,0,0,0
20260850,Fred Wright,17,Stage 17,0,0,0,0,0,0,0,0,0
20260850,Fred Wright,18,Stage 18,0,0,0,0,0,0,0,0,0
20260850,Fred Wright,19,Stage 19,0,0,0,0,0,0,0,0,0
20260850,Fred Wright,20,Stage 20,0,0,0,0,0,0,0,0,0
20260850,Fred Wright,21,Stage 21,0,0,0,0,0,0,0,0,0
20260850,Fred Wright,22,Final Classifications,0,0,0,0,0,0,0,0,0
20261384,Aaron Gate,1,Stage 1,0,0,0,0,0,0,0,0,0
20261384,Aaron Gate,2,Stage 2,0,0,0,0,0,0,0,0,0
20261384,Aaron Gate,3,Stage 3,0,0,0,0,0,0,0,0,0
20261384,Aaron Gate,4,Stage 4,0,0,0,0,0,0,0,0,0
20261384,Aaron Gate,5,Stage 5,4,0,0,0,1,0,0,4,9
20261384,Aaron Gate,6,Stage 6,0,0,0,0,3,0,0,0,3
20261384,Aaron Gate,7,Stage 7,4,0,0,0,0,0,0,0,4
20261384,Aaron Gate,8,Stage 8,0,0,0,0,0,0,0,0,0
20261384,Aaron Gate,9,Stage 9,0,0,0,0,0,0,0,0,0
20261384,Aaron Gate,10,Stage 10,0,0,0,0,0,0,0,0,0
20261384,Aaron Gate,11,Stage 11,0,0,0,0,0,0,0,0,0
20261384,Aaron Gate,12,Stage 12,0,0,0,0,0,0,0,0,0
20261384,Aaron Gate,13,Stage 13,0,0,0,0,0,0,0,4,4
20261384,Aaron Gate,14,Stage 14,0,0,0,0,0,0,0,0,0
20261384,Aaron Gate,15,Stage 15,0,0,0,0,0,0,0,0,0
20261384,Aaron Gate,16,Stage 16,0,0,0,0,0,0,0,0,0
20261384,Aaron Gate,17,Stage 17,60,0,0,0,0,0,0,0,60
20261384,Aaron Gate,18,Stage 18,0,0,0,0,0,0,0,0,0
20261384,Aaron Gate,19,Stage 19,0,0,0,0,0,0,0,0,0
20261384,Aaron Gate,20,Stage 20,0,0,0,0,0,0,0,0,0
20261384,Aaron Gate,21,Stage 21,0,0,0,0,0,0,0,0,0
20261384,Aaron Gate,22,Final Classifications,0,0,0,0,0,0,0,0,0
20260362,Aurélien Paret-Peintre,1,Stage 1,0,0,0,0,0,0,0,15,15
20260362,Aurélien Paret-Peintre,2,Stage 2,0,0,0,0,0,0,0,0,0
20260362,Aurélien Paret-Peintre,3,Stage 3,0,0,0,0,0,0,0,0,0
20260362,Aurélien Paret-Peintre,4,Stage 4,0,0,0,0,0,0,0,0,0
20260362,Aurélien Paret-Peintre,5,Stage 5,0,0,0,0,0,0,0,8,8
20260362,Aurélien Paret-Peintre,6,Stage 6,0,0,0,0,0,0,0,0,0
20260362,Aurélien Paret-Peintre,7,Stage 7,0,0,0,0,0,0,0,0,0
20260362,Aurélien Paret-Peintre,8,Stage 8,0,0,0,0,0,0,0,2,2
20260362,Aurélien Paret-Peintre,9,Stage 9,0,0,0,0,0,0,0,0,0
20260362,Aurélien Paret-Peintre,10,Stage 10,0,0,0,0,0,0,0,2,2
20260362,Aurélien Paret-Peintre,11,Stage 11,0,0,0,0,0,0,0,4,4
20260362,Aurélien Paret-Peintre,12,Stage 12,0,0,0,0,0,0,0,4,4
20260362,Aurélien Paret-Peintre,13,Stage 13,0,0,0,0,0,0,0,0,0
20260362,Aurélien Paret-Peintre,14,Stage 14,0,0,0,0,0,0,0,2,2
20260362,Aurélien Paret-Peintre,15,Stage 15,0,0,0,0,0,0,20,0,20
20260362,Aurélien Paret-Peintre,16,Stage 16,0,0,0,0,0,0,0,0,0
20260362,Aurélien Paret-Peintre,17,Stage 17,0,0,0,0,0,0,0,2,2
20260362,Aurélien Paret-Peintre,18,Stage 18,0,0,0,0,0,0,0,0,0
20260362,Aurélien Paret-Peintre,19,Stage 19,0,0,0,0,0,0,0,0,0
20260362,Aurélien Paret-Peintre,20,Stage 20,0,0,0,0,0,0,0,0,0
20260362,Aurélien Paret-Peintre,21,Stage 21,0,0,0,0,0,0,0,0,0
20260362,Aurélien Paret-Peintre,22,Final Classifications,0,0,0,0,0,0,0,20,20
20260283,Jakub Otruba,1,Stage 1,0,0,0,0,0,0,0,0,0
20260283,Jakub Otruba,2,Stage 2,0,0,0,0,0,0,0,0,0
20260283,Jakub Otruba,3,Stage 3,0,0,0,0,0,0,0,0,0
20260283,Jakub Otruba,4,Stage 4,0,0,0,0,0,0,0,0,0
20260283,Jakub Otruba,5,Stage 5,0,0,0,0,0,0,0,0,0
20260283,Jakub Otruba,6,Stage 6,0,0,0,0,0,0,0,0,0
20260283,Jakub Otruba,7,Stage 7,0,0,0,0,16,0,20,0,36
20260283,Jakub Otruba,8,Stage 8,0,0,0,0,20,0,20,0,40
20260283,Jakub Otruba,9,Stage 9,0,0,0,0,0,0,0,0,0
20260283,Jakub Otruba,10,Stage 10,0,0,0,0,0,0,0,0,0
20260283,Jakub Otruba,11,Stage 11,0,0,0,0,0,0,0,0,0
20260283,Jakub Otruba,12,Stage 12,0,0,0,0,0,0,0,0,0
20260283,Jakub Otruba,13,Stage 13,0,0,0,0,0,0,0,0,0
20260283,Jakub Otruba,14,Stage 14,0,0,0,0,0,0,0,0,0
20260283,Jakub Otruba,15,Stage 15,0,0,0,0,0,0,0,0,0
20260283,Jakub Otruba,16,Stage 16,0,0,0,0,0,0,0,0,0
20260283,Jakub Otruba,17,Stage 17,0,0,0,0,0,0,0,0,0
20260283,Jakub Otruba,18,Stage 18,0,0,0,0,0,0,0,0,0
20260283,Jakub Otruba,19,Stage 19,0,0,0,0,0,0,0,0,0
20260283,Jakub Otruba,20,Stage 20,0,0,0,0,0,0,0,0,0
20260283,Jakub Otruba,21,Stage 21,0,0,0,0,0,0,0,0,0
20260283,Jakub Otruba,22,Final Classifications,0,0,0,0,0,0,0,0,0
20260354,Daan Hoole,1,Stage 1,0,0,0,0,0,0,0,15,15
20260354,Daan Hoole,2,Stage 2,0,0,0,0,0,0,0,0,0
20260354,Daan Hoole,3,Stage 3,0,0,0,0,0,0,0,0,0
20260354,Daan Hoole,4,Stage 4,0,0,0,0,0,0,0,0,0
20260354,Daan Hoole,5,Stage 5,0,0,0,0,0,0,0,8,8
20260354,Daan Hoole,6,Stage 6,0,0,0,0,0,0,0,0,0
20260354,Daan Hoole,7,Stage 7,0,0,0,0,0,0,0,0,0
20260354,Daan Hoole,8,Stage 8,0,0,0,0,0,0,0,2,2
20260354,Daan Hoole,9,Stage 9,0,0,0,0,0,0,0,0,0
20260354,Daan Hoole,10,Stage 10,0,0,0,0,0,0,0,2,2
20260354,Daan Hoole,11,Stage 11,0,0,0,0,0,0,0,4,4
20260354,Daan Hoole,12,Stage 12,0,0,0,0,0,0,0,4,4
20260354,Daan Hoole,13,Stage 13,0,0,0,0,0,0,0,0,0
20260354,Daan Hoole,14,Stage 14,0,0,0,0,0,0,0,2,2
20260354,Daan Hoole,15,Stage 15,0,0,0,0,0,0,0,0,0
20260354,Daan Hoole,16,Stage 16,16,0,0,0,0,0,0,0,16
20260354,Daan Hoole,17,Stage 17,0,0,0,0,0,0,0,2,2
20260354,Daan Hoole,18,Stage 18,0,0,0,0,0,0,0,0,0
20260354,Daan Hoole,19,Stage 19,0,0,0,0,0,0,0,0,0
20260354,Daan Hoole,20,Stage 20,0,0,0,0,0,0,0,0,0
20260354,Daan Hoole,21,Stage 21,0,0,0,0,0,0,0,0,0
20260354,Daan Hoole,22,Final Classifications,0,0,0,0,0,0,0,20,20
20260818,Tom Van Asbroeck,1,Stage 1,0,0,0,0,0,0,0,0,0
20260818,Tom Van Asbroeck,2,Stage 2,0,0,0,0,0,0,0,0,0
20260818,Tom Van Asbroeck,3,Stage 3,0,0,0,0,0,0,0,0,0
20260818,Tom Van Asbroeck,4,Stage 4,0,0,0,0,0,0,0,0,0
20260818,Tom Van Asbroeck,5,Stage 5,0,0,0,0,0,0,0,0,0
20260818,Tom Van Asbroeck,6,Stage 6,0,0,0,0,0,0,0,0,0
20260818,Tom Van Asbroeck,7,Stage 7,60,0,0,0,4,0,0,2,66
20260818,Tom Van Asbroeck,8,Stage 8,0,0,0,0,3,0,0,4,7
20260818,Tom Van Asbroeck,9,Stage 9,0,0,0,0,0,0,0,0,0
20260818,Tom Van Asbroeck,10,Stage 10,0,0,0,0,0,0,0,0,0
20260818,Tom Van Asbroeck,11,Stage 11,0,0,0,0,0,0,0,0,0
20260818,Tom Van Asbroeck,12,Stage 12,0,0,0,0,0,0,0,0,0
20260818,Tom Van Asbroeck,13,Stage 13,0,0,0,0,0,0,0,0,0
20260818,Tom Van Asbroeck,14,Stage 14,0,0,0,0,0,0,0,0,0
20260818,Tom Van Asbroeck,15,Stage 15,0,0,0,0,0,0,0,0,0
20260818,Tom Van Asbroeck,16,Stage 16,0,0,0,0,0,0,0,0,0
20260818,Tom Van Asbroeck,17,Stage 17,0,0,0,0,0,0,0,0,0
20260818,Tom Van Asbroeck,18,Stage 18,0,0,0,0,0,0,0,0,0
20260818,Tom Van Asbroeck,19,Stage 19,0,0,0,0,0,0,0,0,0
20260818,Tom Van Asbroeck,20,Stage 20,0,0,0,0,0,0,0,0,0
20260818,Tom Van Asbroeck,21,Stage 21,0,0,0,0,0,0,0,0,0
20260818,Tom Van Asbroeck,22,Final Classifications,0,0,0,0,0,0,0,0,0
20260411,Michael Valgren,1,Stage 1,0,0,0,0,0,0,0,0,0
20260411,Michael Valgren,2,Stage 2,0,0,0,0,0,0,0,0,0
20260411,Michael Valgren,3,Stage 3,0,0,0,0,0,0,0,2,2
20260411,Michael Valgren,4,Stage 4,0,0,0,0,0,0,0,6,6
20260411,Michael Valgren,5,Stage 5,0,0,0,0,0,0,0,6,6
20260411,Michael Valgren,6,Stage 6,0,0,0,0,0,0,0,0,0
20260411,Michael Valgren,7,Stage 7,0,0,0,0,0,0,0,0,0
20260411,Michael Valgren,8,Stage 8,0,0,0,0,0,0,0,0,0
20260411,Michael Valgren,9,Stage 9,0,0,0,0,0,0,0,0,0
20260411,Michael Valgren,10,Stage 10,0,0,0,0,0,0,0,0,0
20260411,Michael Valgren,11,Stage 11,0,0,0,0,0,0,0,0,0
20260411,Michael Valgren,12,Stage 12,0,0,0,0,0,0,0,0,0
20260411,Michael Valgren,13,Stage 13,40,0,0,0,0,0,0,0,40
20260411,Michael Valgren,14,Stage 14,0,0,0,0,0,0,0,0,0
20260411,Michael Valgren,15,Stage 15,0,0,0,0,0,0,0,0,0
20260411,Michael Valgren,16,Stage 16,0,0,0,0,0,0,0,0,0
20260411,Michael Valgren,17,Stage 17,0,0,0,0,0,0,0,0,0
20260411,Michael Valgren,18,Stage 18,0,0,0,0,0,0,0,8,8
20260411,Michael Valgren,19,Stage 19,0,0,0,0,0,0,0,2,2
20260411,Michael Valgren,20,Stage 20,0,0,0,0,0,0,0,8,8
20260411,Michael Valgren,21,Stage 21,0,0,0,0,0,0,0,0,0
20260411,Michael Valgren,22,Final Classifications,0,0,0,0,0,0,0,0,0
20260530,Ewen Costiou,1,Stage 1,0,0,0,0,0,0,0,5,5
20260530,Ewen Costiou,2,Stage 2,0,0,0,0,0,0,0,0,0
20260530,Ewen Costiou,3,Stage 3,0,0,0,0,0,0,0,0,0
20260530,Ewen Costiou,4,Stage 4,0,0,0,0,2,0,0,0,2
20260530,Ewen Costiou,5,Stage 5,0,0,0,0,0,0,0,0,0
20260530,Ewen Costiou,6,Stage 6,0,0,0,0,0,0,0,0,0
20260530,Ewen Costiou,7,Stage 7,0,0,0,0,0,0,0,0,0
20260530,Ewen Costiou,8,Stage 8,0,0,0,0,0,0,0,0,0
20260530,Ewen Costiou,9,Stage 9,0,0,0,0,0,0,0,0,0
20260530,Ewen Costiou,10,Stage 10,0,0,0,0,0,0,0,0,0
20260530,Ewen Costiou,11,Stage 11,0,0,0,0,0,0,0,0,0
20260530,Ewen Costiou,12,Stage 12,0,0,0,0,0,0,20,0,20
20260530,Ewen Costiou,13,Stage 13,0,0,0,0,0,0,0,0,0
20260530,Ewen Costiou,14,Stage 14,0,0,0,0,0,0,0,0,0
20260530,Ewen Costiou,15,Stage 15,16,0,0,0,0,0,20,0,36
20260530,Ewen Costiou,16,Stage 16,8,0,0,0,0,0,0,0,8
20260530,Ewen Costiou,17,Stage 17,0,0,0,0,0,0,0,0,0
20260530,Ewen Costiou,18,Stage 18,0,0,0,0,0,0,0,0,0
20260530,Ewen Costiou,19,Stage 19,0,0,0,0,0,0,0,0,0
20260530,Ewen Costiou,20,Stage 20,0,0,0,0,0,0,0,0,0
20260530,Ewen Costiou,21,Stage 21,0,0,0,0,0,0,0,0,0
20260530,Ewen Costiou,22,Final Classifications,0,0,0,0,0,0,0,0,0
20261318,Magnus Cort,1,Stage 1,0,0,0,0,0,0,0,0,0
20261318,Magnus Cort,2,Stage 2,0,0,0,0,0,0,0,0,0
20261318,Magnus Cort,3,Stage 3,0,0,0,0,5,0,20,0,25
20261318,Magnus Cort,4,Stage 4,0,0,0,0,0,0,0,8,8
20261318,Magnus Cort,5,Stage 5,0,0,0,0,0,0,0,8,8
20261318,Magnus Cort,6,Stage 6,0,0,0,0,0,0,0,0,0
20261318,Magnus Cort,7,Stage 7,0,0,0,0,0,0,0,4,4
20261318,Magnus Cort,8,Stage 8,0,0,0,0,0,0,0,0,0
20261318,Magnus Cort,9,Stage 9,0,0,0,0,0,0,0,4,4
20261318,Magnus Cort,10,Stage 10,0,0,0,0,0,0,0,0,0
20261318,Magnus Cort,11,Stage 11,8,0,0,0,0,0,0,8,16
20261318,Magnus Cort,12,Stage 12,0,0,0,0,0,0,0,0,0
20261318,Magnus Cort,13,Stage 13,4,0,0,0,0,0,0,0,4
20261318,Magnus Cort,14,Stage 14,0,0,0,0,0,0,0,0,0
20261318,Magnus Cort,15,Stage 15,0,0,0,0,0,0,0,0,0
20261318,Magnus Cort,16,Stage 16,0,0,0,0,0,0,0,0,0
20261318,Magnus Cort,17,Stage 17,0,0,0,0,0,0,0,0,0
20261318,Magnus Cort,18,Stage 18,0,0,0,0,0,0,0,0,0
20261318,Magnus Cort,19,Stage 19,0,0,0,0,0,0,0,0,0
20261318,Magnus Cort,20,Stage 20,0,0,0,0,0,0,0,0,0
20261318,Magnus Cort,21,Stage 21,0,0,0,0,0,0,0,0,0
20261318,Magnus Cort,22,Final Classifications,0,0,0,0,0,0,0,0,0
20261190,Alexandre Delettre,1,Stage 1,0,0,0,0,0,0,0,0,0
20261190,Alexandre Delettre,2,Stage 2,0,0,0,0,0,0,0,0,0
20261190,Alexandre Delettre,3,Stage 3,0,0,0,0,0,0,0,0,0
20261190,Alexandre Delettre,4,Stage 4,40,0,0,0,0,0,0,0,40
20261190,Alexandre Delettre,5,Stage 5,0,0,0,0,0,0,0,0,0
20261190,Alexandre Delettre,6,Stage 6,0,0,0,0,0,0,0,0,0
20261190,Alexandre Delettre,7,Stage 7,0,0,0,0,0,0,0,0,0
20261190,Alexandre Delettre,8,Stage 8,0,0,0,0,0,0,0,0,0
20261190,Alexandre Delettre,9,Stage 9,0,0,0,0,0,0,0,0,0
20261190,Alexandre Delettre,10,Stage 10,0,0,0,0,0,0,0,0,0
20261190,Alexandre Delettre,11,Stage 11,0,0,0,0,0,0,0,0,0
20261190,Alexandre Delettre,12,Stage 12,0,0,0,0,0,0,0,0,0
20261190,Alexandre Delettre,13,Stage 13,0,0,0,0,0,0,0,0,0
20261190,Alexandre Delettre,14,Stage 14,0,0,0,0,0,0,0,0,0
20261190,Alexandre Delettre,15,Stage 15,0,0,0,0,0,0,20,0,20
20261190,Alexandre Delettre,16,Stage 16,0,0,0,0,0,0,0,0,0
20261190,Alexandre Delettre,17,Stage 17,0,0,0,0,0,0,0,0,0
20261190,Alexandre Delettre,18,Stage 18,0,0,0,0,0,0,0,0,0
20261190,Alexandre Delettre,19,Stage 19,0,0,0,0,0,0,0,0,0
20261190,Alexandre Delettre,20,Stage 20,0,0,0,0,0,0,0,0,0
20261190,Alexandre Delettre,21,Stage 21,8,0,0,0,0,0,0,0,8
20261190,Alexandre Delettre,22,Final Classifications,0,0,0,0,0,0,0,0,0
20260761,Nelson Oliveira,1,Stage 1,0,0,0,0,0,0,0,0,0
20260761,Nelson Oliveira,2,Stage 2,0,0,0,0,0,0,0,0,0
20260761,Nelson Oliveira,3,Stage 3,0,0,0,0,4,0,20,0,24
20260761,Nelson Oliveira,4,Stage 4,0,0,0,0,0,0,0,2,2
20260761,Nelson Oliveira,5,Stage 5,0,0,0,0,0,0,0,0,0
20260761,Nelson Oliveira,6,Stage 6,0,0,0,0,0,0,0,0,0
20260761,Nelson Oliveira,7,Stage 7,0,0,0,0,0,0,0,0,0
20260761,Nelson Oliveira,8,Stage 8,0,0,0,0,0,0,0,0,0
20260761,Nelson Oliveira,9,Stage 9,0,0,0,0,0,0,0,0,0
20260761,Nelson Oliveira,10,Stage 10,0,0,0,0,0,0,0,0,0
20260761,Nelson Oliveira,11,Stage 11,0,0,0,0,16,0,20,0,36
20260761,Nelson Oliveira,12,Stage 12,0,0,0,0,0,0,0,0,0
20260761,Nelson Oliveira,13,Stage 13,0,0,0,0,4,0,0,0,4
20260761,Nelson Oliveira,14,Stage 14,0,0,0,0,0,0,0,0,0
20260761,Nelson Oliveira,15,Stage 15,0,0,0,0,0,0,0,0,0
20260761,Nelson Oliveira,16,Stage 16,0,0,0,0,0,0,0,0,0
20260761,Nelson Oliveira,17,Stage 17,0,0,0,0,0,0,0,0,0
20260761,Nelson Oliveira,18,Stage 18,0,0,0,0,0,0,0,0,0
20260761,Nelson Oliveira,19,Stage 19,0,0,0,0,0,0,0,0,0
20260761,Nelson Oliveira,20,Stage 20,0,0,0,0,0,0,0,0,0
20260761,Nelson Oliveira,21,Stage 21,0,0,0,0,2,0,0,0,2
20260761,Nelson Oliveira,22,Final Classifications,0,0,0,0,0,0,0,0,0
20261195,Thibault Guernalec,1,Stage 1,0,0,0,0,0,0,0,0,0
20261195,Thibault Guernalec,2,Stage 2,0,0,0,0,0,0,0,0,0
20261195,Thibault Guernalec,3,Stage 3,0,0,0,0,0,0,0,0,0
20261195,Thibault Guernalec,4,Stage 4,0,0,0,0,0,0,0,0,0
20261195,Thibault Guernalec,5,Stage 5,0,0,0,0,0,0,0,0,0
20261195,Thibault Guernalec,6,Stage 6,0,0,0,0,0,0,0,0,0
20261195,Thibault Guernalec,7,Stage 7,0,0,0,0,0,0,0,0,0
20261195,Thibault Guernalec,8,Stage 8,0,0,0,0,14,0,20,0,34
20261195,Thibault Guernalec,9,Stage 9,0,0,0,0,0,0,0,0,0
20261195,Thibault Guernalec,10,Stage 10,0,0,0,0,0,0,0,0,0
20261195,Thibault Guernalec,11,Stage 11,0,0,0,0,0,0,0,0,0
20261195,Thibault Guernalec,12,Stage 12,0,0,0,0,0,0,0,0,0
20261195,Thibault Guernalec,13,Stage 13,0,0,0,0,0,0,0,0,0
20261195,Thibault Guernalec,14,Stage 14,0,0,0,0,0,0,0,0,0
20261195,Thibault Guernalec,15,Stage 15,0,0,0,0,0,0,0,0,0
20261195,Thibault Guernalec,16,Stage 16,12,0,0,0,0,0,0,0,12
20261195,Thibault Guernalec,17,Stage 17,0,0,0,0,0,0,0,0,0
20261195,Thibault Guernalec,18,Stage 18,0,0,0,0,0,0,0,0,0
20261195,Thibault Guernalec,19,Stage 19,0,0,0,0,0,0,0,0,0
20261195,Thibault Guernalec,20,Stage 20,0,0,0,0,0,0,0,0,0
20261195,Thibault Guernalec,21,Stage 21,0,0,0,0,0,0,20,0,20
20261195,Thibault Guernalec,22,Final Classifications,0,0,0,0,0,0,0,0,0
20260137,Vlad Van Mechelen,1,Stage 1,0,0,0,0,0,0,0,0,0
20260137,Vlad Van Mechelen,2,Stage 2,0,0,0,0,0,0,0,0,0
20260137,Vlad Van Mechelen,3,Stage 3,0,0,0,1,1,4,20,0,26
20260137,Vlad Van Mechelen,4,Stage 4,35,0,0,0,0,0,0,0,35
20260137,Vlad Van Mechelen,5,Stage 5,0,0,0,0,0,0,0,0,0
20260137,Vlad Van Mechelen,6,Stage 6,0,0,0,0,0,0,0,0,0
20260137,Vlad Van Mechelen,7,Stage 7,0,0,0,0,0,0,0,0,0
20260137,Vlad Van Mechelen,8,Stage 8,0,0,0,0,0,0,0,0,0
20260137,Vlad Van Mechelen,9,Stage 9,0,0,0,0,0,0,0,0,0
20260137,Vlad Van Mechelen,10,Stage 10,0,0,0,0,0,0,0,0,0
20260137,Vlad Van Mechelen,11,Stage 11,0,0,0,0,0,0,0,0,0
20260137,Vlad Van Mechelen,12,Stage 12,0,0,0,0,0,0,0,0,0
20260137,Vlad Van Mechelen,13,Stage 13,0,0,0,0,0,0,0,0,0
20260137,Vlad Van Mechelen,14,Stage 14,0,0,0,0,0,0,0,0,0
20260137,Vlad Van Mechelen,15,Stage 15,0,0,0,0,0,0,0,0,0
20260137,Vlad Van Mechelen,16,Stage 16,0,0,0,0,0,0,0,0,0
20260137,Vlad Van Mechelen,17,Stage 17,0,0,0,0,0,0,0,0,0
20260137,Vlad Van Mechelen,18,Stage 18,0,0,0,0,0,0,0,0,0
20260137,Vlad Van Mechelen,19,Stage 19,0,0,0,0,0,0,0,4,4
20260137,Vlad Van Mechelen,20,Stage 20,0,0,0,0,0,0,0,0,0
20260137,Vlad Van Mechelen,21,Stage 21,0,0,0,0,0,0,0,0,0
20260137,Vlad Van Mechelen,22,Final Classifications,0,0,0,0,0,0,0,0,0
20260765,Javier Romo,1,Stage 1,0,0,0,0,0,0,0,0,0
20260765,Javier Romo,2,Stage 2,0,0,0,0,0,0,0,0,0
20260765,Javier Romo,3,Stage 3,0,0,0,0,0,0,0,0,0
20260765,Javier Romo,4,Stage 4,0,0,0,0,0,0,0,2,2
20260765,Javier Romo,5,Stage 5,0,0,0,0,0,0,0,0,0
20260765,Javier Romo,6,Stage 6,0,0,0,0,0,0,0,0,0
20260765,Javier Romo,7,Stage 7,0,0,0,0,0,0,0,0,0
20260765,Javier Romo,8,Stage 8,0,0,0,0,0,0,0,0,0
20260765,Javier Romo,9,Stage 9,0,0,0,0,0,0,0,0,0
20260765,Javier Romo,10,Stage 10,0,0,0,0,0,0,20,0,20
20260765,Javier Romo,11,Stage 11,0,0,0,0,0,0,0,0,0
20260765,Javier Romo,12,Stage 12,0,0,0,0,0,0,0,0,0
20260765,Javier Romo,13,Stage 13,0,0,0,0,0,0,0,0,0
20260765,Javier Romo,14,Stage 14,0,0,0,0,0,0,0,0,0
20260765,Javier Romo,15,Stage 15,0,0,0,0,0,0,0,0,0
20260765,Javier Romo,16,Stage 16,0,0,0,0,0,0,0,0,0
20260765,Javier Romo,17,Stage 17,0,0,0,0,0,0,0,0,0
20260765,Javier Romo,18,Stage 18,0,0,0,0,0,0,0,0,0
20260765,Javier Romo,19,Stage 19,30,0,0,0,0,0,0,0,30
20260765,Javier Romo,20,Stage 20,0,0,0,0,0,0,0,0,0
20260765,Javier Romo,21,Stage 21,12,0,0,0,0,0,0,0,12
20260765,Javier Romo,22,Final Classifications,0,0,0,0,0,0,0,0,0
20261317,Anthon Charmig,1,Stage 1,0,0,0,0,0,0,0,0,0
20261317,Anthon Charmig,2,Stage 2,0,0,0,0,0,0,0,0,0
20261317,Anthon Charmig,3,Stage 3,0,0,0,0,0,0,0,0,0
20261317,Anthon Charmig,4,Stage 4,0,0,0,0,0,0,0,8,8
20261317,Anthon Charmig,5,Stage 5,0,0,0,0,0,0,0,8,8
20261317,Anthon Charmig,6,Stage 6,0,0,0,0,0,0,0,0,0
20261317,Anthon Charmig,7,Stage 7,0,0,0,0,0,0,0,4,4
20261317,Anthon Charmig,8,Stage 8,0,0,0,0,0,0,0,0,0
20261317,Anthon Charmig,9,Stage 9,0,0,0,0,0,0,0,4,4
20261317,Anthon Charmig,10,Stage 10,0,0,0,0,0,0,0,0,0
20261317,Anthon Charmig,11,Stage 11,0,0,0,0,12,0,20,8,40
20261317,Anthon Charmig,12,Stage 12,0,0,0,0,0,0,0,0,0
20261317,Anthon Charmig,13,Stage 13,0,0,0,0,0,0,0,0,0
20261317,Anthon Charmig,14,Stage 14,0,0,0,0,0,0,0,0,0
20261317,Anthon Charmig,15,Stage 15,0,0,0,0,0,0,0,0,0
20261317,Anthon Charmig,16,Stage 16,0,0,0,0,0,0,0,0,0
20261317,Anthon Charmig,17,Stage 17,0,0,0,0,0,0,0,0,0
20261317,Anthon Charmig,18,Stage 18,0,0,0,0,0,0,0,0,0
20261317,Anthon Charmig,19,Stage 19,0,0,0,0,0,0,0,0,0
20261317,Anthon Charmig,20,Stage 20,0,0,0,0,0,0,0,0,0
20261317,Anthon Charmig,21,Stage 21,0,0,0,0,0,0,0,0,0
20261317,Anthon Charmig,22,Final Classifications,0,0,0,0,0,0,0,0,0
20261059,Ben O'Connor,1,Stage 1,0,0,0,0,0,0,0,0,0
20261059,Ben O'Connor,2,Stage 2,0,0,0,0,0,0,0,0,0
20261059,Ben O'Connor,3,Stage 3,0,0,0,0,0,0,0,0,0
20261059,Ben O'Connor,4,Stage 4,0,0,0,0,0,0,0,0,0
20261059,Ben O'Connor,5,Stage 5,0,0,0,0,0,0,0,0,0
20261059,Ben O'Connor,6,Stage 6,0,0,0,0,0,0,20,0,20
20261059,Ben O'Connor,7,Stage 7,0,0,0,0,0,0,0,0,0
20261059,Ben O'Connor,8,Stage 8,0,0,0,0,0,0,0,0,0
20261059,Ben O'Connor,9,Stage 9,0,0,0,0,0,0,0,0,0
20261059,Ben O'Connor,10,Stage 10,0,0,0,0,0,0,0,0,0
20261059,Ben O'Connor,11,Stage 11,0,0,0,0,0,0,0,0,0
20261059,Ben O'Connor,12,Stage 12,0,0,0,0,0,0,0,0,0
20261059,Ben O'Connor,13,Stage 13,8,0,0,0,0,0,0,8,16
20261059,Ben O'Connor,14,Stage 14,0,0,0,0,0,0,0,0,0
20261059,Ben O'Connor,15,Stage 15,0,0,0,0,0,0,0,0,0
20261059,Ben O'Connor,16,Stage 16,0,0,0,0,0,0,0,0,0
20261059,Ben O'Connor,17,Stage 17,0,0,0,0,0,0,0,4,4
20261059,Ben O'Connor,18,Stage 18,0,0,0,0,0,0,0,4,4
20261059,Ben O'Connor,19,Stage 19,0,0,0,0,0,0,0,0,0
20261059,Ben O'Connor,20,Stage 20,0,0,0,0,0,0,0,0,0
20261059,Ben O'Connor,21,Stage 21,0,0,0,0,0,0,0,0,0
20261059,Ben O'Connor,22,Final Classifications,0,15,0,0,0,0,0,0,15
20260292,Jenthe Biermans,1,Stage 1,0,0,0,0,0,0,0,0,0
20260292,Jenthe Biermans,2,Stage 2,0,0,0,0,0,0,0,0,0
20260292,Jenthe Biermans,3,Stage 3,0,0,0,0,0,0,0,0,0
20260292,Jenthe Biermans,4,Stage 4,0,0,0,0,0,0,0,0,0
20260292,Jenthe Biermans,5,Stage 5,0,0,0,0,0,0,0,0,0
20260292,Jenthe Biermans,6,Stage 6,0,0,0,0,0,0,0,0,0
20260292,Jenthe Biermans,7,Stage 7,0,0,0,0,0,0,0,0,0
20260292,Jenthe Biermans,8,Stage 8,0,0,0,0,0,0,0,0,0
20260292,Jenthe Biermans,9,Stage 9,0,0,0,0,0,0,0,0,0
20260292,Jenthe Biermans,10,Stage 10,0,0,0,0,0,0,0,0,0
20260292,Jenthe Biermans,11,Stage 11,20,0,0,0,0,0,0,0,20
20260292,Jenthe Biermans,12,Stage 12,35,0,0,0,0,0,0,0,35
20260292,Jenthe Biermans,13,Stage 13,0,0,0,0,0,0,0,0,0
20260292,Jenthe Biermans,14,Stage 14,0,0,0,0,0,0,0,0,0
20260292,Jenthe Biermans,15,Stage 15,0,0,0,0,0,0,0,0,0
20260292,Jenthe Biermans,16,Stage 16,0,0,0,0,0,0,0,0,0
20260292,Jenthe Biermans,17,Stage 17,0,0,0,0,0,0,0,0,0
20260292,Jenthe Biermans,18,Stage 18,0,0,0,0,0,0,0,0,0
20260292,Jenthe Biermans,19,Stage 19,0,0,0,0,0,0,0,0,0
20260292,Jenthe Biermans,20,Stage 20,0,0,0,0,0,0,0,0,0
20260292,Jenthe Biermans,21,Stage 21,0,0,0,0,4,0,0,0,4
20260292,Jenthe Biermans,22,Final Classifications,0,0,0,0,0,0,0,0,0
20260346,Cees Bol,1,Stage 1,0,0,0,0,0,0,0,15,15
20260346,Cees Bol,2,Stage 2,0,0,0,0,0,0,0,0,0
20260346,Cees Bol,3,Stage 3,0,0,0,0,0,0,0,0,0
20260346,Cees Bol,4,Stage 4,0,0,0,0,0,0,0,0,0
20260346,Cees Bol,5,Stage 5,0,0,0,0,0,0,0,8,8
20260346,Cees Bol,6,Stage 6,0,0,0,0,0,0,0,0,0
20260346,Cees Bol,7,Stage 7,0,0,0,0,0,0,0,0,0
20260346,Cees Bol,8,Stage 8,0,0,0,0,0,0,0,2,2
20260346,Cees Bol,9,Stage 9,0,0,0,0,0,0,0,0,0
20260346,Cees Bol,10,Stage 10,0,0,0,0,0,0,0,2,2
20260346,Cees Bol,11,Stage 11,0,0,0,0,0,0,0,4,4
20260346,Cees Bol,12,Stage 12,0,0,0,0,0,0,0,4,4
20260346,Cees Bol,13,Stage 13,0,0,0,0,0,0,0,0,0
20260346,Cees Bol,14,Stage 14,0,0,0,0,0,0,0,2,2
20260346,Cees Bol,15,Stage 15,0,0,0,0,0,0,0,0,0
20260346,Cees Bol,16,Stage 16,0,0,0,0,0,0,0,0,0
20260346,Cees Bol,17,Stage 17,0,0,0,0,0,0,0,2,2
20260346,Cees Bol,18,Stage 18,0,0,0,0,0,0,0,0,0
20260346,Cees Bol,19,Stage 19,0,0,0,0,0,0,0,0,0
20260346,Cees Bol,20,Stage 20,0,0,0,0,0,0,0,0,0
20260346,Cees Bol,21,Stage 21,0,0,0,0,0,0,0,0,0
20260346,Cees Bol,22,Final Classifications,0,0,0,0,0,0,0,20,20
20260578,Michał Kwiatkowski,1,Stage 1,0,0,0,0,0,0,0,40,40
20260578,Michał Kwiatkowski,2,Stage 2,0,0,0,0,0,0,0,4,4
20260578,Michał Kwiatkowski,3,Stage 3,0,0,0,0,0,0,0,0,0
20260578,Michał Kwiatkowski,4,Stage 4,0,0,0,0,0,0,0,0,0
20260578,Michał Kwiatkowski,5,Stage 5,0,0,0,0,0,0,0,0,0
20260578,Michał Kwiatkowski,6,Stage 6,0,0,0,0,0,0,0,0,0
20260578,Michał Kwiatkowski,7,Stage 7,0,0,0,0,0,0,0,0,0
20260578,Michał Kwiatkowski,8,Stage 8,0,0,0,0,0,0,0,0,0
20260578,Michał Kwiatkowski,9,Stage 9,0,0,0,0,0,0,0,0,0
20260578,Michał Kwiatkowski,10,Stage 10,0,0,0,0,0,0,0,0,0
20260578,Michał Kwiatkowski,11,Stage 11,0,0,0,0,0,0,0,0,0
20260578,Michał Kwiatkowski,12,Stage 12,0,0,0,0,0,0,0,0,0
20260578,Michał Kwiatkowski,13,Stage 13,0,0,0,0,0,0,0,0,0
20260578,Michał Kwiatkowski,14,Stage 14,0,0,0,0,0,0,0,0,0
20260578,Michał Kwiatkowski,15,Stage 15,0,0,0,0,0,0,0,0,0
20260578,Michał Kwiatkowski,16,Stage 16,0,0,0,0,0,0,0,0,0
20260578,Michał Kwiatkowski,17,Stage 17,0,0,0,0,12,0,0,0,12
20260578,Michał Kwiatkowski,18,Stage 18,0,0,0,0,0,0,0,0,0
20260578,Michał Kwiatkowski,19,Stage 19,0,0,0,0,0,0,0,0,0
20260578,Michał Kwiatkowski,20,Stage 20,0,0,0,0,0,0,0,0,0
20260578,Michał Kwiatkowski,21,Stage 21,0,0,0,0,0,0,0,0,0
20260578,Michał Kwiatkowski,22,Final Classifications,0,0,0,0,0,0,0,0,0
20261111,Frank Van Den Broek,1,Stage 1,0,0,0,0,0,0,0,0,0
20261111,Frank Van Den Broek,2,Stage 2,0,0,0,2,14,0,20,0,36
20261111,Frank Van Den Broek,3,Stage 3,0,0,0,0,0,0,0,0,0
20261111,Frank Van Den Broek,4,Stage 4,20,0,0,0,0,0,0,0,20
20261111,Frank Van Den Broek,5,Stage 5,0,0,0,0,0,0,0,0,0
20261111,Frank Van Den Broek,6,Stage 6,0,0,0,0,0,0,0,0,0
20261111,Frank Van Den Broek,7,Stage 7,0,0,0,0,0,0,0,0,0
20261111,Frank Van Den Broek,8,Stage 8,0,0,0,0,0,0,0,0,0
20261111,Frank Van Den Broek,9,Stage 9,0,0,0,0,0,0,0,0,0
20261111,Frank Van Den Broek,10,Stage 10,0,0,0,0,0,0,0,0,0
20261111,Frank Van Den Broek,11,Stage 11,0,0,0,0,0,0,0,0,0
20261111,Frank Van Den Broek,12,Stage 12,0,0,0,0,0,0,0,0,0
20261111,Frank Van Den Broek,13,Stage 13,0,0,0,0,0,0,0,0,0
20261111,Frank Van Den Broek,14,Stage 14,0,0,0,0,0,0,0,0,0
20261111,Frank Van Den Broek,15,Stage 15,0,0,0,0,0,0,0,0,0
20261111,Frank Van Den Broek,16,Stage 16,0,0,0,0,0,0,0,0,0
20261111,Frank Van Den Broek,17,Stage 17,0,0,0,0,0,0,0,0,0
20261111,Frank Van Den Broek,18,Stage 18,0,0,0,0,0,0,0,0,0
20261111,Frank Van Den Broek,19,Stage 19,0,0,0,0,0,0,0,0,0
20261111,Frank Van Den Broek,20,Stage 20,0,0,0,0,0,0,0,0,0
20261111,Frank Van Den Broek,21,Stage 21,0,0,0,0,0,0,0,0,0
20261111,Frank Van Den Broek,22,Final Classifications,0,0,0,0,0,0,0,0,0
20261189,Joris Delbove,1,Stage 1,0,0,0,0,0,0,0,0,0
20261189,Joris Delbove,2,Stage 2,0,0,0,0,0,0,0,0,0
20261189,Joris Delbove,3,Stage 3,0,0,0,0,16,0,20,0,36
20261189,Joris Delbove,4,Stage 4,0,0,0,0,0,0,0,0,0
20261189,Joris Delbove,5,Stage 5,0,0,0,0,0,0,0,0,0
20261189,Joris Delbove,6,Stage 6,0,0,0,0,0,0,0,0,0
20261189,Joris Delbove,7,Stage 7,0,0,0,0,0,0,0,0,0
20261189,Joris Delbove,8,Stage 8,0,0,0,0,0,0,0,0,0
20261189,Joris Delbove,9,Stage 9,0,0,0,0,0,0,0,0,0
20261189,Joris Delbove,10,Stage 10,0,0,0,0,0,0,0,0,0
20261189,Joris Delbove,11,Stage 11,0,0,0,0,0,0,0,0,0
20261189,Joris Delbove,12,Stage 12,0,0,0,0,0,0,0,0,0
20261189,Joris Delbove,13,Stage 13,0,0,0,0,0,0,0,0,0
20261189,Joris Delbove,14,Stage 14,0,0,0,0,0,0,0,0,0
20261189,Joris Delbove,15,Stage 15,0,0,0,0,0,0,0,0,0
20261189,Joris Delbove,16,Stage 16,0,0,0,0,0,0,0,0,0
20261189,Joris Delbove,17,Stage 17,20,0,0,0,0,0,0,0,20
20261189,Joris Delbove,18,Stage 18,0,0,0,0,0,0,0,0,0
20261189,Joris Delbove,19,Stage 19,0,0,0,0,0,0,0,0,0
20261189,Joris Delbove,20,Stage 20,0,0,0,0,0,0,0,0,0
20261189,Joris Delbove,21,Stage 21,0,0,0,0,0,0,0,0,0
20261189,Joris Delbove,22,Final Classifications,0,0,0,0,0,0,0,0,0
20260693,Liam Slock,1,Stage 1,0,0,0,0,0,0,0,0,0
20260693,Liam Slock,2,Stage 2,0,0,0,0,0,0,0,0,0
20260693,Liam Slock,3,Stage 3,0,0,0,0,0,0,0,0,0
20260693,Liam Slock,4,Stage 4,0,0,0,0,0,0,0,0,0
20260693,Liam Slock,5,Stage 5,0,0,0,0,0,0,0,0,0
20260693,Liam Slock,6,Stage 6,0,0,0,0,0,0,0,0,0
20260693,Liam Slock,7,Stage 7,0,0,0,0,0,0,0,0,0
20260693,Liam Slock,8,Stage 8,0,0,0,0,16,0,20,0,36
20260693,Liam Slock,9,Stage 9,0,0,0,0,0,0,0,0,0
20260693,Liam Slock,10,Stage 10,0,0,0,0,3,0,0,0,3
20260693,Liam Slock,11,Stage 11,0,0,0,0,10,0,0,0,10
20260693,Liam Slock,12,Stage 12,0,0,0,0,5,0,0,0,5
20260693,Liam Slock,13,Stage 13,0,0,0,0,0,0,0,0,0
20260693,Liam Slock,14,Stage 14,0,0,0,0,0,0,0,0,0
20260693,Liam Slock,15,Stage 15,0,0,0,0,0,0,0,0,0
20260693,Liam Slock,16,Stage 16,0,0,0,0,0,0,0,0,0
20260693,Liam Slock,17,Stage 17,0,0,0,0,0,0,0,0,0
20260693,Liam Slock,18,Stage 18,0,0,0,0,0,0,0,0,0
20260693,Liam Slock,19,Stage 19,0,0,0,0,0,0,0,0,0
20260693,Liam Slock,20,Stage 20,0,0,0,0,0,0,0,0,0
20260693,Liam Slock,21,Stage 21,0,0,0,0,0,0,0,0,0
20260693,Liam Slock,22,Final Classifications,0,0,0,0,0,0,0,0,0
20261326,Anders Halland Johannessen,1,Stage 1,0,0,0,0,0,0,0,0,0
20261326,Anders Halland Johannessen,2,Stage 2,0,0,0,0,0,0,0,0,0
20261326,Anders Halland Johannessen,3,Stage 3,0,0,0,0,0,0,0,0,0
20261326,Anders Halland Johannessen,4,Stage 4,0,0,0,0,0,0,0,8,8
20261326,Anders Halland Johannessen,5,Stage 5,0,0,0,0,0,0,0,8,8
20261326,Anders Halland Johannessen,6,Stage 6,0,0,0,0,0,0,0,0,0
20261326,Anders Halland Johannessen,7,Stage 7,0,0,0,0,0,0,0,4,4
20261326,Anders Halland Johannessen,8,Stage 8,0,0,0,0,0,0,0,0,0
20261326,Anders Halland Johannessen,9,Stage 9,0,0,0,0,0,0,0,4,4
20261326,Anders Halland Johannessen,10,Stage 10,0,0,0,0,0,0,0,0,0
20261326,Anders Halland Johannessen,11,Stage 11,0,0,0,0,0,0,0,8,8
20261326,Anders Halland Johannessen,12,Stage 12,0,0,0,0,0,0,0,0,0
20261326,Anders Halland Johannessen,13,Stage 13,0,0,0,0,0,0,0,0,0
20261326,Anders Halland Johannessen,14,Stage 14,0,0,0,0,0,2,20,0,22
20261326,Anders Halland Johannessen,15,Stage 15,0,0,0,0,0,0,0,0,0
20261326,Anders Halland Johannessen,16,Stage 16,0,0,0,0,0,0,0,0,0
20261326,Anders Halland Johannessen,17,Stage 17,0,0,0,0,0,0,0,0,0
20261326,Anders Halland Johannessen,18,Stage 18,0,0,0,0,0,0,0,0,0
20261326,Anders Halland Johannessen,19,Stage 19,0,0,0,0,0,0,0,0,0
20261326,Anders Halland Johannessen,20,Stage 20,0,0,0,0,0,0,0,0,0
20261326,Anders Halland Johannessen,21,Stage 21,0,0,0,0,0,0,0,0,0
20261326,Anders Halland Johannessen,22,Final Classifications,0,0,0,0,0,0,0,0,0
20260544,Guillaume Martin,1,Stage 1,0,0,0,0,0,0,0,5,5
20260544,Guillaume Martin,2,Stage 2,0,0,0,0,0,0,0,0,0
20260544,Guillaume Martin,3,Stage 3,0,0,0,0,0,0,0,0,0
20260544,Guillaume Martin,4,Stage 4,0,0,0,0,0,0,0,0,0
20260544,Guillaume Martin,5,Stage 5,0,0,0,0,0,0,0,0,0
20260544,Guillaume Martin,6,Stage 6,0,0,0,0,0,0,0,0,0
20260544,Guillaume Martin,7,Stage 7,0,0,0,0,0,0,0,0,0
20260544,Guillaume Martin,8,Stage 8,0,0,0,0,0,0,0,0,0
20260544,Guillaume Martin,9,Stage 9,0,0,0,0,0,0,0,0,0
20260544,Guillaume Martin,10,Stage 10,0,0,0,0,0,0,0,0,0
20260544,Guillaume Martin,11,Stage 11,0,0,0,0,0,0,0,0,0
20260544,Guillaume Martin,12,Stage 12,0,0,0,0,0,0,0,0,0
20260544,Guillaume Martin,13,Stage 13,0,0,0,0,0,0,0,0,0
20260544,Guillaume Martin,14,Stage 14,0,0,0,0,0,0,0,0,0
20260544,Guillaume Martin,15,Stage 15,0,0,0,0,0,0,20,0,20
20260544,Guillaume Martin,16,Stage 16,0,0,0,0,0,0,0,0,0
20260544,Guillaume Martin,17,Stage 17,8,0,0,0,0,0,20,0,28
20260544,Guillaume Martin,18,Stage 18,0,0,0,0,0,0,0,0,0
20260544,Guillaume Martin,19,Stage 19,0,0,0,0,0,0,0,0,0
20260544,Guillaume Martin,20,Stage 20,0,0,0,0,0,0,0,0,0
20260544,Guillaume Martin,21,Stage 21,0,0,0,0,0,0,0,0,0
20260544,Guillaume Martin,22,Final Classifications,0,0,0,0,0,0,0,0,0
20261209,Mattéo Vercher,1,Stage 1,0,0,0,0,0,0,0,0,0
20261209,Mattéo Vercher,2,Stage 2,0,0,0,0,0,0,0,0,0
20261209,Mattéo Vercher,3,Stage 3,0,0,0,0,10,2,20,0,32
20261209,Mattéo Vercher,4,Stage 4,0,0,0,0,0,0,0,0,0
20261209,Mattéo Vercher,5,Stage 5,0,0,0,0,0,0,0,0,0
20261209,Mattéo Vercher,6,Stage 6,0,0,0,0,0,0,0,0,0
20261209,Mattéo Vercher,7,Stage 7,0,0,0,0,0,0,0,0,0
20261209,Mattéo Vercher,8,Stage 8,0,0,0,0,0,0,0,0,0
20261209,Mattéo Vercher,9,Stage 9,0,0,0,0,0,0,0,0,0
20261209,Mattéo Vercher,10,Stage 10,0,0,0,0,0,0,0,0,0
20261209,Mattéo Vercher,11,Stage 11,0,0,0,0,0,0,0,0,0
20261209,Mattéo Vercher,12,Stage 12,0,0,0,0,0,0,20,0,20
20261209,Mattéo Vercher,13,Stage 13,0,0,0,0,0,0,0,0,0
20261209,Mattéo Vercher,14,Stage 14,0,0,0,0,0,0,0,0,0
20261209,Mattéo Vercher,15,Stage 15,0,0,0,0,0,0,0,0,0
20261209,Mattéo Vercher,16,Stage 16,0,0,0,0,0,0,0,0,0
20261209,Mattéo Vercher,17,Stage 17,0,0,0,0,0,0,0,0,0
20261209,Mattéo Vercher,18,Stage 18,0,0,0,0,0,0,0,0,0
20261209,Mattéo Vercher,19,Stage 19,0,0,0,0,0,0,0,0,0
20261209,Mattéo Vercher,20,Stage 20,0,0,0,0,0,0,0,0,0
20261209,Mattéo Vercher,21,Stage 21,0,0,0,0,0,0,0,0,0
20261209,Mattéo Vercher,22,Final Classifications,0,0,0,0,0,0,0,0,0
20260291,Alex Aranburu,1,Stage 1,0,0,0,0,0,0,0,0,0
20260291,Alex Aranburu,2,Stage 2,0,0,0,0,0,0,0,0,0
20260291,Alex Aranburu,3,Stage 3,0,0,0,0,0,0,20,0,20
20260291,Alex Aranburu,4,Stage 4,0,0,0,0,0,0,0,0,0
20260291,Alex Aranburu,5,Stage 5,0,0,0,0,0,0,0,0,0
20260291,Alex Aranburu,6,Stage 6,0,0,0,0,0,0,0,0,0
20260291,Alex Aranburu,7,Stage 7,0,0,0,0,0,0,0,0,0
20260291,Alex Aranburu,8,Stage 8,0,0,0,0,0,0,0,0,0
20260291,Alex Aranburu,9,Stage 9,30,0,0,0,0,0,0,0,30
20260291,Alex Aranburu,10,Stage 10,0,0,0,0,0,0,0,0,0
20260291,Alex Aranburu,11,Stage 11,0,0,0,0,0,0,0,0,0
20260291,Alex Aranburu,12,Stage 12,0,0,0,0,0,0,0,0,0
20260291,Alex Aranburu,13,Stage 13,0,0,0,0,0,0,0,0,0
20260291,Alex Aranburu,14,Stage 14,0,0,0,0,0,0,0,0,0
20260291,Alex Aranburu,15,Stage 15,0,0,0,0,0,0,0,0,0
20260291,Alex Aranburu,16,Stage 16,0,0,0,0,0,0,0,0,0
20260291,Alex Aranburu,17,Stage 17,0,0,0,0,0,0,0,0,0
20260291,Alex Aranburu,18,Stage 18,0,0,0,0,0,0,0,0,0
20260291,Alex Aranburu,19,Stage 19,0,0,0,0,0,0,0,0,0
20260291,Alex Aranburu,20,Stage 20,0,0,0,0,0,0,0,0,0
20260291,Alex Aranburu,21,Stage 21,0,0,0,0,0,0,0,0,0
20260291,Alex Aranburu,22,Final Classifications,0,0,0,0,0,0,0,0,0
20261229,Michael Storer,1,Stage 1,0,0,0,0,0,0,0,0,0
20261229,Michael Storer,2,Stage 2,0,0,0,0,0,0,0,0,0
20261229,Michael Storer,3,Stage 3,0,0,0,0,12,0,20,0,32
20261229,Michael Storer,4,Stage 4,0,0,0,0,0,0,0,0,0
20261229,Michael Storer,5,Stage 5,0,0,0,0,0,0,0,0,0
20261229,Michael Storer,6,Stage 6,0,0,0,0,0,0,0,0,0
20261229,Michael Storer,7,Stage 7,0,0,0,0,0,0,0,0,0
20261229,Michael Storer,8,Stage 8,0,0,0,0,0,0,0,0,0
20261229,Michael Storer,9,Stage 9,0,0,0,0,0,0,0,0,0
20261229,Michael Storer,10,Stage 10,0,0,0,0,0,0,0,0,0
20261229,Michael Storer,11,Stage 11,0,0,0,0,0,0,0,0,0
20261229,Michael Storer,12,Stage 12,0,0,0,0,0,0,0,0,0
20261229,Michael Storer,13,Stage 13,0,0,0,0,0,0,0,0,0
20261229,Michael Storer,14,Stage 14,0,0,0,0,0,0,0,0,0
20261229,Michael Storer,15,Stage 15,0,0,0,0,0,0,0,0,0
20261229,Michael Storer,16,Stage 16,0,0,0,0,0,0,0,0,0
20261229,Michael Storer,17,Stage 17,0,0,0,0,0,0,0,0,0
20261229,Michael Storer,18,Stage 18,0,0,0,0,0,0,0,0,0
20261229,Michael Storer,19,Stage 19,0,0,0,0,0,0,0,0,0
20261229,Michael Storer,20,Stage 20,16,0,0,0,0,0,0,0,16
20261229,Michael Storer,21,Stage 21,0,0,0,0,0,0,0,0,0
20261229,Michael Storer,22,Final Classifications,0,0,0,0,0,0,0,0,0
20260264,Abel Balderstone,1,Stage 1,0,0,0,0,0,0,0,0,0
20260264,Abel Balderstone,2,Stage 2,0,0,0,0,0,0,0,0,0
20260264,Abel Balderstone,3,Stage 3,0,0,0,0,3,0,20,0,23
20260264,Abel Balderstone,4,Stage 4,0,0,0,0,0,0,0,0,0
20260264,Abel Balderstone,5,Stage 5,0,0,0,0,0,0,0,0,0
20260264,Abel Balderstone,6,Stage 6,0,0,0,0,0,0,0,0,0
20260264,Abel Balderstone,7,Stage 7,0,0,0,0,0,0,0,0,0
20260264,Abel Balderstone,8,Stage 8,0,0,0,0,0,0,0,0,0
20260264,Abel Balderstone,9,Stage 9,0,0,0,0,0,0,0,0,0
20260264,Abel Balderstone,10,Stage 10,0,0,0,0,0,0,0,0,0
20260264,Abel Balderstone,11,Stage 11,0,0,0,0,0,0,0,0,0
20260264,Abel Balderstone,12,Stage 12,0,0,0,0,0,0,0,0,0
20260264,Abel Balderstone,13,Stage 13,0,0,0,0,0,0,0,0,0
20260264,Abel Balderstone,14,Stage 14,0,0,0,0,0,0,0,0,0
20260264,Abel Balderstone,15,Stage 15,0,0,0,0,0,0,0,0,0
20260264,Abel Balderstone,16,Stage 16,0,0,0,0,0,0,0,0,0
20260264,Abel Balderstone,17,Stage 17,25,0,0,0,0,0,0,0,25
20260264,Abel Balderstone,18,Stage 18,0,0,0,0,0,0,0,0,0
20260264,Abel Balderstone,19,Stage 19,0,0,0,0,0,0,0,0,0
20260264,Abel Balderstone,20,Stage 20,0,0,0,0,0,0,0,0,0
20260264,Abel Balderstone,21,Stage 21,0,0,0,0,0,0,0,0,0
20260264,Abel Balderstone,22,Final Classifications,0,0,0,0,0,0,0,0,0
20260016,Tim Marsman,1,Stage 1,0,0,0,0,0,0,0,10,10
20260016,Tim Marsman,2,Stage 2,0,0,0,0,0,0,0,0,0
20260016,Tim Marsman,3,Stage 3,0,0,0,0,0,0,0,0,0
20260016,Tim Marsman,4,Stage 4,0,0,0,0,0,0,0,0,0
20260016,Tim Marsman,5,Stage 5,0,0,0,0,2,0,0,0,2
20260016,Tim Marsman,6,Stage 6,0,0,0,0,0,0,0,0,0
20260016,Tim Marsman,7,Stage 7,0,0,0,0,0,0,0,0,0
20260016,Tim Marsman,8,Stage 8,0,0,0,0,0,0,0,0,0
20260016,Tim Marsman,9,Stage 9,0,0,0,0,0,0,0,8,8
20260016,Tim Marsman,10,Stage 10,0,0,0,0,0,0,0,0,0
20260016,Tim Marsman,11,Stage 11,0,0,0,0,0,0,0,2,2
20260016,Tim Marsman,12,Stage 12,0,0,0,0,0,0,0,2,2
20260016,Tim Marsman,13,Stage 13,0,0,0,0,0,0,0,0,0
20260016,Tim Marsman,14,Stage 14,0,0,0,0,4,0,0,0,4
20260016,Tim Marsman,15,Stage 15,0,0,0,0,0,0,0,0,0
20260016,Tim Marsman,16,Stage 16,0,0,0,0,0,0,0,0,0
20260016,Tim Marsman,17,Stage 17,0,0,0,0,0,0,0,8,8
20260016,Tim Marsman,18,Stage 18,0,0,0,0,0,0,0,0,0
20260016,Tim Marsman,19,Stage 19,0,0,0,0,0,0,0,0,0
20260016,Tim Marsman,20,Stage 20,0,0,0,0,0,0,0,0,0
20260016,Tim Marsman,21,Stage 21,0,0,0,0,0,0,0,12,12
20260016,Tim Marsman,22,Final Classifications,0,0,0,0,0,0,0,0,0
20260795,George Bennett,1,Stage 1,0,0,0,0,0,0,0,0,0
20260795,George Bennett,2,Stage 2,0,0,0,0,0,0,0,0,0
20260795,George Bennett,3,Stage 3,0,0,0,0,0,0,20,0,20
20260795,George Bennett,4,Stage 4,0,0,0,0,0,0,0,0,0
20260795,George Bennett,5,Stage 5,0,0,0,0,0,0,0,0,0
20260795,George Bennett,6,Stage 6,0,0,0,0,0,0,0,0,0
20260795,George Bennett,7,Stage 7,0,0,0,0,0,0,0,2,2
20260795,George Bennett,8,Stage 8,0,0,0,0,0,0,0,4,4
20260795,George Bennett,9,Stage 9,0,0,0,0,0,0,0,0,0
20260795,George Bennett,10,Stage 10,0,0,0,0,0,0,0,0,0
20260795,George Bennett,11,Stage 11,0,0,0,0,0,0,0,0,0
20260795,George Bennett,12,Stage 12,0,0,0,0,0,0,0,0,0
20260795,George Bennett,13,Stage 13,20,0,0,0,0,0,0,0,20
20260795,George Bennett,14,Stage 14,0,0,0,0,0,0,0,0,0
20260795,George Bennett,15,Stage 15,0,0,0,0,0,0,0,0,0
20260795,George Bennett,16,Stage 16,0,0,0,0,0,0,0,0,0
20260795,George Bennett,17,Stage 17,0,0,0,0,0,0,0,0,0
20260795,George Bennett,18,Stage 18,0,0,0,0,0,0,0,0,0
20260795,George Bennett,19,Stage 19,0,0,0,0,0,0,0,0,0
20260795,George Bennett,20,Stage 20,0,0,0,0,0,0,0,0,0
20260795,George Bennett,21,Stage 21,0,0,0,0,0,0,0,0,0
20260795,George Bennett,22,Final Classifications,0,0,0,0,0,0,0,0,0
20260959,Louis Vervaeke,1,Stage 1,0,0,0,0,0,0,0,0,0
20260959,Louis Vervaeke,2,Stage 2,0,0,0,0,0,0,0,0,0
20260959,Louis Vervaeke,3,Stage 3,0,0,0,0,0,0,20,0,20
20260959,Louis Vervaeke,4,Stage 4,0,0,0,0,0,0,0,0,0
20260959,Louis Vervaeke,5,Stage 5,0,0,0,0,0,0,0,2,2
20260959,Louis Vervaeke,6,Stage 6,0,0,0,0,0,0,0,0,0
20260959,Louis Vervaeke,7,Stage 7,0,0,0,0,0,0,0,8,8
20260959,Louis Vervaeke,8,Stage 8,0,0,0,0,0,0,0,8,8
20260959,Louis Vervaeke,9,Stage 9,0,0,0,0,0,0,0,0,0
20260959,Louis Vervaeke,10,Stage 10,0,0,0,0,0,0,0,0,0
20260959,Louis Vervaeke,11,Stage 11,0,0,0,0,0,0,0,0,0
20260959,Louis Vervaeke,12,Stage 12,0,0,0,0,0,0,0,8,8
20260959,Louis Vervaeke,13,Stage 13,0,0,0,0,0,0,0,0,0
20260959,Louis Vervaeke,14,Stage 14,0,0,0,0,0,0,0,0,0
20260959,Louis Vervaeke,15,Stage 15,0,0,0,0,0,0,0,0,0
20260959,Louis Vervaeke,16,Stage 16,0,0,0,0,0,0,0,0,0
20260959,Louis Vervaeke,17,Stage 17,0,0,0,0,0,0,0,0,0
20260959,Louis Vervaeke,18,Stage 18,0,0,0,0,0,0,0,0,0
20260959,Louis Vervaeke,19,Stage 19,0,0,0,0,0,0,0,0,0
20260959,Louis Vervaeke,20,Stage 20,0,0,0,0,0,0,0,0,0
20260959,Louis Vervaeke,21,Stage 21,0,0,0,0,0,0,0,0,0
20260959,Louis Vervaeke,22,Final Classifications,0,0,0,0,0,0,0,0,0
20260388,Kasper Asgreen,1,Stage 1,0,0,0,0,0,0,0,0,0
20260388,Kasper Asgreen,2,Stage 2,0,0,0,0,0,0,0,0,0
20260388,Kasper Asgreen,3,Stage 3,0,0,0,0,0,0,0,2,2
20260388,Kasper Asgreen,4,Stage 4,0,0,0,0,0,0,0,6,6
20260388,Kasper Asgreen,5,Stage 5,0,0,0,0,0,0,0,6,6
20260388,Kasper Asgreen,6,Stage 6,0,0,0,0,0,0,0,0,0
20260388,Kasper Asgreen,7,Stage 7,0,0,0,0,0,0,0,0,0
20260388,Kasper Asgreen,8,Stage 8,0,0,0,0,0,0,0,0,0
20260388,Kasper Asgreen,9,Stage 9,0,0,0,0,0,0,0,0,0
20260388,Kasper Asgreen,10,Stage 10,0,0,0,0,0,0,0,0,0
20260388,Kasper Asgreen,11,Stage 11,4,0,0,0,0,0,0,0,4
20260388,Kasper Asgreen,12,Stage 12,8,0,0,0,0,0,0,0,8
20260388,Kasper Asgreen,13,Stage 13,0,0,0,0,1,0,0,0,1
20260388,Kasper Asgreen,14,Stage 14,0,0,0,0,0,0,0,0,0
20260388,Kasper Asgreen,15,Stage 15,0,0,0,0,0,0,0,0,0
20260388,Kasper Asgreen,16,Stage 16,0,0,0,0,0,0,0,0,0
20260388,Kasper Asgreen,17,Stage 17,0,0,0,0,0,0,0,0,0
20260388,Kasper Asgreen,18,Stage 18,0,0,0,0,0,0,0,8,8
20260388,Kasper Asgreen,19,Stage 19,0,0,0,0,0,0,0,2,2
20260388,Kasper Asgreen,20,Stage 20,0,0,0,0,0,0,0,8,8
20260388,Kasper Asgreen,21,Stage 21,0,0,0,0,0,0,0,0,0
20260388,Kasper Asgreen,22,Final Classifications,0,0,0,0,0,0,0,0,0
20261386,Sergio Higuita,1,Stage 1,0,0,0,0,0,0,0,0,0
20261386,Sergio Higuita,2,Stage 2,8,0,0,0,0,0,0,0,8
20261386,Sergio Higuita,3,Stage 3,25,3,0,0,0,0,0,0,28
20261386,Sergio Higuita,4,Stage 4,0,0,0,0,0,0,0,0,0
20261386,Sergio Higuita,5,Stage 5,0,0,0,0,0,0,0,4,4
20261386,Sergio Higuita,6,Stage 6,0,0,0,0,0,0,0,0,0
20261386,Sergio Higuita,7,Stage 7,0,0,0,0,0,0,0,0,0
20261386,Sergio Higuita,8,Stage 8,0,0,0,0,0,0,0,0,0
20261386,Sergio Higuita,9,Stage 9,0,0,0,0,0,0,0,0,0
20261386,Sergio Higuita,10,Stage 10,0,0,0,0,0,0,0,0,0
20261386,Sergio Higuita,11,Stage 11,0,0,0,0,0,0,0,0,0
20261386,Sergio Higuita,12,Stage 12,0,0,0,0,0,0,0,0,0
20261386,Sergio Higuita,13,Stage 13,0,0,0,0,0,0,0,4,4
20261386,Sergio Higuita,14,Stage 14,0,0,0,0,0,0,0,0,0
20261386,Sergio Higuita,15,Stage 15,0,0,0,0,0,0,0,0,0
20261386,Sergio Higuita,16,Stage 16,0,0,0,0,0,0,0,0,0
20261386,Sergio Higuita,17,Stage 17,0,0,0,0,0,0,0,0,0
20261386,Sergio Higuita,18,Stage 18,0,0,0,0,0,0,0,0,0
20261386,Sergio Higuita,19,Stage 19,0,0,0,0,0,0,0,0,0
20261386,Sergio Higuita,20,Stage 20,0,0,0,0,0,0,0,0,0
20261386,Sergio Higuita,21,Stage 21,0,0,0,0,0,0,0,0,0
20261386,Sergio Higuita,22,Final Classifications,0,0,0,0,0,0,0,0,0
20260022,Jonas Rickaert,1,Stage 1,0,0,0,0,0,0,0,10,10
20260022,Jonas Rickaert,2,Stage 2,0,0,0,0,0,0,0,0,0
20260022,Jonas Rickaert,3,Stage 3,0,0,0,0,0,0,0,0,0
20260022,Jonas Rickaert,4,Stage 4,0,0,0,0,0,0,0,0,0
20260022,Jonas Rickaert,5,Stage 5,0,0,0,0,0,0,0,0,0
20260022,Jonas Rickaert,6,Stage 6,0,0,0,0,0,0,0,0,0
20260022,Jonas Rickaert,7,Stage 7,0,0,0,0,0,0,0,0,0
20260022,Jonas Rickaert,8,Stage 8,0,0,0,0,0,0,0,0,0
20260022,Jonas Rickaert,9,Stage 9,0,0,0,0,0,0,0,8,8
20260022,Jonas Rickaert,10,Stage 10,0,0,0,0,0,0,0,0,0
20260022,Jonas Rickaert,11,Stage 11,0,0,0,0,0,0,0,2,2
20260022,Jonas Rickaert,12,Stage 12,0,0,0,0,0,0,0,2,2
20260022,Jonas Rickaert,13,Stage 13,0,0,0,0,0,0,0,0,0
20260022,Jonas Rickaert,14,Stage 14,0,0,0,0,0,0,0,0,0
20260022,Jonas Rickaert,15,Stage 15,0,0,0,0,2,0,0,0,2
20260022,Jonas Rickaert,16,Stage 16,0,0,0,0,0,0,0,0,0
20260022,Jonas Rickaert,17,Stage 17,0,0,0,0,0,0,0,8,8
20260022,Jonas Rickaert,18,Stage 18,0,0,0,0,0,0,0,0,0
20260022,Jonas Rickaert,19,Stage 19,0,0,0,0,0,0,0,0,0
20260022,Jonas Rickaert,20,Stage 20,0,0,0,0,0,0,0,0,0
20260022,Jonas Rickaert,21,Stage 21,0,0,0,0,0,0,0,12,12
20260022,Jonas Rickaert,22,Final Classifications,0,0,0,0,0,0,0,0,0
20260009,Silvan Dillier,1,Stage 1,0,0,0,0,0,0,0,10,10
20260009,Silvan Dillier,2,Stage 2,0,0,0,0,0,0,0,0,0
20260009,Silvan Dillier,3,Stage 3,0,0,0,0,0,0,0,0,0
20260009,Silvan Dillier,4,Stage 4,0,0,0,0,0,0,0,0,0
20260009,Silvan Dillier,5,Stage 5,0,0,0,0,0,0,0,0,0
20260009,Silvan Dillier,6,Stage 6,0,0,0,0,0,0,0,0,0
20260009,Silvan Dillier,7,Stage 7,0,0,0,0,0,0,0,0,0
20260009,Silvan Dillier,8,Stage 8,0,0,0,0,0,0,0,0,0
20260009,Silvan Dillier,9,Stage 9,0,0,0,0,0,0,0,8,8
20260009,Silvan Dillier,10,Stage 10,0,0,0,0,0,0,0,0,0
20260009,Silvan Dillier,11,Stage 11,0,0,0,0,0,0,0,2,2
20260009,Silvan Dillier,12,Stage 12,0,0,0,0,0,0,0,2,2
20260009,Silvan Dillier,13,Stage 13,0,0,0,0,0,0,0,0,0
20260009,Silvan Dillier,14,Stage 14,0,0,0,0,0,0,0,0,0
20260009,Silvan Dillier,15,Stage 15,0,0,0,0,0,0,0,0,0
20260009,Silvan Dillier,16,Stage 16,0,0,0,0,0,0,0,0,0
20260009,Silvan Dillier,17,Stage 17,0,0,0,0,0,0,0,8,8
20260009,Silvan Dillier,18,Stage 18,0,0,0,0,0,0,0,0,0
20260009,Silvan Dillier,19,Stage 19,0,0,0,0,0,0,0,0,0
20260009,Silvan Dillier,20,Stage 20,0,0,0,0,0,0,0,0,0
20260009,Silvan Dillier,21,Stage 21,0,0,0,0,0,0,0,12,12
20260009,Silvan Dillier,22,Final Classifications,0,0,0,0,0,0,0,0,0
20260030,Emiel Verstrynge,1,Stage 1,0,0,0,0,0,0,0,10,10
20260030,Emiel Verstrynge,2,Stage 2,0,0,0,0,0,0,0,0,0
20260030,Emiel Verstrynge,3,Stage 3,0,0,0,0,0,0,0,0,0
20260030,Emiel Verstrynge,4,Stage 4,0,0,0,0,0,0,0,0,0
20260030,Emiel Verstrynge,5,Stage 5,0,0,0,0,0,0,0,0,0
20260030,Emiel Verstrynge,6,Stage 6,0,0,0,0,0,0,0,0,0
20260030,Emiel Verstrynge,7,Stage 7,0,0,0,0,0,0,0,0,0
20260030,Emiel Verstrynge,8,Stage 8,0,0,0,0,0,0,0,0,0
20260030,Emiel Verstrynge,9,Stage 9,0,0,0,0,0,0,0,8,8
20260030,Emiel Verstrynge,10,Stage 10,0,0,0,0,0,0,0,0,0
20260030,Emiel Verstrynge,11,Stage 11,0,0,0,0,0,0,0,2,2
20260030,Emiel Verstrynge,12,Stage 12,0,0,0,0,0,0,0,2,2
20260030,Emiel Verstrynge,13,Stage 13,0,0,0,0,0,0,0,0,0
20260030,Emiel Verstrynge,14,Stage 14,0,0,0,0,0,0,0,0,0
20260030,Emiel Verstrynge,15,Stage 15,0,0,0,0,0,0,0,0,0
20260030,Emiel Verstrynge,16,Stage 16,0,0,0,0,0,0,0,0,0
20260030,Emiel Verstrynge,17,Stage 17,0,0,0,0,0,0,0,8,8
20260030,Emiel Verstrynge,18,Stage 18,0,0,0,0,0,0,0,0,0
20260030,Emiel Verstrynge,19,Stage 19,0,0,0,0,0,0,0,0,0
20260030,Emiel Verstrynge,20,Stage 20,0,0,0,0,0,0,0,0,0
20260030,Emiel Verstrynge,21,Stage 21,0,0,0,0,0,0,0,12,12
20260030,Emiel Verstrynge,22,Final Classifications,0,0,0,0,0,0,0,0,0
20260816,Jake Stewart,1,Stage 1,0,0,0,0,0,0,0,0,0
20260816,Jake Stewart,2,Stage 2,0,0,0,0,0,0,0,0,0
20260816,Jake Stewart,3,Stage 3,0,0,0,0,0,0,0,0,0
20260816,Jake Stewart,4,Stage 4,0,0,0,0,0,0,0,0,0
20260816,Jake Stewart,5,Stage 5,0,0,0,0,5,0,0,0,5
20260816,Jake Stewart,6,Stage 6,0,0,0,0,8,0,0,0,8
20260816,Jake Stewart,7,Stage 7,0,0,0,0,2,0,0,2,4
20260816,Jake Stewart,8,Stage 8,0,0,0,0,0,0,0,4,4
20260816,Jake Stewart,9,Stage 9,0,0,0,0,0,0,0,0,0
20260816,Jake Stewart,10,Stage 10,0,0,0,0,0,0,0,0,0
20260816,Jake Stewart,11,Stage 11,0,0,0,0,0,0,0,0,0
20260816,Jake Stewart,12,Stage 12,0,0,0,0,0,0,0,0,0
20260816,Jake Stewart,13,Stage 13,0,0,0,0,0,0,0,0,0
20260816,Jake Stewart,14,Stage 14,0,0,0,0,10,0,0,0,10
20260816,Jake Stewart,15,Stage 15,0,0,0,0,10,0,0,0,10
20260816,Jake Stewart,16,Stage 16,0,0,0,0,0,0,0,0,0
20260816,Jake Stewart,17,Stage 17,0,0,0,0,0,0,0,0,0
20260816,Jake Stewart,18,Stage 18,0,0,0,0,0,0,0,0,0
20260816,Jake Stewart,19,Stage 19,0,0,0,0,0,0,0,0,0
20260816,Jake Stewart,20,Stage 20,0,0,0,0,0,0,0,0,0
20260816,Jake Stewart,21,Stage 21,0,0,0,0,0,0,0,0,0
20260816,Jake Stewart,22,Final Classifications,0,0,0,0,0,0,0,0,0
20261199,Mathis Le Berre,1,Stage 1,0,0,0,0,0,0,0,0,0
20261199,Mathis Le Berre,2,Stage 2,0,0,0,0,0,0,0,0,0
20261199,Mathis Le Berre,3,Stage 3,0,0,0,0,0,0,0,0,0
20261199,Mathis Le Berre,4,Stage 4,0,0,0,0,0,0,0,0,0
20261199,Mathis Le Berre,5,Stage 5,0,0,0,0,0,0,0,0,0
20261199,Mathis Le Berre,6,Stage 6,0,0,0,0,0,0,0,0,0
20261199,Mathis Le Berre,7,Stage 7,0,0,0,0,0,0,0,0,0
20261199,Mathis Le Berre,8,Stage 8,0,0,0,0,0,0,0,0,0
20261199,Mathis Le Berre,9,Stage 9,0,0,0,0,0,0,0,0,0
20261199,Mathis Le Berre,10,Stage 10,0,0,0,0,0,0,0,0,0
20261199,Mathis Le Berre,11,Stage 11,0,0,0,0,20,0,20,0,40
20261199,Mathis Le Berre,12,Stage 12,0,0,0,0,0,0,0,0,0
20261199,Mathis Le Berre,13,Stage 13,0,0,0,0,0,0,0,0,0
20261199,Mathis Le Berre,14,Stage 14,0,0,0,0,0,0,0,0,0
20261199,Mathis Le Berre,15,Stage 15,0,0,0,0,0,0,0,0,0
20261199,Mathis Le Berre,16,Stage 16,0,0,0,0,0,0,0,0,0
20261199,Mathis Le Berre,17,Stage 17,0,0,0,0,1,0,0,0,1
20261199,Mathis Le Berre,18,Stage 18,0,0,0,0,0,0,0,0,0
20261199,Mathis Le Berre,19,Stage 19,0,0,0,0,0,0,0,0,0
20261199,Mathis Le Berre,20,Stage 20,0,0,0,0,0,0,0,0,0
20261199,Mathis Le Berre,21,Stage 21,0,0,0,0,0,0,0,0,0
20261199,Mathis Le Berre,22,Final Classifications,0,0,0,0,0,0,0,0,0
20260310,Hugo Page,1,Stage 1,0,0,0,0,0,0,0,0,0
20260310,Hugo Page,2,Stage 2,0,0,0,0,0,0,0,0,0
20260310,Hugo Page,3,Stage 3,0,0,0,0,0,0,0,0,0
20260310,Hugo Page,4,Stage 4,0,0,0,0,0,0,0,0,0
20260310,Hugo Page,5,Stage 5,0,0,0,0,0,0,0,0,0
20260310,Hugo Page,6,Stage 6,0,0,0,0,0,0,0,0,0
20260310,Hugo Page,7,Stage 7,0,0,0,0,0,0,0,0,0
20260310,Hugo Page,8,Stage 8,0,0,0,0,0,0,0,0,0
20260310,Hugo Page,9,Stage 9,0,0,0,0,0,0,0,0,0
20260310,Hugo Page,10,Stage 10,0,0,0,0,0,0,0,0,0
20260310,Hugo Page,11,Stage 11,0,0,0,0,0,0,0,0,0
20260310,Hugo Page,12,Stage 12,0,0,0,0,0,0,0,0,0
20260310,Hugo Page,13,Stage 13,0,0,0,0,0,0,0,0,0
20260310,Hugo Page,14,Stage 14,0,0,0,0,0,0,0,0,0
20260310,Hugo Page,15,Stage 15,0,0,0,0,0,0,0,0,0
20260310,Hugo Page,16,Stage 16,0,0,0,0,0,0,0,0,0
20260310,Hugo Page,17,Stage 17,40,0,0,0,0,0,0,0,40
20260310,Hugo Page,18,Stage 18,0,0,0,0,0,0,0,0,0
20260310,Hugo Page,19,Stage 19,0,0,0,0,0,0,0,0,0
20260310,Hugo Page,20,Stage 20,0,0,0,0,0,0,0,0,0
20260310,Hugo Page,21,Stage 21,0,0,0,0,0,0,0,0,0
20260310,Hugo Page,22,Final Classifications,0,0,0,0,0,0,0,0,0
20260822,Xabier Mikel Azparren,1,Stage 1,0,0,0,0,0,0,0,0,0
20260822,Xabier Mikel Azparren,2,Stage 2,0,0,0,0,0,0,0,0,0
20260822,Xabier Mikel Azparren,3,Stage 3,0,0,0,0,0,0,0,0,0
20260822,Xabier Mikel Azparren,4,Stage 4,0,0,0,0,0,0,0,0,0
20260822,Xabier Mikel Azparren,5,Stage 5,0,0,0,0,0,0,0,0,0
20260822,Xabier Mikel Azparren,6,Stage 6,0,0,0,0,0,0,0,0,0
20260822,Xabier Mikel Azparren,7,Stage 7,0,0,0,0,0,0,0,0,0
20260822,Xabier Mikel Azparren,8,Stage 8,0,0,0,0,0,0,0,0,0
20260822,Xabier Mikel Azparren,9,Stage 9,0,0,0,0,0,0,0,2,2
20260822,Xabier Mikel Azparren,10,Stage 10,0,0,0,0,0,0,0,0,0
20260822,Xabier Mikel Azparren,11,Stage 11,0,0,0,0,0,0,0,0,0
20260822,Xabier Mikel Azparren,12,Stage 12,0,0,0,0,0,0,0,0,0
20260822,Xabier Mikel Azparren,13,Stage 13,0,0,0,0,0,0,0,2,2
20260822,Xabier Mikel Azparren,14,Stage 14,0,0,0,0,0,0,0,0,0
20260822,Xabier Mikel Azparren,15,Stage 15,0,0,0,0,0,0,0,0,0
20260822,Xabier Mikel Azparren,16,Stage 16,0,0,0,0,0,0,0,0,0
20260822,Xabier Mikel Azparren,17,Stage 17,0,0,0,0,0,0,0,0,0
20260822,Xabier Mikel Azparren,18,Stage 18,0,0,0,0,0,0,0,0,0
20260822,Xabier Mikel Azparren,19,Stage 19,0,0,0,0,0,0,0,0,0
20260822,Xabier Mikel Azparren,20,Stage 20,0,0,0,0,0,0,0,0,0
20260822,Xabier Mikel Azparren,21,Stage 21,0,0,0,0,16,0,20,0,36
20260822,Xabier Mikel Azparren,22,Final Classifications,0,0,0,0,0,0,0,0,0
20261210,Julian Alaphilippe,1,Stage 1,0,0,0,0,0,0,0,0,0
20261210,Julian Alaphilippe,2,Stage 2,0,0,0,0,0,0,0,0,0
20261210,Julian Alaphilippe,3,Stage 3,0,0,0,0,0,0,0,0,0
20261210,Julian Alaphilippe,4,Stage 4,0,0,0,0,0,0,0,0,0
20261210,Julian Alaphilippe,5,Stage 5,0,0,0,0,0,0,0,0,0
20261210,Julian Alaphilippe,6,Stage 6,0,0,0,0,2,0,0,0,2
20261210,Julian Alaphilippe,7,Stage 7,0,0,0,0,0,0,0,0,0
20261210,Julian Alaphilippe,8,Stage 8,0,0,0,0,0,0,0,0,0
20261210,Julian Alaphilippe,9,Stage 9,0,0,0,0,0,0,0,0,0
20261210,Julian Alaphilippe,10,Stage 10,0,0,0,0,0,0,0,0,0
20261210,Julian Alaphilippe,11,Stage 11,0,0,0,0,14,0,20,0,34
20261210,Julian Alaphilippe,12,Stage 12,0,0,0,0,0,0,0,0,0
20261210,Julian Alaphilippe,13,Stage 13,0,0,0,0,0,0,0,0,0
20261210,Julian Alaphilippe,14,Stage 14,0,0,0,0,0,0,0,0,0
20261210,Julian Alaphilippe,15,Stage 15,0,0,0,0,0,0,0,0,0
20261210,Julian Alaphilippe,16,Stage 16,0,0,0,0,0,0,0,0,0
20261210,Julian Alaphilippe,17,Stage 17,0,0,0,0,0,0,0,0,0
20261210,Julian Alaphilippe,18,Stage 18,0,0,0,0,0,0,0,0,0
20261210,Julian Alaphilippe,19,Stage 19,0,0,0,0,0,0,0,0,0
20261210,Julian Alaphilippe,20,Stage 20,0,0,0,0,0,0,0,0,0
20261210,Julian Alaphilippe,21,Stage 21,0,0,0,0,0,0,0,0,0
20261210,Julian Alaphilippe,22,Final Classifications,0,0,0,0,0,0,0,0,0
20260134,Antonio Tiberi,1,Stage 1,0,0,0,0,0,0,0,0,0
20260134,Antonio Tiberi,2,Stage 2,0,0,0,0,0,0,0,0,0
20260134,Antonio Tiberi,3,Stage 3,0,0,0,0,0,0,0,0,0
20260134,Antonio Tiberi,4,Stage 4,0,0,0,0,0,0,0,0,0
20260134,Antonio Tiberi,5,Stage 5,0,0,0,0,0,0,0,0,0
20260134,Antonio Tiberi,6,Stage 6,0,0,0,0,0,0,0,0,0
20260134,Antonio Tiberi,7,Stage 7,0,0,0,0,0,0,0,0,0
20260134,Antonio Tiberi,8,Stage 8,0,0,0,0,0,0,0,0,0
20260134,Antonio Tiberi,9,Stage 9,0,0,0,0,0,0,0,0,0
20260134,Antonio Tiberi,10,Stage 10,0,0,0,0,5,0,0,0,5
20260134,Antonio Tiberi,11,Stage 11,0,0,0,0,0,0,0,0,0
20260134,Antonio Tiberi,12,Stage 12,0,0,0,0,0,0,0,0,0
20260134,Antonio Tiberi,13,Stage 13,0,0,0,0,0,0,0,0,0
20260134,Antonio Tiberi,14,Stage 14,0,0,0,0,0,0,0,0,0
20260134,Antonio Tiberi,15,Stage 15,25,0,0,0,0,0,0,0,25
20260134,Antonio Tiberi,16,Stage 16,0,0,0,0,0,0,0,0,0
20260134,Antonio Tiberi,17,Stage 17,0,0,0,0,0,0,0,0,0
20260134,Antonio Tiberi,18,Stage 18,0,0,0,0,0,0,0,0,0
20260134,Antonio Tiberi,19,Stage 19,0,0,0,0,0,0,0,4,4
20260134,Antonio Tiberi,20,Stage 20,0,0,0,0,0,0,0,0,0
20260134,Antonio Tiberi,21,Stage 21,0,0,0,0,0,0,0,0,0
20260134,Antonio Tiberi,22,Final Classifications,0,0,0,0,0,0,0,0,0
20260282,Stefano Oldani,1,Stage 1,0,0,0,0,0,0,0,0,0
20260282,Stefano Oldani,2,Stage 2,0,0,0,0,0,0,0,0,0
20260282,Stefano Oldani,3,Stage 3,0,0,0,0,0,0,0,0,0
20260282,Stefano Oldani,4,Stage 4,0,0,0,0,0,0,0,0,0
20260282,Stefano Oldani,5,Stage 5,0,0,0,0,0,0,0,0,0
20260282,Stefano Oldani,6,Stage 6,0,0,0,0,0,0,0,0,0
20260282,Stefano Oldani,7,Stage 7,0,0,0,0,0,0,0,0,0
20260282,Stefano Oldani,8,Stage 8,0,0,0,0,0,0,0,0,0
20260282,Stefano Oldani,9,Stage 9,0,0,0,0,0,0,0,0,0
20260282,Stefano Oldani,10,Stage 10,0,0,0,0,0,0,0,0,0
20260282,Stefano Oldani,11,Stage 11,30,0,0,0,0,0,0,0,30
20260282,Stefano Oldani,12,Stage 12,0,0,0,0,0,0,0,0,0
20260282,Stefano Oldani,13,Stage 13,0,0,0,0,2,0,0,0,2
20260282,Stefano Oldani,14,Stage 14,0,0,0,0,0,0,0,0,0
20260282,Stefano Oldani,15,Stage 15,0,0,0,0,0,0,0,0,0
20260282,Stefano Oldani,16,Stage 16,0,0,0,0,0,0,0,0,0
20260282,Stefano Oldani,17,Stage 17,0,0,0,0,0,0,0,0,0
20260282,Stefano Oldani,18,Stage 18,0,0,0,0,0,0,0,0,0
20260282,Stefano Oldani,19,Stage 19,0,0,0,0,0,0,0,0,0
20260282,Stefano Oldani,20,Stage 20,0,0,0,0,0,0,0,0,0
20260282,Stefano Oldani,21,Stage 21,0,0,0,0,0,0,0,0,0
20260282,Stefano Oldani,22,Final Classifications,0,0,0,0,0,0,0,0,0
20260409,Georg Steinhauser,1,Stage 1,0,0,0,0,0,0,0,0,0
20260409,Georg Steinhauser,2,Stage 2,0,0,0,0,0,0,0,0,0
20260409,Georg Steinhauser,3,Stage 3,0,0,0,0,0,0,0,2,2
20260409,Georg Steinhauser,4,Stage 4,0,0,0,0,0,0,0,6,6
20260409,Georg Steinhauser,5,Stage 5,0,0,0,0,0,0,0,6,6
20260409,Georg Steinhauser,6,Stage 6,0,0,0,0,0,0,0,0,0
20260409,Georg Steinhauser,7,Stage 7,0,0,0,0,0,0,0,0,0
20260409,Georg Steinhauser,8,Stage 8,0,0,0,0,0,0,0,0,0
20260409,Georg Steinhauser,9,Stage 9,0,0,0,0,0,0,0,0,0
20260409,Georg Steinhauser,10,Stage 10,0,0,0,0,0,0,0,0,0
20260409,Georg Steinhauser,11,Stage 11,0,0,0,0,0,0,0,0,0
20260409,Georg Steinhauser,12,Stage 12,0,0,0,0,0,0,0,0,0
20260409,Georg Steinhauser,13,Stage 13,0,0,0,0,0,0,0,0,0
20260409,Georg Steinhauser,14,Stage 14,0,0,0,0,0,0,0,0,0
20260409,Georg Steinhauser,15,Stage 15,0,0,0,0,0,0,0,0,0
20260409,Georg Steinhauser,16,Stage 16,0,0,0,0,0,0,0,0,0
20260409,Georg Steinhauser,17,Stage 17,0,0,0,0,0,0,0,0,0
20260409,Georg Steinhauser,18,Stage 18,0,0,0,0,0,0,0,8,8
20260409,Georg Steinhauser,19,Stage 19,0,0,0,0,0,0,0,2,2
20260409,Georg Steinhauser,20,Stage 20,0,0,0,0,0,0,0,8,8
20260409,Georg Steinhauser,21,Stage 21,0,0,0,0,0,0,0,0,0
20260409,Georg Steinhauser,22,Final Classifications,0,0,0,0,0,0,0,0,0
20261312,Jonas Abrahamsen,1,Stage 1,0,0,0,0,0,0,0,0,0
20261312,Jonas Abrahamsen,2,Stage 2,0,0,0,0,0,0,0,0,0
20261312,Jonas Abrahamsen,3,Stage 3,0,0,0,0,0,0,0,0,0
20261312,Jonas Abrahamsen,4,Stage 4,0,0,0,0,0,0,0,8,8
20261312,Jonas Abrahamsen,5,Stage 5,0,0,0,0,0,0,0,8,8
20261312,Jonas Abrahamsen,6,Stage 6,0,0,0,0,0,0,0,0,0
20261312,Jonas Abrahamsen,7,Stage 7,0,0,0,0,0,0,0,4,4
20261312,Jonas Abrahamsen,8,Stage 8,0,0,0,0,0,0,0,0,0
20261312,Jonas Abrahamsen,9,Stage 9,0,0,0,0,0,0,0,4,4
20261312,Jonas Abrahamsen,10,Stage 10,0,0,0,0,0,0,0,0,0
20261312,Jonas Abrahamsen,11,Stage 11,0,0,0,0,0,0,0,8,8
20261312,Jonas Abrahamsen,12,Stage 12,0,0,0,0,0,0,0,0,0
20261312,Jonas Abrahamsen,13,Stage 13,0,0,0,0,0,0,0,0,0
20261312,Jonas Abrahamsen,14,Stage 14,0,0,0,0,0,0,0,0,0
20261312,Jonas Abrahamsen,15,Stage 15,0,0,0,0,0,0,0,0,0
20261312,Jonas Abrahamsen,16,Stage 16,0,0,0,0,0,0,0,0,0
20261312,Jonas Abrahamsen,17,Stage 17,0,0,0,0,0,0,0,0,0
20261312,Jonas Abrahamsen,18,Stage 18,0,0,0,0,0,0,0,0,0
20261312,Jonas Abrahamsen,19,Stage 19,0,0,0,0,0,0,0,0,0
20261312,Jonas Abrahamsen,20,Stage 20,0,0,0,0,0,0,0,0,0
20261312,Jonas Abrahamsen,21,Stage 21,0,0,0,0,0,0,0,0,0
20261312,Jonas Abrahamsen,22,Final Classifications,0,0,0,0,0,0,0,0,0
20260414,Max Walker,1,Stage 1,0,0,0,0,0,0,0,0,0
20260414,Max Walker,2,Stage 2,0,0,0,0,0,0,0,0,0
20260414,Max Walker,3,Stage 3,0,0,0,0,0,0,0,2,2
20260414,Max Walker,4,Stage 4,0,0,0,0,0,0,0,6,6
20260414,Max Walker,5,Stage 5,0,0,0,0,0,0,0,6,6
20260414,Max Walker,6,Stage 6,0,0,0,0,0,0,0,0,0
20260414,Max Walker,7,Stage 7,0,0,0,0,0,0,0,0,0
20260414,Max Walker,8,Stage 8,0,0,0,0,0,0,0,0,0
20260414,Max Walker,9,Stage 9,0,0,0,0,0,0,0,0,0
20260414,Max Walker,10,Stage 10,0,0,0,0,0,0,0,0,0
20260414,Max Walker,11,Stage 11,0,0,0,0,0,0,0,0,0
20260414,Max Walker,12,Stage 12,0,0,0,0,0,0,0,0,0
20260414,Max Walker,13,Stage 13,0,0,0,0,0,0,0,0,0
20260414,Max Walker,14,Stage 14,0,0,0,0,0,0,0,0,0
20260414,Max Walker,15,Stage 15,0,0,0,0,0,0,0,0,0
20260414,Max Walker,16,Stage 16,0,0,0,0,0,0,0,0,0
20260414,Max Walker,17,Stage 17,0,0,0,0,0,0,0,0,0
20260414,Max Walker,18,Stage 18,0,0,0,0,0,0,0,8,8
20260414,Max Walker,19,Stage 19,0,0,0,0,0,0,0,2,2
20260414,Max Walker,20,Stage 20,0,0,0,0,0,0,0,8,8
20260414,Max Walker,21,Stage 21,0,0,0,0,0,0,0,0,0
20260414,Max Walker,22,Final Classifications,0,0,0,0,0,0,0,0,0
20261335,Anders Skaarseth,1,Stage 1,0,0,0,0,0,0,0,0,0
20261335,Anders Skaarseth,2,Stage 2,0,0,0,0,0,0,0,0,0
20261335,Anders Skaarseth,3,Stage 3,0,0,0,0,0,0,0,0,0
20261335,Anders Skaarseth,4,Stage 4,0,0,0,0,0,0,0,8,8
20261335,Anders Skaarseth,5,Stage 5,0,0,0,0,0,0,0,8,8
20261335,Anders Skaarseth,6,Stage 6,0,0,0,0,0,0,0,0,0
20261335,Anders Skaarseth,7,Stage 7,0,0,0,0,0,0,0,4,4
20261335,Anders Skaarseth,8,Stage 8,0,0,0,0,0,0,0,0,0
20261335,Anders Skaarseth,9,Stage 9,0,0,0,0,0,0,0,4,4
20261335,Anders Skaarseth,10,Stage 10,0,0,0,0,0,0,0,0,0
20261335,Anders Skaarseth,11,Stage 11,0,0,0,0,0,0,0,8,8
20261335,Anders Skaarseth,12,Stage 12,0,0,0,0,0,0,0,0,0
20261335,Anders Skaarseth,13,Stage 13,0,0,0,0,0,0,0,0,0
20261335,Anders Skaarseth,14,Stage 14,0,0,0,0,0,0,0,0,0
20261335,Anders Skaarseth,15,Stage 15,0,0,0,0,0,0,0,0,0
20261335,Anders Skaarseth,16,Stage 16,0,0,0,0,0,0,0,0,0
20261335,Anders Skaarseth,17,Stage 17,0,0,0,0,0,0,0,0,0
20261335,Anders Skaarseth,18,Stage 18,0,0,0,0,0,0,0,0,0
20261335,Anders Skaarseth,19,Stage 19,0,0,0,0,0,0,0,0,0
20261335,Anders Skaarseth,20,Stage 20,0,0,0,0,0,0,0,0,0
20261335,Anders Skaarseth,21,Stage 21,0,0,0,0,0,0,0,0,0
20261335,Anders Skaarseth,22,Final Classifications,0,0,0,0,0,0,0,0,0
20260837,Quinten Hermans,1,Stage 1,0,0,0,0,0,0,0,0,0
20260837,Quinten Hermans,2,Stage 2,0,0,0,0,0,0,0,0,0
20260837,Quinten Hermans,3,Stage 3,0,0,0,0,0,0,0,0,0
20260837,Quinten Hermans,4,Stage 4,12,0,0,0,0,0,0,0,12
20260837,Quinten Hermans,5,Stage 5,0,0,0,0,0,0,0,0,0
20260837,Quinten Hermans,6,Stage 6,0,0,0,0,0,0,0,0,0
20260837,Quinten Hermans,7,Stage 7,0,0,0,0,0,0,0,0,0
20260837,Quinten Hermans,8,Stage 8,0,0,0,0,0,0,0,0,0
20260837,Quinten Hermans,9,Stage 9,0,0,0,0,0,0,0,2,2
20260837,Quinten Hermans,10,Stage 10,0,0,0,0,4,0,0,0,4
20260837,Quinten Hermans,11,Stage 11,0,0,0,0,0,0,0,0,0
20260837,Quinten Hermans,12,Stage 12,0,0,0,0,0,0,0,0,0
20260837,Quinten Hermans,13,Stage 13,0,0,0,0,6,0,0,2,8
20260837,Quinten Hermans,14,Stage 14,0,0,0,0,0,0,0,0,0
20260837,Quinten Hermans,15,Stage 15,0,0,0,0,0,0,0,0,0
20260837,Quinten Hermans,16,Stage 16,0,0,0,0,0,0,0,0,0
20260837,Quinten Hermans,17,Stage 17,4,0,0,0,0,0,0,0,4
20260837,Quinten Hermans,18,Stage 18,0,0,0,0,0,0,0,0,0
20260837,Quinten Hermans,19,Stage 19,0,0,0,0,0,0,0,0,0
20260837,Quinten Hermans,20,Stage 20,0,0,0,0,0,0,0,0,0
20260837,Quinten Hermans,21,Stage 21,0,0,0,0,0,0,0,0,0
20260837,Quinten Hermans,22,Final Classifications,0,0,0,0,0,0,0,0,0
20260952,Dylan Van Baarle,1,Stage 1,0,0,0,0,0,0,0,0,0
20260952,Dylan Van Baarle,2,Stage 2,0,0,0,0,0,0,0,0,0
20260952,Dylan Van Baarle,3,Stage 3,0,0,0,0,0,0,0,0,0
20260952,Dylan Van Baarle,4,Stage 4,0,0,0,0,0,0,0,0,0
20260952,Dylan Van Baarle,5,Stage 5,0,0,0,0,0,0,0,2,2
20260952,Dylan Van Baarle,6,Stage 6,0,0,0,0,0,0,0,0,0
20260952,Dylan Van Baarle,7,Stage 7,0,0,0,0,0,0,0,8,8
20260952,Dylan Van Baarle,8,Stage 8,0,0,0,0,0,0,0,8,8
20260952,Dylan Van Baarle,9,Stage 9,0,0,0,0,0,0,0,0,0
20260952,Dylan Van Baarle,10,Stage 10,0,0,0,0,0,0,0,0,0
20260952,Dylan Van Baarle,11,Stage 11,0,0,0,0,0,0,0,0,0
20260952,Dylan Van Baarle,12,Stage 12,0,0,0,0,4,0,0,8,12
20260952,Dylan Van Baarle,13,Stage 13,0,0,0,0,0,0,0,0,0
20260952,Dylan Van Baarle,14,Stage 14,0,0,0,0,0,0,0,0,0
20260952,Dylan Van Baarle,15,Stage 15,0,0,0,0,0,0,0,0,0
20260952,Dylan Van Baarle,16,Stage 16,0,0,0,0,0,0,0,0,0
20260952,Dylan Van Baarle,17,Stage 17,0,0,0,0,0,0,0,0,0
20260952,Dylan Van Baarle,18,Stage 18,0,0,0,0,0,0,0,0,0
20260952,Dylan Van Baarle,19,Stage 19,0,0,0,0,0,0,0,0,0
20260952,Dylan Van Baarle,20,Stage 20,0,0,0,0,0,0,0,0,0
20260952,Dylan Van Baarle,21,Stage 21,0,0,0,0,0,0,0,0,0
20260952,Dylan Van Baarle,22,Final Classifications,0,0,0,0,0,0,0,0,0
20260300,Ion Izagirre,1,Stage 1,0,0,0,0,0,0,0,0,0
20260300,Ion Izagirre,2,Stage 2,0,0,0,0,0,0,0,0,0
20260300,Ion Izagirre,3,Stage 3,0,0,0,0,0,0,0,0,0
20260300,Ion Izagirre,4,Stage 4,4,0,0,0,0,0,0,0,4
20260300,Ion Izagirre,5,Stage 5,0,0,0,0,0,0,0,0,0
20260300,Ion Izagirre,6,Stage 6,0,0,0,0,0,0,0,0,0
20260300,Ion Izagirre,7,Stage 7,0,0,0,0,0,0,0,0,0
20260300,Ion Izagirre,8,Stage 8,0,0,0,0,0,0,0,0,0
20260300,Ion Izagirre,9,Stage 9,0,0,0,0,0,0,0,0,0
20260300,Ion Izagirre,10,Stage 10,0,0,0,0,0,0,0,0,0
20260300,Ion Izagirre,11,Stage 11,0,0,0,0,0,0,0,0,0
20260300,Ion Izagirre,12,Stage 12,0,0,0,0,0,0,0,0,0
20260300,Ion Izagirre,13,Stage 13,12,0,0,0,0,0,0,0,12
20260300,Ion Izagirre,14,Stage 14,0,0,0,0,0,0,0,0,0
20260300,Ion Izagirre,15,Stage 15,0,0,0,0,0,0,0,0,0
20260300,Ion Izagirre,16,Stage 16,0,0,0,0,0,0,0,0,0
20260300,Ion Izagirre,17,Stage 17,0,0,0,0,0,0,0,0,0
20260300,Ion Izagirre,18,Stage 18,0,0,0,0,0,0,0,0,0
20260300,Ion Izagirre,19,Stage 19,12,0,0,0,0,0,0,0,12
20260300,Ion Izagirre,20,Stage 20,0,0,0,0,0,0,0,0,0
20260300,Ion Izagirre,21,Stage 21,0,0,0,0,0,0,0,0,0
20260300,Ion Izagirre,22,Final Classifications,0,0,0,0,0,0,0,0,0
20260702,Georg Zimmermann,1,Stage 1,0,0,0,0,0,0,0,0,0
20260702,Georg Zimmermann,2,Stage 2,0,0,0,0,0,0,0,0,0
20260702,Georg Zimmermann,3,Stage 3,0,0,0,0,0,0,0,0,0
20260702,Georg Zimmermann,4,Stage 4,16,0,0,0,0,0,0,0,16
20260702,Georg Zimmermann,5,Stage 5,0,0,0,0,0,0,0,0,0
20260702,Georg Zimmermann,6,Stage 6,0,0,0,0,0,0,0,0,0
20260702,Georg Zimmermann,7,Stage 7,0,0,0,0,0,0,0,0,0
20260702,Georg Zimmermann,8,Stage 8,0,0,0,0,0,0,0,0,0
20260702,Georg Zimmermann,9,Stage 9,0,0,0,0,0,0,0,0,0
20260702,Georg Zimmermann,10,Stage 10,0,0,0,0,0,0,0,0,0
20260702,Georg Zimmermann,11,Stage 11,0,0,0,0,0,0,0,0,0
20260702,Georg Zimmermann,12,Stage 12,0,0,0,0,0,0,0,0,0
20260702,Georg Zimmermann,13,Stage 13,0,0,0,0,0,0,0,0,0
20260702,Georg Zimmermann,14,Stage 14,0,0,0,0,0,0,0,0,0
20260702,Georg Zimmermann,15,Stage 15,0,0,0,0,0,0,0,0,0
20260702,Georg Zimmermann,16,Stage 16,0,0,0,0,0,0,0,0,0
20260702,Georg Zimmermann,17,Stage 17,12,0,0,0,0,0,0,0,12
20260702,Georg Zimmermann,18,Stage 18,0,0,0,0,0,0,0,0,0
20260702,Georg Zimmermann,19,Stage 19,0,0,0,0,0,0,0,0,0
20260702,Georg Zimmermann,20,Stage 20,0,0,0,0,0,0,0,0,0
20260702,Georg Zimmermann,21,Stage 21,0,0,0,0,0,0,0,0,0
20260702,Georg Zimmermann,22,Final Classifications,0,0,0,0,0,0,0,0,0
20261407,Nicolas Vinokurov,1,Stage 1,0,0,0,0,0,0,0,0,0
20261407,Nicolas Vinokurov,2,Stage 2,0,0,0,0,0,0,0,0,0
20261407,Nicolas Vinokurov,3,Stage 3,0,0,0,0,0,0,0,0,0
20261407,Nicolas Vinokurov,4,Stage 4,0,0,0,0,0,0,0,0,0
20261407,Nicolas Vinokurov,5,Stage 5,0,0,0,0,0,0,0,4,4
20261407,Nicolas Vinokurov,6,Stage 6,0,0,0,0,0,0,0,0,0
20261407,Nicolas Vinokurov,7,Stage 7,0,0,0,0,0,0,0,0,0
20261407,Nicolas Vinokurov,8,Stage 8,0,0,0,0,0,0,0,0,0
20261407,Nicolas Vinokurov,9,Stage 9,0,0,0,0,0,0,0,0,0
20261407,Nicolas Vinokurov,10,Stage 10,0,0,0,0,0,0,0,0,0
20261407,Nicolas Vinokurov,11,Stage 11,0,0,0,0,0,0,0,0,0
20261407,Nicolas Vinokurov,12,Stage 12,0,0,0,0,0,0,0,0,0
20261407,Nicolas Vinokurov,13,Stage 13,0,0,0,0,0,0,0,4,4
20261407,Nicolas Vinokurov,14,Stage 14,0,0,0,0,0,0,0,0,0
20261407,Nicolas Vinokurov,15,Stage 15,0,0,0,0,0,0,20,0,20
20261407,Nicolas Vinokurov,16,Stage 16,0,0,0,0,0,0,0,0,0
20261407,Nicolas Vinokurov,17,Stage 17,0,0,0,0,0,0,0,0,0
20261407,Nicolas Vinokurov,18,Stage 18,0,0,0,0,0,0,0,0,0
20261407,Nicolas Vinokurov,19,Stage 19,0,0,0,0,0,0,0,0,0
20261407,Nicolas Vinokurov,20,Stage 20,0,0,0,0,0,0,0,0,0
20261407,Nicolas Vinokurov,21,Stage 21,0,0,0,0,0,0,0,0,0
20261407,Nicolas Vinokurov,22,Final Classifications,0,0,0,0,0,0,0,0,0
20260848,Brent Van Moer,1,Stage 1,0,0,0,0,0,0,0,0,0
20260848,Brent Van Moer,2,Stage 2,0,0,0,0,0,0,0,0,0
20260848,Brent Van Moer,3,Stage 3,0,0,0,0,0,0,0,0,0
20260848,Brent Van Moer,4,Stage 4,0,0,0,0,0,0,0,0,0
20260848,Brent Van Moer,5,Stage 5,0,0,0,0,0,0,0,0,0
20260848,Brent Van Moer,6,Stage 6,0,0,0,0,0,0,0,0,0
20260848,Brent Van Moer,7,Stage 7,0,0,0,0,0,0,0,0,0
20260848,Brent Van Moer,8,Stage 8,0,0,0,0,0,0,0,0,0
20260848,Brent Van Moer,9,Stage 9,0,0,0,0,0,0,0,2,2
20260848,Brent Van Moer,10,Stage 10,0,0,0,0,0,0,0,0,0
20260848,Brent Van Moer,11,Stage 11,0,0,0,0,0,0,0,0,0
20260848,Brent Van Moer,12,Stage 12,0,0,0,0,0,0,0,0,0
20260848,Brent Van Moer,13,Stage 13,0,0,0,0,0,0,0,2,2
20260848,Brent Van Moer,14,Stage 14,0,0,0,0,0,0,0,0,0
20260848,Brent Van Moer,15,Stage 15,0,0,0,0,0,0,20,0,20
20260848,Brent Van Moer,16,Stage 16,0,0,0,0,0,0,0,0,0
20260848,Brent Van Moer,17,Stage 17,0,0,0,0,0,0,0,0,0
20260848,Brent Van Moer,18,Stage 18,0,0,0,0,0,0,0,0,0
20260848,Brent Van Moer,19,Stage 19,0,0,0,0,0,0,0,0,0
20260848,Brent Van Moer,20,Stage 20,0,0,0,0,0,0,0,0,0
20260848,Brent Van Moer,21,Stage 21,4,0,0,0,0,0,0,0,4
20260848,Brent Van Moer,22,Final Classifications,0,0,0,0,0,0,0,0,0
20261402,Mike Teunissen,1,Stage 1,0,0,0,0,0,0,0,0,0
20261402,Mike Teunissen,2,Stage 2,0,0,0,0,0,0,0,0,0
20261402,Mike Teunissen,3,Stage 3,0,0,0,0,0,0,0,0,0
20261402,Mike Teunissen,4,Stage 4,0,0,0,0,0,0,0,0,0
20261402,Mike Teunissen,5,Stage 5,8,0,0,0,3,0,0,4,15
20261402,Mike Teunissen,6,Stage 6,0,0,0,0,0,0,0,0,0
20261402,Mike Teunissen,7,Stage 7,0,0,0,0,1,0,0,0,1
20261402,Mike Teunissen,8,Stage 8,0,0,0,0,0,0,0,0,0
20261402,Mike Teunissen,9,Stage 9,0,0,0,0,0,0,0,0,0
20261402,Mike Teunissen,10,Stage 10,0,0,0,0,0,0,0,0,0
20261402,Mike Teunissen,11,Stage 11,0,0,0,0,1,0,0,0,1
20261402,Mike Teunissen,12,Stage 12,0,0,0,0,0,0,0,0,0
20261402,Mike Teunissen,13,Stage 13,0,0,0,0,0,0,0,4,4
20261402,Mike Teunissen,14,Stage 14,0,0,0,0,5,0,0,0,5
20261402,Mike Teunissen,15,Stage 15,0,0,0,0,0,0,0,0,0
20261402,Mike Teunissen,16,Stage 16,0,0,0,0,0,0,0,0,0
20261402,Mike Teunissen,17,Stage 17,0,0,0,0,0,0,0,0,0
20261402,Mike Teunissen,18,Stage 18,0,0,0,0,0,0,0,0,0
20261402,Mike Teunissen,19,Stage 19,0,0,0,0,0,0,0,0,0
20261402,Mike Teunissen,20,Stage 20,0,0,0,0,0,0,0,0,0
20261402,Mike Teunissen,21,Stage 21,0,0,0,0,0,0,0,0,0
20261402,Mike Teunissen,22,Final Classifications,0,0,0,0,0,0,0,0,0
20260935,Pascal Eenkhoorn,1,Stage 1,0,0,0,0,0,0,0,0,0
20260935,Pascal Eenkhoorn,2,Stage 2,0,0,0,0,0,0,0,0,0
20260935,Pascal Eenkhoorn,3,Stage 3,0,0,0,0,0,0,0,0,0
20260935,Pascal Eenkhoorn,4,Stage 4,0,0,0,0,0,0,0,0,0
20260935,Pascal Eenkhoorn,5,Stage 5,0,0,0,0,0,0,0,2,2
20260935,Pascal Eenkhoorn,6,Stage 6,0,0,0,0,0,0,0,0,0
20260935,Pascal Eenkhoorn,7,Stage 7,0,0,0,0,0,0,0,8,8
20260935,Pascal Eenkhoorn,8,Stage 8,0,0,0,0,0,0,0,8,8
20260935,Pascal Eenkhoorn,9,Stage 9,0,0,0,0,0,0,0,0,0
20260935,Pascal Eenkhoorn,10,Stage 10,0,0,0,0,0,0,0,0,0
20260935,Pascal Eenkhoorn,11,Stage 11,0,0,0,0,0,0,0,0,0
20260935,Pascal Eenkhoorn,12,Stage 12,0,0,0,0,0,0,0,8,8
20260935,Pascal Eenkhoorn,13,Stage 13,0,0,0,0,0,0,0,0,0
20260935,Pascal Eenkhoorn,14,Stage 14,0,0,0,0,0,0,0,0,0
20260935,Pascal Eenkhoorn,15,Stage 15,0,0,0,0,0,0,0,0,0
20260935,Pascal Eenkhoorn,16,Stage 16,0,0,0,0,0,0,0,0,0
20260935,Pascal Eenkhoorn,17,Stage 17,0,0,0,0,0,0,0,0,0
20260935,Pascal Eenkhoorn,18,Stage 18,0,0,0,0,0,0,0,0,0
20260935,Pascal Eenkhoorn,19,Stage 19,0,0,0,0,0,0,0,0,0
20260935,Pascal Eenkhoorn,20,Stage 20,0,0,0,0,0,0,0,0,0
20260935,Pascal Eenkhoorn,21,Stage 21,0,0,0,0,0,0,0,0,0
20260935,Pascal Eenkhoorn,22,Final Classifications,0,0,0,0,0,0,0,0,0
20261218,Marc Hirschi,1,Stage 1,0,0,0,0,0,0,0,0,0
20261218,Marc Hirschi,2,Stage 2,0,0,0,0,0,0,0,0,0
20261218,Marc Hirschi,3,Stage 3,0,0,0,0,0,0,0,0,0
20261218,Marc Hirschi,4,Stage 4,0,0,0,0,0,0,0,0,0
20261218,Marc Hirschi,5,Stage 5,0,0,0,0,0,0,0,0,0
20261218,Marc Hirschi,6,Stage 6,0,0,0,0,0,0,0,0,0
20261218,Marc Hirschi,7,Stage 7,0,0,0,0,0,0,0,0,0
20261218,Marc Hirschi,8,Stage 8,0,0,0,0,0,0,0,0,0
20261218,Marc Hirschi,9,Stage 9,0,0,0,0,0,0,0,0,0
20261218,Marc Hirschi,10,Stage 10,0,0,0,0,0,0,0,0,0
20261218,Marc Hirschi,11,Stage 11,0,0,0,0,0,0,0,0,0
20261218,Marc Hirschi,12,Stage 12,0,0,0,0,0,0,0,0,0
20261218,Marc Hirschi,13,Stage 13,25,0,0,0,0,0,0,0,25
20261218,Marc Hirschi,14,Stage 14,0,0,0,0,0,0,0,0,0
20261218,Marc Hirschi,15,Stage 15,0,0,0,0,0,0,0,0,0
20261218,Marc Hirschi,16,Stage 16,0,0,0,0,0,0,0,0,0
20261218,Marc Hirschi,17,Stage 17,0,0,0,0,0,0,0,0,0
20261218,Marc Hirschi,18,Stage 18,0,0,0,0,0,0,0,0,0
20261218,Marc Hirschi,19,Stage 19,0,0,0,0,0,0,0,0,0
20261218,Marc Hirschi,20,Stage 20,0,0,0,0,0,0,0,0,0
20261218,Marc Hirschi,21,Stage 21,0,0,0,0,0,0,0,0,0
20261218,Marc Hirschi,22,Final Classifications,0,0,0,0,0,0,0,0,0
20260117,Damiano Caruso,1,Stage 1,0,0,0,0,0,0,0,0,0
20260117,Damiano Caruso,2,Stage 2,0,0,0,0,0,0,0,0,0
20260117,Damiano Caruso,3,Stage 3,0,0,0,0,0,0,0,0,0
20260117,Damiano Caruso,4,Stage 4,0,0,0,0,0,0,0,0,0
20260117,Damiano Caruso,5,Stage 5,0,0,0,0,0,0,0,0,0
20260117,Damiano Caruso,6,Stage 6,0,0,0,0,0,0,0,0,0
20260117,Damiano Caruso,7,Stage 7,0,0,0,0,0,0,0,0,0
20260117,Damiano Caruso,8,Stage 8,0,0,0,0,0,0,0,0,0
20260117,Damiano Caruso,9,Stage 9,0,0,0,0,0,0,0,0,0
20260117,Damiano Caruso,10,Stage 10,0,0,0,0,0,0,0,0,0
20260117,Damiano Caruso,11,Stage 11,0,0,0,0,0,0,0,0,0
20260117,Damiano Caruso,12,Stage 12,0,0,0,0,0,0,20,0,20
20260117,Damiano Caruso,13,Stage 13,0,0,0,0,0,0,0,0,0
20260117,Damiano Caruso,14,Stage 14,0,0,0,0,0,0,0,0,0
20260117,Damiano Caruso,15,Stage 15,0,0,0,0,0,0,0,0,0
20260117,Damiano Caruso,16,Stage 16,0,0,0,0,0,0,0,0,0
20260117,Damiano Caruso,17,Stage 17,0,0,0,0,0,0,0,0,0
20260117,Damiano Caruso,18,Stage 18,0,0,0,0,0,0,0,0,0
20260117,Damiano Caruso,19,Stage 19,0,0,0,0,0,0,0,4,4
20260117,Damiano Caruso,20,Stage 20,0,0,0,0,0,0,0,0,0
20260117,Damiano Caruso,21,Stage 21,0,0,0,0,0,0,0,0,0
20260117,Damiano Caruso,22,Final Classifications,0,0,0,0,0,0,0,0,0
20261378,Davide Ballerini,1,Stage 1,0,0,0,0,0,0,0,0,0
20261378,Davide Ballerini,2,Stage 2,0,0,0,0,1,0,0,0,1
20261378,Davide Ballerini,3,Stage 3,0,0,0,0,0,0,0,0,0
20261378,Davide Ballerini,4,Stage 4,0,0,0,0,0,0,0,0,0
20261378,Davide Ballerini,5,Stage 5,0,0,0,0,0,0,0,4,4
20261378,Davide Ballerini,6,Stage 6,0,0,0,0,4,0,0,0,4
20261378,Davide Ballerini,7,Stage 7,0,0,0,0,0,0,0,0,0
20261378,Davide Ballerini,8,Stage 8,0,0,0,0,1,0,0,0,1
20261378,Davide Ballerini,9,Stage 9,0,0,0,0,0,0,0,0,0
20261378,Davide Ballerini,10,Stage 10,0,0,0,0,0,0,0,0,0
20261378,Davide Ballerini,11,Stage 11,0,0,0,0,0,0,0,0,0
20261378,Davide Ballerini,12,Stage 12,0,0,0,0,6,0,0,0,6
20261378,Davide Ballerini,13,Stage 13,0,0,0,0,0,0,0,4,4
20261378,Davide Ballerini,14,Stage 14,0,0,0,0,0,0,0,0,0
20261378,Davide Ballerini,15,Stage 15,0,0,0,0,4,0,0,0,4
20261378,Davide Ballerini,16,Stage 16,0,0,0,0,0,0,0,0,0
20261378,Davide Ballerini,17,Stage 17,0,0,0,0,0,0,0,0,0
20261378,Davide Ballerini,18,Stage 18,0,0,0,0,0,0,0,0,0
20261378,Davide Ballerini,19,Stage 19,0,0,0,0,0,0,0,0,0
20261378,Davide Ballerini,20,Stage 20,0,0,0,0,0,0,0,0,0
20261378,Davide Ballerini,21,Stage 21,0,0,0,0,0,0,0,0,0
20261378,Davide Ballerini,22,Final Classifications,0,0,0,0,0,0,0,0,0
20260771,Cian Uijtdebroeks,1,Stage 1,0,0,0,0,0,0,0,0,0
20260771,Cian Uijtdebroeks,2,Stage 2,16,0,0,0,0,0,0,0,16
20260771,Cian Uijtdebroeks,3,Stage 3,0,2,0,0,0,0,0,0,2
20260771,Cian Uijtdebroeks,4,Stage 4,0,0,0,0,0,0,0,2,2
20260771,Cian Uijtdebroeks,5,Stage 5,0,0,0,0,0,0,0,0,0
20260771,Cian Uijtdebroeks,6,Stage 6,0,0,0,0,0,0,0,0,0
20260771,Cian Uijtdebroeks,7,Stage 7,0,0,0,0,0,0,0,0,0
20260771,Cian Uijtdebroeks,8,Stage 8,0,0,0,0,0,0,0,0,0
20260771,Cian Uijtdebroeks,9,Stage 9,0,0,0,0,0,0,0,0,0
20260771,Cian Uijtdebroeks,10,Stage 10,0,0,0,0,0,0,0,0,0
20260771,Cian Uijtdebroeks,11,Stage 11,0,0,0,0,0,0,0,0,0
20260771,Cian Uijtdebroeks,12,Stage 12,0,0,0,0,0,0,0,0,0
20260771,Cian Uijtdebroeks,13,Stage 13,0,0,0,0,0,0,0,0,0
20260771,Cian Uijtdebroeks,14,Stage 14,0,0,0,0,0,0,0,0,0
20260771,Cian Uijtdebroeks,15,Stage 15,0,0,0,0,0,0,0,0,0
20260771,Cian Uijtdebroeks,16,Stage 16,0,0,0,0,0,0,0,0,0
20260771,Cian Uijtdebroeks,17,Stage 17,0,0,0,0,0,0,0,0,0
20260771,Cian Uijtdebroeks,18,Stage 18,0,0,0,0,0,0,0,0,0
20260771,Cian Uijtdebroeks,19,Stage 19,0,0,0,0,0,0,0,0,0
20260771,Cian Uijtdebroeks,20,Stage 20,0,0,0,0,0,0,0,0,0
20260771,Cian Uijtdebroeks,21,Stage 21,0,0,0,0,0,0,0,0,0
20260771,Cian Uijtdebroeks,22,Final Classifications,0,0,0,0,0,0,0,0,0
20261217,Marco Haller,1,Stage 1,0,0,0,0,0,0,0,0,0
20261217,Marco Haller,2,Stage 2,0,0,0,0,0,0,0,0,0
20261217,Marco Haller,3,Stage 3,0,0,0,0,0,0,0,0,0
20261217,Marco Haller,4,Stage 4,0,0,0,0,0,0,0,0,0
20261217,Marco Haller,5,Stage 5,0,0,0,0,0,0,0,0,0
20261217,Marco Haller,6,Stage 6,0,0,0,0,0,0,0,0,0
20261217,Marco Haller,7,Stage 7,0,0,0,0,0,0,0,0,0
20261217,Marco Haller,8,Stage 8,0,0,0,0,0,0,0,0,0
20261217,Marco Haller,9,Stage 9,0,0,0,0,0,0,0,0,0
20261217,Marco Haller,10,Stage 10,0,0,0,0,0,0,0,0,0
20261217,Marco Haller,11,Stage 11,0,0,0,0,0,0,0,0,0
20261217,Marco Haller,12,Stage 12,0,0,0,0,0,0,0,0,0
20261217,Marco Haller,13,Stage 13,0,0,0,0,0,0,0,0,0
20261217,Marco Haller,14,Stage 14,0,0,0,0,0,0,0,0,0
20261217,Marco Haller,15,Stage 15,0,0,0,0,0,0,0,0,0
20261217,Marco Haller,16,Stage 16,0,0,0,0,0,0,0,0,0
20261217,Marco Haller,17,Stage 17,0,0,0,0,0,0,0,0,0
20261217,Marco Haller,18,Stage 18,0,0,0,0,0,0,0,0,0
20261217,Marco Haller,19,Stage 19,0,0,0,0,0,0,0,0,0
20261217,Marco Haller,20,Stage 20,0,0,0,0,0,0,0,0,0
20261217,Marco Haller,21,Stage 21,20,0,0,0,0,0,0,0,20
20261217,Marco Haller,22,Final Classifications,0,0,0,0,0,0,0,0,0
20260678,Lars Craps,1,Stage 1,0,0,0,0,0,0,0,0,0
20260678,Lars Craps,2,Stage 2,0,0,0,0,0,0,0,0,0
20260678,Lars Craps,3,Stage 3,0,0,0,0,0,0,0,0,0
20260678,Lars Craps,4,Stage 4,0,0,0,0,0,0,0,0,0
20260678,Lars Craps,5,Stage 5,0,0,0,0,0,0,0,0,0
20260678,Lars Craps,6,Stage 6,0,0,0,0,0,0,0,0,0
20260678,Lars Craps,7,Stage 7,0,0,0,0,0,0,0,0,0
20260678,Lars Craps,8,Stage 8,0,0,0,0,0,0,0,0,0
20260678,Lars Craps,9,Stage 9,0,0,0,0,0,0,0,0,0
20260678,Lars Craps,10,Stage 10,0,0,0,0,0,0,0,0,0
20260678,Lars Craps,11,Stage 11,0,0,0,0,0,0,0,0,0
20260678,Lars Craps,12,Stage 12,0,0,0,0,0,0,0,0,0
20260678,Lars Craps,13,Stage 13,16,0,0,0,0,0,0,0,16
20260678,Lars Craps,14,Stage 14,0,0,0,0,0,0,0,0,0
20260678,Lars Craps,15,Stage 15,0,0,0,0,0,0,0,0,0
20260678,Lars Craps,16,Stage 16,0,0,0,0,0,0,0,0,0
20260678,Lars Craps,17,Stage 17,0,0,0,0,0,0,0,0,0
20260678,Lars Craps,18,Stage 18,0,0,0,0,0,0,0,0,0
20260678,Lars Craps,19,Stage 19,0,0,0,0,0,0,0,0,0
20260678,Lars Craps,20,Stage 20,0,0,0,0,0,0,0,0,0
20260678,Lars Craps,21,Stage 21,0,0,0,0,0,0,0,0,0
20260678,Lars Craps,22,Final Classifications,0,0,0,0,0,0,0,0,0
20261047,Luke Durbridge,1,Stage 1,0,0,0,0,0,0,0,0,0
20261047,Luke Durbridge,2,Stage 2,0,0,0,0,0,0,0,0,0
20261047,Luke Durbridge,3,Stage 3,0,0,0,0,0,0,0,0,0
20261047,Luke Durbridge,4,Stage 4,0,0,0,0,0,0,0,0,0
20261047,Luke Durbridge,5,Stage 5,0,0,0,0,0,0,0,0,0
20261047,Luke Durbridge,6,Stage 6,0,0,0,0,0,0,0,0,0
20261047,Luke Durbridge,7,Stage 7,0,0,0,0,0,0,0,0,0
20261047,Luke Durbridge,8,Stage 8,0,0,0,0,0,0,0,0,0
20261047,Luke Durbridge,9,Stage 9,0,0,0,0,0,0,0,0,0
20261047,Luke Durbridge,10,Stage 10,0,0,0,0,0,0,0,0,0
20261047,Luke Durbridge,11,Stage 11,0,0,0,0,0,0,0,0,0
20261047,Luke Durbridge,12,Stage 12,0,0,0,0,0,0,0,0,0
20261047,Luke Durbridge,13,Stage 13,0,0,0,0,0,0,0,8,8
20261047,Luke Durbridge,14,Stage 14,0,0,0,0,0,0,0,0,0
20261047,Luke Durbridge,15,Stage 15,0,0,0,0,0,0,0,0,0
20261047,Luke Durbridge,16,Stage 16,0,0,0,0,0,0,0,0,0
20261047,Luke Durbridge,17,Stage 17,0,0,0,0,0,0,0,4,4
20261047,Luke Durbridge,18,Stage 18,0,0,0,0,0,0,0,4,4
20261047,Luke Durbridge,19,Stage 19,0,0,0,0,0,0,0,0,0
20261047,Luke Durbridge,20,Stage 20,0,0,0,0,0,0,0,0,0
20261047,Luke Durbridge,21,Stage 21,0,0,0,0,0,0,0,0,0
20261047,Luke Durbridge,22,Final Classifications,0,0,0,0,0,0,0,0,0
20261086,Warren Barguil,1,Stage 1,0,0,0,0,0,0,0,0,0
20261086,Warren Barguil,2,Stage 2,0,0,0,0,0,0,0,0,0
20261086,Warren Barguil,3,Stage 3,0,0,0,0,0,0,0,0,0
20261086,Warren Barguil,4,Stage 4,0,0,0,0,0,0,0,0,0
20261086,Warren Barguil,5,Stage 5,0,0,0,0,0,0,0,0,0
20261086,Warren Barguil,6,Stage 6,0,0,0,0,0,0,0,0,0
20261086,Warren Barguil,7,Stage 7,0,0,0,0,0,0,0,0,0
20261086,Warren Barguil,8,Stage 8,0,0,0,0,0,0,0,0,0
20261086,Warren Barguil,9,Stage 9,0,0,0,0,0,0,0,0,0
20261086,Warren Barguil,10,Stage 10,0,0,0,0,0,0,0,0,0
20261086,Warren Barguil,11,Stage 11,0,0,0,0,0,0,0,0,0
20261086,Warren Barguil,12,Stage 12,0,0,0,0,0,0,0,0,0
20261086,Warren Barguil,13,Stage 13,0,0,0,0,0,0,0,0,0
20261086,Warren Barguil,14,Stage 14,0,0,0,0,0,0,0,0,0
20261086,Warren Barguil,15,Stage 15,0,0,0,0,0,0,0,0,0
20261086,Warren Barguil,16,Stage 16,0,0,0,0,0,0,0,0,0
20261086,Warren Barguil,17,Stage 17,0,0,0,0,0,0,0,0,0
20261086,Warren Barguil,18,Stage 18,0,0,0,0,0,0,0,0,0
20261086,Warren Barguil,19,Stage 19,0,0,0,0,0,0,0,0,0
20261086,Warren Barguil,20,Stage 20,0,0,0,0,0,0,0,0,0
20261086,Warren Barguil,21,Stage 21,0,0,0,0,14,0,0,0,14
20261086,Warren Barguil,22,Final Classifications,0,0,0,0,0,0,0,0,0
20260811,Krists Neilands,1,Stage 1,0,0,0,0,0,0,0,0,0
20260811,Krists Neilands,2,Stage 2,0,0,0,0,0,0,0,0,0
20260811,Krists Neilands,3,Stage 3,0,0,0,0,0,0,0,0,0
20260811,Krists Neilands,4,Stage 4,0,0,0,0,0,0,0,0,0
20260811,Krists Neilands,5,Stage 5,0,0,0,0,0,0,0,0,0
20260811,Krists Neilands,6,Stage 6,0,0,0,0,0,0,0,0,0
20260811,Krists Neilands,7,Stage 7,0,0,0,0,0,0,0,2,2
20260811,Krists Neilands,8,Stage 8,0,0,0,0,0,0,0,4,4
20260811,Krists Neilands,9,Stage 9,0,0,0,0,0,0,0,0,0
20260811,Krists Neilands,10,Stage 10,0,0,0,0,0,0,0,0,0
20260811,Krists Neilands,11,Stage 11,0,0,0,0,0,0,0,0,0
20260811,Krists Neilands,12,Stage 12,0,0,0,0,0,0,0,0,0
20260811,Krists Neilands,13,Stage 13,0,0,0,0,0,0,0,0,0
20260811,Krists Neilands,14,Stage 14,0,0,0,0,0,0,0,0,0
20260811,Krists Neilands,15,Stage 15,0,0,0,0,0,0,0,0,0
20260811,Krists Neilands,16,Stage 16,0,0,0,0,0,0,0,0,0
20260811,Krists Neilands,17,Stage 17,0,0,0,0,0,0,0,0,0
20260811,Krists Neilands,18,Stage 18,0,0,0,0,0,0,0,0,0
20260811,Krists Neilands,19,Stage 19,0,0,0,0,0,0,0,0,0
20260811,Krists Neilands,20,Stage 20,0,0,0,0,0,0,0,0,0
20260811,Krists Neilands,21,Stage 21,0,0,0,0,8,0,0,0,8
20260811,Krists Neilands,22,Final Classifications,0,0,0,0,0,0,0,0,0
20260842,Xandro Meurisse,1,Stage 1,0,0,0,0,0,0,0,0,0
20260842,Xandro Meurisse,2,Stage 2,0,0,0,0,0,0,0,0,0
20260842,Xandro Meurisse,3,Stage 3,0,0,0,0,0,0,0,0,0
20260842,Xandro Meurisse,4,Stage 4,0,0,0,0,0,0,0,0,0
20260842,Xandro Meurisse,5,Stage 5,0,0,0,0,0,0,0,0,0
20260842,Xandro Meurisse,6,Stage 6,0,0,0,0,0,0,0,0,0
20260842,Xandro Meurisse,7,Stage 7,0,0,0,0,0,0,0,0,0
20260842,Xandro Meurisse,8,Stage 8,0,0,0,0,0,0,0,0,0
20260842,Xandro Meurisse,9,Stage 9,0,0,0,0,0,0,0,2,2
20260842,Xandro Meurisse,10,Stage 10,0,0,0,0,0,0,0,0,0
20260842,Xandro Meurisse,11,Stage 11,0,0,0,0,0,0,0,0,0
20260842,Xandro Meurisse,12,Stage 12,0,0,0,0,0,0,0,0,0
20260842,Xandro Meurisse,13,Stage 13,0,0,0,0,8,0,0,2,10
20260842,Xandro Meurisse,14,Stage 14,0,0,0,0,0,0,0,0,0
20260842,Xandro Meurisse,15,Stage 15,0,0,0,0,0,0,0,0,0
20260842,Xandro Meurisse,16,Stage 16,0,0,0,0,0,0,0,0,0
20260842,Xandro Meurisse,17,Stage 17,0,0,0,0,0,0,0,0,0
20260842,Xandro Meurisse,18,Stage 18,0,0,0,0,0,0,0,0,0
20260842,Xandro Meurisse,19,Stage 19,0,0,0,0,0,0,0,0,0
20260842,Xandro Meurisse,20,Stage 20,0,0,0,0,0,0,0,0,0
20260842,Xandro Meurisse,21,Stage 21,0,0,0,0,0,0,0,0,0
20260842,Xandro Meurisse,22,Final Classifications,0,0,0,0,0,0,0,0,0
20260281,Joel Nicolau,1,Stage 1,0,0,0,0,0,0,0,0,0
20260281,Joel Nicolau,2,Stage 2,0,0,0,0,0,0,0,0,0
20260281,Joel Nicolau,3,Stage 3,0,0,0,0,0,0,0,0,0
20260281,Joel Nicolau,4,Stage 4,8,0,0,0,1,0,0,0,9
20260281,Joel Nicolau,5,Stage 5,0,0,0,0,0,0,0,0,0
20260281,Joel Nicolau,6,Stage 6,0,0,0,0,0,0,0,0,0
20260281,Joel Nicolau,7,Stage 7,0,0,0,0,0,0,0,0,0
20260281,Joel Nicolau,8,Stage 8,0,0,0,0,0,0,0,0,0
20260281,Joel Nicolau,9,Stage 9,0,0,0,0,0,0,0,0,0
20260281,Joel Nicolau,10,Stage 10,0,0,0,0,0,0,0,0,0
20260281,Joel Nicolau,11,Stage 11,0,0,0,0,0,0,0,0,0
20260281,Joel Nicolau,12,Stage 12,0,0,0,0,0,0,0,0,0
20260281,Joel Nicolau,13,Stage 13,0,0,0,0,0,0,0,0,0
20260281,Joel Nicolau,14,Stage 14,0,0,0,0,0,0,0,0,0
20260281,Joel Nicolau,15,Stage 15,0,0,0,0,0,0,0,0,0
20260281,Joel Nicolau,16,Stage 16,0,0,0,0,0,0,0,0,0
20260281,Joel Nicolau,17,Stage 17,0,0,0,0,0,0,0,0,0
20260281,Joel Nicolau,18,Stage 18,0,0,0,0,0,0,0,0,0
20260281,Joel Nicolau,19,Stage 19,0,0,0,0,0,0,0,0,0
20260281,Joel Nicolau,20,Stage 20,0,0,0,0,0,0,0,0,0
20260281,Joel Nicolau,21,Stage 21,0,0,0,0,0,0,0,0,0
20260281,Joel Nicolau,22,Final Classifications,0,0,0,0,0,0,0,0,0
20260547,Quentin Pacher,1,Stage 1,0,0,0,0,0,0,0,5,5
20260547,Quentin Pacher,2,Stage 2,0,0,0,0,0,0,0,0,0
20260547,Quentin Pacher,3,Stage 3,0,0,0,0,0,0,0,0,0
20260547,Quentin Pacher,4,Stage 4,0,0,0,0,0,0,0,0,0
20260547,Quentin Pacher,5,Stage 5,0,0,0,0,0,0,0,0,0
20260547,Quentin Pacher,6,Stage 6,0,0,0,0,0,0,0,0,0
20260547,Quentin Pacher,7,Stage 7,0,0,0,0,0,0,0,0,0
20260547,Quentin Pacher,8,Stage 8,4,0,0,0,0,0,0,0,4
20260547,Quentin Pacher,9,Stage 9,0,0,0,0,0,0,0,0,0
20260547,Quentin Pacher,10,Stage 10,0,0,0,0,0,0,0,0,0
20260547,Quentin Pacher,11,Stage 11,0,0,0,0,0,0,0,0,0
20260547,Quentin Pacher,12,Stage 12,0,0,0,0,0,0,0,0,0
20260547,Quentin Pacher,13,Stage 13,0,0,0,0,0,0,0,0,0
20260547,Quentin Pacher,14,Stage 14,0,0,0,0,0,0,0,0,0
20260547,Quentin Pacher,15,Stage 15,0,0,0,0,0,0,0,0,0
20260547,Quentin Pacher,16,Stage 16,0,0,0,0,0,0,0,0,0
20260547,Quentin Pacher,17,Stage 17,0,0,0,0,0,0,0,0,0
20260547,Quentin Pacher,18,Stage 18,0,0,0,0,0,0,0,0,0
20260547,Quentin Pacher,19,Stage 19,0,0,0,0,0,0,0,0,0
20260547,Quentin Pacher,20,Stage 20,0,0,0,0,0,0,0,0,0
20260547,Quentin Pacher,21,Stage 21,0,0,0,0,0,0,0,0,0
20260547,Quentin Pacher,22,Final Classifications,0,0,0,0,0,0,0,0,0
20261406,Simone Velasco,1,Stage 1,0,0,0,0,0,0,0,0,0
20261406,Simone Velasco,2,Stage 2,0,0,0,0,0,0,0,0,0
20261406,Simone Velasco,3,Stage 3,0,0,0,0,0,0,0,0,0
20261406,Simone Velasco,4,Stage 4,0,0,0,0,0,0,0,0,0
20261406,Simone Velasco,5,Stage 5,0,0,0,0,0,0,0,4,4
20261406,Simone Velasco,6,Stage 6,0,0,0,0,0,0,0,0,0
20261406,Simone Velasco,7,Stage 7,0,0,0,0,0,0,0,0,0
20261406,Simone Velasco,8,Stage 8,0,0,0,0,0,0,0,0,0
20261406,Simone Velasco,9,Stage 9,0,0,0,0,0,0,0,0,0
20261406,Simone Velasco,10,Stage 10,0,0,0,0,0,0,0,0,0
20261406,Simone Velasco,11,Stage 11,0,0,0,0,0,0,0,0,0
20261406,Simone Velasco,12,Stage 12,0,0,0,0,0,0,0,0,0
20261406,Simone Velasco,13,Stage 13,0,0,0,0,0,0,0,4,4
20261406,Simone Velasco,14,Stage 14,0,0,0,0,0,0,0,0,0
20261406,Simone Velasco,15,Stage 15,0,0,0,0,0,0,0,0,0
20261406,Simone Velasco,16,Stage 16,0,0,0,0,0,0,0,0,0
20261406,Simone Velasco,17,Stage 17,0,0,0,0,0,0,0,0,0
20261406,Simone Velasco,18,Stage 18,0,0,0,0,0,0,0,0,0
20261406,Simone Velasco,19,Stage 19,0,0,0,0,0,0,0,0,0
20261406,Simone Velasco,20,Stage 20,0,0,0,0,0,0,0,0,0
20261406,Simone Velasco,21,Stage 21,0,0,0,0,0,0,0,0,0
20261406,Simone Velasco,22,Final Classifications,0,0,0,0,0,0,0,0,0
20260132,Robert Stannard,1,Stage 1,0,0,0,0,0,0,0,0,0
20260132,Robert Stannard,2,Stage 2,0,0,0,0,0,0,0,0,0
20260132,Robert Stannard,3,Stage 3,0,0,0,0,0,0,0,0,0
20260132,Robert Stannard,4,Stage 4,0,0,0,0,0,0,0,0,0
20260132,Robert Stannard,5,Stage 5,0,0,0,0,0,0,0,0,0
20260132,Robert Stannard,6,Stage 6,0,0,0,0,0,0,0,0,0
20260132,Robert Stannard,7,Stage 7,0,0,0,0,0,0,0,0,0
20260132,Robert Stannard,8,Stage 8,0,0,0,0,0,0,0,0,0
20260132,Robert Stannard,9,Stage 9,0,0,0,0,0,0,0,0,0
20260132,Robert Stannard,10,Stage 10,0,0,0,0,0,0,0,0,0
20260132,Robert Stannard,11,Stage 11,0,0,0,0,0,0,0,0,0
20260132,Robert Stannard,12,Stage 12,4,0,0,0,0,0,0,0,4
20260132,Robert Stannard,13,Stage 13,0,0,0,0,0,0,0,0,0
20260132,Robert Stannard,14,Stage 14,0,0,0,0,0,0,0,0,0
20260132,Robert Stannard,15,Stage 15,0,0,0,0,0,0,0,0,0
20260132,Robert Stannard,16,Stage 16,0,0,0,0,0,0,0,0,0
20260132,Robert Stannard,17,Stage 17,0,0,0,0,0,0,0,0,0
20260132,Robert Stannard,18,Stage 18,0,0,0,0,0,0,0,0,0
20260132,Robert Stannard,19,Stage 19,0,0,0,0,0,0,0,4,4
20260132,Robert Stannard,20,Stage 20,0,0,0,0,0,0,0,0,0
20260132,Robert Stannard,21,Stage 21,0,0,0,0,0,0,0,0,0
20260132,Robert Stannard,22,Final Classifications,0,0,0,0,0,0,0,0,0
20260807,Matis Louvel,1,Stage 1,0,0,0,0,0,0,0,0,0
20260807,Matis Louvel,2,Stage 2,0,0,0,0,0,0,0,0,0
20260807,Matis Louvel,3,Stage 3,0,0,0,0,0,0,0,0,0
20260807,Matis Louvel,4,Stage 4,0,0,0,0,0,0,0,0,0
20260807,Matis Louvel,5,Stage 5,0,0,0,0,0,0,0,0,0
20260807,Matis Louvel,6,Stage 6,0,0,0,0,0,0,0,0,0
20260807,Matis Louvel,7,Stage 7,0,0,0,0,0,0,0,2,2
20260807,Matis Louvel,8,Stage 8,0,0,0,0,0,0,0,4,4
20260807,Matis Louvel,9,Stage 9,0,0,0,0,0,0,0,0,0
20260807,Matis Louvel,10,Stage 10,0,0,0,0,0,0,0,0,0
20260807,Matis Louvel,11,Stage 11,0,0,0,0,0,0,0,0,0
20260807,Matis Louvel,12,Stage 12,0,0,0,0,0,0,0,0,0
20260807,Matis Louvel,13,Stage 13,0,0,0,0,0,0,0,0,0
20260807,Matis Louvel,14,Stage 14,0,0,0,0,0,0,0,0,0
20260807,Matis Louvel,15,Stage 15,0,0,0,0,0,0,0,0,0
20260807,Matis Louvel,16,Stage 16,0,0,0,0,0,0,0,0,0
20260807,Matis Louvel,17,Stage 17,0,0,0,0,0,0,0,0,0
20260807,Matis Louvel,18,Stage 18,0,0,0,0,0,0,0,0,0
20260807,Matis Louvel,19,Stage 19,0,0,0,0,0,0,0,0,0
20260807,Matis Louvel,20,Stage 20,0,0,0,0,0,0,0,0,0
20260807,Matis Louvel,21,Stage 21,0,0,0,0,0,0,0,0,0
20260807,Matis Louvel,22,Final Classifications,0,0,0,0,0,0,0,0,0
20260526,Clément Berthet,1,Stage 1,0,0,0,0,0,0,0,5,5
20260526,Clément Berthet,2,Stage 2,0,0,0,0,0,0,0,0,0
20260526,Clément Berthet,3,Stage 3,0,0,0,0,0,0,0,0,0
20260526,Clément Berthet,4,Stage 4,0,0,0,0,0,0,0,0,0
20260526,Clément Berthet,5,Stage 5,0,0,0,0,0,0,0,0,0
20260526,Clément Berthet,6,Stage 6,0,0,0,0,0,0,0,0,0
20260526,Clément Berthet,7,Stage 7,0,0,0,0,0,0,0,0,0
20260526,Clément Berthet,8,Stage 8,0,0,0,0,0,0,0,0,0
20260526,Clément Berthet,9,Stage 9,0,0,0,0,0,0,0,0,0
20260526,Clément Berthet,10,Stage 10,0,0,0,0,0,0,0,0,0
20260526,Clément Berthet,11,Stage 11,0,0,0,0,0,0,0,0,0
20260526,Clément Berthet,12,Stage 12,0,0,0,0,0,0,0,0,0
20260526,Clément Berthet,13,Stage 13,0,0,0,0,0,0,0,0,0
20260526,Clément Berthet,14,Stage 14,0,0,0,0,0,0,0,0,0
20260526,Clément Berthet,15,Stage 15,0,0,0,0,0,0,0,0,0
20260526,Clément Berthet,16,Stage 16,0,0,0,0,0,0,0,0,0
20260526,Clément Berthet,17,Stage 17,0,0,0,0,0,0,0,0,0
20260526,Clément Berthet,18,Stage 18,0,0,0,0,0,0,0,0,0
20260526,Clément Berthet,19,Stage 19,0,0,0,0,0,0,0,0,0
20260526,Clément Berthet,20,Stage 20,0,0,0,0,0,0,0,0,0
20260526,Clément Berthet,21,Stage 21,0,0,0,0,0,0,0,0,0
20260526,Clément Berthet,22,Final Classifications,0,0,0,0,0,0,0,0,0
20260536,Lorenzo Germani,1,Stage 1,0,0,0,0,0,0,0,5,5
20260536,Lorenzo Germani,2,Stage 2,0,0,0,0,0,0,0,0,0
20260536,Lorenzo Germani,3,Stage 3,0,0,0,0,0,0,0,0,0
20260536,Lorenzo Germani,4,Stage 4,0,0,0,0,0,0,0,0,0
20260536,Lorenzo Germani,5,Stage 5,0,0,0,0,0,0,0,0,0
20260536,Lorenzo Germani,6,Stage 6,0,0,0,0,0,0,0,0,0
20260536,Lorenzo Germani,7,Stage 7,0,0,0,0,0,0,0,0,0
20260536,Lorenzo Germani,8,Stage 8,0,0,0,0,0,0,0,0,0
20260536,Lorenzo Germani,9,Stage 9,0,0,0,0,0,0,0,0,0
20260536,Lorenzo Germani,10,Stage 10,0,0,0,0,0,0,0,0,0
20260536,Lorenzo Germani,11,Stage 11,0,0,0,0,0,0,0,0,0
20260536,Lorenzo Germani,12,Stage 12,0,0,0,0,0,0,0,0,0
20260536,Lorenzo Germani,13,Stage 13,0,0,0,0,0,0,0,0,0
20260536,Lorenzo Germani,14,Stage 14,0,0,0,0,0,0,0,0,0
20260536,Lorenzo Germani,15,Stage 15,0,0,0,0,0,0,0,0,0
20260536,Lorenzo Germani,16,Stage 16,0,0,0,0,0,0,0,0,0
20260536,Lorenzo Germani,17,Stage 17,0,0,0,0,0,0,0,0,0
20260536,Lorenzo Germani,18,Stage 18,0,0,0,0,0,0,0,0,0
20260536,Lorenzo Germani,19,Stage 19,0,0,0,0,0,0,0,0,0
20260536,Lorenzo Germani,20,Stage 20,0,0,0,0,0,0,0,0,0
20260536,Lorenzo Germani,21,Stage 21,0,0,0,0,0,0,0,0,0
20260536,Lorenzo Germani,22,Final Classifications,0,0,0,0,0,0,0,0,0
20260839,Damien Howson,1,Stage 1,0,0,0,0,0,0,0,0,0
20260839,Damien Howson,2,Stage 2,0,0,0,0,0,0,0,0,0
20260839,Damien Howson,3,Stage 3,0,0,0,0,0,0,0,0,0
20260839,Damien Howson,4,Stage 4,0,0,0,0,0,0,0,0,0
20260839,Damien Howson,5,Stage 5,0,0,0,0,0,0,0,0,0
20260839,Damien Howson,6,Stage 6,0,0,0,0,0,0,0,0,0
20260839,Damien Howson,7,Stage 7,0,0,0,0,0,0,0,0,0
20260839,Damien Howson,8,Stage 8,0,0,0,0,0,0,0,0,0
20260839,Damien Howson,9,Stage 9,0,0,0,0,0,0,0,2,2
20260839,Damien Howson,10,Stage 10,0,0,0,0,0,0,0,0,0
20260839,Damien Howson,11,Stage 11,0,0,0,0,0,0,0,0,0
20260839,Damien Howson,12,Stage 12,0,0,0,0,0,0,0,0,0
20260839,Damien Howson,13,Stage 13,0,0,0,0,0,0,0,2,2
20260839,Damien Howson,14,Stage 14,0,0,0,0,0,0,0,0,0
20260839,Damien Howson,15,Stage 15,0,0,0,0,0,0,0,0,0
20260839,Damien Howson,16,Stage 16,0,0,0,0,0,0,0,0,0
20260839,Damien Howson,17,Stage 17,0,0,0,0,0,0,0,0,0
20260839,Damien Howson,18,Stage 18,0,0,0,0,0,0,0,0,0
20260839,Damien Howson,19,Stage 19,0,0,0,0,0,0,0,0,0
20260839,Damien Howson,20,Stage 20,0,0,0,0,0,0,0,0,0
20260839,Damien Howson,21,Stage 21,0,0,0,0,0,0,0,0,0
20260839,Damien Howson,22,Final Classifications,0,0,0,0,0,0,0,0,0
20260122,Kamil Gradek,1,Stage 1,0,0,0,0,0,0,0,0,0
20260122,Kamil Gradek,2,Stage 2,0,0,0,0,0,0,0,0,0
20260122,Kamil Gradek,3,Stage 3,0,0,0,0,0,0,0,0,0
20260122,Kamil Gradek,4,Stage 4,0,0,0,0,0,0,0,0,0
20260122,Kamil Gradek,5,Stage 5,0,0,0,0,0,0,0,0,0
20260122,Kamil Gradek,6,Stage 6,0,0,0,0,0,0,0,0,0
20260122,Kamil Gradek,7,Stage 7,0,0,0,0,0,0,0,0,0
20260122,Kamil Gradek,8,Stage 8,0,0,0,0,0,0,0,0,0
20260122,Kamil Gradek,9,Stage 9,0,0,0,0,0,0,0,0,0
20260122,Kamil Gradek,10,Stage 10,0,0,0,0,0,0,0,0,0
20260122,Kamil Gradek,11,Stage 11,0,0,0,0,0,0,0,0,0
20260122,Kamil Gradek,12,Stage 12,0,0,0,0,0,0,0,0,0
20260122,Kamil Gradek,13,Stage 13,0,0,0,0,0,0,0,0,0
20260122,Kamil Gradek,14,Stage 14,0,0,0,0,0,0,0,0,0
20260122,Kamil Gradek,15,Stage 15,0,0,0,0,0,0,0,0,0
20260122,Kamil Gradek,16,Stage 16,0,0,0,0,0,0,0,0,0
20260122,Kamil Gradek,17,Stage 17,0,0,0,0,0,0,0,0,0
20260122,Kamil Gradek,18,Stage 18,0,0,0,0,0,0,0,0,0
20260122,Kamil Gradek,19,Stage 19,0,0,0,0,0,0,0,4,4
20260122,Kamil Gradek,20,Stage 20,0,0,0,0,0,0,0,0,0
20260122,Kamil Gradek,21,Stage 21,0,0,0,0,0,0,0,0,0
20260122,Kamil Gradek,22,Final Classifications,0,0,0,0,0,0,0,0,0
20260751,Jefferson Alveiro Cepeda,1,Stage 1,0,0,0,0,0,0,0,0,0
20260751,Jefferson Alveiro Cepeda,2,Stage 2,0,0,0,0,0,0,0,0,0
20260751,Jefferson Alveiro Cepeda,3,Stage 3,0,0,0,0,0,0,0,0,0
20260751,Jefferson Alveiro Cepeda,4,Stage 4,0,0,0,0,0,0,0,2,2
20260751,Jefferson Alveiro Cepeda,5,Stage 5,0,0,0,0,0,0,0,0,0
20260751,Jefferson Alveiro Cepeda,6,Stage 6,0,0,0,0,0,0,0,0,0
20260751,Jefferson Alveiro Cepeda,7,Stage 7,0,0,0,0,0,0,0,0,0
20260751,Jefferson Alveiro Cepeda,8,Stage 8,0,0,0,0,0,0,0,0,0
20260751,Jefferson Alveiro Cepeda,9,Stage 9,0,0,0,0,0,0,0,0,0
20260751,Jefferson Alveiro Cepeda,10,Stage 10,0,0,0,0,0,0,0,0,0
20260751,Jefferson Alveiro Cepeda,11,Stage 11,0,0,0,0,0,0,0,0,0
20260751,Jefferson Alveiro Cepeda,12,Stage 12,0,0,0,0,0,0,0,0,0
20260751,Jefferson Alveiro Cepeda,13,Stage 13,0,0,0,0,0,0,0,0,0
20260751,Jefferson Alveiro Cepeda,14,Stage 14,0,0,0,0,0,0,0,0,0
20260751,Jefferson Alveiro Cepeda,15,Stage 15,0,0,0,0,1,0,0,0,1
20260751,Jefferson Alveiro Cepeda,16,Stage 16,0,0,0,0,0,0,0,0,0
20260751,Jefferson Alveiro Cepeda,17,Stage 17,0,0,0,0,0,0,0,0,0
20260751,Jefferson Alveiro Cepeda,18,Stage 18,0,0,0,0,0,0,0,0,0
20260751,Jefferson Alveiro Cepeda,19,Stage 19,0,0,0,0,0,0,0,0,0
20260751,Jefferson Alveiro Cepeda,20,Stage 20,0,0,0,0,0,0,0,0,0
20260751,Jefferson Alveiro Cepeda,21,Stage 21,0,0,0,0,0,0,0,0,0
20260751,Jefferson Alveiro Cepeda,22,Final Classifications,0,0,0,0,0,0,0,0,0
20260303,Alex Kirsch,1,Stage 1,0,0,0,0,0,0,0,0,0
20260303,Alex Kirsch,2,Stage 2,0,0,0,0,0,0,0,0,0
20260303,Alex Kirsch,3,Stage 3,0,0,0,0,0,0,0,0,0
20260303,Alex Kirsch,4,Stage 4,0,0,0,0,3,0,0,0,3
20260303,Alex Kirsch,5,Stage 5,0,0,0,0,0,0,0,0,0
20260303,Alex Kirsch,6,Stage 6,0,0,0,0,0,0,0,0,0
20260303,Alex Kirsch,7,Stage 7,0,0,0,0,0,0,0,0,0
20260303,Alex Kirsch,8,Stage 8,0,0,0,0,0,0,0,0,0
20260303,Alex Kirsch,9,Stage 9,0,0,0,0,0,0,0,0,0
20260303,Alex Kirsch,10,Stage 10,0,0,0,0,0,0,0,0,0
20260303,Alex Kirsch,11,Stage 11,0,0,0,0,0,0,0,0,0
20260303,Alex Kirsch,12,Stage 12,0,0,0,0,0,0,0,0,0
20260303,Alex Kirsch,13,Stage 13,0,0,0,0,0,0,0,0,0
20260303,Alex Kirsch,14,Stage 14,0,0,0,0,0,0,0,0,0
20260303,Alex Kirsch,15,Stage 15,0,0,0,0,0,0,0,0,0
20260303,Alex Kirsch,16,Stage 16,0,0,0,0,0,0,0,0,0
20260303,Alex Kirsch,17,Stage 17,0,0,0,0,0,0,0,0,0
20260303,Alex Kirsch,18,Stage 18,0,0,0,0,0,0,0,0,0
20260303,Alex Kirsch,19,Stage 19,0,0,0,0,0,0,0,0,0
20260303,Alex Kirsch,20,Stage 20,0,0,0,0,0,0,0,0,0
20260303,Alex Kirsch,21,Stage 21,0,0,0,0,0,0,0,0,0
20260303,Alex Kirsch,22,Final Classifications,0,0,0,0,0,0,0,0,0
20260836,Chris Harper,1,Stage 1,0,0,0,0,0,0,0,0,0
20260836,Chris Harper,2,Stage 2,0,0,0,0,0,0,0,0,0
20260836,Chris Harper,3,Stage 3,0,0,0,0,0,0,0,0,0
20260836,Chris Harper,4,Stage 4,0,0,0,0,0,0,0,0,0
20260836,Chris Harper,5,Stage 5,0,0,0,0,0,0,0,0,0
20260836,Chris Harper,6,Stage 6,0,0,0,0,0,0,0,0,0
20260836,Chris Harper,7,Stage 7,0,0,0,0,0,0,0,0,0
20260836,Chris Harper,8,Stage 8,0,0,0,0,0,0,0,0,0
20260836,Chris Harper,9,Stage 9,0,0,0,0,0,0,0,2,2
20260836,Chris Harper,10,Stage 10,0,0,0,0,0,0,0,0,0
20260836,Chris Harper,11,Stage 11,0,0,0,0,0,0,0,0,0
20260836,Chris Harper,12,Stage 12,0,0,0,0,0,0,0,0,0
20260836,Chris Harper,13,Stage 13,0,0,0,0,0,0,0,0,0
20260836,Chris Harper,14,Stage 14,0,0,0,0,0,0,0,0,0
20260836,Chris Harper,15,Stage 15,0,0,0,0,0,0,0,0,0
20260836,Chris Harper,16,Stage 16,0,0,0,0,0,0,0,0,0
20260836,Chris Harper,17,Stage 17,0,0,0,0,0,0,0,0,0
20260836,Chris Harper,18,Stage 18,0,0,0,0,0,0,0,0,0
20260836,Chris Harper,19,Stage 19,0,0,0,0,0,0,0,0,0
20260836,Chris Harper,20,Stage 20,0,0,0,0,0,0,0,0,0
20260836,Chris Harper,21,Stage 21,0,0,0,0,0,0,0,0,0
20260836,Chris Harper,22,Final Classifications,0,0,0,0,0,0,0,0,0
20260755,Michel Hessmann,1,Stage 1,0,0,0,0,0,0,0,0,0
20260755,Michel Hessmann,2,Stage 2,0,0,0,0,0,0,0,0,0
20260755,Michel Hessmann,3,Stage 3,0,0,0,0,0,0,0,0,0
20260755,Michel Hessmann,4,Stage 4,0,0,0,0,0,0,0,2,2
20260755,Michel Hessmann,5,Stage 5,0,0,0,0,0,0,0,0,0
20260755,Michel Hessmann,6,Stage 6,0,0,0,0,0,0,0,0,0
20260755,Michel Hessmann,7,Stage 7,0,0,0,0,0,0,0,0,0
20260755,Michel Hessmann,8,Stage 8,0,0,0,0,0,0,0,0,0
20260755,Michel Hessmann,9,Stage 9,0,0,0,0,0,0,0,0,0
20260755,Michel Hessmann,10,Stage 10,0,0,0,0,0,0,0,0,0
20260755,Michel Hessmann,11,Stage 11,0,0,0,0,0,0,0,0,0
20260755,Michel Hessmann,12,Stage 12,0,0,0,0,0,0,0,0,0
20260755,Michel Hessmann,13,Stage 13,0,0,0,0,0,0,0,0,0
20260755,Michel Hessmann,14,Stage 14,0,0,0,0,0,0,0,0,0
20260755,Michel Hessmann,15,Stage 15,0,0,0,0,0,0,0,0,0
20260755,Michel Hessmann,16,Stage 16,0,0,0,0,0,0,0,0,0
20260755,Michel Hessmann,17,Stage 17,0,0,0,0,0,0,0,0,0
20260755,Michel Hessmann,18,Stage 18,0,0,0,0,0,0,0,0,0
20260755,Michel Hessmann,19,Stage 19,0,0,0,0,0,0,0,0,0
20260755,Michel Hessmann,20,Stage 20,0,0,0,0,0,0,0,0,0
20260755,Michel Hessmann,21,Stage 21,0,0,0,0,0,0,0,0,0
20260755,Michel Hessmann,22,Final Classifications,0,0,0,0,0,0,0,0,0
20260955,Bert Van Lerberghe,1,Stage 1,0,0,0,0,0,0,0,0,0
20260955,Bert Van Lerberghe,2,Stage 2,0,0,0,0,0,0,0,0,0
20260955,Bert Van Lerberghe,3,Stage 3,0,0,0,0,0,0,0,0,0
20260955,Bert Van Lerberghe,4,Stage 4,0,0,0,0,0,0,0,0,0
20260955,Bert Van Lerberghe,5,Stage 5,0,0,0,0,0,0,0,2,2
20260955,Bert Van Lerberghe,6,Stage 6,0,0,0,0,0,0,0,0,0
20260955,Bert Van Lerberghe,7,Stage 7,0,0,0,0,0,0,0,0,0
20260955,Bert Van Lerberghe,8,Stage 8,0,0,0,0,0,0,0,0,0
20260955,Bert Van Lerberghe,9,Stage 9,0,0,0,0,0,0,0,0,0
20260955,Bert Van Lerberghe,10,Stage 10,0,0,0,0,0,0,0,0,0
20260955,Bert Van Lerberghe,11,Stage 11,0,0,0,0,0,0,0,0,0
20260955,Bert Van Lerberghe,12,Stage 12,0,0,0,0,0,0,0,0,0
20260955,Bert Van Lerberghe,13,Stage 13,0,0,0,0,0,0,0,0,0
20260955,Bert Van Lerberghe,14,Stage 14,0,0,0,0,0,0,0,0,0
20260955,Bert Van Lerberghe,15,Stage 15,0,0,0,0,0,0,0,0,0
20260955,Bert Van Lerberghe,16,Stage 16,0,0,0,0,0,0,0,0,0
20260955,Bert Van Lerberghe,17,Stage 17,0,0,0,0,0,0,0,0,0
20260955,Bert Van Lerberghe,18,Stage 18,0,0,0,0,0,0,0,0,0
20260955,Bert Van Lerberghe,19,Stage 19,0,0,0,0,0,0,0,0,0
20260955,Bert Van Lerberghe,20,Stage 20,0,0,0,0,0,0,0,0,0
20260955,Bert Van Lerberghe,21,Stage 21,0,0,0,0,0,0,0,0,0
20260955,Bert Van Lerberghe,22,Final Classifications,0,0,0,0,0,0,0,0,0
20260680,Arnaud De Lie,1,Stage 1,0,0,0,0,0,0,0,0,0
20260680,Arnaud De Lie,2,Stage 2,0,0,0,0,0,0,0,0,0
20260680,Arnaud De Lie,3,Stage 3,0,0,0,0,0,0,0,0,0
20260680,Arnaud De Lie,4,Stage 4,0,0,0,0,0,0,0,0,0
20260680,Arnaud De Lie,5,Stage 5,0,0,0,0,0,0,0,0,0
20260680,Arnaud De Lie,6,Stage 6,0,0,0,0,0,0,0,0,0
20260680,Arnaud De Lie,7,Stage 7,0,0,0,0,0,0,0,0,0
20260680,Arnaud De Lie,8,Stage 8,0,0,0,0,0,0,0,0,0
20260680,Arnaud De Lie,9,Stage 9,0,0,0,0,0,0,0,0,0
20260680,Arnaud De Lie,10,Stage 10,0,0,0,0,0,0,0,0,0
20260680,Arnaud De Lie,11,Stage 11,0,0,0,0,0,0,0,0,0
20260680,Arnaud De Lie,12,Stage 12,0,0,0,0,0,0,0,0,0
20260680,Arnaud De Lie,13,Stage 13,0,0,0,0,0,0,0,0,0
20260680,Arnaud De Lie,14,Stage 14,0,0,0,0,0,0,0,0,0
20260680,Arnaud De Lie,15,Stage 15,0,0,0,0,0,0,0,0,0
20260680,Arnaud De Lie,16,Stage 16,0,0,0,0,0,0,0,0,0
20260680,Arnaud De Lie,17,Stage 17,0,0,0,0,0,0,0,0,0
20260680,Arnaud De Lie,18,Stage 18,0,0,0,0,0,0,0,0,0
20260680,Arnaud De Lie,19,Stage 19,0,0,0,0,0,0,0,0,0
20260680,Arnaud De Lie,20,Stage 20,0,0,0,0,0,0,0,0,0
20260680,Arnaud De Lie,21,Stage 21,0,0,0,0,0,0,0,0,0
20260680,Arnaud De Lie,22,Final Classifications,0,0,0,0,0,0,0,0,0
20261213,Arvid De Kleijn,1,Stage 1,0,0,0,0,0,0,0,0,0
20261213,Arvid De Kleijn,2,Stage 2,0,0,0,0,0,0,0,0,0
20261213,Arvid De Kleijn,3,Stage 3,0,0,0,0,0,0,0,0,0
20261213,Arvid De Kleijn,4,Stage 4,0,0,0,0,0,0,0,0,0
20261213,Arvid De Kleijn,5,Stage 5,0,0,0,0,0,0,0,0,0
20261213,Arvid De Kleijn,6,Stage 6,0,0,0,0,0,0,0,0,0
20261213,Arvid De Kleijn,7,Stage 7,0,0,0,0,0,0,0,0,0
20261213,Arvid De Kleijn,8,Stage 8,0,0,0,0,0,0,0,0,0
20261213,Arvid De Kleijn,9,Stage 9,0,0,0,0,0,0,0,0,0
20261213,Arvid De Kleijn,10,Stage 10,0,0,0,0,0,0,0,0,0
20261213,Arvid De Kleijn,11,Stage 11,0,0,0,0,0,0,0,0,0
20261213,Arvid De Kleijn,12,Stage 12,0,0,0,0,0,0,0,0,0
20261213,Arvid De Kleijn,13,Stage 13,0,0,0,0,0,0,0,0,0
20261213,Arvid De Kleijn,14,Stage 14,0,0,0,0,0,0,0,0,0
20261213,Arvid De Kleijn,15,Stage 15,0,0,0,0,0,0,0,0,0
20261213,Arvid De Kleijn,16,Stage 16,0,0,0,0,0,0,0,0,0
20261213,Arvid De Kleijn,17,Stage 17,0,0,0,0,0,0,0,0,0
20261213,Arvid De Kleijn,18,Stage 18,0,0,0,0,0,0,0,0,0
20261213,Arvid De Kleijn,19,Stage 19,0,0,0,0,0,0,0,0,0
20261213,Arvid De Kleijn,20,Stage 20,0,0,0,0,0,0,0,0,0
20261213,Arvid De Kleijn,21,Stage 21,0,0,0,0,0,0,0,0,0
20261213,Arvid De Kleijn,22,Final Classifications,0,0,0,0,0,0,0,0,0
20260266,Sebastian Berwick,1,Stage 1,0,0,0,0,0,0,0,0,0
20260266,Sebastian Berwick,2,Stage 2,0,0,0,0,0,0,0,0,0
20260266,Sebastian Berwick,3,Stage 3,0,0,0,0,0,0,0,0,0
20260266,Sebastian Berwick,4,Stage 4,0,0,0,0,0,0,0,0,0
20260266,Sebastian Berwick,5,Stage 5,0,0,0,0,0,0,0,0,0
20260266,Sebastian Berwick,6,Stage 6,0,0,0,0,0,0,0,0,0
20260266,Sebastian Berwick,7,Stage 7,0,0,0,0,0,0,0,0,0
20260266,Sebastian Berwick,8,Stage 8,0,0,0,0,0,0,0,0,0
20260266,Sebastian Berwick,9,Stage 9,0,0,0,0,0,0,0,0,0
20260266,Sebastian Berwick,10,Stage 10,0,0,0,0,0,0,0,0,0
20260266,Sebastian Berwick,11,Stage 11,0,0,0,0,0,0,0,0,0
20260266,Sebastian Berwick,12,Stage 12,0,0,0,0,0,0,0,0,0
20260266,Sebastian Berwick,13,Stage 13,0,0,0,0,0,0,0,0,0
20260266,Sebastian Berwick,14,Stage 14,0,0,0,0,0,0,0,0,0
20260266,Sebastian Berwick,15,Stage 15,0,0,0,0,0,0,0,0,0
20260266,Sebastian Berwick,16,Stage 16,0,0,0,0,0,0,0,0,0
20260266,Sebastian Berwick,17,Stage 17,0,0,0,0,0,0,0,0,0
20260266,Sebastian Berwick,18,Stage 18,0,0,0,0,0,0,0,0,0
20260266,Sebastian Berwick,19,Stage 19,0,0,0,0,0,0,0,0,0
20260266,Sebastian Berwick,20,Stage 20,0,0,0,0,0,0,0,0,0
20260266,Sebastian Berwick,21,Stage 21,0,0,0,0,0,0,0,0,0
20260266,Sebastian Berwick,22,Final Classifications,0,0,0,0,0,0,0,0,0
20260284,José Félix Parra,1,Stage 1,0,0,0,0,0,0,0,0,0
20260284,José Félix Parra,2,Stage 2,0,0,0,0,0,0,0,0,0
20260284,José Félix Parra,3,Stage 3,0,0,0,0,0,0,0,0,0
20260284,José Félix Parra,4,Stage 4,0,0,0,0,0,0,0,0,0
20260284,José Félix Parra,5,Stage 5,0,0,0,0,0,0,0,0,0
20260284,José Félix Parra,6,Stage 6,0,0,0,0,0,0,0,0,0
20260284,José Félix Parra,7,Stage 7,0,0,0,0,0,0,0,0,0
20260284,José Félix Parra,8,Stage 8,0,0,0,0,0,0,0,0,0
20260284,José Félix Parra,9,Stage 9,0,0,0,0,0,0,0,0,0
20260284,José Félix Parra,10,Stage 10,0,0,0,0,0,0,0,0,0
20260284,José Félix Parra,11,Stage 11,0,0,0,0,0,0,0,0,0
20260284,José Félix Parra,12,Stage 12,0,0,0,0,0,0,0,0,0
20260284,José Félix Parra,13,Stage 13,0,0,0,0,0,0,0,0,0
20260284,José Félix Parra,14,Stage 14,0,0,0,0,0,0,0,0,0
20260284,José Félix Parra,15,Stage 15,0,0,0,0,0,0,0,0,0
20260284,José Félix Parra,16,Stage 16,0,0,0,0,0,0,0,0,0
20260284,José Félix Parra,17,Stage 17,0,0,0,0,0,0,0,0,0
20260284,José Félix Parra,18,Stage 18,0,0,0,0,0,0,0,0,0
20260284,José Félix Parra,19,Stage 19,0,0,0,0,0,0,0,0,0
20260284,José Félix Parra,20,Stage 20,0,0,0,0,0,0,0,0,0
20260284,José Félix Parra,21,Stage 21,0,0,0,0,0,0,0,0,0
20260284,José Félix Parra,22,Final Classifications,0,0,0,0,0,0,0,0,0
20260316,Benjamin Thomas,1,Stage 1,0,0,0,0,0,0,0,0,0
20260316,Benjamin Thomas,2,Stage 2,0,0,0,0,0,0,0,0,0
20260316,Benjamin Thomas,3,Stage 3,0,0,0,0,0,0,0,0,0
20260316,Benjamin Thomas,4,Stage 4,0,0,0,0,0,0,0,0,0
20260316,Benjamin Thomas,5,Stage 5,0,0,0,0,0,0,0,0,0
20260316,Benjamin Thomas,6,Stage 6,0,0,0,0,0,0,0,0,0
20260316,Benjamin Thomas,7,Stage 7,0,0,0,0,0,0,0,0,0
20260316,Benjamin Thomas,8,Stage 8,0,0,0,0,0,0,0,0,0
20260316,Benjamin Thomas,9,Stage 9,0,0,0,0,0,0,0,0,0
20260316,Benjamin Thomas,10,Stage 10,0,0,0,0,0,0,0,0,0
20260316,Benjamin Thomas,11,Stage 11,0,0,0,0,0,0,0,0,0
20260316,Benjamin Thomas,12,Stage 12,0,0,0,0,0,0,0,0,0
20260316,Benjamin Thomas,13,Stage 13,0,0,0,0,0,0,0,0,0
20260316,Benjamin Thomas,14,Stage 14,0,0,0,0,0,0,0,0,0
20260316,Benjamin Thomas,15,Stage 15,0,0,0,0,0,0,0,0,0
20260316,Benjamin Thomas,16,Stage 16,0,0,0,0,0,0,0,0,0
20260316,Benjamin Thomas,17,Stage 17,0,0,0,0,0,0,0,0,0
20260316,Benjamin Thomas,18,Stage 18,0,0,0,0,0,0,0,0,0
20260316,Benjamin Thomas,19,Stage 19,0,0,0,0,0,0,0,0,0
20260316,Benjamin Thomas,20,Stage 20,0,0,0,0,0,0,0,0,0
20260316,Benjamin Thomas,21,Stage 21,0,0,0,0,0,0,0,0,0
20260316,Benjamin Thomas,22,Final Classifications,0,0,0,0,0,0,0,0,0
20261087,Frits Biesterbos,1,Stage 1,0,0,0,0,0,0,0,0,0
20261087,Frits Biesterbos,2,Stage 2,0,0,0,0,0,0,0,0,0
20261087,Frits Biesterbos,3,Stage 3,0,0,0,0,0,0,0,0,0
20261087,Frits Biesterbos,4,Stage 4,0,0,0,0,0,0,0,0,0
20261087,Frits Biesterbos,5,Stage 5,0,0,0,0,0,0,0,0,0
20261087,Frits Biesterbos,6,Stage 6,0,0,0,0,0,0,0,0,0
20261087,Frits Biesterbos,7,Stage 7,0,0,0,0,0,0,0,0,0
20261087,Frits Biesterbos,8,Stage 8,0,0,0,0,0,0,0,0,0
20261087,Frits Biesterbos,9,Stage 9,0,0,0,0,0,0,0,0,0
20261087,Frits Biesterbos,10,Stage 10,0,0,0,0,0,0,0,0,0
20261087,Frits Biesterbos,11,Stage 11,0,0,0,0,0,0,0,0,0
20261087,Frits Biesterbos,12,Stage 12,0,0,0,0,0,0,0,0,0
20261087,Frits Biesterbos,13,Stage 13,0,0,0,0,0,0,0,0,0
20261087,Frits Biesterbos,14,Stage 14,0,0,0,0,0,0,0,0,0
20261087,Frits Biesterbos,15,Stage 15,0,0,0,0,0,0,0,0,0
20261087,Frits Biesterbos,16,Stage 16,0,0,0,0,0,0,0,0,0
20261087,Frits Biesterbos,17,Stage 17,0,0,0,0,0,0,0,0,0
20261087,Frits Biesterbos,18,Stage 18,0,0,0,0,0,0,0,0,0
20261087,Frits Biesterbos,19,Stage 19,0,0,0,0,0,0,0,0,0
20261087,Frits Biesterbos,20,Stage 20,0,0,0,0,0,0,0,0,0
20261087,Frits Biesterbos,21,Stage 21,0,0,0,0,0,0,0,0,0
20261087,Frits Biesterbos,22,Final Classifications,0,0,0,0,0,0,0,0,0
20261091,John Degenkolb,1,Stage 1,0,0,0,0,0,0,0,0,0
20261091,John Degenkolb,2,Stage 2,0,0,0,0,0,0,0,0,0
20261091,John Degenkolb,3,Stage 3,0,0,0,0,0,0,0,0,0
20261091,John Degenkolb,4,Stage 4,0,0,0,0,0,0,0,0,0
20261091,John Degenkolb,5,Stage 5,0,0,0,0,0,0,0,0,0
20261091,John Degenkolb,6,Stage 6,0,0,0,0,0,0,0,0,0
20261091,John Degenkolb,7,Stage 7,0,0,0,0,0,0,0,0,0
20261091,John Degenkolb,8,Stage 8,0,0,0,0,0,0,0,0,0
20261091,John Degenkolb,9,Stage 9,0,0,0,0,0,0,0,0,0
20261091,John Degenkolb,10,Stage 10,0,0,0,0,0,0,0,0,0
20261091,John Degenkolb,11,Stage 11,0,0,0,0,0,0,0,0,0
20261091,John Degenkolb,12,Stage 12,0,0,0,0,0,0,0,0,0
20261091,John Degenkolb,13,Stage 13,0,0,0,0,0,0,0,0,0
20261091,John Degenkolb,14,Stage 14,0,0,0,0,0,0,0,0,0
20261091,John Degenkolb,15,Stage 15,0,0,0,0,0,0,0,0,0
20261091,John Degenkolb,16,Stage 16,0,0,0,0,0,0,0,0,0
20261091,John Degenkolb,17,Stage 17,0,0,0,0,0,0,0,0,0
20261091,John Degenkolb,18,Stage 18,0,0,0,0,0,0,0,0,0
20261091,John Degenkolb,19,Stage 19,0,0,0,0,0,0,0,0,0
20261091,John Degenkolb,20,Stage 20,0,0,0,0,0,0,0,0,0
20261091,John Degenkolb,21,Stage 21,0,0,0,0,0,0,0,0,0
20261091,John Degenkolb,22,Final Classifications,0,0,0,0,0,0,0,0,0
20261233,Matteo Trentin,1,Stage 1,0,0,0,0,0,0,0,0,0
20261233,Matteo Trentin,2,Stage 2,0,0,0,0,0,0,0,0,0
20261233,Matteo Trentin,3,Stage 3,0,0,0,0,0,0,0,0,0
20261233,Matteo Trentin,4,Stage 4,0,0,0,0,0,0,0,0,0
20261233,Matteo Trentin,5,Stage 5,0,0,0,0,0,0,0,0,0
20261233,Matteo Trentin,6,Stage 6,0,0,0,0,0,0,0,0,0
20261233,Matteo Trentin,7,Stage 7,0,0,0,0,0,0,0,0,0
20261233,Matteo Trentin,8,Stage 8,0,0,0,0,0,0,0,0,0
20261233,Matteo Trentin,9,Stage 9,0,0,0,0,0,0,0,0,0
20261233,Matteo Trentin,10,Stage 10,0,0,0,0,0,0,0,0,0
20261233,Matteo Trentin,11,Stage 11,0,0,0,0,0,0,0,0,0
20261233,Matteo Trentin,12,Stage 12,0,0,0,0,0,0,0,0,0
20261233,Matteo Trentin,13,Stage 13,0,0,0,0,0,0,0,0,0
20261233,Matteo Trentin,14,Stage 14,0,0,0,0,0,0,0,0,0
20261233,Matteo Trentin,15,Stage 15,0,0,0,0,0,0,0,0,0
20261233,Matteo Trentin,16,Stage 16,0,0,0,0,0,0,0,0,0
20261233,Matteo Trentin,17,Stage 17,0,0,0,0,0,0,0,0,0
20261233,Matteo Trentin,18,Stage 18,0,0,0,0,0,0,0,0,0
20261233,Matteo Trentin,19,Stage 19,0,0,0,0,0,0,0,0,0
20261233,Matteo Trentin,20,Stage 20,0,0,0,0,0,0,0,0,0
20261233,Matteo Trentin,21,Stage 21,0,0,0,0,0,0,0,0,0
20261233,Matteo Trentin,22,Final Classifications,0,0,0,0,0,0,0,0,0
20260289,Piet Allegaert,1,Stage 1,0,0,0,0,0,0,0,0,0
20260289,Piet Allegaert,2,Stage 2,0,0,0,0,0,0,0,0,0
20260289,Piet Allegaert,3,Stage 3,0,0,0,0,0,0,0,0,0
20260289,Piet Allegaert,4,Stage 4,0,0,0,0,0,0,0,0,0
20260289,Piet Allegaert,5,Stage 5,0,0,0,0,0,0,0,0,0
20260289,Piet Allegaert,6,Stage 6,0,0,0,0,0,0,0,0,0
20260289,Piet Allegaert,7,Stage 7,0,0,0,0,0,0,0,0,0
20260289,Piet Allegaert,8,Stage 8,0,0,0,0,0,0,0,0,0
20260289,Piet Allegaert,9,Stage 9,0,0,0,0,0,0,0,0,0
20260289,Piet Allegaert,10,Stage 10,0,0,0,0,0,0,0,0,0
20260289,Piet Allegaert,11,Stage 11,0,0,0,0,0,0,0,0,0
20260289,Piet Allegaert,12,Stage 12,0,0,0,0,0,0,0,0,0
20260289,Piet Allegaert,13,Stage 13,0,0,0,0,0,0,0,0,0
20260289,Piet Allegaert,14,Stage 14,0,0,0,0,0,0,0,0,0
20260289,Piet Allegaert,15,Stage 15,0,0,0,0,0,0,0,0,0
20260289,Piet Allegaert,16,Stage 16,0,0,0,0,0,0,0,0,0
20260289,Piet Allegaert,17,Stage 17,0,0,0,0,0,0,0,0,0
20260289,Piet Allegaert,18,Stage 18,0,0,0,0,0,0,0,0,0
20260289,Piet Allegaert,19,Stage 19,0,0,0,0,0,0,0,0,0
20260289,Piet Allegaert,20,Stage 20,0,0,0,0,0,0,0,0,0
20260289,Piet Allegaert,21,Stage 21,0,0,0,0,0,0,0,0,0
20260289,Piet Allegaert,22,Final Classifications,0,0,0,0,0,0,0,0,0
20261058,Kelland O'Brien,1,Stage 1,0,0,0,0,0,0,0,0,0
20261058,Kelland O'Brien,2,Stage 2,0,0,0,0,0,0,0,0,0
20261058,Kelland O'Brien,3,Stage 3,0,0,0,0,0,0,0,0,0
20261058,Kelland O'Brien,4,Stage 4,0,0,0,0,0,0,0,0,0
20261058,Kelland O'Brien,5,Stage 5,0,0,0,0,0,0,0,0,0
20261058,Kelland O'Brien,6,Stage 6,0,0,0,0,0,0,0,0,0
20261058,Kelland O'Brien,7,Stage 7,0,0,0,0,0,0,0,0,0
20261058,Kelland O'Brien,8,Stage 8,0,0,0,0,0,0,0,0,0
20261058,Kelland O'Brien,9,Stage 9,0,0,0,0,0,0,0,0,0
20261058,Kelland O'Brien,10,Stage 10,0,0,0,0,0,0,0,0,0
20261058,Kelland O'Brien,11,Stage 11,0,0,0,0,0,0,0,0,0
20261058,Kelland O'Brien,12,Stage 12,0,0,0,0,0,0,0,0,0
20261058,Kelland O'Brien,13,Stage 13,0,0,0,0,0,0,0,0,0
20261058,Kelland O'Brien,14,Stage 14,0,0,0,0,0,0,0,0,0
20261058,Kelland O'Brien,15,Stage 15,0,0,0,0,0,0,0,0,0
20261058,Kelland O'Brien,16,Stage 16,0,0,0,0,0,0,0,0,0
20261058,Kelland O'Brien,17,Stage 17,0,0,0,0,0,0,0,0,0
20261058,Kelland O'Brien,18,Stage 18,0,0,0,0,0,0,0,0,0
20261058,Kelland O'Brien,19,Stage 19,0,0,0,0,0,0,0,0,0
20261058,Kelland O'Brien,20,Stage 20,0,0,0,0,0,0,0,0,0
20261058,Kelland O'Brien,21,Stage 21,0,0,0,0,0,0,0,0,0
20261058,Kelland O'Brien,22,Final Classifications,0,0,0,0,0,0,0,0,0
20261092,Robbe Dhondt,1,Stage 1,0,0,0,0,0,0,0,0,0
20261092,Robbe Dhondt,2,Stage 2,0,0,0,0,0,0,0,0,0
20261092,Robbe Dhondt,3,Stage 3,0,0,0,0,0,0,0,0,0
20261092,Robbe Dhondt,4,Stage 4,0,0,0,0,0,0,0,0,0
20261092,Robbe Dhondt,5,Stage 5,0,0,0,0,0,0,0,0,0
20261092,Robbe Dhondt,6,Stage 6,0,0,0,0,0,0,0,0,0
20261092,Robbe Dhondt,7,Stage 7,0,0,0,0,0,0,0,0,0
20261092,Robbe Dhondt,8,Stage 8,0,0,0,0,0,0,0,0,0
20261092,Robbe Dhondt,9,Stage 9,0,0,0,0,0,0,0,0,0
20261092,Robbe Dhondt,10,Stage 10,0,0,0,0,0,0,0,0,0
20261092,Robbe Dhondt,11,Stage 11,0,0,0,0,0,0,0,0,0
20261092,Robbe Dhondt,12,Stage 12,0,0,0,0,0,0,0,0,0
20261092,Robbe Dhondt,13,Stage 13,0,0,0,0,0,0,0,0,0
20261092,Robbe Dhondt,14,Stage 14,0,0,0,0,0,0,0,0,0
20261092,Robbe Dhondt,15,Stage 15,0,0,0,0,0,0,0,0,0
20261092,Robbe Dhondt,16,Stage 16,0,0,0,0,0,0,0,0,0
20261092,Robbe Dhondt,17,Stage 17,0,0,0,0,0,0,0,0,0
20261092,Robbe Dhondt,18,Stage 18,0,0,0,0,0,0,0,0,0
20261092,Robbe Dhondt,19,Stage 19,0,0,0,0,0,0,0,0,0
20261092,Robbe Dhondt,20,Stage 20,0,0,0,0,0,0,0,0,0
20261092,Robbe Dhondt,21,Stage 21,0,0,0,0,0,0,0,0,0
20261092,Robbe Dhondt,22,Final Classifications,0,0,0,0,0,0,0,0,0
20261103,Niklas Märkl,1,Stage 1,0,0,0,0,0,0,0,0,0
20261103,Niklas Märkl,2,Stage 2,0,0,0,0,0,0,0,0,0
20261103,Niklas Märkl,3,Stage 3,0,0,0,0,0,0,0,0,0
20261103,Niklas Märkl,4,Stage 4,0,0,0,0,0,0,0,0,0
20261103,Niklas Märkl,5,Stage 5,0,0,0,0,0,0,0,0,0
20261103,Niklas Märkl,6,Stage 6,0,0,0,0,0,0,0,0,0
20261103,Niklas Märkl,7,Stage 7,0,0,0,0,0,0,0,0,0
20261103,Niklas Märkl,8,Stage 8,0,0,0,0,0,0,0,0,0
20261103,Niklas Märkl,9,Stage 9,0,0,0,0,0,0,0,0,0
20261103,Niklas Märkl,10,Stage 10,0,0,0,0,0,0,0,0,0
20261103,Niklas Märkl,11,Stage 11,0,0,0,0,0,0,0,0,0
20261103,Niklas Märkl,12,Stage 12,0,0,0,0,0,0,0,0,0
20261103,Niklas Märkl,13,Stage 13,0,0,0,0,0,0,0,0,0
20261103,Niklas Märkl,14,Stage 14,0,0,0,0,0,0,0,0,0
20261103,Niklas Märkl,15,Stage 15,0,0,0,0,0,0,0,0,0
20261103,Niklas Märkl,16,Stage 16,0,0,0,0,0,0,0,0,0
20261103,Niklas Märkl,17,Stage 17,0,0,0,0,0,0,0,0,0
20261103,Niklas Märkl,18,Stage 18,0,0,0,0,0,0,0,0,0
20261103,Niklas Märkl,19,Stage 19,0,0,0,0,0,0,0,0,0
20261103,Niklas Märkl,20,Stage 20,0,0,0,0,0,0,0,0,0
20261103,Niklas Märkl,21,Stage 21,0,0,0,0,0,0,0,0,0
20261103,Niklas Märkl,22,Final Classifications,0,0,0,0,0,0,0,0,0
20261110,Julius Van Den Berg,1,Stage 1,0,0,0,0,0,0,0,0,0
20261110,Julius Van Den Berg,2,Stage 2,0,0,0,0,0,0,0,0,0
20261110,Julius Van Den Berg,3,Stage 3,0,0,0,0,0,0,0,0,0
20261110,Julius Van Den Berg,4,Stage 4,0,0,0,0,0,0,0,0,0
20261110,Julius Van Den Berg,5,Stage 5,0,0,0,0,0,0,0,0,0
20261110,Julius Van Den Berg,6,Stage 6,0,0,0,0,0,0,0,0,0
20261110,Julius Van Den Berg,7,Stage 7,0,0,0,0,0,0,0,0,0
20261110,Julius Van Den Berg,8,Stage 8,0,0,0,0,0,0,0,0,0
20261110,Julius Van Den Berg,9,Stage 9,0,0,0,0,0,0,0,0,0
20261110,Julius Van Den Berg,10,Stage 10,0,0,0,0,0,0,0,0,0
20261110,Julius Van Den Berg,11,Stage 11,0,0,0,0,0,0,0,0,0
20261110,Julius Van Den Berg,12,Stage 12,0,0,0,0,0,0,0,0,0
20261110,Julius Van Den Berg,13,Stage 13,0,0,0,0,0,0,0,0,0
20261110,Julius Van Den Berg,14,Stage 14,0,0,0,0,0,0,0,0,0
20261110,Julius Van Den Berg,15,Stage 15,0,0,0,0,0,0,0,0,0
20261110,Julius Van Den Berg,16,Stage 16,0,0,0,0,0,0,0,0,0
20261110,Julius Van Den Berg,17,Stage 17,0,0,0,0,0,0,0,0,0
20261110,Julius Van Den Berg,18,Stage 18,0,0,0,0,0,0,0,0,0
20261110,Julius Van Den Berg,19,Stage 19,0,0,0,0,0,0,0,0,0
20261110,Julius Van Den Berg,20,Stage 20,0,0,0,0,0,0,0,0,0
20261110,Julius Van Den Berg,21,Stage 21,0,0,0,0,0,0,0,0,0
20261110,Julius Van Den Berg,22,Final Classifications,0,0,0,0,0,0,0,0,0
