year,rider_id,name,round,round_label,stg,gc,pc,kom,spr,sum,bky,ass,tot
2024,20240488,Tadej Pogačar,1,Stage 1,140,18,2,0,0,0,0,0,160
2024,20240488,Tadej Pogačar,2,Stage 2,30,30,0,0,0,0,0,4,64
2024,20240488,Tadej Pogačar,3,Stage 3,0,26,0,0,0,0,0,4,30
2024,20240488,Tadej Pogačar,4,Stage 4,220,30,1,8,0,30,0,10,299
2024,20240488,Tadej Pogačar,5,Stage 5,0,30,0,8,0,0,0,8,46
2024,20240488,Tadej Pogačar,6,Stage 6,0,30,0,8,0,0,0,8,46
2024,20240488,Tadej Pogačar,7,Stage 7,180,30,0,8,0,0,0,0,218
2024,20240488,Tadej Pogačar,8,Stage 8,35,30,0,8,0,0,0,8,81
2024,20240488,Tadej Pogačar,9,Stage 9,0,30,0,8,0,0,0,8,46
2024,20240488,Tadej Pogačar,10,Stage 10,0,30,0,8,0,0,0,8,46
2024,20240488,Tadej Pogačar,11,Stage 11,180,30,0,12,0,15,0,8,245
2024,20240488,Tadej Pogačar,12,Stage 12,0,30,0,12,0,0,0,8,50
2024,20240488,Tadej Pogačar,13,Stage 13,70,30,0,12,0,0,0,8,120
2024,20240488,Tadej Pogačar,14,Stage 14,220,30,0,12,0,30,0,8,300
2024,20240488,Tadej Pogačar,15,Stage 15,220,30,1,12,0,30,0,8,301
2024,20240488,Tadej Pogačar,16,Stage 16,0,30,1,12,0,0,0,8,51
2024,20240488,Tadej Pogačar,17,Stage 17,0,30,1,12,0,0,0,8,51
2024,20240488,Tadej Pogačar,18,Stage 18,0,30,0,12,0,0,0,8,50
2024,20240488,Tadej Pogačar,19,Stage 19,220,30,1,8,0,15,0,8,282
2024,20240488,Tadej Pogačar,20,Stage 20,220,30,2,8,0,15,0,8,283
2024,20240488,Tadej Pogačar,21,Stage 21,220,30,4,8,0,0,0,0,262
2024,20240488,Tadej Pogačar,22,Final Classifications,0,600,60,100,0,0,0,50,810
2024,20240461,Jonas Vingegaard,1,Stage 1,20,5,0,0,0,0,0,8,33
2024,20240461,Jonas Vingegaard,2,Stage 2,35,22,0,0,0,0,0,0,57
2024,20240461,Jonas Vingegaard,3,Stage 3,0,18,0,0,0,0,0,0,18
2024,20240461,Jonas Vingegaard,4,Stage 4,120,22,0,4,0,25,0,0,171
2024,20240461,Jonas Vingegaard,5,Stage 5,0,22,0,4,0,0,0,0,26
2024,20240461,Jonas Vingegaard,6,Stage 6,0,22,0,4,0,0,0,0,26
2024,20240461,Jonas Vingegaard,7,Stage 7,140,22,0,4,0,0,0,0,166
2024,20240461,Jonas Vingegaard,8,Stage 8,0,22,0,4,0,0,0,0,26
2024,20240461,Jonas Vingegaard,9,Stage 9,0,22,0,4,0,0,0,0,26
2024,20240461,Jonas Vingegaard,10,Stage 10,0,22,0,4,0,0,0,0,26
2024,20240461,Jonas Vingegaard,11,Stage 11,220,22,0,6,0,10,0,0,258
2024,20240461,Jonas Vingegaard,12,Stage 12,0,22,0,6,0,0,0,4,32
2024,20240461,Jonas Vingegaard,13,Stage 13,0,22,0,6,0,0,0,4,32
2024,20240461,Jonas Vingegaard,14,Stage 14,180,26,0,8,0,25,0,2,241
2024,20240461,Jonas Vingegaard,15,Stage 15,180,26,0,8,0,25,0,4,243
2024,20240461,Jonas Vingegaard,16,Stage 16,0,26,0,8,0,0,0,4,38
2024,20240461,Jonas Vingegaard,17,Stage 17,0,26,0,8,0,0,0,4,38
2024,20240461,Jonas Vingegaard,18,Stage 18,0,26,0,8,0,0,0,4,38
2024,20240461,Jonas Vingegaard,19,Stage 19,110,26,0,6,0,0,0,8,150
2024,20240461,Jonas Vingegaard,20,Stage 20,180,26,0,6,0,10,0,4,226
2024,20240461,Jonas Vingegaard,21,Stage 21,180,26,0,6,0,0,0,0,212
2024,20240461,Jonas Vingegaard,22,Final Classifications,0,500,5,80,0,0,0,40,620
2024,20240376,Remco Evenepoel,1,Stage 1,80,13,0,0,0,0,0,0,93
2024,20240376,Remco Evenepoel,2,Stage 2,40,26,0,0,0,0,0,0,66
2024,20240376,Remco Evenepoel,3,Stage 3,0,22,0,0,0,0,0,0,22
2024,20240376,Remco Evenepoel,4,Stage 4,180,26,0,2,0,20,0,2,230
2024,20240376,Remco Evenepoel,5,Stage 5,0,26,0,2,0,0,0,2,30
2024,20240376,Remco Evenepoel,6,Stage 6,0,26,0,2,0,0,0,2,30
2024,20240376,Remco Evenepoel,7,Stage 7,220,26,0,2,0,0,0,0,248
2024,20240376,Remco Evenepoel,8,Stage 8,60,26,0,2,0,0,0,4,92
2024,20240376,Remco Evenepoel,9,Stage 9,0,26,0,2,0,0,0,4,32
2024,20240376,Remco Evenepoel,10,Stage 10,0,26,0,2,0,0,0,4,32
2024,20240376,Remco Evenepoel,11,Stage 11,160,26,0,4,0,4,0,4,198
2024,20240376,Remco Evenepoel,12,Stage 12,0,26,0,4,0,0,0,4,34
2024,20240376,Remco Evenepoel,13,Stage 13,0,26,0,4,0,0,0,4,34
2024,20240376,Remco Evenepoel,14,Stage 14,160,22,0,4,0,20,0,4,210
2024,20240376,Remco Evenepoel,15,Stage 15,160,22,0,6,0,20,0,2,210
2024,20240376,Remco Evenepoel,16,Stage 16,0,22,0,6,0,0,0,2,30
2024,20240376,Remco Evenepoel,17,Stage 17,0,22,0,6,0,0,0,2,30
2024,20240376,Remco Evenepoel,18,Stage 18,0,22,0,6,0,0,0,0,28
2024,20240376,Remco Evenepoel,19,Stage 19,120,22,0,2,0,2,0,2,148
2024,20240376,Remco Evenepoel,20,Stage 20,140,22,0,2,0,4,0,0,168
2024,20240376,Remco Evenepoel,21,Stage 21,160,22,0,2,0,0,0,0,184
2024,20240376,Remco Evenepoel,22,Final Classifications,0,400,20,40,0,0,0,30,470
2024,20240491,João Almeida,1,Stage 1,0,0,0,0,0,0,0,0,0
2024,20240491,João Almeida,2,Stage 2,0,0,0,0,0,0,0,12,12
2024,20240491,João Almeida,3,Stage 3,0,0,0,0,0,0,0,8,8
2024,20240491,João Almeida,4,Stage 4,80,13,0,0,0,6,0,26,125
2024,20240491,João Almeida,5,Stage 5,0,13,0,0,0,0,0,16,29
2024,20240491,João Almeida,6,Stage 6,0,13,0,0,0,0,0,16,29
2024,20240491,João Almeida,7,Stage 7,80,15,0,0,0,0,0,0,95
2024,20240491,João Almeida,8,Stage 8,0,15,0,0,0,0,0,16,31
2024,20240491,João Almeida,9,Stage 9,0,15,0,0,0,0,0,16,31
2024,20240491,João Almeida,10,Stage 10,0,15,0,0,0,0,0,16,31
2024,20240491,João Almeida,11,Stage 11,110,16,0,0,0,0,0,20,146
2024,20240491,João Almeida,12,Stage 12,0,18,0,0,0,0,0,16,34
2024,20240491,João Almeida,13,Stage 13,0,18,0,0,0,0,0,16,34
2024,20240491,João Almeida,14,Stage 14,40,18,0,0,0,0,0,24,82
2024,20240491,João Almeida,15,Stage 15,120,18,0,0,0,10,0,24,172
2024,20240491,João Almeida,16,Stage 16,0,18,0,0,0,0,0,16,34
2024,20240491,João Almeida,17,Stage 17,0,18,0,0,0,0,0,16,34
2024,20240491,João Almeida,18,Stage 18,0,18,0,0,0,0,0,16,34
2024,20240491,João Almeida,19,Stage 19,95,18,0,0,0,0,0,24,137
2024,20240491,João Almeida,20,Stage 20,110,18,0,0,0,0,0,24,152
2024,20240491,João Almeida,21,Stage 21,120,18,0,0,0,0,0,0,138
2024,20240491,João Almeida,22,Final Classifications,0,350,0,0,0,0,0,50,400
2024,20240294,Biniam Girmay,1,Stage 1,0,0,0,0,0,0,0,0,0
2024,20240294,Biniam Girmay,2,Stage 2,0,0,0,0,0,0,0,0,0
2024,20240294,Biniam Girmay,3,Stage 3,220,0,8,0,5,0,0,0,233
2024,20240294,Biniam Girmay,4,Stage 4,0,0,8,0,16,0,0,0,24
2024,20240294,Biniam Girmay,5,Stage 5,70,0,12,0,6,0,0,0,88
2024,20240294,Biniam Girmay,6,Stage 6,180,0,12,0,16,0,0,0,208
2024,20240294,Biniam Girmay,7,Stage 7,0,0,12,0,0,0,0,0,12
2024,20240294,Biniam Girmay,8,Stage 8,220,0,12,0,16,0,0,0,248
2024,20240294,Biniam Girmay,9,Stage 9,70,0,12,0,0,0,0,0,82
2024,20240294,Biniam Girmay,10,Stage 10,180,0,12,0,8,0,0,0,200
2024,20240294,Biniam Girmay,11,Stage 11,0,0,12,0,0,0,0,0,12
2024,20240294,Biniam Girmay,12,Stage 12,220,0,12,0,6,0,0,0,238
2024,20240294,Biniam Girmay,13,Stage 13,140,0,12,0,0,0,0,0,152
2024,20240294,Biniam Girmay,14,Stage 14,0,0,12,0,2,0,0,0,14
2024,20240294,Biniam Girmay,15,Stage 15,0,0,12,0,12,0,0,0,24
2024,20240294,Biniam Girmay,16,Stage 16,0,0,12,0,8,0,0,0,20
2024,20240294,Biniam Girmay,17,Stage 17,0,0,12,0,6,0,0,0,18
2024,20240294,Biniam Girmay,18,Stage 18,0,0,12,0,0,0,0,0,12
2024,20240294,Biniam Girmay,19,Stage 19,0,0,12,0,0,0,0,0,12
2024,20240294,Biniam Girmay,20,Stage 20,0,0,12,0,0,0,0,0,12
2024,20240294,Biniam Girmay,21,Stage 21,0,0,12,0,0,0,0,0,12
2024,20240294,Biniam Girmay,22,Final Classifications,0,0,120,0,0,0,0,0,120
2024,20240001,Jasper Philipsen,1,Stage 1,0,0,0,0,2,0,0,0,2
2024,20240001,Jasper Philipsen,2,Stage 2,0,0,0,0,0,0,0,0,0
2024,20240001,Jasper Philipsen,3,Stage 3,0,0,0,0,16,0,0,0,16
2024,20240001,Jasper Philipsen,4,Stage 4,0,0,0,0,8,0,0,0,8
2024,20240001,Jasper Philipsen,5,Stage 5,180,0,4,0,5,0,0,0,189
2024,20240001,Jasper Philipsen,6,Stage 6,0,0,4,0,20,0,0,0,24
2024,20240001,Jasper Philipsen,7,Stage 7,0,0,4,0,0,0,0,0,4
2024,20240001,Jasper Philipsen,8,Stage 8,180,0,8,0,8,0,0,0,196
2024,20240001,Jasper Philipsen,9,Stage 9,0,0,8,0,0,0,0,0,8
2024,20240001,Jasper Philipsen,10,Stage 10,220,0,8,0,12,0,0,0,240
2024,20240001,Jasper Philipsen,11,Stage 11,0,0,8,0,0,0,0,0,8
2024,20240001,Jasper Philipsen,12,Stage 12,140,0,8,0,5,0,0,0,153
2024,20240001,Jasper Philipsen,13,Stage 13,220,0,8,0,0,0,0,0,228
2024,20240001,Jasper Philipsen,14,Stage 14,0,0,8,0,1,0,0,0,9
2024,20240001,Jasper Philipsen,15,Stage 15,0,0,8,0,0,0,0,0,8
2024,20240001,Jasper Philipsen,16,Stage 16,220,0,8,0,16,0,0,0,244
2024,20240001,Jasper Philipsen,17,Stage 17,0,0,8,0,5,0,0,0,13
2024,20240001,Jasper Philipsen,18,Stage 18,0,0,8,0,0,0,0,0,8
2024,20240001,Jasper Philipsen,19,Stage 19,0,0,8,0,0,0,0,0,8
2024,20240001,Jasper Philipsen,20,Stage 20,0,0,8,0,0,0,0,0,8
2024,20240001,Jasper Philipsen,21,Stage 21,0,0,8,0,0,0,0,0,8
2024,20240001,Jasper Philipsen,22,Final Classifications,0,0,100,0,0,0,0,0,100
2024,20240489,Adam Yates,1,Stage 1,0,0,0,0,0,0,0,0,0
2024,20240489,Adam Yates,2,Stage 2,0,0,0,0,0,0,0,12,12
2024,20240489,Adam Yates,3,Stage 3,0,0,0,0,0,0,0,8,8
2024,20240489,Adam Yates,4,Stage 4,30,8,0,0,0,0,0,26,64
2024,20240489,Adam Yates,5,Stage 5,0,8,0,0,0,0,0,16,24
2024,20240489,Adam Yates,6,Stage 6,0,8,0,0,0,0,0,16,24
2024,20240489,Adam Yates,7,Stage 7,0,10,0,0,0,0,0,0,10
2024,20240489,Adam Yates,8,Stage 8,0,10,0,0,0,0,0,16,26
2024,20240489,Adam Yates,9,Stage 9,0,9,0,0,0,0,0,16,25
2024,20240489,Adam Yates,10,Stage 10,0,10,0,0,0,0,0,16,26
2024,20240489,Adam Yates,11,Stage 11,95,13,0,0,0,0,0,20,128
2024,20240489,Adam Yates,12,Stage 12,0,13,0,0,0,0,0,16,29
2024,20240489,Adam Yates,13,Stage 13,0,14,0,0,0,0,0,16,30
2024,20240489,Adam Yates,14,Stage 14,95,14,0,0,0,4,0,24,137
2024,20240489,Adam Yates,15,Stage 15,110,14,0,0,0,6,0,24,154
2024,20240489,Adam Yates,16,Stage 16,0,14,0,0,0,0,0,16,30
2024,20240489,Adam Yates,17,Stage 17,0,14,0,0,0,0,0,16,30
2024,20240489,Adam Yates,18,Stage 18,0,14,0,0,0,0,0,16,30
2024,20240489,Adam Yates,19,Stage 19,50,14,0,0,0,0,0,24,88
2024,20240489,Adam Yates,20,Stage 20,70,15,0,0,0,0,0,24,109
2024,20240489,Adam Yates,21,Stage 21,60,15,0,0,0,0,0,0,75
2024,20240489,Adam Yates,22,Final Classifications,0,260,0,0,0,0,0,50,310
2024,20240466,Matteo Jorgenson,1,Stage 1,0,0,0,0,0,0,0,8,8
2024,20240466,Matteo Jorgenson,2,Stage 2,0,7,0,0,0,0,0,2,9
2024,20240466,Matteo Jorgenson,3,Stage 3,0,8,0,0,0,0,0,0,8
2024,20240466,Matteo Jorgenson,4,Stage 4,40,10,0,0,0,0,0,2,52
2024,20240466,Matteo Jorgenson,5,Stage 5,0,10,0,0,0,0,0,2,12
2024,20240466,Matteo Jorgenson,6,Stage 6,0,10,0,0,0,0,0,2,12
2024,20240466,Matteo Jorgenson,7,Stage 7,95,12,0,0,0,0,0,0,107
2024,20240466,Matteo Jorgenson,8,Stage 8,0,12,0,0,0,0,0,2,14
2024,20240466,Matteo Jorgenson,9,Stage 9,0,11,0,0,0,0,0,2,13
2024,20240466,Matteo Jorgenson,10,Stage 10,0,11,0,0,0,0,0,2,13
2024,20240466,Matteo Jorgenson,11,Stage 11,20,9,0,0,0,0,0,10,39
2024,20240466,Matteo Jorgenson,12,Stage 12,4,9,0,0,0,0,0,6,19
2024,20240466,Matteo Jorgenson,13,Stage 13,0,11,0,0,0,0,0,6,17
2024,20240466,Matteo Jorgenson,14,Stage 14,70,11,0,0,0,0,0,10,91
2024,20240466,Matteo Jorgenson,15,Stage 15,16,9,0,0,0,0,0,12,37
2024,20240466,Matteo Jorgenson,16,Stage 16,0,9,0,0,0,0,0,8,17
2024,20240466,Matteo Jorgenson,17,Stage 17,0,9,0,0,0,0,0,8,17
2024,20240466,Matteo Jorgenson,18,Stage 18,0,7,0,0,0,0,0,8,15
2024,20240466,Matteo Jorgenson,19,Stage 19,180,12,0,4,0,60,20,8,284
2024,20240466,Matteo Jorgenson,20,Stage 20,95,13,0,4,0,0,0,12,124
2024,20240466,Matteo Jorgenson,21,Stage 21,140,13,0,4,0,0,0,0,157
2024,20240466,Matteo Jorgenson,22,Final Classifications,0,200,0,60,0,0,0,40,300
2024,20240377,Mikel Landa,1,Stage 1,0,0,0,0,0,0,0,0,0
2024,20240377,Mikel Landa,2,Stage 2,0,0,0,0,0,0,0,4,4
2024,20240377,Mikel Landa,3,Stage 3,0,1,0,0,0,0,0,2,3
2024,20240377,Mikel Landa,4,Stage 4,95,14,0,0,0,4,0,10,123
2024,20240377,Mikel Landa,5,Stage 5,0,14,0,0,0,0,0,6,20
2024,20240377,Mikel Landa,6,Stage 6,0,14,0,0,0,0,0,6,20
2024,20240377,Mikel Landa,7,Stage 7,0,13,0,0,0,0,0,0,13
2024,20240377,Mikel Landa,8,Stage 8,0,13,0,0,0,0,0,8,21
2024,20240377,Mikel Landa,9,Stage 9,0,13,0,0,0,0,0,8,21
2024,20240377,Mikel Landa,10,Stage 10,0,13,0,0,0,0,0,8,21
2024,20240377,Mikel Landa,11,Stage 11,80,14,0,0,0,0,0,10,104
2024,20240377,Mikel Landa,12,Stage 12,0,14,0,0,0,0,0,8,22
2024,20240377,Mikel Landa,13,Stage 13,0,15,0,0,0,0,0,8,23
2024,20240377,Mikel Landa,14,Stage 14,50,15,0,0,0,0,0,8,73
2024,20240377,Mikel Landa,15,Stage 15,140,16,0,0,0,15,0,6,177
2024,20240377,Mikel Landa,16,Stage 16,0,16,0,0,0,0,0,4,20
2024,20240377,Mikel Landa,17,Stage 17,0,16,0,0,0,0,0,4,20
2024,20240377,Mikel Landa,18,Stage 18,0,16,0,0,0,0,0,2,18
2024,20240377,Mikel Landa,19,Stage 19,80,16,0,0,0,0,0,4,100
2024,20240377,Mikel Landa,20,Stage 20,80,16,0,0,0,0,0,2,98
2024,20240377,Mikel Landa,21,Stage 21,95,16,0,0,0,0,0,0,111
2024,20240377,Mikel Landa,22,Final Classifications,0,300,0,0,0,0,0,30,330
2024,20240208,Richard Carapaz,1,Stage 1,0,0,0,0,0,0,0,0,0
2024,20240208,Richard Carapaz,2,Stage 2,60,18,0,0,0,0,0,0,78
2024,20240208,Richard Carapaz,3,Stage 3,30,30,0,0,0,0,0,0,60
2024,20240208,Richard Carapaz,4,Stage 4,0,0,0,0,0,0,0,0,0
2024,20240208,Richard Carapaz,5,Stage 5,0,0,0,0,0,0,0,0,0
2024,20240208,Richard Carapaz,6,Stage 6,0,0,0,0,0,0,0,0,0
2024,20240208,Richard Carapaz,7,Stage 7,0,0,0,0,0,0,0,0,0
2024,20240208,Richard Carapaz,8,Stage 8,0,0,0,0,0,0,0,0,0
2024,20240208,Richard Carapaz,9,Stage 9,0,0,0,0,0,0,0,0,0
2024,20240208,Richard Carapaz,10,Stage 10,0,0,0,0,0,0,0,0,0
2024,20240208,Richard Carapaz,11,Stage 11,0,0,0,0,6,0,20,0,26
2024,20240208,Richard Carapaz,12,Stage 12,0,0,0,0,0,0,0,0,0
2024,20240208,Richard Carapaz,13,Stage 13,0,0,0,0,0,0,0,0,0
2024,20240208,Richard Carapaz,14,Stage 14,30,0,0,0,0,0,0,0,30
2024,20240208,Richard Carapaz,15,Stage 15,70,1,0,0,0,22,20,0,103
2024,20240208,Richard Carapaz,16,Stage 16,0,0,0,0,0,0,0,0,0
2024,20240208,Richard Carapaz,17,Stage 17,220,3,0,1,0,15,0,0,239
2024,20240208,Richard Carapaz,18,Stage 18,0,4,0,2,0,0,0,0,6
2024,20240208,Richard Carapaz,19,Stage 19,140,4,0,12,0,64,20,0,240
2024,20240208,Richard Carapaz,20,Stage 20,160,6,0,12,6,36,20,0,240
2024,20240208,Richard Carapaz,21,Stage 21,0,4,0,12,0,0,0,0,16
2024,20240208,Richard Carapaz,22,Final Classifications,0,80,0,120,0,0,0,0,200
2024,20240462,Wout Van Aert,1,Stage 1,160,22,6,0,0,0,0,4,192
2024,20240462,Wout Van Aert,2,Stage 2,0,0,0,0,0,0,0,2,2
2024,20240462,Wout Van Aert,3,Stage 3,0,0,0,0,0,0,0,0,0
2024,20240462,Wout Van Aert,4,Stage 4,0,0,0,0,0,0,0,2,2
2024,20240462,Wout Van Aert,5,Stage 5,0,0,0,0,0,0,0,2,2
2024,20240462,Wout Van Aert,6,Stage 6,110,0,0,0,0,0,0,2,112
2024,20240462,Wout Van Aert,7,Stage 7,0,0,0,0,0,0,0,0,0
2024,20240462,Wout Van Aert,8,Stage 8,0,0,0,0,0,0,0,2,2
2024,20240462,Wout Van Aert,9,Stage 9,0,0,0,0,0,0,0,2,2
2024,20240462,Wout Van Aert,10,Stage 10,140,0,0,0,0,0,0,2,142
2024,20240462,Wout Van Aert,11,Stage 11,0,0,0,0,0,0,0,10,10
2024,20240462,Wout Van Aert,12,Stage 12,180,0,0,0,0,0,0,2,182
2024,20240462,Wout Van Aert,13,Stage 13,180,0,0,0,0,0,0,2,182
2024,20240462,Wout Van Aert,14,Stage 14,0,0,0,0,0,0,0,10,10
2024,20240462,Wout Van Aert,15,Stage 15,0,0,0,0,0,0,0,12,12
2024,20240462,Wout Van Aert,16,Stage 16,120,0,0,0,0,0,0,8,128
2024,20240462,Wout Van Aert,17,Stage 17,0,0,0,0,0,0,0,8,8
2024,20240462,Wout Van Aert,18,Stage 18,70,0,1,0,8,0,0,8,87
2024,20240462,Wout Van Aert,19,Stage 19,0,0,0,0,0,0,0,12,12
2024,20240462,Wout Van Aert,20,Stage 20,0,0,0,0,0,0,0,12,12
2024,20240462,Wout Van Aert,21,Stage 21,0,0,0,0,0,0,0,0,0
2024,20240462,Wout Van Aert,22,Final Classifications,0,0,15,0,0,0,0,40,40
2024,20240263,Carlos Rodríguez,1,Stage 1,0,0,0,0,0,0,0,2,2
2024,20240263,Carlos Rodríguez,2,Stage 2,8,8,0,0,0,0,0,2,18
2024,20240263,Carlos Rodríguez,3,Stage 3,0,10,0,0,0,0,0,2,12
2024,20240263,Carlos Rodríguez,4,Stage 4,110,15,0,0,0,15,0,4,144
2024,20240263,Carlos Rodríguez,5,Stage 5,0,15,0,0,0,0,0,4,19
2024,20240263,Carlos Rodríguez,6,Stage 6,0,15,0,0,0,0,0,4,19
2024,20240263,Carlos Rodríguez,7,Stage 7,16,14,0,0,0,0,0,0,30
2024,20240263,Carlos Rodríguez,8,Stage 8,0,14,0,0,0,0,0,0,14
2024,20240263,Carlos Rodríguez,9,Stage 9,0,14,0,0,0,0,0,6,20
2024,20240263,Carlos Rodríguez,10,Stage 10,0,14,0,0,0,0,0,2,16
2024,20240263,Carlos Rodríguez,11,Stage 11,70,15,0,1,0,2,0,2,90
2024,20240263,Carlos Rodríguez,12,Stage 12,0,16,0,1,0,0,0,2,19
2024,20240263,Carlos Rodríguez,13,Stage 13,0,16,0,1,0,0,0,2,19
2024,20240263,Carlos Rodríguez,14,Stage 14,140,16,0,1,0,15,0,0,172
2024,20240263,Carlos Rodríguez,15,Stage 15,80,15,0,0,0,2,0,0,97
2024,20240263,Carlos Rodríguez,16,Stage 16,0,15,0,0,0,0,0,0,15
2024,20240263,Carlos Rodríguez,17,Stage 17,0,15,0,0,0,0,0,0,15
2024,20240263,Carlos Rodríguez,18,Stage 18,0,15,0,0,0,0,0,4,19
2024,20240263,Carlos Rodríguez,19,Stage 19,35,15,0,0,0,0,0,0,50
2024,20240263,Carlos Rodríguez,20,Stage 20,25,14,0,0,0,0,0,2,41
2024,20240263,Carlos Rodríguez,21,Stage 21,16,14,0,0,0,0,0,0,30
2024,20240263,Carlos Rodríguez,22,Final Classifications,0,220,0,0,0,0,0,20,240
2024,20240653,Pascal Ackermann,1,Stage 1,0,0,0,0,0,0,0,0,0
2024,20240653,Pascal Ackermann,2,Stage 2,0,0,0,0,0,0,0,0,0
2024,20240653,Pascal Ackermann,3,Stage 3,25,0,0,0,0,0,0,0,25
2024,20240653,Pascal Ackermann,4,Stage 4,0,0,0,0,0,0,0,0,0
2024,20240653,Pascal Ackermann,5,Stage 5,110,0,0,0,0,0,0,0,110
2024,20240653,Pascal Ackermann,6,Stage 6,70,0,0,0,0,0,0,0,70
2024,20240653,Pascal Ackermann,7,Stage 7,0,0,0,0,0,0,0,0,0
2024,20240653,Pascal Ackermann,8,Stage 8,140,0,0,0,0,0,0,0,140
2024,20240653,Pascal Ackermann,9,Stage 9,20,0,0,0,0,0,0,2,22
2024,20240653,Pascal Ackermann,10,Stage 10,160,0,0,0,0,0,0,0,160
2024,20240653,Pascal Ackermann,11,Stage 11,0,0,0,0,0,0,0,0,0
2024,20240653,Pascal Ackermann,12,Stage 12,160,0,0,0,0,0,0,0,160
2024,20240653,Pascal Ackermann,13,Stage 13,160,0,0,0,0,0,0,0,160
2024,20240653,Pascal Ackermann,14,Stage 14,0,0,0,0,0,0,0,0,0
2024,20240653,Pascal Ackermann,15,Stage 15,0,0,0,0,0,0,0,0,0
2024,20240653,Pascal Ackermann,16,Stage 16,110,0,0,0,0,0,0,0,110
2024,20240653,Pascal Ackermann,17,Stage 17,0,0,0,0,0,0,0,0,0
2024,20240653,Pascal Ackermann,18,Stage 18,0,0,0,0,0,0,0,0,0
2024,20240653,Pascal Ackermann,19,Stage 19,0,0,0,0,0,0,0,0,0
2024,20240653,Pascal Ackermann,20,Stage 20,0,0,0,0,0,0,0,0,0
2024,20240653,Pascal Ackermann,21,Stage 21,0,0,0,0,0,0,0,0,0
2024,20240653,Pascal Ackermann,22,Final Classifications,0,0,0,0,0,0,0,0,0
2024,20240651,Derek Gee,1,Stage 1,16,4,0,0,0,0,0,0,20
2024,20240651,Derek Gee,2,Stage 2,0,0,0,0,0,0,0,0,0
2024,20240651,Derek Gee,3,Stage 3,0,0,0,0,0,0,0,0,0
2024,20240651,Derek Gee,4,Stage 4,16,0,0,0,0,0,0,0,16
2024,20240651,Derek Gee,5,Stage 5,0,0,0,0,0,0,0,0,0
2024,20240651,Derek Gee,6,Stage 6,0,0,0,0,0,0,0,0,0
2024,20240651,Derek Gee,7,Stage 7,30,7,0,0,0,0,0,0,37
2024,20240651,Derek Gee,8,Stage 8,0,7,0,0,0,0,0,0,7
2024,20240651,Derek Gee,9,Stage 9,160,12,0,0,0,0,20,0,192
2024,20240651,Derek Gee,10,Stage 10,0,12,0,0,0,0,0,2,14
2024,20240651,Derek Gee,11,Stage 11,40,10,0,0,0,0,0,0,50
2024,20240651,Derek Gee,12,Stage 12,0,10,0,0,0,0,0,2,12
2024,20240651,Derek Gee,13,Stage 13,0,12,0,0,0,0,0,2,14
2024,20240651,Derek Gee,14,Stage 14,60,12,0,0,0,0,0,0,72
2024,20240651,Derek Gee,15,Stage 15,40,12,0,0,0,0,0,0,52
2024,20240651,Derek Gee,16,Stage 16,0,12,0,0,0,0,0,0,12
2024,20240651,Derek Gee,17,Stage 17,0,12,0,0,0,0,0,0,12
2024,20240651,Derek Gee,18,Stage 18,0,12,0,0,0,0,0,0,12
2024,20240651,Derek Gee,19,Stage 19,60,13,0,0,0,0,0,0,73
2024,20240651,Derek Gee,20,Stage 20,40,12,0,0,0,0,0,0,52
2024,20240651,Derek Gee,21,Stage 21,110,12,0,0,0,0,0,0,122
2024,20240651,Derek Gee,22,Final Classifications,0,180,0,0,0,0,0,0,180
2024,20240678,Arnaud De Lie,1,Stage 1,0,0,0,0,0,0,0,0,0
2024,20240678,Arnaud De Lie,2,Stage 2,0,0,0,0,0,0,0,0,0
2024,20240678,Arnaud De Lie,3,Stage 3,160,0,0,0,0,0,0,0,160
2024,20240678,Arnaud De Lie,4,Stage 4,0,0,0,0,0,0,0,0,0
2024,20240678,Arnaud De Lie,5,Stage 5,140,0,0,0,0,0,0,0,140
2024,20240678,Arnaud De Lie,6,Stage 6,120,0,0,0,5,0,0,0,125
2024,20240678,Arnaud De Lie,7,Stage 7,0,0,0,0,0,0,0,0,0
2024,20240678,Arnaud De Lie,8,Stage 8,160,0,4,0,3,0,0,0,167
2024,20240678,Arnaud De Lie,9,Stage 9,0,0,2,0,0,0,0,0,2
2024,20240678,Arnaud De Lie,10,Stage 10,16,0,0,0,1,0,0,0,17
2024,20240678,Arnaud De Lie,11,Stage 11,0,0,0,0,0,0,0,0,0
2024,20240678,Arnaud De Lie,12,Stage 12,120,0,1,0,0,0,0,0,121
2024,20240678,Arnaud De Lie,13,Stage 13,0,0,1,0,6,0,0,0,7
2024,20240678,Arnaud De Lie,14,Stage 14,0,0,4,0,16,0,0,0,20
2024,20240678,Arnaud De Lie,15,Stage 15,0,0,4,0,0,0,0,0,4
2024,20240678,Arnaud De Lie,16,Stage 16,0,0,2,0,6,0,0,0,8
2024,20240678,Arnaud De Lie,17,Stage 17,0,0,2,0,3,0,0,0,5
2024,20240678,Arnaud De Lie,18,Stage 18,0,0,2,0,0,0,0,8,10
2024,20240678,Arnaud De Lie,19,Stage 19,0,0,2,0,0,0,0,0,2
2024,20240678,Arnaud De Lie,20,Stage 20,0,0,1,0,0,0,0,0,1
2024,20240678,Arnaud De Lie,21,Stage 21,0,0,1,0,0,0,0,0,1
2024,20240678,Arnaud De Lie,22,Final Classifications,0,0,30,0,0,0,0,0,30
2024,20240320,Giulio Ciccone,1,Stage 1,0,0,0,0,0,0,0,0,0
2024,20240320,Giulio Ciccone,2,Stage 2,25,11,0,0,0,0,0,0,36
2024,20240320,Giulio Ciccone,3,Stage 3,0,7,0,0,0,0,0,0,7
2024,20240320,Giulio Ciccone,4,Stage 4,70,12,0,0,0,0,0,0,82
2024,20240320,Giulio Ciccone,5,Stage 5,0,12,0,0,0,0,0,0,12
2024,20240320,Giulio Ciccone,6,Stage 6,0,12,0,0,0,0,0,0,12
2024,20240320,Giulio Ciccone,7,Stage 7,0,8,0,0,0,0,0,0,8
2024,20240320,Giulio Ciccone,8,Stage 8,0,8,0,0,0,0,0,0,8
2024,20240320,Giulio Ciccone,9,Stage 9,0,7,0,0,0,0,0,0,7
2024,20240320,Giulio Ciccone,10,Stage 10,0,8,0,0,0,0,0,0,8
2024,20240320,Giulio Ciccone,11,Stage 11,120,11,0,0,0,0,0,0,131
2024,20240320,Giulio Ciccone,12,Stage 12,0,11,0,0,0,0,0,0,11
2024,20240320,Giulio Ciccone,13,Stage 13,0,13,0,0,0,0,0,0,13
2024,20240320,Giulio Ciccone,14,Stage 14,120,13,0,0,0,10,0,0,143
2024,20240320,Giulio Ciccone,15,Stage 15,35,13,0,0,0,0,0,0,48
2024,20240320,Giulio Ciccone,16,Stage 16,0,13,0,0,0,0,0,0,13
2024,20240320,Giulio Ciccone,17,Stage 17,0,13,0,0,0,0,0,0,13
2024,20240320,Giulio Ciccone,18,Stage 18,0,13,0,0,0,0,0,0,13
2024,20240320,Giulio Ciccone,19,Stage 19,16,11,0,0,0,0,0,0,27
2024,20240320,Giulio Ciccone,20,Stage 20,35,11,0,0,0,0,0,0,46
2024,20240320,Giulio Ciccone,21,Stage 21,0,10,0,0,0,0,0,0,10
2024,20240320,Giulio Ciccone,22,Final Classifications,0,140,0,0,0,0,0,0,150
2024,20240091,Santiago Buitrago,1,Stage 1,0,0,0,0,0,0,0,0,0
2024,20240091,Santiago Buitrago,2,Stage 2,0,0,0,0,0,0,0,0,0
2024,20240091,Santiago Buitrago,3,Stage 3,0,0,0,0,0,0,0,0,0
2024,20240091,Santiago Buitrago,4,Stage 4,60,6,0,0,0,0,0,0,66
2024,20240091,Santiago Buitrago,5,Stage 5,0,6,0,0,0,0,0,0,6
2024,20240091,Santiago Buitrago,6,Stage 6,0,6,0,0,0,0,0,0,6
2024,20240091,Santiago Buitrago,7,Stage 7,0,6,0,0,0,0,0,0,6
2024,20240091,Santiago Buitrago,8,Stage 8,8,6,0,0,0,0,0,0,14
2024,20240091,Santiago Buitrago,9,Stage 9,0,6,0,0,0,0,0,0,6
2024,20240091,Santiago Buitrago,10,Stage 10,0,7,0,0,0,0,0,0,7
2024,20240091,Santiago Buitrago,11,Stage 11,50,7,0,0,0,0,0,0,57
2024,20240091,Santiago Buitrago,12,Stage 12,0,7,0,0,0,0,0,0,7
2024,20240091,Santiago Buitrago,13,Stage 13,0,9,0,0,0,0,0,0,9
2024,20240091,Santiago Buitrago,14,Stage 14,110,9,0,0,0,6,0,0,125
2024,20240091,Santiago Buitrago,15,Stage 15,95,11,0,0,0,4,0,0,110
2024,20240091,Santiago Buitrago,16,Stage 16,0,11,0,0,0,0,0,4,15
2024,20240091,Santiago Buitrago,17,Stage 17,0,11,0,0,0,0,0,0,11
2024,20240091,Santiago Buitrago,18,Stage 18,0,11,0,0,0,0,0,0,11
2024,20240091,Santiago Buitrago,19,Stage 19,30,10,0,0,0,0,0,0,40
2024,20240091,Santiago Buitrago,20,Stage 20,30,10,0,0,0,0,0,0,40
2024,20240091,Santiago Buitrago,21,Stage 21,70,11,0,0,0,0,0,0,81
2024,20240091,Santiago Buitrago,22,Final Classifications,0,160,0,0,0,0,0,0,160
2024,20240434,Simon Yates,1,Stage 1,0,0,0,0,0,0,0,0,0
2024,20240434,Simon Yates,2,Stage 2,0,1,0,0,0,0,0,0,1
2024,20240434,Simon Yates,3,Stage 3,0,9,0,0,0,0,0,0,9
2024,20240434,Simon Yates,4,Stage 4,0,2,0,0,0,0,0,0,2
2024,20240434,Simon Yates,5,Stage 5,0,2,0,0,0,0,0,0,2
2024,20240434,Simon Yates,6,Stage 6,0,1,0,0,0,0,0,8,9
2024,20240434,Simon Yates,7,Stage 7,8,4,0,0,0,0,0,0,12
2024,20240434,Simon Yates,8,Stage 8,0,4,0,0,0,0,0,0,4
2024,20240434,Simon Yates,9,Stage 9,0,0,0,0,0,0,0,0,0
2024,20240434,Simon Yates,10,Stage 10,0,0,0,0,0,0,0,0,0
2024,20240434,Simon Yates,11,Stage 11,35,0,0,0,0,0,0,0,35
2024,20240434,Simon Yates,12,Stage 12,0,0,0,0,0,0,0,0,0
2024,20240434,Simon Yates,13,Stage 13,0,0,0,0,0,0,0,0,0
2024,20240434,Simon Yates,14,Stage 14,35,4,0,0,0,0,0,0,39
2024,20240434,Simon Yates,15,Stage 15,12,7,0,0,0,0,20,0,39
2024,20240434,Simon Yates,16,Stage 16,0,7,0,0,0,0,0,0,7
2024,20240434,Simon Yates,17,Stage 17,180,8,0,0,0,10,0,0,198
2024,20240434,Simon Yates,18,Stage 18,0,6,0,0,0,0,0,0,6
2024,20240434,Simon Yates,19,Stage 19,160,9,0,0,0,14,20,0,203
2024,20240434,Simon Yates,20,Stage 20,0,9,0,0,0,0,0,0,9
2024,20240434,Simon Yates,21,Stage 21,40,9,0,0,0,0,0,0,49
2024,20240434,Simon Yates,22,Final Classifications,0,130,0,0,0,0,0,0,130
2024,20240148,Bryan Coquard,1,Stage 1,0,0,0,0,0,0,0,0,0
2024,20240148,Bryan Coquard,2,Stage 2,0,0,0,0,0,0,0,0,0
2024,20240148,Bryan Coquard,3,Stage 3,60,0,0,0,12,0,0,0,72
2024,20240148,Bryan Coquard,4,Stage 4,0,0,2,0,12,0,0,0,14
2024,20240148,Bryan Coquard,5,Stage 5,35,0,1,0,4,0,0,0,40
2024,20240148,Bryan Coquard,6,Stage 6,50,0,2,0,6,0,0,0,58
2024,20240148,Bryan Coquard,7,Stage 7,0,0,2,0,0,0,0,0,2
2024,20240148,Bryan Coquard,8,Stage 8,0,0,2,0,6,0,0,0,8
2024,20240148,Bryan Coquard,9,Stage 9,0,0,1,0,0,0,0,0,1
2024,20240148,Bryan Coquard,10,Stage 10,35,0,1,0,3,0,0,0,39
2024,20240148,Bryan Coquard,11,Stage 11,0,0,1,0,0,0,0,0,1
2024,20240148,Bryan Coquard,12,Stage 12,80,0,2,0,4,0,0,0,86
2024,20240148,Bryan Coquard,13,Stage 13,80,0,2,0,0,0,0,0,82
2024,20240148,Bryan Coquard,14,Stage 14,0,0,6,0,20,0,0,0,26
2024,20240148,Bryan Coquard,15,Stage 15,0,0,6,0,0,0,0,0,6
2024,20240148,Bryan Coquard,16,Stage 16,95,0,6,0,20,0,0,0,121
2024,20240148,Bryan Coquard,17,Stage 17,0,0,6,0,4,0,0,0,10
2024,20240148,Bryan Coquard,18,Stage 18,0,0,6,0,0,0,0,0,6
2024,20240148,Bryan Coquard,19,Stage 19,0,0,6,0,20,0,0,0,26
2024,20240148,Bryan Coquard,20,Stage 20,0,0,6,0,0,0,0,0,6
2024,20240148,Bryan Coquard,21,Stage 21,0,0,6,0,0,0,0,0,6
2024,20240148,Bryan Coquard,22,Final Classifications,0,0,80,0,0,0,0,0,80
2024,20240820,Anthony Turgis,1,Stage 1,0,0,0,0,0,0,0,0,0
2024,20240820,Anthony Turgis,2,Stage 2,0,0,0,0,0,0,0,0,0
2024,20240820,Anthony Turgis,3,Stage 3,40,0,0,0,0,0,0,0,40
2024,20240820,Anthony Turgis,4,Stage 4,0,0,0,0,0,0,0,0,0
2024,20240820,Anthony Turgis,5,Stage 5,30,0,0,0,0,0,0,0,30
2024,20240820,Anthony Turgis,6,Stage 6,12,0,0,0,0,0,0,0,12
2024,20240820,Anthony Turgis,7,Stage 7,0,0,0,0,0,0,0,0,0
2024,20240820,Anthony Turgis,8,Stage 8,95,0,0,0,1,0,0,0,96
2024,20240820,Anthony Turgis,9,Stage 9,220,0,4,0,20,0,20,0,264
2024,20240820,Anthony Turgis,10,Stage 10,4,0,4,0,0,0,0,0,8
2024,20240820,Anthony Turgis,11,Stage 11,0,0,6,0,20,0,0,0,26
2024,20240820,Anthony Turgis,12,Stage 12,16,0,6,0,20,0,20,0,62
2024,20240820,Anthony Turgis,13,Stage 13,0,0,6,0,0,0,0,0,6
2024,20240820,Anthony Turgis,14,Stage 14,0,0,2,0,0,0,0,0,2
2024,20240820,Anthony Turgis,15,Stage 15,0,0,2,0,0,0,0,0,2
2024,20240820,Anthony Turgis,16,Stage 16,0,0,4,0,12,0,0,0,16
2024,20240820,Anthony Turgis,17,Stage 17,0,0,4,0,2,0,0,0,6
2024,20240820,Anthony Turgis,18,Stage 18,0,0,4,0,0,0,0,4,8
2024,20240820,Anthony Turgis,19,Stage 19,0,0,4,0,16,0,0,0,20
2024,20240820,Anthony Turgis,20,Stage 20,0,0,4,0,0,0,0,0,4
2024,20240820,Anthony Turgis,21,Stage 21,0,0,2,0,0,0,0,0,2
2024,20240820,Anthony Turgis,22,Final Classifications,0,0,40,0,0,0,0,0,40
2024,20240116,Primož Roglič,1,Stage 1,0,0,0,0,0,0,0,0,0
2024,20240116,Primož Roglič,2,Stage 2,0,2,0,0,0,0,0,0,2
2024,20240116,Primož Roglič,3,Stage 3,0,4,0,0,0,0,0,0,4
2024,20240116,Primož Roglič,4,Stage 4,140,16,0,0,0,2,0,0,158
2024,20240116,Primož Roglič,5,Stage 5,0,16,0,0,0,0,0,0,16
2024,20240116,Primož Roglič,6,Stage 6,0,16,0,0,0,0,0,0,16
2024,20240116,Primož Roglič,7,Stage 7,160,18,0,0,0,0,0,0,178
2024,20240116,Primož Roglič,8,Stage 8,0,18,0,0,0,0,0,2,20
2024,20240116,Primož Roglič,9,Stage 9,0,18,0,0,0,0,0,0,18
2024,20240116,Primož Roglič,10,Stage 10,0,18,0,0,0,0,0,0,18
2024,20240116,Primož Roglič,11,Stage 11,140,18,0,0,0,6,0,0,164
2024,20240116,Primož Roglič,12,Stage 12,0,15,0,0,0,0,0,0,15
2024,20240116,Primož Roglič,13,Stage 13,0,0,0,0,0,0,0,0,0
2024,20240116,Primož Roglič,14,Stage 14,0,0,0,0,0,0,0,0,0
2024,20240116,Primož Roglič,15,Stage 15,0,0,0,0,0,0,0,0,0
2024,20240116,Primož Roglič,16,Stage 16,0,0,0,0,0,0,0,0,0
2024,20240116,Primož Roglič,17,Stage 17,0,0,0,0,0,0,0,0,0
2024,20240116,Primož Roglič,18,Stage 18,0,0,0,0,0,0,0,0,0
2024,20240116,Primož Roglič,19,Stage 19,0,0,0,0,0,0,0,0,0
2024,20240116,Primož Roglič,20,Stage 20,0,0,0,0,0,0,0,0,0
2024,20240116,Primož Roglič,21,Stage 21,0,0,0,0,0,0,0,0,0
2024,20240116,Primož Roglič,22,Final Classifications,0,0,0,0,0,0,0,0,0
2024,20240876,Jonas Abrahamsen,1,Stage 1,0,0,0,12,16,0,20,0,48
2024,20240876,Jonas Abrahamsen,2,Stage 2,180,0,12,12,20,0,20,0,244
2024,20240876,Jonas Abrahamsen,3,Stage 3,0,0,12,12,4,0,0,0,28
2024,20240876,Jonas Abrahamsen,4,Stage 4,0,0,12,12,6,0,0,0,30
2024,20240876,Jonas Abrahamsen,5,Stage 5,0,0,6,12,0,0,0,2,20
2024,20240876,Jonas Abrahamsen,6,Stage 6,0,0,6,12,0,0,0,0,18
2024,20240876,Jonas Abrahamsen,7,Stage 7,0,0,6,12,0,0,0,0,18
2024,20240876,Jonas Abrahamsen,8,Stage 8,0,0,6,12,20,0,20,0,58
2024,20240876,Jonas Abrahamsen,9,Stage 9,0,0,6,12,0,0,0,0,18
2024,20240876,Jonas Abrahamsen,10,Stage 10,0,0,6,12,0,0,0,0,18
2024,20240876,Jonas Abrahamsen,11,Stage 11,0,0,4,8,0,0,0,0,12
2024,20240876,Jonas Abrahamsen,12,Stage 12,0,0,4,8,16,0,20,0,48
2024,20240876,Jonas Abrahamsen,13,Stage 13,0,0,4,8,4,0,0,0,16
2024,20240876,Jonas Abrahamsen,14,Stage 14,0,0,1,6,0,0,0,0,7
2024,20240876,Jonas Abrahamsen,15,Stage 15,0,0,0,4,0,0,0,0,4
2024,20240876,Jonas Abrahamsen,16,Stage 16,0,0,0,4,0,0,0,2,6
2024,20240876,Jonas Abrahamsen,17,Stage 17,0,0,0,4,0,0,0,0,4
2024,20240876,Jonas Abrahamsen,18,Stage 18,0,0,0,1,0,0,0,0,1
2024,20240876,Jonas Abrahamsen,19,Stage 19,0,0,0,0,8,0,0,0,8
2024,20240876,Jonas Abrahamsen,20,Stage 20,0,0,0,0,0,0,0,0,0
2024,20240876,Jonas Abrahamsen,21,Stage 21,0,0,0,0,0,0,0,0,0
2024,20240876,Jonas Abrahamsen,22,Final Classifications,0,0,10,15,0,0,0,0,0
2024,20240095,Phil Bauhaus,1,Stage 1,0,0,0,0,0,0,0,0,0
2024,20240095,Phil Bauhaus,2,Stage 2,0,0,0,0,0,0,0,0,0
2024,20240095,Phil Bauhaus,3,Stage 3,110,0,0,0,0,0,0,0,110
2024,20240095,Phil Bauhaus,4,Stage 4,0,0,0,0,0,0,0,0,0
2024,20240095,Phil Bauhaus,5,Stage 5,0,0,0,0,0,0,0,0,0
2024,20240095,Phil Bauhaus,6,Stage 6,140,0,0,0,0,0,0,0,140
2024,20240095,Phil Bauhaus,7,Stage 7,0,0,0,0,0,0,0,0,0
2024,20240095,Phil Bauhaus,8,Stage 8,0,0,0,0,0,0,0,0,0
2024,20240095,Phil Bauhaus,9,Stage 9,0,0,0,0,0,0,0,0,0
2024,20240095,Phil Bauhaus,10,Stage 10,80,0,0,0,0,0,0,0,80
2024,20240095,Phil Bauhaus,11,Stage 11,0,0,0,0,0,0,0,0,0
2024,20240095,Phil Bauhaus,12,Stage 12,95,0,0,0,0,0,0,0,95
2024,20240095,Phil Bauhaus,13,Stage 13,0,0,0,0,0,0,0,0,0
2024,20240095,Phil Bauhaus,14,Stage 14,0,0,0,0,0,0,0,0,0
2024,20240095,Phil Bauhaus,15,Stage 15,0,0,0,0,0,0,0,0,0
2024,20240095,Phil Bauhaus,16,Stage 16,180,0,0,0,0,0,0,0,180
2024,20240095,Phil Bauhaus,17,Stage 17,0,0,0,0,0,0,0,0,0
2024,20240095,Phil Bauhaus,18,Stage 18,0,0,0,0,0,0,0,0,0
2024,20240095,Phil Bauhaus,19,Stage 19,0,0,0,0,0,0,0,0,0
2024,20240095,Phil Bauhaus,20,Stage 20,0,0,0,0,0,0,0,0,0
2024,20240095,Phil Bauhaus,21,Stage 21,0,0,0,0,0,0,0,0,0
2024,20240095,Phil Bauhaus,22,Final Classifications,0,0,0,0,0,0,0,0,0
2024,20240353,Fernando Gaviria,1,Stage 1,0,0,0,0,0,0,0,0,0
2024,20240353,Fernando Gaviria,2,Stage 2,0,0,0,0,0,0,0,8,8
2024,20240353,Fernando Gaviria,3,Stage 3,180,0,2,0,6,0,0,8,196
2024,20240353,Fernando Gaviria,4,Stage 4,0,0,0,0,0,0,0,0,0
2024,20240353,Fernando Gaviria,5,Stage 5,50,0,0,0,1,0,0,0,51
2024,20240353,Fernando Gaviria,6,Stage 6,160,0,1,0,0,0,0,0,161
2024,20240353,Fernando Gaviria,7,Stage 7,0,0,1,0,0,0,0,0,1
2024,20240353,Fernando Gaviria,8,Stage 8,0,0,0,0,0,0,0,0,0
2024,20240353,Fernando Gaviria,9,Stage 9,0,0,0,0,0,0,0,0,0
2024,20240353,Fernando Gaviria,10,Stage 10,120,0,2,0,6,0,0,0,128
2024,20240353,Fernando Gaviria,11,Stage 11,0,0,2,0,0,0,0,0,2
2024,20240353,Fernando Gaviria,12,Stage 12,20,0,0,0,0,0,0,0,20
2024,20240353,Fernando Gaviria,13,Stage 13,0,0,0,0,0,0,0,0,0
2024,20240353,Fernando Gaviria,14,Stage 14,0,0,0,0,0,0,0,0,0
2024,20240353,Fernando Gaviria,15,Stage 15,0,0,0,0,0,0,0,0,0
2024,20240353,Fernando Gaviria,16,Stage 16,30,0,0,0,4,0,0,0,34
2024,20240353,Fernando Gaviria,17,Stage 17,0,0,0,0,0,0,0,2,2
2024,20240353,Fernando Gaviria,18,Stage 18,0,0,0,0,0,0,0,0,0
2024,20240353,Fernando Gaviria,19,Stage 19,0,0,0,0,0,0,0,0,0
2024,20240353,Fernando Gaviria,20,Stage 20,0,0,0,0,0,0,0,0,0
2024,20240353,Fernando Gaviria,21,Stage 21,0,0,0,0,0,0,0,0,0
2024,20240353,Fernando Gaviria,22,Final Classifications,0,0,0,0,0,0,0,0,0
2024,20240868,Alexander Kristoff,1,Stage 1,0,0,0,0,0,0,0,0,0
2024,20240868,Alexander Kristoff,2,Stage 2,0,0,0,0,0,0,0,4,4
2024,20240868,Alexander Kristoff,3,Stage 3,0,0,0,0,0,0,0,0,0
2024,20240868,Alexander Kristoff,4,Stage 4,0,0,0,0,0,0,0,0,0
2024,20240868,Alexander Kristoff,5,Stage 5,160,0,0,0,0,0,0,0,160
2024,20240868,Alexander Kristoff,6,Stage 6,80,0,0,0,0,0,0,0,80
2024,20240868,Alexander Kristoff,7,Stage 7,0,0,0,0,0,0,0,0,0
2024,20240868,Alexander Kristoff,8,Stage 8,40,0,0,0,0,0,0,0,40
2024,20240868,Alexander Kristoff,9,Stage 9,0,0,0,0,0,0,0,0,0
2024,20240868,Alexander Kristoff,10,Stage 10,20,0,0,0,0,0,0,0,20
2024,20240868,Alexander Kristoff,11,Stage 11,0,0,0,0,0,0,0,0,0
2024,20240868,Alexander Kristoff,12,Stage 12,110,0,0,0,0,0,0,0,110
2024,20240868,Alexander Kristoff,13,Stage 13,0,0,0,0,0,0,0,0,0
2024,20240868,Alexander Kristoff,14,Stage 14,0,0,0,0,0,0,0,0,0
2024,20240868,Alexander Kristoff,15,Stage 15,0,0,0,0,0,0,0,0,0
2024,20240868,Alexander Kristoff,16,Stage 16,160,0,0,0,0,0,0,0,160
2024,20240868,Alexander Kristoff,17,Stage 17,0,0,0,0,0,0,0,0,0
2024,20240868,Alexander Kristoff,18,Stage 18,0,0,0,0,0,0,0,0,0
2024,20240868,Alexander Kristoff,19,Stage 19,0,0,0,0,0,0,0,0,0
2024,20240868,Alexander Kristoff,20,Stage 20,0,0,0,0,0,0,0,0,0
2024,20240868,Alexander Kristoff,21,Stage 21,0,0,0,0,0,0,0,0,0
2024,20240868,Alexander Kristoff,22,Final Classifications,0,0,0,0,0,0,0,0,0
2024,20240493,Juan Ayuso,1,Stage 1,0,0,0,0,0,0,0,0,0
2024,20240493,Juan Ayuso,2,Stage 2,0,3,0,0,0,0,0,12,15
2024,20240493,Juan Ayuso,3,Stage 3,0,2,0,0,0,0,0,8,10
2024,20240493,Juan Ayuso,4,Stage 4,160,18,0,0,0,10,0,24,212
2024,20240493,Juan Ayuso,5,Stage 5,0,18,0,0,0,0,0,16,34
2024,20240493,Juan Ayuso,6,Stage 6,0,18,0,0,0,0,0,16,34
2024,20240493,Juan Ayuso,7,Stage 7,25,16,0,0,0,0,0,0,41
2024,20240493,Juan Ayuso,8,Stage 8,0,16,0,0,0,0,0,16,32
2024,20240493,Juan Ayuso,9,Stage 9,0,16,0,0,0,0,0,16,32
2024,20240493,Juan Ayuso,10,Stage 10,0,16,0,0,0,0,0,16,32
2024,20240493,Juan Ayuso,11,Stage 11,25,12,0,0,0,0,0,20,57
2024,20240493,Juan Ayuso,12,Stage 12,0,12,0,0,0,0,0,16,28
2024,20240493,Juan Ayuso,13,Stage 13,0,0,0,0,0,0,0,16,16
2024,20240493,Juan Ayuso,14,Stage 14,0,0,0,0,0,0,0,0,0
2024,20240493,Juan Ayuso,15,Stage 15,0,0,0,0,0,0,0,0,0
2024,20240493,Juan Ayuso,16,Stage 16,0,0,0,0,0,0,0,0,0
2024,20240493,Juan Ayuso,17,Stage 17,0,0,0,0,0,0,0,0,0
2024,20240493,Juan Ayuso,18,Stage 18,0,0,0,0,0,0,0,0,0
2024,20240493,Juan Ayuso,19,Stage 19,0,0,0,0,0,0,0,0,0
2024,20240493,Juan Ayuso,20,Stage 20,0,0,0,0,0,0,0,0,0
2024,20240493,Juan Ayuso,21,Stage 21,0,0,0,0,0,0,0,0,0
2024,20240493,Juan Ayuso,22,Final Classifications,0,0,0,0,0,0,0,0,0
2024,20240435,Dylan Groenewegen,1,Stage 1,0,0,0,0,0,0,0,0,0
2024,20240435,Dylan Groenewegen,2,Stage 2,0,0,0,0,0,0,0,0,0
2024,20240435,Dylan Groenewegen,3,Stage 3,120,0,0,0,0,0,0,0,120
2024,20240435,Dylan Groenewegen,4,Stage 4,0,0,0,0,0,0,0,0,0
2024,20240435,Dylan Groenewegen,5,Stage 5,40,0,0,0,0,0,0,0,40
2024,20240435,Dylan Groenewegen,6,Stage 6,220,0,0,0,0,0,0,0,220
2024,20240435,Dylan Groenewegen,7,Stage 7,0,0,0,0,0,0,0,0,0
2024,20240435,Dylan Groenewegen,8,Stage 8,0,0,0,0,0,0,0,0,0
2024,20240435,Dylan Groenewegen,9,Stage 9,0,0,0,0,0,0,0,0,0
2024,20240435,Dylan Groenewegen,10,Stage 10,70,0,0,0,0,0,0,0,70
2024,20240435,Dylan Groenewegen,11,Stage 11,0,0,0,0,0,0,0,0,0
2024,20240435,Dylan Groenewegen,12,Stage 12,70,0,0,0,0,0,0,0,70
2024,20240435,Dylan Groenewegen,13,Stage 13,0,0,0,0,0,0,0,0,0
2024,20240435,Dylan Groenewegen,14,Stage 14,0,0,0,0,0,0,0,0,0
2024,20240435,Dylan Groenewegen,15,Stage 15,0,0,0,0,0,0,0,0,0
2024,20240435,Dylan Groenewegen,16,Stage 16,8,0,0,0,0,0,0,0,8
2024,20240435,Dylan Groenewegen,17,Stage 17,0,0,0,0,0,0,0,4,4
2024,20240435,Dylan Groenewegen,18,Stage 18,0,0,0,0,0,0,0,0,0
2024,20240435,Dylan Groenewegen,19,Stage 19,0,0,0,0,0,0,0,2,2
2024,20240435,Dylan Groenewegen,20,Stage 20,0,0,0,0,0,0,0,0,0
2024,20240435,Dylan Groenewegen,21,Stage 21,0,0,0,0,0,0,0,0,0
2024,20240435,Dylan Groenewegen,22,Final Classifications,0,0,0,0,0,0,0,0,0
2024,20240347,Enric Mas,1,Stage 1,0,0,0,0,0,0,0,0,0
2024,20240347,Enric Mas,2,Stage 2,4,10,0,0,0,0,0,8,22
2024,20240347,Enric Mas,3,Stage 3,0,5,0,0,0,0,0,12,17
2024,20240347,Enric Mas,4,Stage 4,0,1,0,0,0,0,0,0,1
2024,20240347,Enric Mas,5,Stage 5,0,1,0,0,0,0,0,0,1
2024,20240347,Enric Mas,6,Stage 6,0,2,0,0,0,0,0,2,4
2024,20240347,Enric Mas,7,Stage 7,0,1,0,0,0,0,0,0,1
2024,20240347,Enric Mas,8,Stage 8,0,1,0,0,0,0,0,0,1
2024,20240347,Enric Mas,9,Stage 9,0,2,0,0,0,0,0,0,2
2024,20240347,Enric Mas,10,Stage 10,0,3,0,0,0,0,0,0,3
2024,20240347,Enric Mas,11,Stage 11,0,1,0,0,0,0,0,0,1
2024,20240347,Enric Mas,12,Stage 12,0,1,0,0,0,0,0,0,1
2024,20240347,Enric Mas,13,Stage 13,0,0,0,0,0,0,0,0,0
2024,20240347,Enric Mas,14,Stage 14,0,0,0,0,0,0,0,0,0
2024,20240347,Enric Mas,15,Stage 15,25,0,0,0,0,10,20,0,49
2024,20240347,Enric Mas,16,Stage 16,0,0,0,0,0,0,0,0,0
2024,20240347,Enric Mas,17,Stage 17,160,0,0,0,0,6,0,0,166
2024,20240347,Enric Mas,18,Stage 18,0,0,0,0,0,0,0,0,0
2024,20240347,Enric Mas,19,Stage 19,40,1,0,0,0,0,0,0,41
2024,20240347,Enric Mas,20,Stage 20,120,1,0,0,1,14,20,0,156
2024,20240347,Enric Mas,21,Stage 21,0,2,0,0,0,0,0,0,2
2024,20240347,Enric Mas,22,Final Classifications,0,60,0,10,0,0,0,0,60
2024,20240175,Felix Gall,1,Stage 1,0,0,0,0,0,0,0,0,0
2024,20240175,Felix Gall,2,Stage 2,16,4,0,0,0,0,0,0,20
2024,20240175,Felix Gall,3,Stage 3,0,3,0,0,0,0,0,0,3
2024,20240175,Felix Gall,4,Stage 4,50,9,0,0,0,0,0,0,59
2024,20240175,Felix Gall,5,Stage 5,0,9,0,0,0,0,0,0,9
2024,20240175,Felix Gall,6,Stage 6,0,9,0,0,0,0,0,0,9
2024,20240175,Felix Gall,7,Stage 7,0,3,0,0,0,0,0,0,3
2024,20240175,Felix Gall,8,Stage 8,0,3,0,0,0,0,0,0,3
2024,20240175,Felix Gall,9,Stage 9,0,4,0,0,0,0,0,0,4
2024,20240175,Felix Gall,10,Stage 10,0,5,0,0,0,0,0,0,5
2024,20240175,Felix Gall,11,Stage 11,60,8,0,0,0,0,0,0,68
2024,20240175,Felix Gall,12,Stage 12,0,8,0,0,0,0,0,0,8
2024,20240175,Felix Gall,13,Stage 13,0,10,0,0,0,0,0,0,10
2024,20240175,Felix Gall,14,Stage 14,80,10,0,0,0,2,0,0,92
2024,20240175,Felix Gall,15,Stage 15,60,10,0,0,0,0,0,0,70
2024,20240175,Felix Gall,16,Stage 16,0,10,0,0,0,0,0,0,10
2024,20240175,Felix Gall,17,Stage 17,0,10,0,0,0,0,0,0,10
2024,20240175,Felix Gall,18,Stage 18,0,10,0,0,0,0,0,0,10
2024,20240175,Felix Gall,19,Stage 19,0,7,0,0,0,0,0,0,7
2024,20240175,Felix Gall,20,Stage 20,0,8,0,0,0,0,0,0,8
2024,20240175,Felix Gall,21,Stage 21,0,7,0,0,0,0,0,0,7
2024,20240175,Felix Gall,22,Final Classifications,0,110,0,0,0,0,0,0,110
2024,20240348,Alex Aranburu,1,Stage 1,110,15,0,0,0,0,0,0,125
2024,20240348,Alex Aranburu,2,Stage 2,0,0,0,0,0,0,0,8,8
2024,20240348,Alex Aranburu,3,Stage 3,0,0,0,0,0,0,0,12,12
2024,20240348,Alex Aranburu,4,Stage 4,0,0,0,0,0,0,0,0,0
2024,20240348,Alex Aranburu,5,Stage 5,0,0,0,0,0,0,0,0,0
2024,20240348,Alex Aranburu,6,Stage 6,0,0,0,0,0,0,0,2,2
2024,20240348,Alex Aranburu,7,Stage 7,0,0,0,0,0,0,0,0,0
2024,20240348,Alex Aranburu,8,Stage 8,70,0,0,0,0,0,0,0,70
2024,20240348,Alex Aranburu,9,Stage 9,140,0,0,0,5,0,20,0,165
2024,20240348,Alex Aranburu,10,Stage 10,0,0,0,0,0,0,0,0,0
2024,20240348,Alex Aranburu,11,Stage 11,0,0,0,0,0,0,0,0,0
2024,20240348,Alex Aranburu,12,Stage 12,0,0,0,0,0,0,0,0,0
2024,20240348,Alex Aranburu,13,Stage 13,0,0,0,0,0,0,0,0,0
2024,20240348,Alex Aranburu,14,Stage 14,0,0,0,0,0,0,0,0,0
2024,20240348,Alex Aranburu,15,Stage 15,0,0,0,0,0,6,20,0,26
2024,20240348,Alex Aranburu,16,Stage 16,0,0,0,0,0,0,0,0,0
2024,20240348,Alex Aranburu,17,Stage 17,60,0,0,0,0,0,0,2,62
2024,20240348,Alex Aranburu,18,Stage 18,30,0,0,0,3,0,0,0,33
2024,20240348,Alex Aranburu,19,Stage 19,0,0,0,0,0,0,0,0,0
2024,20240348,Alex Aranburu,20,Stage 20,0,0,0,0,0,0,0,0,0
2024,20240348,Alex Aranburu,21,Stage 21,0,0,0,0,0,0,0,0,0
2024,20240348,Alex Aranburu,22,Final Classifications,0,0,0,0,0,0,0,0,0
2024,20240692,Victor Campenaerts,1,Stage 1,30,7,0,0,0,0,0,0,37
2024,20240692,Victor Campenaerts,2,Stage 2,0,0,0,0,0,0,0,0,0
2024,20240692,Victor Campenaerts,3,Stage 3,0,0,0,0,0,0,0,2,2
2024,20240692,Victor Campenaerts,4,Stage 4,0,0,0,0,0,0,0,0,0
2024,20240692,Victor Campenaerts,5,Stage 5,0,0,0,0,0,0,0,0,0
2024,20240692,Victor Campenaerts,6,Stage 6,0,0,0,0,0,0,0,0,0
2024,20240692,Victor Campenaerts,7,Stage 7,120,0,0,0,0,0,0,0,120
2024,20240692,Victor Campenaerts,8,Stage 8,0,0,0,0,0,0,0,2,2
2024,20240692,Victor Campenaerts,9,Stage 9,0,0,0,0,0,0,0,0,0
2024,20240692,Victor Campenaerts,10,Stage 10,0,0,0,0,0,0,0,0,0
2024,20240692,Victor Campenaerts,11,Stage 11,0,0,0,0,0,0,0,0,0
2024,20240692,Victor Campenaerts,12,Stage 12,0,0,0,0,0,0,0,0,0
2024,20240692,Victor Campenaerts,13,Stage 13,0,0,0,0,0,0,0,0,0
2024,20240692,Victor Campenaerts,14,Stage 14,0,0,0,0,0,0,20,0,20
2024,20240692,Victor Campenaerts,15,Stage 15,0,0,0,0,0,0,0,0,0
2024,20240692,Victor Campenaerts,16,Stage 16,0,0,0,0,0,0,0,0,0
2024,20240692,Victor Campenaerts,17,Stage 17,0,0,0,0,0,0,0,0,0
2024,20240692,Victor Campenaerts,18,Stage 18,220,0,0,0,2,0,0,0,222
2024,20240692,Victor Campenaerts,19,Stage 19,0,0,0,0,0,0,0,0,0
2024,20240692,Victor Campenaerts,20,Stage 20,0,0,0,0,0,0,0,0,0
2024,20240692,Victor Campenaerts,21,Stage 21,35,0,0,0,0,0,0,0,35
2024,20240692,Victor Campenaerts,22,Final Classifications,0,0,0,0,0,0,0,0,0
2024,20240471,Wilco Kelderman,1,Stage 1,0,0,0,0,0,0,0,8,8
2024,20240471,Wilco Kelderman,2,Stage 2,0,0,0,0,0,0,0,2,2
2024,20240471,Wilco Kelderman,3,Stage 3,0,0,0,0,0,0,0,0,0
2024,20240471,Wilco Kelderman,4,Stage 4,0,0,0,0,0,0,0,2,2
2024,20240471,Wilco Kelderman,5,Stage 5,0,0,0,0,0,0,0,2,2
2024,20240471,Wilco Kelderman,6,Stage 6,0,0,0,0,0,0,0,2,2
2024,20240471,Wilco Kelderman,7,Stage 7,0,0,0,0,0,0,0,0,0
2024,20240471,Wilco Kelderman,8,Stage 8,0,0,0,0,0,0,0,2,2
2024,20240471,Wilco Kelderman,9,Stage 9,0,0,0,0,0,0,0,2,2
2024,20240471,Wilco Kelderman,10,Stage 10,0,0,0,0,0,0,0,2,2
2024,20240471,Wilco Kelderman,11,Stage 11,4,0,0,0,0,0,0,10,14
2024,20240471,Wilco Kelderman,12,Stage 12,0,0,0,0,0,0,0,6,6
2024,20240471,Wilco Kelderman,13,Stage 13,0,0,0,0,0,0,0,6,6
2024,20240471,Wilco Kelderman,14,Stage 14,0,0,0,0,0,0,0,10,10
2024,20240471,Wilco Kelderman,15,Stage 15,0,0,0,0,0,0,0,12,12
2024,20240471,Wilco Kelderman,16,Stage 16,0,0,0,0,0,0,0,8,8
2024,20240471,Wilco Kelderman,17,Stage 17,0,0,0,0,0,0,0,8,8
2024,20240471,Wilco Kelderman,18,Stage 18,0,0,0,0,0,0,0,8,8
2024,20240471,Wilco Kelderman,19,Stage 19,70,0,0,0,5,40,20,12,147
2024,20240471,Wilco Kelderman,20,Stage 20,16,0,0,1,12,4,20,12,65
2024,20240471,Wilco Kelderman,21,Stage 21,0,0,0,1,0,0,0,0,1
2024,20240471,Wilco Kelderman,22,Final Classifications,0,50,0,30,0,0,0,40,120
2024,20240274,Laurens De Plus,1,Stage 1,0,0,0,0,0,0,0,2,2
2024,20240274,Laurens De Plus,2,Stage 2,0,0,0,0,0,0,0,2,2
2024,20240274,Laurens De Plus,3,Stage 3,0,0,0,0,0,0,0,2,2
2024,20240274,Laurens De Plus,4,Stage 4,0,0,0,0,0,0,0,4,4
2024,20240274,Laurens De Plus,5,Stage 5,0,0,0,0,0,0,0,4,4
2024,20240274,Laurens De Plus,6,Stage 6,0,0,0,0,0,0,0,4,4
2024,20240274,Laurens De Plus,7,Stage 7,0,0,0,0,0,0,0,0,0
2024,20240274,Laurens De Plus,8,Stage 8,0,0,0,0,0,0,0,0,0
2024,20240274,Laurens De Plus,9,Stage 9,0,0,0,0,0,0,0,6,6
2024,20240274,Laurens De Plus,10,Stage 10,0,0,0,0,0,0,0,2,2
2024,20240274,Laurens De Plus,11,Stage 11,0,0,0,0,0,0,0,2,2
2024,20240274,Laurens De Plus,12,Stage 12,0,0,0,0,0,0,0,2,2
2024,20240274,Laurens De Plus,13,Stage 13,0,1,0,0,0,0,0,2,3
2024,20240274,Laurens De Plus,14,Stage 14,0,2,0,0,0,0,0,0,2
2024,20240274,Laurens De Plus,15,Stage 15,30,4,0,0,0,17,20,0,56
2024,20240274,Laurens De Plus,16,Stage 16,0,4,0,0,0,0,0,0,4
2024,20240274,Laurens De Plus,17,Stage 17,140,6,0,0,0,4,0,0,150
2024,20240274,Laurens De Plus,18,Stage 18,0,5,0,0,0,0,0,4,9
2024,20240274,Laurens De Plus,19,Stage 19,12,5,0,0,0,0,0,0,17
2024,20240274,Laurens De Plus,20,Stage 20,20,5,0,0,0,0,0,2,27
2024,20240274,Laurens De Plus,21,Stage 21,0,6,0,0,0,0,0,0,6
2024,20240274,Laurens De Plus,22,Final Classifications,0,100,0,0,0,0,0,20,120
2024,20240205,Ben Healy,1,Stage 1,0,0,0,0,0,0,0,0,0
2024,20240205,Ben Healy,2,Stage 2,0,0,0,0,0,0,0,0,0
2024,20240205,Ben Healy,3,Stage 3,0,0,0,0,0,0,0,8,8
2024,20240205,Ben Healy,4,Stage 4,0,0,0,0,0,0,0,0,0
2024,20240205,Ben Healy,5,Stage 5,0,0,0,0,0,0,0,0,0
2024,20240205,Ben Healy,6,Stage 6,0,0,0,0,0,0,0,0,0
2024,20240205,Ben Healy,7,Stage 7,70,0,0,0,0,0,0,0,70
2024,20240205,Ben Healy,8,Stage 8,0,0,0,0,0,0,0,0,0
2024,20240205,Ben Healy,9,Stage 9,120,1,0,0,1,0,20,0,142
2024,20240205,Ben Healy,10,Stage 10,0,2,0,0,0,0,0,0,2
2024,20240205,Ben Healy,11,Stage 11,16,5,0,0,0,0,20,0,41
2024,20240205,Ben Healy,12,Stage 12,0,5,0,0,0,0,0,0,5
2024,20240205,Ben Healy,13,Stage 13,0,7,0,0,0,0,0,0,7
2024,20240205,Ben Healy,14,Stage 14,20,7,0,0,0,15,20,0,62
2024,20240205,Ben Healy,15,Stage 15,8,8,0,0,0,4,20,0,40
2024,20240205,Ben Healy,16,Stage 16,0,8,0,0,0,0,0,0,8
2024,20240205,Ben Healy,17,Stage 17,0,4,0,0,0,0,0,8,12
2024,20240205,Ben Healy,18,Stage 18,0,2,0,0,0,0,0,0,2
2024,20240205,Ben Healy,19,Stage 19,0,0,0,0,0,0,0,0,0
2024,20240205,Ben Healy,20,Stage 20,0,0,0,0,0,0,0,2,2
2024,20240205,Ben Healy,21,Stage 21,0,0,0,0,0,0,0,0,0
2024,20240205,Ben Healy,22,Final Classifications,0,20,0,0,0,0,0,0,20
2024,20240403,Romain Bardet,1,Stage 1,220,30,8,2,0,0,0,16,276
2024,20240403,Romain Bardet,2,Stage 2,0,16,1,2,0,0,0,0,19
2024,20240403,Romain Bardet,3,Stage 3,0,16,0,2,0,0,0,0,18
2024,20240403,Romain Bardet,4,Stage 4,0,0,0,0,0,0,0,0,0
2024,20240403,Romain Bardet,5,Stage 5,0,0,0,0,0,0,0,0,0
2024,20240403,Romain Bardet,6,Stage 6,0,0,0,0,0,0,0,0,0
2024,20240403,Romain Bardet,7,Stage 7,0,0,0,0,0,0,0,0,0
2024,20240403,Romain Bardet,8,Stage 8,0,0,0,0,0,0,0,0,0
2024,20240403,Romain Bardet,9,Stage 9,0,0,0,0,0,0,0,0,0
2024,20240403,Romain Bardet,10,Stage 10,0,0,0,0,0,0,0,0,0
2024,20240403,Romain Bardet,11,Stage 11,0,0,0,0,0,0,0,0,0
2024,20240403,Romain Bardet,12,Stage 12,0,0,0,0,0,0,0,0,0
2024,20240403,Romain Bardet,13,Stage 13,0,0,0,0,0,0,0,0,0
2024,20240403,Romain Bardet,14,Stage 14,0,0,0,0,0,0,0,0,0
2024,20240403,Romain Bardet,15,Stage 15,0,0,0,0,0,6,0,0,6
2024,20240403,Romain Bardet,16,Stage 16,0,0,0,0,0,0,0,0,0
2024,20240403,Romain Bardet,17,Stage 17,0,0,0,0,0,0,0,0,0
2024,20240403,Romain Bardet,18,Stage 18,0,0,0,0,0,0,0,0,0
2024,20240403,Romain Bardet,19,Stage 19,4,0,0,0,0,0,0,0,4
2024,20240403,Romain Bardet,20,Stage 20,60,0,0,0,8,0,20,0,88
2024,20240403,Romain Bardet,21,Stage 21,0,0,0,0,0,0,0,0,0
2024,20240403,Romain Bardet,22,Final Classifications,0,5,0,0,0,0,0,0,5
2024,20240502,Marc Soler,1,Stage 1,0,0,0,0,0,0,0,0,0
2024,20240502,Marc Soler,2,Stage 2,0,0,0,0,0,0,0,12,12
2024,20240502,Marc Soler,3,Stage 3,0,0,0,0,0,0,0,8,8
2024,20240502,Marc Soler,4,Stage 4,0,0,0,0,0,0,0,26,26
2024,20240502,Marc Soler,5,Stage 5,0,0,0,0,0,0,0,16,16
2024,20240502,Marc Soler,6,Stage 6,0,0,0,0,0,0,0,16,16
2024,20240502,Marc Soler,7,Stage 7,0,0,0,0,0,0,0,0,0
2024,20240502,Marc Soler,8,Stage 8,0,0,0,0,0,0,0,16,16
2024,20240502,Marc Soler,9,Stage 9,0,0,0,0,0,0,0,16,16
2024,20240502,Marc Soler,10,Stage 10,0,0,0,0,0,0,0,16,16
2024,20240502,Marc Soler,11,Stage 11,0,0,0,0,0,0,0,20,20
2024,20240502,Marc Soler,12,Stage 12,0,0,0,0,0,0,0,16,16
2024,20240502,Marc Soler,13,Stage 13,0,0,0,0,0,0,0,16,16
2024,20240502,Marc Soler,14,Stage 14,0,0,0,0,0,0,0,24,24
2024,20240502,Marc Soler,15,Stage 15,0,0,0,0,0,4,0,24,28
2024,20240502,Marc Soler,16,Stage 16,0,0,0,0,0,0,0,16,16
2024,20240502,Marc Soler,17,Stage 17,0,0,0,0,0,0,0,16,16
2024,20240502,Marc Soler,18,Stage 18,0,0,0,0,0,0,0,16,16
2024,20240502,Marc Soler,19,Stage 19,0,0,0,0,0,2,0,24,26
2024,20240502,Marc Soler,20,Stage 20,0,0,0,0,2,10,20,24,56
2024,20240502,Marc Soler,21,Stage 21,0,0,0,0,0,0,0,0,0
2024,20240502,Marc Soler,22,Final Classifications,0,0,0,0,0,0,0,50,50
2024,20240034,Kévin Vauquelin,1,Stage 1,0,0,0,0,0,0,0,0,0
2024,20240034,Kévin Vauquelin,2,Stage 2,220,0,8,0,5,0,20,0,253
2024,20240034,Kévin Vauquelin,3,Stage 3,0,0,6,0,0,0,0,0,6
2024,20240034,Kévin Vauquelin,4,Stage 4,0,0,4,0,0,0,0,0,4
2024,20240034,Kévin Vauquelin,5,Stage 5,0,0,2,0,0,0,0,0,2
2024,20240034,Kévin Vauquelin,6,Stage 6,0,0,0,0,0,0,0,0,0
2024,20240034,Kévin Vauquelin,7,Stage 7,110,0,0,0,0,0,0,0,110
2024,20240034,Kévin Vauquelin,8,Stage 8,0,0,0,0,0,0,0,0,0
2024,20240034,Kévin Vauquelin,9,Stage 9,0,0,0,0,0,0,0,0,0
2024,20240034,Kévin Vauquelin,10,Stage 10,0,0,0,0,0,0,0,0,0
2024,20240034,Kévin Vauquelin,11,Stage 11,0,0,0,0,0,0,0,0,0
2024,20240034,Kévin Vauquelin,12,Stage 12,0,0,0,0,0,0,0,0,0
2024,20240034,Kévin Vauquelin,13,Stage 13,0,0,0,0,0,0,0,0,0
2024,20240034,Kévin Vauquelin,14,Stage 14,0,0,0,0,6,0,20,0,26
2024,20240034,Kévin Vauquelin,15,Stage 15,0,0,0,0,0,0,0,0,0
2024,20240034,Kévin Vauquelin,16,Stage 16,0,0,0,0,0,0,0,0,0
2024,20240034,Kévin Vauquelin,17,Stage 17,0,0,0,0,0,0,0,0,0
2024,20240034,Kévin Vauquelin,18,Stage 18,0,0,0,0,0,0,0,0,0
2024,20240034,Kévin Vauquelin,19,Stage 19,0,0,0,0,0,0,0,0,0
2024,20240034,Kévin Vauquelin,20,Stage 20,0,0,0,0,0,0,0,0,0
2024,20240034,Kévin Vauquelin,21,Stage 21,4,0,0,0,0,0,0,0,4
2024,20240034,Kévin Vauquelin,22,Final Classifications,0,0,0,0,0,0,0,0,0
2024,20240183,Sam Bennett,1,Stage 1,0,0,0,0,0,0,0,0,0
2024,20240183,Sam Bennett,2,Stage 2,0,0,0,0,0,0,0,0,0
2024,20240183,Sam Bennett,3,Stage 3,70,0,0,0,3,0,0,0,73
2024,20240183,Sam Bennett,4,Stage 4,0,0,0,0,0,0,0,0,0
2024,20240183,Sam Bennett,5,Stage 5,25,0,0,0,8,0,0,0,33
2024,20240183,Sam Bennett,6,Stage 6,0,0,0,0,4,0,0,0,4
2024,20240183,Sam Bennett,7,Stage 7,0,0,0,0,0,0,0,0,0
2024,20240183,Sam Bennett,8,Stage 8,0,0,0,0,4,0,0,0,4
2024,20240183,Sam Bennett,9,Stage 9,0,0,0,0,0,0,0,0,0
2024,20240183,Sam Bennett,10,Stage 10,110,0,0,0,0,0,0,0,110
2024,20240183,Sam Bennett,11,Stage 11,0,0,0,0,0,0,0,0,0
2024,20240183,Sam Bennett,12,Stage 12,40,0,0,0,0,0,0,0,40
2024,20240183,Sam Bennett,13,Stage 13,0,0,0,0,0,0,0,0,0
2024,20240183,Sam Bennett,14,Stage 14,0,0,0,0,0,0,0,0,0
2024,20240183,Sam Bennett,15,Stage 15,0,0,0,0,0,0,0,0,0
2024,20240183,Sam Bennett,16,Stage 16,140,0,0,0,0,0,0,0,140
2024,20240183,Sam Bennett,17,Stage 17,0,0,0,0,0,0,0,0,0
2024,20240183,Sam Bennett,18,Stage 18,0,0,0,0,0,0,0,0,0
2024,20240183,Sam Bennett,19,Stage 19,0,0,0,0,0,0,0,0,0
2024,20240183,Sam Bennett,20,Stage 20,0,0,0,0,0,0,0,0,0
2024,20240183,Sam Bennett,21,Stage 21,0,0,0,0,0,0,0,0,0
2024,20240183,Sam Bennett,22,Final Classifications,0,0,0,0,0,0,0,0,0
2024,20240145,Guillaume Martin,1,Stage 1,0,0,0,0,0,0,0,0,0
2024,20240145,Guillaume Martin,2,Stage 2,0,5,0,0,0,0,0,0,5
2024,20240145,Guillaume Martin,3,Stage 3,0,14,0,0,0,0,0,0,14
2024,20240145,Guillaume Martin,4,Stage 4,4,4,0,0,0,0,0,0,8
2024,20240145,Guillaume Martin,5,Stage 5,0,4,0,0,0,0,0,0,4
2024,20240145,Guillaume Martin,6,Stage 6,0,5,0,0,0,0,0,0,5
2024,20240145,Guillaume Martin,7,Stage 7,0,0,0,0,0,0,0,0,0
2024,20240145,Guillaume Martin,8,Stage 8,0,0,0,0,0,0,0,0,0
2024,20240145,Guillaume Martin,9,Stage 9,0,0,0,0,0,0,0,0,0
2024,20240145,Guillaume Martin,10,Stage 10,0,0,0,0,0,0,0,0,0
2024,20240145,Guillaume Martin,11,Stage 11,0,0,0,0,0,0,20,0,20
2024,20240145,Guillaume Martin,12,Stage 12,0,0,0,0,0,0,0,0,0
2024,20240145,Guillaume Martin,13,Stage 13,16,2,0,0,0,0,0,0,18
2024,20240145,Guillaume Martin,14,Stage 14,16,3,0,0,0,0,0,0,19
2024,20240145,Guillaume Martin,15,Stage 15,4,5,0,0,0,0,20,0,29
2024,20240145,Guillaume Martin,16,Stage 16,0,5,0,0,0,0,0,0,5
2024,20240145,Guillaume Martin,17,Stage 17,110,5,0,0,0,0,0,0,115
2024,20240145,Guillaume Martin,18,Stage 18,0,8,0,0,0,0,0,0,8
2024,20240145,Guillaume Martin,19,Stage 19,8,8,0,0,0,0,0,0,16
2024,20240145,Guillaume Martin,20,Stage 20,0,7,0,0,0,0,0,0,7
2024,20240145,Guillaume Martin,21,Stage 21,0,8,0,0,0,0,0,0,8
2024,20240145,Guillaume Martin,22,Final Classifications,0,120,0,0,0,0,0,0,120
2024,20240494,Pavel Sivakov,1,Stage 1,0,0,0,0,0,0,0,0,0
2024,20240494,Pavel Sivakov,2,Stage 2,0,0,0,0,0,0,0,12,12
2024,20240494,Pavel Sivakov,3,Stage 3,0,0,0,0,0,0,0,8,8
2024,20240494,Pavel Sivakov,4,Stage 4,0,0,0,0,0,0,0,26,26
2024,20240494,Pavel Sivakov,5,Stage 5,0,0,0,0,0,0,0,16,16
2024,20240494,Pavel Sivakov,6,Stage 6,0,0,0,0,0,0,0,16,16
2024,20240494,Pavel Sivakov,7,Stage 7,0,0,0,0,0,0,0,0,0
2024,20240494,Pavel Sivakov,8,Stage 8,0,0,0,0,0,0,0,16,16
2024,20240494,Pavel Sivakov,9,Stage 9,0,0,0,0,0,0,0,16,16
2024,20240494,Pavel Sivakov,10,Stage 10,0,0,0,0,0,0,0,16,16
2024,20240494,Pavel Sivakov,11,Stage 11,0,0,0,0,0,0,0,20,20
2024,20240494,Pavel Sivakov,12,Stage 12,0,0,0,0,0,0,0,16,16
2024,20240494,Pavel Sivakov,13,Stage 13,0,0,0,0,0,0,0,16,16
2024,20240494,Pavel Sivakov,14,Stage 14,0,0,0,0,0,0,0,24,24
2024,20240494,Pavel Sivakov,15,Stage 15,0,0,0,0,0,0,0,24,24
2024,20240494,Pavel Sivakov,16,Stage 16,0,0,0,0,0,0,0,16,16
2024,20240494,Pavel Sivakov,17,Stage 17,0,0,0,0,0,0,0,16,16
2024,20240494,Pavel Sivakov,18,Stage 18,0,0,0,0,0,0,0,16,16
2024,20240494,Pavel Sivakov,19,Stage 19,0,0,0,0,0,4,0,24,28
2024,20240494,Pavel Sivakov,20,Stage 20,0,0,0,0,0,0,0,24,24
2024,20240494,Pavel Sivakov,21,Stage 21,0,0,0,0,0,0,0,0,0
2024,20240494,Pavel Sivakov,22,Final Classifications,0,0,0,0,0,0,0,50,50
2024,20240318,Mads Pedersen,1,Stage 1,95,14,1,0,1,0,0,0,111
2024,20240318,Mads Pedersen,2,Stage 2,0,0,0,0,0,0,0,0,0
2024,20240318,Mads Pedersen,3,Stage 3,140,0,4,0,20,0,0,0,164
2024,20240318,Mads Pedersen,4,Stage 4,0,0,6,0,20,0,0,0,26
2024,20240318,Mads Pedersen,5,Stage 5,0,0,8,0,12,0,0,0,20
2024,20240318,Mads Pedersen,6,Stage 6,25,0,8,0,12,0,0,0,45
2024,20240318,Mads Pedersen,7,Stage 7,0,0,8,0,0,0,0,0,8
2024,20240318,Mads Pedersen,8,Stage 8,0,0,0,0,0,0,0,0,0
2024,20240318,Mads Pedersen,9,Stage 9,0,0,0,0,0,0,0,0,0
2024,20240318,Mads Pedersen,10,Stage 10,0,0,0,0,0,0,0,0,0
2024,20240318,Mads Pedersen,11,Stage 11,0,0,0,0,0,0,0,0,0
2024,20240318,Mads Pedersen,12,Stage 12,0,0,0,0,0,0,0,0,0
2024,20240318,Mads Pedersen,13,Stage 13,0,0,0,0,0,0,0,0,0
2024,20240318,Mads Pedersen,14,Stage 14,0,0,0,0,0,0,0,0,0
2024,20240318,Mads Pedersen,15,Stage 15,0,0,0,0,0,0,0,0,0
2024,20240318,Mads Pedersen,16,Stage 16,0,0,0,0,0,0,0,0,0
2024,20240318,Mads Pedersen,17,Stage 17,0,0,0,0,0,0,0,0,0
2024,20240318,Mads Pedersen,18,Stage 18,0,0,0,0,0,0,0,0,0
2024,20240318,Mads Pedersen,19,Stage 19,0,0,0,0,0,0,0,0,0
2024,20240318,Mads Pedersen,20,Stage 20,0,0,0,0,0,0,0,0,0
2024,20240318,Mads Pedersen,21,Stage 21,0,0,0,0,0,0,0,0,0
2024,20240318,Mads Pedersen,22,Final Classifications,0,0,0,0,0,0,0,0,0
2024,20240503,Nils Politt,1,Stage 1,0,0,0,0,0,0,0,0,0
2024,20240503,Nils Politt,2,Stage 2,0,0,0,0,0,0,0,12,12
2024,20240503,Nils Politt,3,Stage 3,0,0,0,0,0,0,0,8,8
2024,20240503,Nils Politt,4,Stage 4,0,0,0,0,0,0,0,26,26
2024,20240503,Nils Politt,5,Stage 5,0,0,0,0,0,0,0,16,16
2024,20240503,Nils Politt,6,Stage 6,0,0,0,0,0,0,0,16,16
2024,20240503,Nils Politt,7,Stage 7,0,0,0,0,0,0,0,0,0
2024,20240503,Nils Politt,8,Stage 8,0,0,0,0,0,0,0,16,16
2024,20240503,Nils Politt,9,Stage 9,0,0,0,0,0,0,0,16,16
2024,20240503,Nils Politt,10,Stage 10,0,0,0,0,0,0,0,16,16
2024,20240503,Nils Politt,11,Stage 11,0,0,0,0,0,0,0,20,20
2024,20240503,Nils Politt,12,Stage 12,0,0,0,0,0,0,0,16,16
2024,20240503,Nils Politt,13,Stage 13,0,0,0,0,0,0,0,16,16
2024,20240503,Nils Politt,14,Stage 14,0,0,0,0,0,0,0,24,24
2024,20240503,Nils Politt,15,Stage 15,0,0,0,0,0,0,0,24,24
2024,20240503,Nils Politt,16,Stage 16,0,0,0,0,0,0,0,16,16
2024,20240503,Nils Politt,17,Stage 17,0,0,0,0,0,0,0,16,16
2024,20240503,Nils Politt,18,Stage 18,0,0,0,0,0,0,0,16,16
2024,20240503,Nils Politt,19,Stage 19,0,0,0,0,0,0,0,24,24
2024,20240503,Nils Politt,20,Stage 20,0,0,0,0,0,0,0,24,24
2024,20240503,Nils Politt,21,Stage 21,0,0,0,0,0,0,0,0,0
2024,20240503,Nils Politt,22,Final Classifications,0,0,0,0,0,0,0,50,50
2024,20240496,Tim Wellens,1,Stage 1,0,0,0,0,0,0,0,0,0
2024,20240496,Tim Wellens,2,Stage 2,0,0,0,0,0,0,0,12,12
2024,20240496,Tim Wellens,3,Stage 3,0,0,0,0,0,0,0,8,8
2024,20240496,Tim Wellens,4,Stage 4,0,0,0,0,0,0,0,26,26
2024,20240496,Tim Wellens,5,Stage 5,0,0,0,0,0,0,0,16,16
2024,20240496,Tim Wellens,6,Stage 6,0,0,0,0,0,0,0,16,16
2024,20240496,Tim Wellens,7,Stage 7,0,0,0,0,0,0,0,0,0
2024,20240496,Tim Wellens,8,Stage 8,0,0,0,0,0,0,0,16,16
2024,20240496,Tim Wellens,9,Stage 9,0,0,0,0,0,0,0,16,16
2024,20240496,Tim Wellens,10,Stage 10,0,0,0,0,0,0,0,16,16
2024,20240496,Tim Wellens,11,Stage 11,0,0,0,0,0,0,0,20,20
2024,20240496,Tim Wellens,12,Stage 12,0,0,0,0,0,0,0,16,16
2024,20240496,Tim Wellens,13,Stage 13,0,0,0,0,0,0,0,16,16
2024,20240496,Tim Wellens,14,Stage 14,0,0,0,0,0,0,0,24,24
2024,20240496,Tim Wellens,15,Stage 15,0,0,0,0,0,0,0,24,24
2024,20240496,Tim Wellens,16,Stage 16,0,0,0,0,0,0,0,16,16
2024,20240496,Tim Wellens,17,Stage 17,0,0,0,0,0,0,0,16,16
2024,20240496,Tim Wellens,18,Stage 18,0,0,0,0,0,0,0,16,16
2024,20240496,Tim Wellens,19,Stage 19,0,0,0,0,0,0,0,24,24
2024,20240496,Tim Wellens,20,Stage 20,0,0,0,0,0,0,0,24,24
2024,20240496,Tim Wellens,21,Stage 21,0,0,0,0,0,0,0,0,0
2024,20240496,Tim Wellens,22,Final Classifications,0,0,0,0,0,0,0,50,50
2024,20240118,Jai Hindley,1,Stage 1,25,6,0,0,0,0,0,0,31
2024,20240118,Jai Hindley,2,Stage 2,0,6,0,0,0,0,0,0,6
2024,20240118,Jai Hindley,3,Stage 3,0,12,0,0,0,0,0,0,12
2024,20240118,Jai Hindley,4,Stage 4,0,3,0,0,0,0,0,0,3
2024,20240118,Jai Hindley,5,Stage 5,0,3,0,0,0,0,0,0,3
2024,20240118,Jai Hindley,6,Stage 6,0,3,0,0,0,0,0,0,3
2024,20240118,Jai Hindley,7,Stage 7,0,2,0,0,0,0,0,0,2
2024,20240118,Jai Hindley,8,Stage 8,0,2,0,0,0,0,0,2,4
2024,20240118,Jai Hindley,9,Stage 9,0,3,0,0,0,0,0,0,3
2024,20240118,Jai Hindley,10,Stage 10,0,4,0,0,0,0,0,0,4
2024,20240118,Jai Hindley,11,Stage 11,0,2,0,0,0,0,0,0,2
2024,20240118,Jai Hindley,12,Stage 12,0,2,0,0,0,0,0,0,2
2024,20240118,Jai Hindley,13,Stage 13,0,4,0,0,0,0,0,0,4
2024,20240118,Jai Hindley,14,Stage 14,0,0,0,0,0,0,0,0,0
2024,20240118,Jai Hindley,15,Stage 15,20,3,0,0,6,6,20,0,51
2024,20240118,Jai Hindley,16,Stage 16,0,3,0,0,0,0,0,0,3
2024,20240118,Jai Hindley,17,Stage 17,0,2,0,0,0,0,0,0,2
2024,20240118,Jai Hindley,18,Stage 18,80,3,0,0,0,0,0,0,83
2024,20240118,Jai Hindley,19,Stage 19,25,3,0,0,0,16,20,0,64
2024,20240118,Jai Hindley,20,Stage 20,0,3,0,0,0,0,0,0,3
2024,20240118,Jai Hindley,21,Stage 21,0,3,0,0,0,0,0,0,3
2024,20240118,Jai Hindley,22,Final Classifications,0,70,0,0,0,0,0,0,70
2024,20240207,Marijn Van Den Berg,1,Stage 1,0,0,0,0,0,0,0,0,0
2024,20240207,Marijn Van Den Berg,2,Stage 2,0,0,0,0,0,0,0,0,0
2024,20240207,Marijn Van Den Berg,3,Stage 3,35,0,0,0,1,0,0,8,44
2024,20240207,Marijn Van Den Berg,4,Stage 4,0,0,0,0,0,0,0,0,0
2024,20240207,Marijn Van Den Berg,5,Stage 5,60,0,0,0,0,0,0,0,60
2024,20240207,Marijn Van Den Berg,6,Stage 6,0,0,0,0,0,0,0,0,0
2024,20240207,Marijn Van Den Berg,7,Stage 7,0,0,0,0,0,0,0,0,0
2024,20240207,Marijn Van Den Berg,8,Stage 8,120,0,0,0,0,0,0,0,120
2024,20240207,Marijn Van Den Berg,9,Stage 9,0,0,0,0,0,0,0,0,0
2024,20240207,Marijn Van Den Berg,10,Stage 10,50,0,0,0,0,0,0,0,50
2024,20240207,Marijn Van Den Berg,11,Stage 11,0,0,0,0,0,0,0,0,0
2024,20240207,Marijn Van Den Berg,12,Stage 12,50,0,0,0,0,0,0,0,50
2024,20240207,Marijn Van Den Berg,13,Stage 13,0,0,0,0,0,0,0,0,0
2024,20240207,Marijn Van Den Berg,14,Stage 14,0,0,0,0,0,0,0,0,0
2024,20240207,Marijn Van Den Berg,15,Stage 15,0,0,0,0,0,0,0,0,0
2024,20240207,Marijn Van Den Berg,16,Stage 16,0,0,0,0,0,0,0,0,0
2024,20240207,Marijn Van Den Berg,17,Stage 17,0,0,0,0,0,0,0,8,8
2024,20240207,Marijn Van Den Berg,18,Stage 18,0,0,0,0,0,0,0,0,0
2024,20240207,Marijn Van Den Berg,19,Stage 19,0,0,0,0,0,0,0,0,0
2024,20240207,Marijn Van Den Berg,20,Stage 20,0,0,0,0,0,0,0,2,2
2024,20240207,Marijn Van Den Berg,21,Stage 21,0,0,0,0,0,0,0,0,0
2024,20240207,Marijn Van Den Berg,22,Final Classifications,0,0,0,0,0,0,0,0,0
2024,20240341,Ryan Gibbons,1,Stage 1,0,0,0,0,12,0,20,0,32
2024,20240341,Ryan Gibbons,2,Stage 2,0,0,0,0,0,0,0,0,0
2024,20240341,Ryan Gibbons,3,Stage 3,0,0,0,0,0,0,0,0,0
2024,20240341,Ryan Gibbons,4,Stage 4,0,0,0,0,0,0,0,0,0
2024,20240341,Ryan Gibbons,5,Stage 5,8,0,0,0,2,0,0,0,10
2024,20240341,Ryan Gibbons,6,Stage 6,0,0,0,0,0,0,0,0,0
2024,20240341,Ryan Gibbons,7,Stage 7,0,0,0,0,0,0,0,0,0
2024,20240341,Ryan Gibbons,8,Stage 8,110,0,0,0,2,0,0,0,112
2024,20240341,Ryan Gibbons,9,Stage 9,0,0,0,0,0,0,0,0,0
2024,20240341,Ryan Gibbons,10,Stage 10,30,0,0,0,2,0,0,0,32
2024,20240341,Ryan Gibbons,11,Stage 11,0,0,0,0,0,0,0,0,0
2024,20240341,Ryan Gibbons,12,Stage 12,60,0,0,0,1,0,0,0,61
2024,20240341,Ryan Gibbons,13,Stage 13,0,0,0,0,0,0,0,0,0
2024,20240341,Ryan Gibbons,14,Stage 14,0,0,0,0,0,0,0,0,0
2024,20240341,Ryan Gibbons,15,Stage 15,0,0,0,0,0,0,0,0,0
2024,20240341,Ryan Gibbons,16,Stage 16,70,0,0,0,0,0,0,0,70
2024,20240341,Ryan Gibbons,17,Stage 17,0,0,0,0,0,0,0,0,0
2024,20240341,Ryan Gibbons,18,Stage 18,0,0,0,0,0,0,0,0,0
2024,20240341,Ryan Gibbons,19,Stage 19,0,0,0,0,0,0,0,0,0
2024,20240341,Ryan Gibbons,20,Stage 20,0,0,0,0,0,0,0,0,0
2024,20240341,Ryan Gibbons,21,Stage 21,0,0,0,0,0,0,0,0,0
2024,20240341,Ryan Gibbons,22,Final Classifications,0,0,0,0,0,0,0,0,10
2024,20240262,Thomas Pidcock,1,Stage 1,50,10,0,0,0,0,0,2,62
2024,20240262,Thomas Pidcock,2,Stage 2,0,12,0,0,0,0,0,2,14
2024,20240262,Thomas Pidcock,3,Stage 3,0,0,0,0,0,0,0,2,2
2024,20240262,Thomas Pidcock,4,Stage 4,0,0,0,0,0,0,0,4,4
2024,20240262,Thomas Pidcock,5,Stage 5,0,0,0,0,0,0,0,4,4
2024,20240262,Thomas Pidcock,6,Stage 6,0,0,0,0,0,0,0,4,4
2024,20240262,Thomas Pidcock,7,Stage 7,0,0,0,0,0,0,0,0,0
2024,20240262,Thomas Pidcock,8,Stage 8,0,0,0,0,0,0,0,0,0
2024,20240262,Thomas Pidcock,9,Stage 9,180,0,0,0,6,0,20,2,208
2024,20240262,Thomas Pidcock,10,Stage 10,0,0,0,0,0,0,0,2,2
2024,20240262,Thomas Pidcock,11,Stage 11,0,0,0,0,0,0,0,2,2
2024,20240262,Thomas Pidcock,12,Stage 12,0,0,0,0,0,0,0,2,2
2024,20240262,Thomas Pidcock,13,Stage 13,0,0,0,0,0,0,0,2,2
2024,20240262,Thomas Pidcock,14,Stage 14,0,0,0,0,0,0,0,0,0
2024,20240262,Thomas Pidcock,15,Stage 15,0,0,0,0,0,0,0,0,0
2024,20240262,Thomas Pidcock,16,Stage 16,0,0,0,0,0,0,0,0,0
2024,20240262,Thomas Pidcock,17,Stage 17,0,0,0,0,0,0,0,0,0
2024,20240262,Thomas Pidcock,18,Stage 18,0,0,0,0,0,0,0,0,0
2024,20240262,Thomas Pidcock,19,Stage 19,0,0,0,0,0,0,0,0,0
2024,20240262,Thomas Pidcock,20,Stage 20,0,0,0,0,0,0,0,0,0
2024,20240262,Thomas Pidcock,21,Stage 21,0,0,0,0,0,0,0,0,0
2024,20240262,Thomas Pidcock,22,Final Classifications,0,0,0,0,0,0,0,0,0
2024,20240349,Oier Lazkano,1,Stage 1,0,0,0,0,0,0,0,0,0
2024,20240349,Oier Lazkano,2,Stage 2,0,0,0,0,0,0,0,8,8
2024,20240349,Oier Lazkano,3,Stage 3,0,0,0,0,0,0,0,12,12
2024,20240349,Oier Lazkano,4,Stage 4,0,0,0,0,1,0,20,0,21
2024,20240349,Oier Lazkano,5,Stage 5,0,0,0,0,0,0,0,0,0
2024,20240349,Oier Lazkano,6,Stage 6,0,0,0,0,0,0,0,2,2
2024,20240349,Oier Lazkano,7,Stage 7,0,0,0,0,0,0,0,0,0
2024,20240349,Oier Lazkano,8,Stage 8,0,0,0,0,0,0,0,0,0
2024,20240349,Oier Lazkano,9,Stage 9,0,0,0,0,12,0,20,0,32
2024,20240349,Oier Lazkano,10,Stage 10,0,0,0,0,0,0,0,0,0
2024,20240349,Oier Lazkano,11,Stage 11,0,0,0,0,0,0,20,0,20
2024,20240349,Oier Lazkano,12,Stage 12,0,0,0,0,0,0,0,0,0
2024,20240349,Oier Lazkano,13,Stage 13,0,0,0,0,0,0,0,0,0
2024,20240349,Oier Lazkano,14,Stage 14,0,0,0,2,12,30,20,0,64
2024,20240349,Oier Lazkano,15,Stage 15,0,0,0,2,0,10,0,0,12
2024,20240349,Oier Lazkano,16,Stage 16,0,0,0,2,0,0,0,0,2
2024,20240349,Oier Lazkano,17,Stage 17,0,0,0,2,0,0,0,2,4
2024,20240349,Oier Lazkano,18,Stage 18,120,0,0,4,0,0,0,0,124
2024,20240349,Oier Lazkano,19,Stage 19,0,0,0,1,4,0,0,0,5
2024,20240349,Oier Lazkano,20,Stage 20,0,0,0,0,0,0,0,0,0
2024,20240349,Oier Lazkano,21,Stage 21,0,0,0,0,0,0,0,0,0
2024,20240349,Oier Lazkano,22,Final Classifications,0,0,0,20,0,0,0,0,0
2024,20240248,Quentin Pacher,1,Stage 1,0,0,0,0,0,0,0,0,0
2024,20240248,Quentin Pacher,2,Stage 2,160,0,6,0,12,0,20,0,198
2024,20240248,Quentin Pacher,3,Stage 3,0,0,1,0,0,0,0,0,1
2024,20240248,Quentin Pacher,4,Stage 4,0,0,0,0,0,0,0,0,0
2024,20240248,Quentin Pacher,5,Stage 5,0,0,0,0,0,0,0,0,0
2024,20240248,Quentin Pacher,6,Stage 6,0,0,0,0,0,0,0,0,0
2024,20240248,Quentin Pacher,7,Stage 7,0,0,0,0,0,0,0,0,0
2024,20240248,Quentin Pacher,8,Stage 8,0,0,0,0,0,0,0,0,0
2024,20240248,Quentin Pacher,9,Stage 9,0,0,0,0,0,0,0,0,0
2024,20240248,Quentin Pacher,10,Stage 10,0,0,0,0,0,0,0,0,0
2024,20240248,Quentin Pacher,11,Stage 11,0,0,0,0,0,0,0,0,0
2024,20240248,Quentin Pacher,12,Stage 12,0,0,0,0,12,0,20,0,32
2024,20240248,Quentin Pacher,13,Stage 13,0,0,0,0,0,0,0,0,0
2024,20240248,Quentin Pacher,14,Stage 14,0,0,0,0,0,0,0,0,0
2024,20240248,Quentin Pacher,15,Stage 15,0,0,0,0,0,0,0,0,0
2024,20240248,Quentin Pacher,16,Stage 16,0,0,0,0,0,0,0,0,0
2024,20240248,Quentin Pacher,17,Stage 17,4,0,0,0,0,0,0,0,4
2024,20240248,Quentin Pacher,18,Stage 18,40,0,0,0,0,0,0,0,40
2024,20240248,Quentin Pacher,19,Stage 19,0,0,0,0,0,0,0,0,0
2024,20240248,Quentin Pacher,20,Stage 20,0,0,0,0,0,0,0,0,0
2024,20240248,Quentin Pacher,21,Stage 21,30,0,0,0,0,0,0,0,30
2024,20240248,Quentin Pacher,22,Final Classifications,0,0,0,0,0,0,0,0,0
2024,20240325,Jasper Stuyven,1,Stage 1,0,0,0,0,0,0,0,0,0
2024,20240325,Jasper Stuyven,2,Stage 2,0,0,0,0,0,0,0,0,0
2024,20240325,Jasper Stuyven,3,Stage 3,16,0,0,0,0,0,0,0,16
2024,20240325,Jasper Stuyven,4,Stage 4,0,0,0,0,0,0,0,0,0
2024,20240325,Jasper Stuyven,5,Stage 5,0,0,0,0,0,0,0,0,0
2024,20240325,Jasper Stuyven,6,Stage 6,0,0,0,0,0,0,0,0,0
2024,20240325,Jasper Stuyven,7,Stage 7,0,0,0,0,0,0,0,0,0
2024,20240325,Jasper Stuyven,8,Stage 8,0,0,0,0,0,0,0,0,0
2024,20240325,Jasper Stuyven,9,Stage 9,80,0,0,0,0,0,20,0,100
2024,20240325,Jasper Stuyven,10,Stage 10,0,0,0,0,0,0,0,0,0
2024,20240325,Jasper Stuyven,11,Stage 11,0,0,0,0,0,0,0,0,0
2024,20240325,Jasper Stuyven,12,Stage 12,25,0,0,0,0,0,0,0,25
2024,20240325,Jasper Stuyven,13,Stage 13,110,0,0,0,0,0,0,0,110
2024,20240325,Jasper Stuyven,14,Stage 14,0,0,0,0,0,0,0,0,0
2024,20240325,Jasper Stuyven,15,Stage 15,0,0,0,0,0,0,0,0,0
2024,20240325,Jasper Stuyven,16,Stage 16,0,0,0,0,0,0,0,0,0
2024,20240325,Jasper Stuyven,17,Stage 17,0,0,0,0,0,0,0,0,0
2024,20240325,Jasper Stuyven,18,Stage 18,0,0,0,0,0,0,0,0,0
2024,20240325,Jasper Stuyven,19,Stage 19,0,0,0,0,0,0,0,0,0
2024,20240325,Jasper Stuyven,20,Stage 20,0,0,0,0,20,0,20,0,40
2024,20240325,Jasper Stuyven,21,Stage 21,0,0,0,0,0,0,0,0,0
2024,20240325,Jasper Stuyven,22,Final Classifications,0,0,0,0,0,0,0,0,10
2024,20240418,Frank Van Den Broeck,1,Stage 1,180,26,12,6,3,0,20,24,271
2024,20240418,Frank Van Den Broeck,2,Stage 2,0,0,4,6,0,0,0,0,10
2024,20240418,Frank Van Den Broeck,3,Stage 3,0,0,0,6,0,0,0,0,6
2024,20240418,Frank Van Den Broeck,4,Stage 4,0,0,0,0,0,0,0,0,0
2024,20240418,Frank Van Den Broeck,5,Stage 5,0,0,0,0,0,0,0,0,0
2024,20240418,Frank Van Den Broeck,6,Stage 6,0,0,0,0,0,0,0,0,0
2024,20240418,Frank Van Den Broeck,7,Stage 7,0,0,0,0,0,0,0,0,0
2024,20240418,Frank Van Den Broeck,8,Stage 8,0,0,0,0,0,0,0,0,0
2024,20240418,Frank Van Den Broeck,9,Stage 9,0,0,0,0,0,0,0,0,0
2024,20240418,Frank Van Den Broeck,10,Stage 10,0,0,0,0,0,0,0,0,0
2024,20240418,Frank Van Den Broeck,11,Stage 11,0,0,0,0,8,0,0,0,8
2024,20240418,Frank Van Den Broeck,12,Stage 12,0,0,0,0,0,0,0,0,0
2024,20240418,Frank Van Den Broeck,13,Stage 13,0,0,0,0,0,0,0,0,0
2024,20240418,Frank Van Den Broeck,14,Stage 14,0,0,0,0,0,0,0,0,0
2024,20240418,Frank Van Den Broeck,15,Stage 15,0,0,0,0,0,0,0,0,0
2024,20240418,Frank Van Den Broeck,16,Stage 16,0,0,0,0,0,0,0,0,0
2024,20240418,Frank Van Den Broeck,17,Stage 17,0,0,0,0,0,0,0,0,0
2024,20240418,Frank Van Den Broeck,18,Stage 18,0,0,0,0,1,0,0,0,1
2024,20240418,Frank Van Den Broeck,19,Stage 19,0,0,0,0,0,0,0,0,0
2024,20240418,Frank Van Den Broeck,20,Stage 20,0,0,0,0,0,0,0,0,0
2024,20240418,Frank Van Den Broeck,21,Stage 21,0,0,0,0,0,0,0,0,0
2024,20240418,Frank Van Den Broeck,22,Final Classifications,0,0,0,0,0,0,0,0,0
2024,20240273,Egan Bernal,1,Stage 1,40,9,0,0,0,0,0,2,51
2024,20240273,Egan Bernal,2,Stage 2,0,14,0,0,0,0,0,2,16
2024,20240273,Egan Bernal,3,Stage 3,0,13,0,0,0,0,0,2,15
2024,20240273,Egan Bernal,4,Stage 4,35,11,0,0,0,0,0,4,50
2024,20240273,Egan Bernal,5,Stage 5,0,11,0,0,0,0,0,4,15
2024,20240273,Egan Bernal,6,Stage 6,0,11,0,0,0,0,0,4,15
2024,20240273,Egan Bernal,7,Stage 7,0,9,0,0,0,0,0,0,9
2024,20240273,Egan Bernal,8,Stage 8,0,9,0,0,0,0,0,0,9
2024,20240273,Egan Bernal,9,Stage 9,0,8,0,0,0,0,0,6,14
2024,20240273,Egan Bernal,10,Stage 10,0,9,0,0,0,0,0,2,11
2024,20240273,Egan Bernal,11,Stage 11,12,6,0,0,0,0,0,2,20
2024,20240273,Egan Bernal,12,Stage 12,0,6,0,0,0,0,0,2,8
2024,20240273,Egan Bernal,13,Stage 13,0,8,0,0,0,0,0,2,10
2024,20240273,Egan Bernal,14,Stage 14,4,8,0,0,0,0,0,0,12
2024,20240273,Egan Bernal,15,Stage 15,0,0,0,0,0,0,0,0,0
2024,20240273,Egan Bernal,16,Stage 16,0,1,0,0,0,0,0,0,1
2024,20240273,Egan Bernal,17,Stage 17,0,0,0,0,0,0,0,0,0
2024,20240273,Egan Bernal,18,Stage 18,0,0,0,0,0,0,0,4,4
2024,20240273,Egan Bernal,19,Stage 19,0,0,0,0,0,0,0,0,0
2024,20240273,Egan Bernal,20,Stage 20,0,0,0,0,0,0,0,2,2
2024,20240273,Egan Bernal,21,Stage 21,0,0,0,0,0,0,0,0,0
2024,20240273,Egan Bernal,22,Final Classifications,0,10,0,0,0,0,0,0,30
2024,20240368,Javier Romo,1,Stage 1,0,0,0,0,0,0,0,0,0
2024,20240368,Javier Romo,2,Stage 2,0,0,0,0,0,0,0,8,8
2024,20240368,Javier Romo,3,Stage 3,0,0,0,0,0,0,0,12,12
2024,20240368,Javier Romo,4,Stage 4,0,0,0,0,0,0,0,0,0
2024,20240368,Javier Romo,5,Stage 5,0,0,0,0,0,0,0,0,0
2024,20240368,Javier Romo,6,Stage 6,0,0,0,0,0,0,0,2,2
2024,20240368,Javier Romo,7,Stage 7,0,0,0,0,0,0,0,0,0
2024,20240368,Javier Romo,8,Stage 8,0,0,0,0,0,0,0,0,0
2024,20240368,Javier Romo,9,Stage 9,95,0,0,0,16,0,20,0,131
2024,20240368,Javier Romo,10,Stage 10,0,0,0,0,0,0,0,0,0
2024,20240368,Javier Romo,11,Stage 11,30,3,0,0,0,0,0,0,33
2024,20240368,Javier Romo,12,Stage 12,0,3,0,0,0,0,0,0,3
2024,20240368,Javier Romo,13,Stage 13,0,5,0,0,0,0,0,0,5
2024,20240368,Javier Romo,14,Stage 14,0,5,0,0,0,0,0,0,5
2024,20240368,Javier Romo,15,Stage 15,0,2,0,0,0,25,20,0,47
2024,20240368,Javier Romo,16,Stage 16,0,2,0,0,0,0,0,0,2
2024,20240368,Javier Romo,17,Stage 17,0,1,0,0,0,0,0,2,3
2024,20240368,Javier Romo,18,Stage 18,0,0,0,0,0,0,0,0,0
2024,20240368,Javier Romo,19,Stage 19,0,0,0,0,0,0,0,0,0
2024,20240368,Javier Romo,20,Stage 20,0,0,0,0,0,0,0,0,0
2024,20240368,Javier Romo,21,Stage 21,0,0,0,0,0,0,0,0,0
2024,20240368,Javier Romo,22,Final Classifications,0,40,0,0,0,0,0,0,40
2024,20240378,Ilan Van Wilder,1,Stage 1,35,8,0,0,0,0,0,0,43
2024,20240378,Ilan Van Wilder,2,Stage 2,0,0,0,0,0,0,0,4,4
2024,20240378,Ilan Van Wilder,3,Stage 3,0,0,0,0,0,0,0,2,2
2024,20240378,Ilan Van Wilder,4,Stage 4,12,0,0,0,0,0,0,10,22
2024,20240378,Ilan Van Wilder,5,Stage 5,0,0,0,0,0,0,0,6,6
2024,20240378,Ilan Van Wilder,6,Stage 6,0,0,0,0,0,0,0,6,6
2024,20240378,Ilan Van Wilder,7,Stage 7,35,0,0,0,0,0,0,0,35
2024,20240378,Ilan Van Wilder,8,Stage 8,0,0,0,0,0,0,0,8,8
2024,20240378,Ilan Van Wilder,9,Stage 9,0,0,0,0,0,0,0,8,8
2024,20240378,Ilan Van Wilder,10,Stage 10,0,0,0,0,0,0,0,8,8
2024,20240378,Ilan Van Wilder,11,Stage 11,0,0,0,0,0,0,0,10,10
2024,20240378,Ilan Van Wilder,12,Stage 12,0,0,0,0,0,0,0,8,8
2024,20240378,Ilan Van Wilder,13,Stage 13,0,0,0,0,0,0,0,8,8
2024,20240378,Ilan Van Wilder,14,Stage 14,0,0,0,0,0,0,0,8,8
2024,20240378,Ilan Van Wilder,15,Stage 15,0,0,0,0,0,0,0,6,6
2024,20240378,Ilan Van Wilder,16,Stage 16,0,0,0,0,0,0,0,4,4
2024,20240378,Ilan Van Wilder,17,Stage 17,0,0,0,0,0,0,0,4,4
2024,20240378,Ilan Van Wilder,18,Stage 18,0,0,0,0,0,0,0,2,2
2024,20240378,Ilan Van Wilder,19,Stage 19,0,0,0,0,3,15,0,4,22
2024,20240378,Ilan Van Wilder,20,Stage 20,0,0,0,0,0,0,0,2,2
2024,20240378,Ilan Van Wilder,21,Stage 21,12,0,0,0,0,0,0,0,12
2024,20240378,Ilan Van Wilder,22,Final Classifications,0,25,0,0,0,0,0,30,55
2024,20240268,Michał Kwiatkowski,1,Stage 1,0,0,0,0,0,0,0,2,2
2024,20240268,Michał Kwiatkowski,2,Stage 2,0,0,0,0,0,0,0,2,2
2024,20240268,Michał Kwiatkowski,3,Stage 3,0,0,0,0,0,0,0,2,2
2024,20240268,Michał Kwiatkowski,4,Stage 4,0,0,0,0,0,0,0,4,4
2024,20240268,Michał Kwiatkowski,5,Stage 5,0,0,0,0,0,0,0,4,4
2024,20240268,Michał Kwiatkowski,6,Stage 6,0,0,0,0,0,0,0,4,4
2024,20240268,Michał Kwiatkowski,7,Stage 7,0,0,0,0,0,0,0,0,0
2024,20240268,Michał Kwiatkowski,8,Stage 8,0,0,0,0,0,0,0,0,0
2024,20240268,Michał Kwiatkowski,9,Stage 9,0,0,0,0,0,0,0,6,6
2024,20240268,Michał Kwiatkowski,10,Stage 10,0,0,0,0,0,0,0,2,2
2024,20240268,Michał Kwiatkowski,11,Stage 11,0,0,0,0,0,0,0,2,2
2024,20240268,Michał Kwiatkowski,12,Stage 12,0,0,0,0,0,0,0,2,2
2024,20240268,Michał Kwiatkowski,13,Stage 13,0,0,0,0,8,0,20,2,30
2024,20240268,Michał Kwiatkowski,14,Stage 14,0,0,0,0,0,6,20,0,26
2024,20240268,Michał Kwiatkowski,15,Stage 15,0,0,0,0,1,0,0,0,1
2024,20240268,Michał Kwiatkowski,16,Stage 16,0,0,0,0,0,0,0,0,0
2024,20240268,Michał Kwiatkowski,17,Stage 17,0,0,0,0,0,0,0,0,0
2024,20240268,Michał Kwiatkowski,18,Stage 18,160,0,0,0,5,0,0,2,167
2024,20240268,Michał Kwiatkowski,19,Stage 19,0,0,0,0,0,0,0,0,0
2024,20240268,Michał Kwiatkowski,20,Stage 20,0,0,0,0,0,0,0,2,2
2024,20240268,Michał Kwiatkowski,21,Stage 21,0,0,0,0,0,0,0,0,0
2024,20240268,Michał Kwiatkowski,22,Final Classifications,0,0,0,0,0,0,0,0,20
2024,20240031,Arnaud Démare,1,Stage 1,0,0,0,0,0,0,0,0,0
2024,20240031,Arnaud Démare,2,Stage 2,0,0,0,0,0,0,0,8,8
2024,20240031,Arnaud Démare,3,Stage 3,0,0,0,0,8,0,0,0,8
2024,20240031,Arnaud Démare,4,Stage 4,0,0,0,0,0,0,0,0,0
2024,20240031,Arnaud Démare,5,Stage 5,95,0,0,0,3,0,0,0,98
2024,20240031,Arnaud Démare,6,Stage 6,95,0,0,0,8,0,0,0,103
2024,20240031,Arnaud Démare,7,Stage 7,0,0,0,0,0,0,0,0,0
2024,20240031,Arnaud Démare,8,Stage 8,0,0,1,0,5,0,0,0,6
2024,20240031,Arnaud Démare,9,Stage 9,0,0,0,0,0,0,0,0,0
2024,20240031,Arnaud Démare,10,Stage 10,0,0,0,0,5,0,0,0,5
2024,20240031,Arnaud Démare,11,Stage 11,0,0,0,0,0,0,0,0,0
2024,20240031,Arnaud Démare,12,Stage 12,0,0,0,0,0,0,0,0,0
2024,20240031,Arnaud Démare,13,Stage 13,30,0,0,0,0,0,0,0,30
2024,20240031,Arnaud Démare,14,Stage 14,0,0,0,0,0,0,0,0,0
2024,20240031,Arnaud Démare,15,Stage 15,0,0,0,0,0,0,0,0,0
2024,20240031,Arnaud Démare,16,Stage 16,12,0,0,0,0,0,0,0,12
2024,20240031,Arnaud Démare,17,Stage 17,0,0,0,0,0,0,0,0,0
2024,20240031,Arnaud Démare,18,Stage 18,0,0,0,0,0,0,0,0,0
2024,20240031,Arnaud Démare,19,Stage 19,0,0,0,0,0,0,0,0,0
2024,20240031,Arnaud Démare,20,Stage 20,0,0,0,0,0,0,0,0,0
2024,20240031,Arnaud Démare,21,Stage 21,0,0,0,0,0,0,0,0,0
2024,20240031,Arnaud Démare,22,Final Classifications,0,0,0,0,0,0,0,0,0
2024,20240480,Bart Lemmen,1,Stage 1,0,0,0,0,0,0,0,8,8
2024,20240480,Bart Lemmen,2,Stage 2,0,0,0,0,0,0,0,2,2
2024,20240480,Bart Lemmen,3,Stage 3,0,0,0,0,0,0,0,0,0
2024,20240480,Bart Lemmen,4,Stage 4,0,0,0,0,0,0,0,2,2
2024,20240480,Bart Lemmen,5,Stage 5,0,0,0,0,0,0,0,2,2
2024,20240480,Bart Lemmen,6,Stage 6,0,0,0,0,0,0,0,2,2
2024,20240480,Bart Lemmen,7,Stage 7,0,0,0,0,0,0,0,0,0
2024,20240480,Bart Lemmen,8,Stage 8,0,0,0,0,0,0,0,2,2
2024,20240480,Bart Lemmen,9,Stage 9,0,0,0,0,0,0,0,2,2
2024,20240480,Bart Lemmen,10,Stage 10,0,0,0,0,0,0,0,2,2
2024,20240480,Bart Lemmen,11,Stage 11,0,0,0,0,0,0,0,10,10
2024,20240480,Bart Lemmen,12,Stage 12,0,0,0,0,0,0,0,6,6
2024,20240480,Bart Lemmen,13,Stage 13,0,0,0,0,0,0,0,6,6
2024,20240480,Bart Lemmen,14,Stage 14,0,0,0,0,0,0,0,10,10
2024,20240480,Bart Lemmen,15,Stage 15,0,0,0,0,0,0,0,12,12
2024,20240480,Bart Lemmen,16,Stage 16,0,0,0,0,0,0,0,8,8
2024,20240480,Bart Lemmen,17,Stage 17,0,0,0,0,0,0,0,8,8
2024,20240480,Bart Lemmen,18,Stage 18,110,0,0,0,0,0,0,8,118
2024,20240480,Bart Lemmen,19,Stage 19,0,0,0,0,0,0,0,12,12
2024,20240480,Bart Lemmen,20,Stage 20,0,0,0,0,0,0,0,12,12
2024,20240480,Bart Lemmen,21,Stage 21,0,0,0,0,0,0,0,0,0
2024,20240480,Bart Lemmen,22,Final Classifications,0,0,0,0,0,0,0,40,40
2024,20240032,Cristián Rodríguez,1,Stage 1,0,0,0,0,0,0,0,0,0
2024,20240032,Cristián Rodríguez,2,Stage 2,140,0,0,1,3,0,20,8,172
2024,20240032,Cristián Rodríguez,3,Stage 3,0,0,0,1,0,0,0,0,1
2024,20240032,Cristián Rodríguez,4,Stage 4,0,0,0,0,0,0,20,0,20
2024,20240032,Cristián Rodríguez,5,Stage 5,0,0,0,0,0,0,0,0,0
2024,20240032,Cristián Rodríguez,6,Stage 6,0,0,0,0,0,0,0,0,0
2024,20240032,Cristián Rodríguez,7,Stage 7,0,0,0,0,0,0,0,0,0
2024,20240032,Cristián Rodríguez,8,Stage 8,0,0,0,0,0,0,0,0,0
2024,20240032,Cristián Rodríguez,9,Stage 9,0,0,0,0,0,0,0,0,0
2024,20240032,Cristián Rodríguez,10,Stage 10,0,0,0,0,0,0,0,0,0
2024,20240032,Cristián Rodríguez,11,Stage 11,0,0,0,0,5,0,0,0,5
2024,20240032,Cristián Rodríguez,12,Stage 12,0,0,0,0,0,0,0,0,0
2024,20240032,Cristián Rodríguez,13,Stage 13,0,0,0,0,0,0,0,0,0
2024,20240032,Cristián Rodríguez,14,Stage 14,0,0,0,0,0,0,0,0,0
2024,20240032,Cristián Rodríguez,15,Stage 15,0,0,0,0,0,0,0,0,0
2024,20240032,Cristián Rodríguez,16,Stage 16,0,0,0,0,0,0,0,0,0
2024,20240032,Cristián Rodríguez,17,Stage 17,0,0,0,0,0,0,0,0,0
2024,20240032,Cristián Rodríguez,18,Stage 18,0,0,0,0,0,0,0,0,0
2024,20240032,Cristián Rodríguez,19,Stage 19,20,0,0,0,1,19,20,0,60
2024,20240032,Cristián Rodríguez,20,Stage 20,0,0,0,0,0,0,0,0,0
2024,20240032,Cristián Rodríguez,21,Stage 21,0,0,0,0,0,0,0,0,0
2024,20240032,Cristián Rodríguez,22,Final Classifications,0,0,0,0,0,0,0,0,0
2024,20240680,Maxim Van Gils,1,Stage 1,120,16,0,0,0,0,0,0,136
2024,20240680,Maxim Van Gils,2,Stage 2,12,15,0,0,0,0,0,0,27
2024,20240680,Maxim Van Gils,3,Stage 3,0,6,0,0,0,0,0,2,8
2024,20240680,Maxim Van Gils,4,Stage 4,0,0,0,0,0,0,0,0,0
2024,20240680,Maxim Van Gils,5,Stage 5,0,0,0,0,0,0,0,0,0
2024,20240680,Maxim Van Gils,6,Stage 6,0,0,0,0,0,0,0,0,0
2024,20240680,Maxim Van Gils,7,Stage 7,0,0,0,0,0,0,0,0,0
2024,20240680,Maxim Van Gils,8,Stage 8,20,0,0,0,0,0,0,2,22
2024,20240680,Maxim Van Gils,9,Stage 9,0,0,0,0,4,0,20,0,24
2024,20240680,Maxim Van Gils,10,Stage 10,0,0,0,0,0,0,0,0,0
2024,20240680,Maxim Van Gils,11,Stage 11,0,0,0,0,0,0,0,0,0
2024,20240680,Maxim Van Gils,12,Stage 12,0,0,0,0,0,0,0,0,0
2024,20240680,Maxim Van Gils,13,Stage 13,40,0,0,0,0,0,0,0,40
2024,20240680,Maxim Van Gils,14,Stage 14,0,0,0,0,0,0,0,0,0
2024,20240680,Maxim Van Gils,15,Stage 15,0,0,0,0,0,0,0,0,0
2024,20240680,Maxim Van Gils,16,Stage 16,0,0,0,0,0,0,0,0,0
2024,20240680,Maxim Van Gils,17,Stage 17,0,0,0,0,0,0,0,0,0
2024,20240680,Maxim Van Gils,18,Stage 18,0,0,0,0,0,0,0,0,0
2024,20240680,Maxim Van Gils,19,Stage 19,0,0,0,0,0,0,0,0,0
2024,20240680,Maxim Van Gils,20,Stage 20,0,0,0,0,0,0,0,0,0
2024,20240680,Maxim Van Gils,21,Stage 21,0,0,0,0,0,0,0,0,0
2024,20240680,Maxim Van Gils,22,Final Classifications,0,0,0,0,0,0,0,0,0
2024,20240063,Mark Cavendish,1,Stage 1,0,0,0,0,0,0,0,0,0
2024,20240063,Mark Cavendish,2,Stage 2,0,0,0,0,0,0,0,0,0
2024,20240063,Mark Cavendish,3,Stage 3,0,0,0,0,0,0,0,0,0
2024,20240063,Mark Cavendish,4,Stage 4,0,0,0,0,0,0,0,0,0
2024,20240063,Mark Cavendish,5,Stage 5,220,0,0,0,0,0,0,0,220
2024,20240063,Mark Cavendish,6,Stage 6,8,0,0,0,0,0,0,0,8
2024,20240063,Mark Cavendish,7,Stage 7,0,0,0,0,0,0,0,0,0
2024,20240063,Mark Cavendish,8,Stage 8,0,0,0,0,0,0,0,0,0
2024,20240063,Mark Cavendish,9,Stage 9,0,0,0,0,0,0,0,0,0
2024,20240063,Mark Cavendish,10,Stage 10,12,0,0,0,0,0,0,0,12
2024,20240063,Mark Cavendish,11,Stage 11,0,0,0,0,0,0,0,0,0
2024,20240063,Mark Cavendish,12,Stage 12,0,0,0,0,0,0,0,0,0
2024,20240063,Mark Cavendish,13,Stage 13,0,0,0,0,0,0,0,0,0
2024,20240063,Mark Cavendish,14,Stage 14,0,0,0,0,0,0,0,0,0
2024,20240063,Mark Cavendish,15,Stage 15,0,0,0,0,0,0,0,0,0
2024,20240063,Mark Cavendish,16,Stage 16,16,0,0,0,0,0,0,0,16
2024,20240063,Mark Cavendish,17,Stage 17,0,0,0,0,0,0,0,0,0
2024,20240063,Mark Cavendish,18,Stage 18,0,0,0,0,0,0,0,0,0
2024,20240063,Mark Cavendish,19,Stage 19,0,0,0,0,0,0,0,0,0
2024,20240063,Mark Cavendish,20,Stage 20,0,0,0,0,0,0,0,0,0
2024,20240063,Mark Cavendish,21,Stage 21,0,0,0,0,0,0,0,0,0
2024,20240063,Mark Cavendish,22,Final Classifications,0,0,0,0,0,0,0,0,0
2024,20240404,Fabio Jakobsen,1,Stage 1,0,0,0,0,0,0,0,32,32
2024,20240404,Fabio Jakobsen,2,Stage 2,0,0,0,0,0,0,0,0,0
2024,20240404,Fabio Jakobsen,3,Stage 3,95,0,0,0,0,0,0,0,95
2024,20240404,Fabio Jakobsen,4,Stage 4,0,0,0,0,0,0,0,0,0
2024,20240404,Fabio Jakobsen,5,Stage 5,120,0,0,0,0,0,0,0,120
2024,20240404,Fabio Jakobsen,6,Stage 6,0,0,0,0,0,0,0,0,0
2024,20240404,Fabio Jakobsen,7,Stage 7,0,0,0,0,0,0,0,0,0
2024,20240404,Fabio Jakobsen,8,Stage 8,0,0,0,0,0,0,0,0,0
2024,20240404,Fabio Jakobsen,9,Stage 9,0,0,0,0,0,0,0,0,0
2024,20240404,Fabio Jakobsen,10,Stage 10,0,0,0,0,0,0,0,0,0
2024,20240404,Fabio Jakobsen,11,Stage 11,0,0,0,0,0,0,0,0,0
2024,20240404,Fabio Jakobsen,12,Stage 12,0,0,0,0,0,0,0,0,0
2024,20240404,Fabio Jakobsen,13,Stage 13,0,0,0,0,0,0,0,0,0
2024,20240404,Fabio Jakobsen,14,Stage 14,0,0,0,0,0,0,0,0,0
2024,20240404,Fabio Jakobsen,15,Stage 15,0,0,0,0,0,0,0,0,0
2024,20240404,Fabio Jakobsen,16,Stage 16,0,0,0,0,0,0,0,0,0
2024,20240404,Fabio Jakobsen,17,Stage 17,0,0,0,0,0,0,0,0,0
2024,20240404,Fabio Jakobsen,18,Stage 18,0,0,0,0,0,0,0,0,0
2024,20240404,Fabio Jakobsen,19,Stage 19,0,0,0,0,0,0,0,0,0
2024,20240404,Fabio Jakobsen,20,Stage 20,0,0,0,0,0,0,0,0,0
2024,20240404,Fabio Jakobsen,21,Stage 21,0,0,0,0,0,0,0,0,0
2024,20240404,Fabio Jakobsen,22,Final Classifications,0,0,0,0,0,0,0,0,0
2024,20240069,Harold Tejada,1,Stage 1,0,0,0,0,0,0,0,0,0
2024,20240069,Harold Tejada,2,Stage 2,120,0,2,0,16,0,20,0,158
2024,20240069,Harold Tejada,3,Stage 3,0,0,0,0,0,0,0,0,0
2024,20240069,Harold Tejada,4,Stage 4,0,0,0,0,0,0,0,0,0
2024,20240069,Harold Tejada,5,Stage 5,0,0,0,0,0,0,0,8,8
2024,20240069,Harold Tejada,6,Stage 6,0,0,0,0,0,0,0,0,0
2024,20240069,Harold Tejada,7,Stage 7,0,0,0,0,0,0,0,0,0
2024,20240069,Harold Tejada,8,Stage 8,0,0,0,0,0,0,0,0,0
2024,20240069,Harold Tejada,9,Stage 9,0,0,0,0,0,0,0,0,0
2024,20240069,Harold Tejada,10,Stage 10,0,0,0,0,0,0,0,0,0
2024,20240069,Harold Tejada,11,Stage 11,0,0,0,0,0,0,0,0,0
2024,20240069,Harold Tejada,12,Stage 12,0,0,0,0,0,0,0,0,0
2024,20240069,Harold Tejada,13,Stage 13,0,0,0,0,0,0,0,0,0
2024,20240069,Harold Tejada,14,Stage 14,0,0,0,0,0,0,0,0,0
2024,20240069,Harold Tejada,15,Stage 15,0,0,0,0,0,0,0,0,0
2024,20240069,Harold Tejada,16,Stage 16,0,0,0,0,0,0,0,0,0
2024,20240069,Harold Tejada,17,Stage 17,0,0,0,0,0,0,0,0,0
2024,20240069,Harold Tejada,18,Stage 18,0,0,0,0,0,0,0,0,0
2024,20240069,Harold Tejada,19,Stage 19,0,0,0,0,0,0,0,0,0
2024,20240069,Harold Tejada,20,Stage 20,0,0,0,0,0,0,0,0,0
2024,20240069,Harold Tejada,21,Stage 21,80,0,0,0,0,0,0,0,80
2024,20240069,Harold Tejada,22,Final Classifications,0,0,0,0,0,0,0,0,0
2024,20240835,Mattéo Vercher,1,Stage 1,0,0,0,0,0,0,0,0,0
2024,20240835,Mattéo Vercher,2,Stage 2,0,0,0,0,0,0,0,0,0
2024,20240835,Mattéo Vercher,3,Stage 3,0,0,0,0,0,0,0,0,0
2024,20240835,Mattéo Vercher,4,Stage 4,0,0,0,0,0,0,0,0,0
2024,20240835,Mattéo Vercher,5,Stage 5,0,0,0,0,16,0,20,0,36
2024,20240835,Mattéo Vercher,6,Stage 6,0,0,0,0,0,0,0,0,0
2024,20240835,Mattéo Vercher,7,Stage 7,0,0,0,0,0,0,0,0,0
2024,20240835,Mattéo Vercher,8,Stage 8,0,0,0,0,0,0,0,0,0
2024,20240835,Mattéo Vercher,9,Stage 9,0,0,0,0,0,0,0,8,8
2024,20240835,Mattéo Vercher,10,Stage 10,0,0,0,0,0,0,0,0,0
2024,20240835,Mattéo Vercher,11,Stage 11,0,0,0,0,1,0,20,0,21
2024,20240835,Mattéo Vercher,12,Stage 12,0,0,0,0,0,0,0,0,0
2024,20240835,Mattéo Vercher,13,Stage 13,0,0,0,0,0,0,0,0,0
2024,20240835,Mattéo Vercher,14,Stage 14,0,0,0,0,0,0,0,0,0
2024,20240835,Mattéo Vercher,15,Stage 15,0,0,0,0,0,0,0,0,0
2024,20240835,Mattéo Vercher,16,Stage 16,0,0,0,0,0,0,0,0,0
2024,20240835,Mattéo Vercher,17,Stage 17,0,0,0,0,0,0,0,0,0
2024,20240835,Mattéo Vercher,18,Stage 18,180,0,0,0,0,0,0,0,180
2024,20240835,Mattéo Vercher,19,Stage 19,0,0,0,0,0,0,0,0,0
2024,20240835,Mattéo Vercher,20,Stage 20,0,0,0,0,0,0,0,0,0
2024,20240835,Mattéo Vercher,21,Stage 21,0,0,0,0,0,0,0,0,0
2024,20240835,Mattéo Vercher,22,Final Classifications,0,0,0,0,0,0,0,0,0
2024,20240251,Clément Russo,1,Stage 1,0,0,0,0,0,0,0,0,0
2024,20240251,Clément Russo,2,Stage 2,0,0,0,0,0,0,0,2,2
2024,20240251,Clément Russo,3,Stage 3,0,0,0,0,0,0,0,0,0
2024,20240251,Clément Russo,4,Stage 4,0,0,0,0,0,0,0,0,0
2024,20240251,Clément Russo,5,Stage 5,0,0,0,0,20,0,20,0,40
2024,20240251,Clément Russo,6,Stage 6,16,0,0,0,0,0,0,0,16
2024,20240251,Clément Russo,7,Stage 7,0,0,0,0,0,0,0,0,0
2024,20240251,Clément Russo,8,Stage 8,25,0,0,0,0,0,0,0,25
2024,20240251,Clément Russo,9,Stage 9,0,0,0,0,0,0,0,0,0
2024,20240251,Clément Russo,10,Stage 10,8,0,0,0,0,0,0,0,8
2024,20240251,Clément Russo,11,Stage 11,0,0,0,0,0,0,0,0,0
2024,20240251,Clément Russo,12,Stage 12,35,0,0,0,0,0,0,0,35
2024,20240251,Clément Russo,13,Stage 13,95,0,0,0,0,0,0,0,95
2024,20240251,Clément Russo,14,Stage 14,0,0,0,0,0,0,0,0,0
2024,20240251,Clément Russo,15,Stage 15,0,0,0,0,0,0,0,0,0
2024,20240251,Clément Russo,16,Stage 16,20,0,0,0,0,0,0,0,20
2024,20240251,Clément Russo,17,Stage 17,0,0,0,0,0,0,0,0,0
2024,20240251,Clément Russo,18,Stage 18,0,0,0,0,0,0,0,0,0
2024,20240251,Clément Russo,19,Stage 19,0,0,0,0,0,0,0,0,0
2024,20240251,Clément Russo,20,Stage 20,0,0,0,0,0,0,0,0,0
2024,20240251,Clément Russo,21,Stage 21,0,0,0,0,0,0,0,0,0
2024,20240251,Clément Russo,22,Final Classifications,0,0,0,0,0,0,0,0,0
2024,20240323,Toms Skujiņš,1,Stage 1,8,2,0,0,0,0,0,0,10
2024,20240323,Toms Skujiņš,2,Stage 2,0,0,0,0,0,0,0,0,0
2024,20240323,Toms Skujiņš,3,Stage 3,0,0,0,0,0,0,0,0,0
2024,20240323,Toms Skujiņš,4,Stage 4,0,0,0,0,0,0,0,0,0
2024,20240323,Toms Skujiņš,5,Stage 5,0,0,0,0,0,0,0,0,0
2024,20240323,Toms Skujiņš,6,Stage 6,0,0,0,0,0,0,0,0,0
2024,20240323,Toms Skujiņš,7,Stage 7,0,0,0,0,0,0,0,0,0
2024,20240323,Toms Skujiņš,8,Stage 8,0,0,0,0,0,0,0,0,0
2024,20240323,Toms Skujiņš,9,Stage 9,0,0,0,0,0,0,0,0,0
2024,20240323,Toms Skujiņš,10,Stage 10,0,0,0,0,0,0,0,0,0
2024,20240323,Toms Skujiņš,11,Stage 11,0,0,0,0,0,0,0,0,0
2024,20240323,Toms Skujiņš,12,Stage 12,0,0,0,0,0,0,0,0,0
2024,20240323,Toms Skujiņš,13,Stage 13,0,0,0,0,5,0,0,0,5
2024,20240323,Toms Skujiņš,14,Stage 14,0,0,0,0,0,0,0,0,0
2024,20240323,Toms Skujiņš,15,Stage 15,0,0,0,0,0,0,0,0,0
2024,20240323,Toms Skujiņš,16,Stage 16,0,0,0,0,0,0,0,0,0
2024,20240323,Toms Skujiņš,17,Stage 17,50,0,0,0,0,0,0,0,50
2024,20240323,Toms Skujiņš,18,Stage 18,140,0,0,0,16,0,0,0,156
2024,20240323,Toms Skujiņš,19,Stage 19,0,0,0,0,0,0,0,0,0
2024,20240323,Toms Skujiņš,20,Stage 20,0,0,0,0,0,0,0,0,0
2024,20240323,Toms Skujiņš,21,Stage 21,0,0,0,0,0,0,0,0,0
2024,20240323,Toms Skujiņš,22,Final Classifications,0,0,0,0,0,0,0,0,10
2024,20240292,Mike Teunissen,1,Stage 1,0,0,0,0,0,0,0,0,0
2024,20240292,Mike Teunissen,2,Stage 2,80,0,0,0,4,0,20,0,104
2024,20240292,Mike Teunissen,3,Stage 3,0,0,0,0,0,0,0,8,8
2024,20240292,Mike Teunissen,4,Stage 4,0,0,0,0,0,0,0,0,0
2024,20240292,Mike Teunissen,5,Stage 5,12,0,0,0,0,0,0,0,12
2024,20240292,Mike Teunissen,6,Stage 6,0,0,0,0,3,0,0,4,7
2024,20240292,Mike Teunissen,7,Stage 7,0,0,0,0,0,0,0,0,0
2024,20240292,Mike Teunissen,8,Stage 8,0,0,0,0,0,0,0,8,8
2024,20240292,Mike Teunissen,9,Stage 9,12,0,0,0,0,0,0,0,12
2024,20240292,Mike Teunissen,10,Stage 10,0,0,0,0,0,0,0,4,4
2024,20240292,Mike Teunissen,11,Stage 11,0,0,0,0,0,0,0,0,0
2024,20240292,Mike Teunissen,12,Stage 12,8,0,0,0,3,0,0,8,19
2024,20240292,Mike Teunissen,13,Stage 13,0,0,0,0,0,0,0,0,0
2024,20240292,Mike Teunissen,14,Stage 14,0,0,0,0,0,0,0,0,0
2024,20240292,Mike Teunissen,15,Stage 15,0,0,0,0,0,0,0,0,0
2024,20240292,Mike Teunissen,16,Stage 16,35,0,0,0,5,0,0,0,40
2024,20240292,Mike Teunissen,17,Stage 17,0,0,0,0,1,0,0,0,1
2024,20240292,Mike Teunissen,18,Stage 18,0,0,0,0,0,0,0,0,0
2024,20240292,Mike Teunissen,19,Stage 19,0,0,0,0,0,0,0,0,0
2024,20240292,Mike Teunissen,20,Stage 20,0,0,0,0,0,0,0,0,0
2024,20240292,Mike Teunissen,21,Stage 21,0,0,0,0,0,0,0,0,0
2024,20240292,Mike Teunissen,22,Final Classifications,0,0,0,0,0,0,0,0,0
2024,20240002,Mathieu Van Der Poel,1,Stage 1,0,0,0,0,0,0,0,0,0
2024,20240002,Mathieu Van Der Poel,2,Stage 2,0,0,0,0,0,0,0,0,0
2024,20240002,Mathieu Van Der Poel,3,Stage 3,0,0,0,0,0,0,0,0,0
2024,20240002,Mathieu Van Der Poel,4,Stage 4,0,0,0,0,0,0,20,0,20
2024,20240002,Mathieu Van Der Poel,5,Stage 5,0,0,0,0,0,0,0,4,4
2024,20240002,Mathieu Van Der Poel,6,Stage 6,20,0,0,0,0,0,0,0,20
2024,20240002,Mathieu Van Der Poel,7,Stage 7,0,0,0,0,0,0,0,0,0
2024,20240002,Mathieu Van Der Poel,8,Stage 8,0,0,0,0,0,0,0,4,4
2024,20240002,Mathieu Van Der Poel,9,Stage 9,50,0,0,0,0,0,0,0,50
2024,20240002,Mathieu Van Der Poel,10,Stage 10,25,0,0,0,0,0,0,8,33
2024,20240002,Mathieu Van Der Poel,11,Stage 11,0,0,0,0,0,0,0,0,0
2024,20240002,Mathieu Van Der Poel,12,Stage 12,0,0,0,0,0,0,0,0,0
2024,20240002,Mathieu Van Der Poel,13,Stage 13,0,0,0,0,0,0,0,8,8
2024,20240002,Mathieu Van Der Poel,14,Stage 14,0,0,0,0,5,0,20,0,25
2024,20240002,Mathieu Van Der Poel,15,Stage 15,0,0,0,0,0,0,0,0,0
2024,20240002,Mathieu Van Der Poel,16,Stage 16,40,0,0,0,2,0,0,8,50
2024,20240002,Mathieu Van Der Poel,17,Stage 17,0,0,0,0,0,0,0,0,0
2024,20240002,Mathieu Van Der Poel,18,Stage 18,0,0,0,0,0,0,0,0,0
2024,20240002,Mathieu Van Der Poel,19,Stage 19,0,0,0,0,0,0,0,0,0
2024,20240002,Mathieu Van Der Poel,20,Stage 20,0,0,0,0,0,0,0,0,0
2024,20240002,Mathieu Van Der Poel,21,Stage 21,0,0,0,0,0,0,0,0,0
2024,20240002,Mathieu Van Der Poel,22,Final Classifications,0,0,0,0,0,0,0,0,0
2024,20240867,Tobias Halland Johannessen,1,Stage 1,0,0,0,0,0,0,0,0,0
2024,20240867,Tobias Halland Johannessen,2,Stage 2,0,0,0,0,0,0,0,4,4
2024,20240867,Tobias Halland Johannessen,3,Stage 3,0,0,0,0,0,0,0,0,0
2024,20240867,Tobias Halland Johannessen,4,Stage 4,0,0,0,0,0,0,20,0,20
2024,20240867,Tobias Halland Johannessen,5,Stage 5,0,0,0,0,0,0,0,2,2
2024,20240867,Tobias Halland Johannessen,6,Stage 6,0,0,0,0,0,0,0,0,0
2024,20240867,Tobias Halland Johannessen,7,Stage 7,0,0,0,0,0,0,0,0,0
2024,20240867,Tobias Halland Johannessen,8,Stage 8,0,0,0,0,0,0,0,0,0
2024,20240867,Tobias Halland Johannessen,9,Stage 9,0,0,0,0,0,0,0,0,0
2024,20240867,Tobias Halland Johannessen,10,Stage 10,0,0,0,0,0,0,0,0,0
2024,20240867,Tobias Halland Johannessen,11,Stage 11,0,0,0,0,0,0,0,0,0
2024,20240867,Tobias Halland Johannessen,12,Stage 12,0,0,0,0,0,0,0,0,0
2024,20240867,Tobias Halland Johannessen,13,Stage 13,0,0,0,0,0,0,0,0,0
2024,20240867,Tobias Halland Johannessen,14,Stage 14,0,0,0,0,0,0,0,0,0
2024,20240867,Tobias Halland Johannessen,15,Stage 15,50,0,0,0,3,17,20,0,88
2024,20240867,Tobias Halland Johannessen,16,Stage 16,0,0,0,0,0,0,0,2,2
2024,20240867,Tobias Halland Johannessen,17,Stage 17,0,0,0,0,0,0,0,0,0
2024,20240867,Tobias Halland Johannessen,18,Stage 18,12,0,0,0,0,0,0,0,12
2024,20240867,Tobias Halland Johannessen,19,Stage 19,0,0,0,0,0,0,0,0,0
2024,20240867,Tobias Halland Johannessen,20,Stage 20,50,0,0,0,16,0,20,0,86
2024,20240867,Tobias Halland Johannessen,21,Stage 21,0,0,0,0,0,0,0,0,0
2024,20240867,Tobias Halland Johannessen,22,Final Classifications,0,0,0,0,0,0,0,0,0
2024,20240871,Magnus Cort,1,Stage 1,0,0,0,0,0,0,0,0,0
2024,20240871,Magnus Cort,2,Stage 2,0,0,0,0,0,0,0,4,4
2024,20240871,Magnus Cort,3,Stage 3,0,0,0,0,0,0,0,0,0
2024,20240871,Magnus Cort,4,Stage 4,0,0,0,0,0,0,0,0,0
2024,20240871,Magnus Cort,5,Stage 5,0,0,0,0,0,0,0,2,2
2024,20240871,Magnus Cort,6,Stage 6,0,0,0,0,0,0,0,0,0
2024,20240871,Magnus Cort,7,Stage 7,0,0,0,0,0,0,0,0,0
2024,20240871,Magnus Cort,8,Stage 8,0,0,0,0,0,0,0,0,0
2024,20240871,Magnus Cort,9,Stage 9,0,0,0,0,0,0,0,0,0
2024,20240871,Magnus Cort,10,Stage 10,0,0,0,0,0,0,0,0,0
2024,20240871,Magnus Cort,11,Stage 11,0,0,0,0,3,0,0,0,3
2024,20240871,Magnus Cort,12,Stage 12,0,0,0,0,0,0,0,0,0
2024,20240871,Magnus Cort,13,Stage 13,0,0,0,0,12,0,20,0,32
2024,20240871,Magnus Cort,14,Stage 14,0,0,0,0,8,0,20,0,28
2024,20240871,Magnus Cort,15,Stage 15,0,0,0,0,4,0,0,0,4
2024,20240871,Magnus Cort,16,Stage 16,0,0,0,0,0,0,0,2,2
2024,20240871,Magnus Cort,17,Stage 17,95,0,0,0,20,0,20,0,135
2024,20240871,Magnus Cort,18,Stage 18,0,0,0,0,0,0,0,0,0
2024,20240871,Magnus Cort,19,Stage 19,0,0,0,0,2,0,0,0,2
2024,20240871,Magnus Cort,20,Stage 20,0,0,0,0,0,0,0,0,0
2024,20240871,Magnus Cort,21,Stage 21,0,0,0,0,0,0,0,0,0
2024,20240871,Magnus Cort,22,Final Classifications,0,0,0,0,0,0,0,0,0
2024,20240234,Valentin Madouas,1,Stage 1,0,0,0,8,8,0,20,0,36
2024,20240234,Valentin Madouas,2,Stage 2,0,0,0,8,0,0,0,2,10
2024,20240234,Valentin Madouas,3,Stage 3,0,0,0,8,0,0,0,0,8
2024,20240234,Valentin Madouas,4,Stage 4,0,0,0,6,0,0,20,0,26
2024,20240234,Valentin Madouas,5,Stage 5,0,0,0,6,0,0,0,0,6
2024,20240234,Valentin Madouas,6,Stage 6,0,0,0,6,0,0,0,0,6
2024,20240234,Valentin Madouas,7,Stage 7,0,0,0,6,0,0,0,0,6
2024,20240234,Valentin Madouas,8,Stage 8,0,0,0,6,0,0,0,0,6
2024,20240234,Valentin Madouas,9,Stage 9,0,0,0,6,0,0,0,0,6
2024,20240234,Valentin Madouas,10,Stage 10,0,0,0,6,0,0,0,0,6
2024,20240234,Valentin Madouas,11,Stage 11,0,0,0,2,0,0,0,0,2
2024,20240234,Valentin Madouas,12,Stage 12,0,0,0,2,8,0,20,0,30
2024,20240234,Valentin Madouas,13,Stage 13,4,0,0,2,0,0,0,0,6
2024,20240234,Valentin Madouas,14,Stage 14,0,0,0,0,0,0,0,0,0
2024,20240234,Valentin Madouas,15,Stage 15,0,0,0,0,0,0,0,0,0
2024,20240234,Valentin Madouas,16,Stage 16,0,0,0,0,0,0,0,0,0
2024,20240234,Valentin Madouas,17,Stage 17,20,0,0,0,0,0,0,0,20
2024,20240234,Valentin Madouas,18,Stage 18,0,0,0,0,6,0,0,0,6
2024,20240234,Valentin Madouas,19,Stage 19,0,0,0,0,0,0,0,0,0
2024,20240234,Valentin Madouas,20,Stage 20,0,0,0,0,0,0,0,0,0
2024,20240234,Valentin Madouas,21,Stage 21,0,0,0,0,0,0,0,0,0
2024,20240234,Valentin Madouas,22,Final Classifications,0,30,0,0,0,0,0,0,30
2024,20240408,Oscar Onley,1,Stage 1,0,0,0,0,0,0,0,32,32
2024,20240408,Oscar Onley,2,Stage 2,0,0,0,0,0,0,0,0,0
2024,20240408,Oscar Onley,3,Stage 3,0,0,0,0,0,0,0,0,0
2024,20240408,Oscar Onley,4,Stage 4,0,0,0,0,0,0,0,0,0
2024,20240408,Oscar Onley,5,Stage 5,0,0,0,0,0,0,0,0,0
2024,20240408,Oscar Onley,6,Stage 6,0,0,0,0,0,0,0,0,0
2024,20240408,Oscar Onley,7,Stage 7,0,0,0,0,0,0,0,0,0
2024,20240408,Oscar Onley,8,Stage 8,0,0,0,0,0,0,0,0,0
2024,20240408,Oscar Onley,9,Stage 9,0,0,0,0,0,0,0,0,0
2024,20240408,Oscar Onley,10,Stage 10,0,0,0,0,0,0,0,0,0
2024,20240408,Oscar Onley,11,Stage 11,0,0,0,0,0,0,20,0,20
2024,20240408,Oscar Onley,12,Stage 12,0,0,0,0,0,0,0,0,0
2024,20240408,Oscar Onley,13,Stage 13,0,0,0,0,0,0,0,0,0
2024,20240408,Oscar Onley,14,Stage 14,0,0,0,0,0,0,0,0,0
2024,20240408,Oscar Onley,15,Stage 15,0,0,0,0,0,0,20,0,20
2024,20240408,Oscar Onley,16,Stage 16,0,0,0,0,0,0,0,0,0
2024,20240408,Oscar Onley,17,Stage 17,120,0,0,0,0,2,0,0,122
2024,20240408,Oscar Onley,18,Stage 18,0,0,0,0,0,0,0,0,0
2024,20240408,Oscar Onley,19,Stage 19,0,0,0,0,0,10,0,0,10
2024,20240408,Oscar Onley,20,Stage 20,0,0,0,0,0,0,0,0,0
2024,20240408,Oscar Onley,21,Stage 21,0,0,0,0,0,0,0,0,0
2024,20240408,Oscar Onley,22,Final Classifications,0,0,0,0,0,0,0,0,0
2024,20240298,Louis Meintjes,1,Stage 1,0,0,0,0,0,0,0,0,0
2024,20240298,Louis Meintjes,2,Stage 2,0,0,0,0,0,0,0,0,0
2024,20240298,Louis Meintjes,3,Stage 3,0,0,0,0,0,0,0,8,8
2024,20240298,Louis Meintjes,4,Stage 4,0,0,0,0,0,0,0,0,0
2024,20240298,Louis Meintjes,5,Stage 5,0,0,0,0,0,0,0,0,0
2024,20240298,Louis Meintjes,6,Stage 6,0,0,0,0,0,0,0,4,4
2024,20240298,Louis Meintjes,7,Stage 7,0,0,0,0,0,0,0,0,0
2024,20240298,Louis Meintjes,8,Stage 8,0,0,0,0,0,0,0,8,8
2024,20240298,Louis Meintjes,9,Stage 9,0,0,0,0,0,0,0,0,0
2024,20240298,Louis Meintjes,10,Stage 10,0,0,0,0,0,0,0,4,4
2024,20240298,Louis Meintjes,11,Stage 11,0,0,0,0,0,0,0,0,0
2024,20240298,Louis Meintjes,12,Stage 12,0,0,0,0,0,0,0,8,8
2024,20240298,Louis Meintjes,13,Stage 13,0,0,0,0,0,0,0,0,0
2024,20240298,Louis Meintjes,14,Stage 14,25,0,0,0,0,10,20,0,55
2024,20240298,Louis Meintjes,15,Stage 15,0,0,0,0,16,0,0,0,16
2024,20240298,Louis Meintjes,16,Stage 16,0,0,0,0,0,0,0,0,0
2024,20240298,Louis Meintjes,17,Stage 17,35,0,0,0,0,0,0,0,35
2024,20240298,Louis Meintjes,18,Stage 18,0,1,0,0,0,0,0,0,1
2024,20240298,Louis Meintjes,19,Stage 19,0,2,0,0,0,0,0,0,2
2024,20240298,Louis Meintjes,20,Stage 20,0,2,0,0,0,0,0,0,2
2024,20240298,Louis Meintjes,21,Stage 21,0,1,0,0,0,0,0,0,1
2024,20240298,Louis Meintjes,22,Final Classifications,0,55,0,0,0,0,0,0,55
2024,20240822,Steff Cras,1,Stage 1,0,0,0,0,0,0,0,0,0
2024,20240822,Steff Cras,2,Stage 2,0,0,0,0,0,0,0,0,0
2024,20240822,Steff Cras,3,Stage 3,0,0,0,0,0,0,0,0,0
2024,20240822,Steff Cras,4,Stage 4,0,0,0,0,0,0,0,0,0
2024,20240822,Steff Cras,5,Stage 5,0,0,0,0,0,0,0,0,0
2024,20240822,Steff Cras,6,Stage 6,0,0,0,0,0,0,0,0,0
2024,20240822,Steff Cras,7,Stage 7,0,0,0,0,0,0,0,0,0
2024,20240822,Steff Cras,8,Stage 8,0,0,0,0,0,0,0,0,0
2024,20240822,Steff Cras,9,Stage 9,0,0,0,0,0,0,0,8,8
2024,20240822,Steff Cras,10,Stage 10,0,1,0,0,0,0,0,0,1
2024,20240822,Steff Cras,11,Stage 11,8,4,0,0,0,0,0,0,12
2024,20240822,Steff Cras,12,Stage 12,0,4,0,0,0,0,0,0,4
2024,20240822,Steff Cras,13,Stage 13,0,6,0,0,0,0,0,0,6
2024,20240822,Steff Cras,14,Stage 14,0,6,0,0,0,0,0,0,6
2024,20240822,Steff Cras,15,Stage 15,0,6,0,0,0,0,0,0,6
2024,20240822,Steff Cras,16,Stage 16,0,6,0,0,0,0,0,0,6
2024,20240822,Steff Cras,17,Stage 17,25,7,0,0,0,0,0,0,32
2024,20240822,Steff Cras,18,Stage 18,0,9,0,0,0,0,0,4,13
2024,20240822,Steff Cras,19,Stage 19,0,6,0,0,0,0,0,0,6
2024,20240822,Steff Cras,20,Stage 20,0,4,0,0,0,0,0,0,4
2024,20240822,Steff Cras,21,Stage 21,0,5,0,0,0,0,0,0,5
2024,20240822,Steff Cras,22,Final Classifications,0,90,0,0,0,0,0,0,90
2024,20240479,Jan Tratnik,1,Stage 1,0,0,0,0,0,0,0,8,8
2024,20240479,Jan Tratnik,2,Stage 2,0,0,0,0,0,0,0,2,2
2024,20240479,Jan Tratnik,3,Stage 3,0,0,0,0,0,0,0,0,0
2024,20240479,Jan Tratnik,4,Stage 4,0,0,0,0,0,0,0,2,2
2024,20240479,Jan Tratnik,5,Stage 5,0,0,0,0,0,0,0,2,2
2024,20240479,Jan Tratnik,6,Stage 6,0,0,0,0,0,0,0,2,2
2024,20240479,Jan Tratnik,7,Stage 7,0,0,0,0,0,0,0,0,0
2024,20240479,Jan Tratnik,8,Stage 8,0,0,0,0,0,0,0,2,2
2024,20240479,Jan Tratnik,9,Stage 9,0,0,0,0,0,0,0,2,2
2024,20240479,Jan Tratnik,10,Stage 10,0,0,0,0,0,0,0,2,2
2024,20240479,Jan Tratnik,11,Stage 11,0,0,0,0,0,0,0,10,10
2024,20240479,Jan Tratnik,12,Stage 12,0,0,0,0,0,0,0,6,6
2024,20240479,Jan Tratnik,13,Stage 13,0,0,0,0,0,0,0,6,6
2024,20240479,Jan Tratnik,14,Stage 14,0,0,0,0,0,0,0,10,10
2024,20240479,Jan Tratnik,15,Stage 15,0,0,0,0,0,0,0,12,12
2024,20240479,Jan Tratnik,16,Stage 16,0,0,0,0,0,0,0,8,8
2024,20240479,Jan Tratnik,17,Stage 17,0,0,0,0,0,0,0,8,8
2024,20240479,Jan Tratnik,18,Stage 18,0,0,0,0,0,0,0,8,8
2024,20240479,Jan Tratnik,19,Stage 19,0,0,0,0,0,0,0,12,12
2024,20240479,Jan Tratnik,20,Stage 20,0,0,0,0,5,10,20,12,47
2024,20240479,Jan Tratnik,21,Stage 21,0,0,0,0,0,0,0,0,0
2024,20240479,Jan Tratnik,22,Final Classifications,0,0,0,0,0,0,0,40,40
2024,20240060,Alexey Lutsenko,1,Stage 1,0,0,0,0,0,0,0,0,0
2024,20240060,Alexey Lutsenko,2,Stage 2,0,0,0,0,0,0,0,0,0
2024,20240060,Alexey Lutsenko,3,Stage 3,0,0,0,0,0,0,0,0,0
2024,20240060,Alexey Lutsenko,4,Stage 4,0,0,0,0,4,0,20,0,24
2024,20240060,Alexey Lutsenko,5,Stage 5,0,0,0,0,0,0,0,8,8
2024,20240060,Alexey Lutsenko,6,Stage 6,0,0,0,0,0,0,0,0,0
2024,20240060,Alexey Lutsenko,7,Stage 7,0,0,0,0,0,0,0,0,0
2024,20240060,Alexey Lutsenko,8,Stage 8,0,0,0,0,0,0,0,0,0
2024,20240060,Alexey Lutsenko,9,Stage 9,110,0,0,0,2,0,20,0,132
2024,20240060,Alexey Lutsenko,10,Stage 10,0,0,0,0,0,0,0,0,0
2024,20240060,Alexey Lutsenko,11,Stage 11,0,0,0,0,0,0,0,0,0
2024,20240060,Alexey Lutsenko,12,Stage 12,0,0,0,0,0,0,0,0,0
2024,20240060,Alexey Lutsenko,13,Stage 13,0,0,0,0,0,0,0,0,0
2024,20240060,Alexey Lutsenko,14,Stage 14,0,0,0,0,0,4,20,0,24
2024,20240060,Alexey Lutsenko,15,Stage 15,0,0,0,0,0,0,0,0,0
2024,20240060,Alexey Lutsenko,16,Stage 16,0,0,0,0,0,0,0,0,0
2024,20240060,Alexey Lutsenko,17,Stage 17,0,0,0,0,0,0,0,0,0
2024,20240060,Alexey Lutsenko,18,Stage 18,0,0,0,0,0,0,0,0,0
2024,20240060,Alexey Lutsenko,19,Stage 19,0,0,0,0,0,0,0,0,0
2024,20240060,Alexey Lutsenko,20,Stage 20,0,0,0,0,0,0,0,0,0
2024,20240060,Alexey Lutsenko,21,Stage 21,0,0,0,0,0,0,0,0,0
2024,20240060,Alexey Lutsenko,22,Final Classifications,0,0,0,0,0,0,0,0,0
2024,20240467,Tiesj Benoot,1,Stage 1,0,0,0,0,0,0,0,8,8
2024,20240467,Tiesj Benoot,2,Stage 2,0,0,0,0,0,0,0,2,2
2024,20240467,Tiesj Benoot,3,Stage 3,0,0,0,0,0,0,0,0,0
2024,20240467,Tiesj Benoot,4,Stage 4,0,0,0,0,0,0,0,2,2
2024,20240467,Tiesj Benoot,5,Stage 5,0,0,0,0,0,0,0,2,2
2024,20240467,Tiesj Benoot,6,Stage 6,0,0,0,0,0,0,0,2,2
2024,20240467,Tiesj Benoot,7,Stage 7,0,0,0,0,0,0,0,0,0
2024,20240467,Tiesj Benoot,8,Stage 8,0,0,0,0,0,0,0,2,2
2024,20240467,Tiesj Benoot,9,Stage 9,0,0,0,0,0,0,0,2,2
2024,20240467,Tiesj Benoot,10,Stage 10,0,0,0,0,0,0,0,2,2
2024,20240467,Tiesj Benoot,11,Stage 11,0,0,0,0,0,0,0,10,10
2024,20240467,Tiesj Benoot,12,Stage 12,0,0,0,0,0,0,0,6,6
2024,20240467,Tiesj Benoot,13,Stage 13,0,0,0,0,0,0,0,6,6
2024,20240467,Tiesj Benoot,14,Stage 14,0,0,0,0,0,0,0,10,10
2024,20240467,Tiesj Benoot,15,Stage 15,0,0,0,0,0,0,0,12,12
2024,20240467,Tiesj Benoot,16,Stage 16,0,0,0,0,0,0,0,8,8
2024,20240467,Tiesj Benoot,17,Stage 17,0,0,0,0,12,0,20,8,40
2024,20240467,Tiesj Benoot,18,Stage 18,0,0,0,0,0,0,0,8,8
2024,20240467,Tiesj Benoot,19,Stage 19,0,0,0,0,0,0,0,12,12
2024,20240467,Tiesj Benoot,20,Stage 20,0,0,0,0,0,0,0,12,12
2024,20240467,Tiesj Benoot,21,Stage 21,0,0,0,0,0,0,0,0,0
2024,20240467,Tiesj Benoot,22,Final Classifications,0,0,0,0,0,0,0,40,40
2024,20240290,Gerben Thijssen,1,Stage 1,0,0,0,0,0,0,0,0,0
2024,20240290,Gerben Thijssen,2,Stage 2,0,0,0,0,0,0,0,0,0
2024,20240290,Gerben Thijssen,3,Stage 3,20,0,0,0,0,0,0,8,28
2024,20240290,Gerben Thijssen,4,Stage 4,0,0,0,0,0,0,0,0,0
2024,20240290,Gerben Thijssen,5,Stage 5,80,0,0,0,0,0,0,0,80
2024,20240290,Gerben Thijssen,6,Stage 6,35,0,0,0,0,0,0,4,39
2024,20240290,Gerben Thijssen,7,Stage 7,0,0,0,0,0,0,0,0,0
2024,20240290,Gerben Thijssen,8,Stage 8,0,0,0,0,12,0,0,8,20
2024,20240290,Gerben Thijssen,9,Stage 9,0,0,0,0,0,0,0,0,0
2024,20240290,Gerben Thijssen,10,Stage 10,0,0,0,0,4,0,0,4,8
2024,20240290,Gerben Thijssen,11,Stage 11,0,0,0,0,0,0,0,0,0
2024,20240290,Gerben Thijssen,12,Stage 12,0,0,0,0,0,0,0,8,8
2024,20240290,Gerben Thijssen,13,Stage 13,0,0,0,0,0,0,0,0,0
2024,20240290,Gerben Thijssen,14,Stage 14,0,0,0,0,0,0,0,0,0
2024,20240290,Gerben Thijssen,15,Stage 15,0,0,0,0,0,0,0,0,0
2024,20240290,Gerben Thijssen,16,Stage 16,0,0,0,0,0,0,0,0,0
2024,20240290,Gerben Thijssen,17,Stage 17,0,0,0,0,0,0,0,0,0
2024,20240290,Gerben Thijssen,18,Stage 18,0,0,0,0,0,0,0,0,0
2024,20240290,Gerben Thijssen,19,Stage 19,0,0,0,0,0,0,0,0,0
2024,20240290,Gerben Thijssen,20,Stage 20,0,0,0,0,0,0,0,0,0
2024,20240290,Gerben Thijssen,21,Stage 21,0,0,0,0,0,0,0,0,0
2024,20240290,Gerben Thijssen,22,Final Classifications,0,0,0,0,0,0,0,0,0
2024,20240355,Nelson Oliveira,1,Stage 1,0,0,0,0,0,0,0,0,0
2024,20240355,Nelson Oliveira,2,Stage 2,110,0,0,0,8,0,20,8,146
2024,20240355,Nelson Oliveira,3,Stage 3,0,0,0,0,0,0,0,12,12
2024,20240355,Nelson Oliveira,4,Stage 4,0,0,0,0,0,0,0,0,0
2024,20240355,Nelson Oliveira,5,Stage 5,0,0,0,0,0,0,0,0,0
2024,20240355,Nelson Oliveira,6,Stage 6,0,0,0,0,0,0,0,2,2
2024,20240355,Nelson Oliveira,7,Stage 7,20,0,0,0,0,0,0,0,20
2024,20240355,Nelson Oliveira,8,Stage 8,0,0,0,0,0,0,0,0,0
2024,20240355,Nelson Oliveira,9,Stage 9,0,0,0,0,0,0,0,0,0
2024,20240355,Nelson Oliveira,10,Stage 10,0,0,0,0,0,0,0,0,0
2024,20240355,Nelson Oliveira,11,Stage 11,0,0,0,0,0,0,0,0,0
2024,20240355,Nelson Oliveira,12,Stage 12,0,0,0,0,0,0,0,0,0
2024,20240355,Nelson Oliveira,13,Stage 13,0,0,0,0,0,0,0,0,0
2024,20240355,Nelson Oliveira,14,Stage 14,0,0,0,0,0,0,0,0,0
2024,20240355,Nelson Oliveira,15,Stage 15,0,0,0,0,0,0,0,0,0
2024,20240355,Nelson Oliveira,16,Stage 16,0,0,0,0,0,0,0,0,0
2024,20240355,Nelson Oliveira,17,Stage 17,0,0,0,0,0,0,0,2,2
2024,20240355,Nelson Oliveira,18,Stage 18,0,0,0,0,0,0,0,0,0
2024,20240355,Nelson Oliveira,19,Stage 19,0,0,0,0,0,0,0,0,0
2024,20240355,Nelson Oliveira,20,Stage 20,0,0,0,0,0,0,0,0,0
2024,20240355,Nelson Oliveira,21,Stage 21,0,0,0,0,0,0,0,0,0
2024,20240355,Nelson Oliveira,22,Final Classifications,0,0,0,0,0,0,0,0,0
2024,20240437,Michael Matthews,1,Stage 1,0,0,0,0,0,0,0,0,0
2024,20240437,Michael Matthews,2,Stage 2,0,0,0,0,0,0,0,0,0
2024,20240437,Michael Matthews,3,Stage 3,0,0,0,0,0,0,0,0,0
2024,20240437,Michael Matthews,4,Stage 4,0,0,0,0,0,0,0,0,0
2024,20240437,Michael Matthews,5,Stage 5,0,0,0,0,0,0,0,0,0
2024,20240437,Michael Matthews,6,Stage 6,0,0,0,0,0,0,0,8,8
2024,20240437,Michael Matthews,7,Stage 7,0,0,0,0,0,0,0,0,0
2024,20240437,Michael Matthews,8,Stage 8,0,0,0,0,0,0,0,0,0
2024,20240437,Michael Matthews,9,Stage 9,60,0,0,0,0,0,0,0,60
2024,20240437,Michael Matthews,10,Stage 10,0,0,0,0,0,0,0,0,0
2024,20240437,Michael Matthews,11,Stage 11,0,0,0,0,0,0,0,0,0
2024,20240437,Michael Matthews,12,Stage 12,0,0,0,0,0,0,0,0,0
2024,20240437,Michael Matthews,13,Stage 13,0,0,0,0,0,0,0,0,0
2024,20240437,Michael Matthews,14,Stage 14,0,0,0,0,0,0,0,0,0
2024,20240437,Michael Matthews,15,Stage 15,0,0,0,0,20,0,0,0,20
2024,20240437,Michael Matthews,16,Stage 16,0,0,0,0,0,0,0,0,0
2024,20240437,Michael Matthews,17,Stage 17,0,0,0,0,0,0,0,4,4
2024,20240437,Michael Matthews,18,Stage 18,60,0,0,0,20,0,0,0,80
2024,20240437,Michael Matthews,19,Stage 19,0,0,0,0,0,0,0,2,2
2024,20240437,Michael Matthews,20,Stage 20,0,0,0,0,0,0,0,0,0
2024,20240437,Michael Matthews,21,Stage 21,0,0,0,0,0,0,0,0,0
2024,20240437,Michael Matthews,22,Final Classifications,0,0,0,0,0,0,0,0,0
2024,20240464,Christophe Laporte,1,Stage 1,0,0,0,0,0,0,0,8,8
2024,20240464,Christophe Laporte,2,Stage 2,0,0,0,0,0,0,0,2,2
2024,20240464,Christophe Laporte,3,Stage 3,0,0,0,0,0,0,0,0,0
2024,20240464,Christophe Laporte,4,Stage 4,0,0,0,0,0,0,0,2,2
2024,20240464,Christophe Laporte,5,Stage 5,0,0,0,0,0,0,0,2,2
2024,20240464,Christophe Laporte,6,Stage 6,0,0,0,0,0,0,0,2,2
2024,20240464,Christophe Laporte,7,Stage 7,0,0,0,0,0,0,0,0,0
2024,20240464,Christophe Laporte,8,Stage 8,0,0,0,0,0,0,0,2,2
2024,20240464,Christophe Laporte,9,Stage 9,0,0,0,0,0,0,0,2,2
2024,20240464,Christophe Laporte,10,Stage 10,0,0,0,0,0,0,0,2,2
2024,20240464,Christophe Laporte,11,Stage 11,0,0,0,0,0,0,0,10,10
2024,20240464,Christophe Laporte,12,Stage 12,0,0,0,0,0,0,0,6,6
2024,20240464,Christophe Laporte,13,Stage 13,20,0,0,0,0,0,0,6,26
2024,20240464,Christophe Laporte,14,Stage 14,0,0,0,0,0,0,0,10,10
2024,20240464,Christophe Laporte,15,Stage 15,0,0,0,0,0,0,0,12,12
2024,20240464,Christophe Laporte,16,Stage 16,0,0,0,0,0,0,0,8,8
2024,20240464,Christophe Laporte,17,Stage 17,0,0,0,0,0,0,0,8,8
2024,20240464,Christophe Laporte,18,Stage 18,0,0,0,0,0,0,0,8,8
2024,20240464,Christophe Laporte,19,Stage 19,0,0,0,0,0,0,0,12,12
2024,20240464,Christophe Laporte,20,Stage 20,0,0,0,0,0,0,0,12,12
2024,20240464,Christophe Laporte,21,Stage 21,0,0,0,0,0,0,0,0,0
2024,20240464,Christophe Laporte,22,Final Classifications,0,0,0,0,0,0,0,40,40
2024,20240825,Jordan Jegat,1,Stage 1,0,0,0,0,0,0,0,0,0
2024,20240825,Jordan Jegat,2,Stage 2,50,0,0,0,1,0,20,0,71
2024,20240825,Jordan Jegat,3,Stage 3,0,0,0,0,0,0,0,0,0
2024,20240825,Jordan Jegat,4,Stage 4,0,0,0,0,0,0,0,0,0
2024,20240825,Jordan Jegat,5,Stage 5,0,0,0,0,0,0,0,0,0
2024,20240825,Jordan Jegat,6,Stage 6,0,0,0,0,0,0,0,0,0
2024,20240825,Jordan Jegat,7,Stage 7,0,0,0,0,0,0,0,0,0
2024,20240825,Jordan Jegat,8,Stage 8,0,0,0,0,0,0,0,0,0
2024,20240825,Jordan Jegat,9,Stage 9,0,0,0,0,0,0,0,8,8
2024,20240825,Jordan Jegat,10,Stage 10,0,0,0,0,0,0,0,0,0
2024,20240825,Jordan Jegat,11,Stage 11,0,0,0,0,0,0,0,0,0
2024,20240825,Jordan Jegat,12,Stage 12,0,0,0,0,0,0,0,0,0
2024,20240825,Jordan Jegat,13,Stage 13,0,0,0,0,0,0,0,0,0
2024,20240825,Jordan Jegat,14,Stage 14,0,0,0,0,0,0,0,0,0
2024,20240825,Jordan Jegat,15,Stage 15,0,0,0,0,0,0,0,0,0
2024,20240825,Jordan Jegat,16,Stage 16,0,0,0,0,0,0,0,0,0
2024,20240825,Jordan Jegat,17,Stage 17,70,0,0,0,0,0,0,0,70
2024,20240825,Jordan Jegat,18,Stage 18,4,0,0,0,0,0,0,4,8
2024,20240825,Jordan Jegat,19,Stage 19,0,0,0,0,0,0,0,0,0
2024,20240825,Jordan Jegat,20,Stage 20,0,0,0,0,0,0,0,0,0
2024,20240825,Jordan Jegat,21,Stage 21,0,0,0,0,0,0,0,0,0
2024,20240825,Jordan Jegat,22,Final Classifications,0,15,0,0,0,0,0,0,15
2024,20240338,Julien Bernard,1,Stage 1,0,0,0,0,0,0,0,0,0
2024,20240338,Julien Bernard,2,Stage 2,0,0,0,0,0,0,0,0,0
2024,20240338,Julien Bernard,3,Stage 3,0,0,0,0,0,0,0,0,0
2024,20240338,Julien Bernard,4,Stage 4,0,0,0,0,0,0,20,0,20
2024,20240338,Julien Bernard,5,Stage 5,0,0,0,0,0,0,0,0,0
2024,20240338,Julien Bernard,6,Stage 6,0,0,0,0,0,0,0,0,0
2024,20240338,Julien Bernard,7,Stage 7,0,0,0,0,0,0,0,0,0
2024,20240338,Julien Bernard,8,Stage 8,0,0,0,0,0,0,0,0,0
2024,20240338,Julien Bernard,9,Stage 9,0,0,0,0,0,0,0,0,0
2024,20240338,Julien Bernard,10,Stage 10,0,0,0,0,0,0,0,0,0
2024,20240338,Julien Bernard,11,Stage 11,0,0,0,0,0,0,20,0,20
2024,20240338,Julien Bernard,12,Stage 12,0,0,0,0,0,0,0,0,0
2024,20240338,Julien Bernard,13,Stage 13,0,0,0,0,16,0,20,0,36
2024,20240338,Julien Bernard,14,Stage 14,0,0,0,0,0,0,0,0,0
2024,20240338,Julien Bernard,15,Stage 15,0,0,0,0,0,0,0,0,0
2024,20240338,Julien Bernard,16,Stage 16,0,0,0,0,0,0,0,0,0
2024,20240338,Julien Bernard,17,Stage 17,12,0,0,0,0,0,0,0,12
2024,20240338,Julien Bernard,18,Stage 18,25,0,0,0,0,0,0,0,25
2024,20240338,Julien Bernard,19,Stage 19,0,0,0,0,0,0,0,0,0
2024,20240338,Julien Bernard,20,Stage 20,0,0,0,0,0,0,0,0,0
2024,20240338,Julien Bernard,21,Stage 21,0,0,0,0,0,0,0,0,0
2024,20240338,Julien Bernard,22,Final Classifications,0,45,0,0,0,0,0,0,55
2024,20240237,Romain Grégoire,1,Stage 1,0,0,0,0,0,0,0,0,0
2024,20240237,Romain Grégoire,2,Stage 2,20,0,0,0,0,0,0,2,22
2024,20240237,Romain Grégoire,3,Stage 3,0,0,0,0,0,0,0,0,0
2024,20240237,Romain Grégoire,4,Stage 4,0,0,0,0,0,0,20,0,20
2024,20240237,Romain Grégoire,5,Stage 5,0,0,0,0,0,0,0,0,0
2024,20240237,Romain Grégoire,6,Stage 6,0,0,0,0,0,0,0,0,0
2024,20240237,Romain Grégoire,7,Stage 7,4,0,0,0,0,0,0,0,4
2024,20240237,Romain Grégoire,8,Stage 8,0,0,0,0,0,0,0,0,0
2024,20240237,Romain Grégoire,9,Stage 9,0,0,0,0,0,0,0,0,0
2024,20240237,Romain Grégoire,10,Stage 10,0,0,0,0,0,0,0,0,0
2024,20240237,Romain Grégoire,11,Stage 11,0,0,0,0,0,0,20,0,20
2024,20240237,Romain Grégoire,12,Stage 12,0,0,0,0,0,0,0,0,0
2024,20240237,Romain Grégoire,13,Stage 13,0,0,0,0,20,0,20,0,40
2024,20240237,Romain Grégoire,14,Stage 14,0,0,0,0,0,0,0,0,0
2024,20240237,Romain Grégoire,15,Stage 15,0,0,0,0,0,0,0,0,0
2024,20240237,Romain Grégoire,16,Stage 16,0,0,0,0,0,0,0,0,0
2024,20240237,Romain Grégoire,17,Stage 17,0,0,0,0,16,0,20,0,36
2024,20240237,Romain Grégoire,18,Stage 18,0,0,0,0,0,0,0,0,0
2024,20240237,Romain Grégoire,19,Stage 19,0,0,0,0,0,0,0,0,0
2024,20240237,Romain Grégoire,20,Stage 20,0,0,0,0,0,0,0,0,0
2024,20240237,Romain Grégoire,21,Stage 21,25,0,0,0,0,0,0,0,25
2024,20240237,Romain Grégoire,22,Final Classifications,0,0,0,0,0,0,0,0,0
2024,20240409,John Degenkolb,1,Stage 1,0,0,0,0,0,0,0,32,32
2024,20240409,John Degenkolb,2,Stage 2,0,0,0,0,0,0,0,0,0
2024,20240409,John Degenkolb,3,Stage 3,0,0,0,0,0,0,0,0,0
2024,20240409,John Degenkolb,4,Stage 4,0,0,0,0,0,0,0,0,0
2024,20240409,John Degenkolb,5,Stage 5,0,0,0,0,0,0,0,0,0
2024,20240409,John Degenkolb,6,Stage 6,0,0,0,0,0,0,0,0,0
2024,20240409,John Degenkolb,7,Stage 7,0,0,0,0,0,0,0,0,0
2024,20240409,John Degenkolb,8,Stage 8,0,0,0,0,0,0,0,0,0
2024,20240409,John Degenkolb,9,Stage 9,0,0,0,0,0,0,0,0,0
2024,20240409,John Degenkolb,10,Stage 10,95,0,0,0,0,0,0,0,95
2024,20240409,John Degenkolb,11,Stage 11,0,0,0,0,0,0,0,0,0
2024,20240409,John Degenkolb,12,Stage 12,0,0,0,0,0,0,0,0,0
2024,20240409,John Degenkolb,13,Stage 13,35,0,0,0,0,0,0,0,35
2024,20240409,John Degenkolb,14,Stage 14,0,0,0,0,0,0,0,0,0
2024,20240409,John Degenkolb,15,Stage 15,0,0,0,0,0,0,0,0,0
2024,20240409,John Degenkolb,16,Stage 16,4,0,0,0,0,0,0,0,4
2024,20240409,John Degenkolb,17,Stage 17,0,0,0,0,0,0,0,0,0
2024,20240409,John Degenkolb,18,Stage 18,0,0,0,0,0,0,0,0,0
2024,20240409,John Degenkolb,19,Stage 19,0,0,0,0,0,0,0,0,0
2024,20240409,John Degenkolb,20,Stage 20,0,0,0,0,0,0,0,0,0
2024,20240409,John Degenkolb,21,Stage 21,0,0,0,0,0,0,0,0,0
2024,20240409,John Degenkolb,22,Final Classifications,0,0,0,0,0,0,0,0,0
2024,20240009,Axel Laurance,1,Stage 1,0,0,0,0,0,0,0,0,0
2024,20240009,Axel Laurance,2,Stage 2,95,0,0,0,2,0,20,0,117
2024,20240009,Axel Laurance,3,Stage 3,0,0,0,0,0,0,0,0,0
2024,20240009,Axel Laurance,4,Stage 4,0,0,0,0,0,0,0,0,0
2024,20240009,Axel Laurance,5,Stage 5,0,0,0,0,0,0,0,4,4
2024,20240009,Axel Laurance,6,Stage 6,0,0,0,0,0,0,0,0,0
2024,20240009,Axel Laurance,7,Stage 7,0,0,0,0,0,0,0,0,0
2024,20240009,Axel Laurance,8,Stage 8,12,0,0,0,0,0,0,4,16
2024,20240009,Axel Laurance,9,Stage 9,0,0,0,0,0,0,0,0,0
2024,20240009,Axel Laurance,10,Stage 10,0,0,0,0,0,0,0,8,8
2024,20240009,Axel Laurance,11,Stage 11,0,0,0,0,0,0,0,0,0
2024,20240009,Axel Laurance,12,Stage 12,0,0,0,0,0,0,0,0,0
2024,20240009,Axel Laurance,13,Stage 13,0,0,0,0,2,0,0,8,10
2024,20240009,Axel Laurance,14,Stage 14,0,0,0,0,0,0,0,0,0
2024,20240009,Axel Laurance,15,Stage 15,0,0,0,0,0,0,0,0,0
2024,20240009,Axel Laurance,16,Stage 16,0,0,0,0,0,0,0,8,8
2024,20240009,Axel Laurance,17,Stage 17,0,0,0,0,0,0,0,0,0
2024,20240009,Axel Laurance,18,Stage 18,0,0,0,0,0,0,0,0,0
2024,20240009,Axel Laurance,19,Stage 19,0,0,0,0,0,0,0,0,0
2024,20240009,Axel Laurance,20,Stage 20,0,0,0,0,0,0,0,0,0
2024,20240009,Axel Laurance,21,Stage 21,0,0,0,0,0,0,0,0,0
2024,20240009,Axel Laurance,22,Final Classifications,0,0,0,0,0,0,0,0,0
2024,20240117,Aleksandr Vlasov,1,Stage 1,12,3,0,0,0,0,0,0,15
2024,20240117,Aleksandr Vlasov,2,Stage 2,0,9,0,0,0,0,0,0,9
2024,20240117,Aleksandr Vlasov,3,Stage 3,0,11,0,0,0,0,0,0,11
2024,20240117,Aleksandr Vlasov,4,Stage 4,20,7,0,0,0,0,0,0,27
2024,20240117,Aleksandr Vlasov,5,Stage 5,0,7,0,0,0,0,0,0,7
2024,20240117,Aleksandr Vlasov,6,Stage 6,0,7,0,0,0,0,0,0,7
2024,20240117,Aleksandr Vlasov,7,Stage 7,50,11,0,0,0,0,0,0,61
2024,20240117,Aleksandr Vlasov,8,Stage 8,0,11,0,0,0,0,0,2,13
2024,20240117,Aleksandr Vlasov,9,Stage 9,0,10,0,0,0,0,0,0,10
2024,20240117,Aleksandr Vlasov,10,Stage 10,0,0,0,0,0,0,0,0,0
2024,20240117,Aleksandr Vlasov,11,Stage 11,0,0,0,0,0,0,0,0,0
2024,20240117,Aleksandr Vlasov,12,Stage 12,0,0,0,0,0,0,0,0,0
2024,20240117,Aleksandr Vlasov,13,Stage 13,0,0,0,0,0,0,0,0,0
2024,20240117,Aleksandr Vlasov,14,Stage 14,0,0,0,0,0,0,0,0,0
2024,20240117,Aleksandr Vlasov,15,Stage 15,0,0,0,0,0,0,0,0,0
2024,20240117,Aleksandr Vlasov,16,Stage 16,0,0,0,0,0,0,0,0,0
2024,20240117,Aleksandr Vlasov,17,Stage 17,0,0,0,0,0,0,0,0,0
2024,20240117,Aleksandr Vlasov,18,Stage 18,0,0,0,0,0,0,0,0,0
2024,20240117,Aleksandr Vlasov,19,Stage 19,0,0,0,0,0,0,0,0,0
2024,20240117,Aleksandr Vlasov,20,Stage 20,0,0,0,0,0,0,0,0,0
2024,20240117,Aleksandr Vlasov,21,Stage 21,0,0,0,0,0,0,0,0,0
2024,20240117,Aleksandr Vlasov,22,Final Classifications,0,0,0,0,0,0,0,0,0
2024,20240089,Pello Bilbao,1,Stage 1,70,12,0,0,0,0,0,0,82
2024,20240089,Pello Bilbao,2,Stage 2,0,13,0,0,0,0,0,0,13
2024,20240089,Pello Bilbao,3,Stage 3,0,15,0,0,0,0,0,0,15
2024,20240089,Pello Bilbao,4,Stage 4,0,5,0,0,0,0,0,0,5
2024,20240089,Pello Bilbao,5,Stage 5,0,5,0,0,0,0,0,0,5
2024,20240089,Pello Bilbao,6,Stage 6,0,4,0,0,0,0,0,0,4
2024,20240089,Pello Bilbao,7,Stage 7,12,5,0,0,0,0,0,0,17
2024,20240089,Pello Bilbao,8,Stage 8,0,5,0,0,0,0,0,0,5
2024,20240089,Pello Bilbao,9,Stage 9,0,5,0,0,0,0,0,0,5
2024,20240089,Pello Bilbao,10,Stage 10,0,6,0,0,0,0,0,0,6
2024,20240089,Pello Bilbao,11,Stage 11,0,0,0,0,0,0,0,0,0
2024,20240089,Pello Bilbao,12,Stage 12,0,0,0,0,0,0,0,0,0
2024,20240089,Pello Bilbao,13,Stage 13,0,0,0,0,0,0,0,0,0
2024,20240089,Pello Bilbao,14,Stage 14,0,0,0,0,0,0,0,0,0
2024,20240089,Pello Bilbao,15,Stage 15,0,0,0,0,0,0,0,0,0
2024,20240089,Pello Bilbao,16,Stage 16,0,0,0,0,0,0,0,0,0
2024,20240089,Pello Bilbao,17,Stage 17,0,0,0,0,0,0,0,0,0
2024,20240089,Pello Bilbao,18,Stage 18,0,0,0,0,0,0,0,0,0
2024,20240089,Pello Bilbao,19,Stage 19,0,0,0,0,0,0,0,0,0
2024,20240089,Pello Bilbao,20,Stage 20,0,0,0,0,0,0,0,0,0
2024,20240089,Pello Bilbao,21,Stage 21,0,0,0,0,0,0,0,0,0
2024,20240089,Pello Bilbao,22,Final Classifications,0,0,0,0,0,0,0,0,0
2024,20240184,Bruno Armirail,1,Stage 1,0,0,0,0,0,0,0,0,0
2024,20240184,Bruno Armirail,2,Stage 2,0,0,0,0,0,0,0,0,0
2024,20240184,Bruno Armirail,3,Stage 3,0,0,0,0,0,0,0,0,0
2024,20240184,Bruno Armirail,4,Stage 4,0,0,0,0,0,0,20,0,20
2024,20240184,Bruno Armirail,5,Stage 5,0,0,0,0,0,0,0,0,0
2024,20240184,Bruno Armirail,6,Stage 6,0,0,0,0,0,0,0,0,0
2024,20240184,Bruno Armirail,7,Stage 7,0,0,0,0,0,0,0,0,0
2024,20240184,Bruno Armirail,8,Stage 8,0,0,0,0,0,0,0,0,0
2024,20240184,Bruno Armirail,9,Stage 9,0,0,0,0,0,0,0,0,0
2024,20240184,Bruno Armirail,10,Stage 10,0,0,0,0,0,0,0,0,0
2024,20240184,Bruno Armirail,11,Stage 11,0,0,0,0,0,0,20,0,20
2024,20240184,Bruno Armirail,12,Stage 12,0,0,0,0,0,0,0,0,0
2024,20240184,Bruno Armirail,13,Stage 13,0,0,0,0,0,0,0,0,0
2024,20240184,Bruno Armirail,14,Stage 14,0,0,0,0,0,20,20,0,40
2024,20240184,Bruno Armirail,15,Stage 15,0,0,0,0,0,0,0,0,0
2024,20240184,Bruno Armirail,16,Stage 16,0,0,0,0,0,0,0,0,0
2024,20240184,Bruno Armirail,17,Stage 17,30,0,0,0,0,0,0,0,30
2024,20240184,Bruno Armirail,18,Stage 18,0,0,0,0,4,0,0,0,4
2024,20240184,Bruno Armirail,19,Stage 19,0,0,0,0,0,0,0,0,0
2024,20240184,Bruno Armirail,20,Stage 20,12,0,0,0,3,6,20,0,41
2024,20240184,Bruno Armirail,21,Stage 21,0,0,0,0,0,0,0,0,0
2024,20240184,Bruno Armirail,22,Final Classifications,0,0,0,0,0,0,0,0,0
2024,20240100,Nikias Arndt,1,Stage 1,0,0,0,0,0,0,0,0,0
2024,20240100,Nikias Arndt,2,Stage 2,0,0,0,0,0,0,0,0,0
2024,20240100,Nikias Arndt,3,Stage 3,0,0,0,0,0,0,0,0,0
2024,20240100,Nikias Arndt,4,Stage 4,0,0,0,0,0,0,0,0,0
2024,20240100,Nikias Arndt,5,Stage 5,0,0,0,0,0,0,0,0,0
2024,20240100,Nikias Arndt,6,Stage 6,0,0,0,0,0,0,0,0,0
2024,20240100,Nikias Arndt,7,Stage 7,0,0,0,0,0,0,0,0,0
2024,20240100,Nikias Arndt,8,Stage 8,30,0,0,0,0,0,0,0,30
2024,20240100,Nikias Arndt,9,Stage 9,0,0,0,0,0,0,0,0,0
2024,20240100,Nikias Arndt,10,Stage 10,0,0,0,0,0,0,0,0,0
2024,20240100,Nikias Arndt,11,Stage 11,0,0,0,0,0,0,0,0,0
2024,20240100,Nikias Arndt,12,Stage 12,0,0,0,0,0,0,0,0,0
2024,20240100,Nikias Arndt,13,Stage 13,120,0,0,0,0,0,0,0,120
2024,20240100,Nikias Arndt,14,Stage 14,0,0,0,0,0,0,0,0,0
2024,20240100,Nikias Arndt,15,Stage 15,0,0,0,0,0,0,0,0,0
2024,20240100,Nikias Arndt,16,Stage 16,0,0,0,0,0,0,0,4,4
2024,20240100,Nikias Arndt,17,Stage 17,0,0,0,0,0,0,0,0,0
2024,20240100,Nikias Arndt,18,Stage 18,0,0,0,0,0,0,0,0,0
2024,20240100,Nikias Arndt,19,Stage 19,0,0,0,0,0,0,0,0,0
2024,20240100,Nikias Arndt,20,Stage 20,0,0,0,0,0,0,0,0,0
2024,20240100,Nikias Arndt,21,Stage 21,0,0,0,0,0,0,0,0,0
2024,20240100,Nikias Arndt,22,Final Classifications,0,0,0,0,0,0,0,0,0
2024,20240870,Søren Wærenskjold,1,Stage 1,0,0,0,0,0,0,0,0,0
2024,20240870,Søren Wærenskjold,2,Stage 2,0,0,0,0,0,0,0,4,4
2024,20240870,Søren Wærenskjold,3,Stage 3,0,0,0,0,0,0,0,0,0
2024,20240870,Søren Wærenskjold,4,Stage 4,0,0,0,0,0,0,0,0,0
2024,20240870,Søren Wærenskjold,5,Stage 5,0,0,0,0,0,0,0,2,2
2024,20240870,Søren Wærenskjold,6,Stage 6,0,0,0,0,0,0,0,0,0
2024,20240870,Søren Wærenskjold,7,Stage 7,0,0,0,0,0,0,0,0,0
2024,20240870,Søren Wærenskjold,8,Stage 8,0,0,0,0,0,0,0,0,0
2024,20240870,Søren Wærenskjold,9,Stage 9,0,0,0,0,0,0,0,0,0
2024,20240870,Søren Wærenskjold,10,Stage 10,0,0,0,0,0,0,0,0,0
2024,20240870,Søren Wærenskjold,11,Stage 11,0,0,0,0,0,0,0,0,0
2024,20240870,Søren Wærenskjold,12,Stage 12,0,0,0,0,0,0,0,0,0
2024,20240870,Søren Wærenskjold,13,Stage 13,60,0,0,0,0,0,0,0,60
2024,20240870,Søren Wærenskjold,14,Stage 14,0,0,0,0,0,0,0,0,0
2024,20240870,Søren Wærenskjold,15,Stage 15,0,0,0,0,0,0,0,0,0
2024,20240870,Søren Wærenskjold,16,Stage 16,80,0,0,0,0,0,0,2,82
2024,20240870,Søren Wærenskjold,17,Stage 17,0,0,0,0,0,0,0,0,0
2024,20240870,Søren Wærenskjold,18,Stage 18,0,0,0,0,0,0,0,0,0
2024,20240870,Søren Wærenskjold,19,Stage 19,0,0,0,0,0,0,0,0,0
2024,20240870,Søren Wærenskjold,20,Stage 20,0,0,0,0,0,0,0,0,0
2024,20240870,Søren Wærenskjold,21,Stage 21,0,0,0,0,0,0,0,0,0
2024,20240870,Søren Wærenskjold,22,Final Classifications,0,0,0,0,0,0,0,0,0
2024,20240397,Jan Hirt,1,Stage 1,0,0,0,0,0,0,0,0,0
2024,20240397,Jan Hirt,2,Stage 2,0,0,0,0,0,0,0,4,4
2024,20240397,Jan Hirt,3,Stage 3,0,0,0,0,0,0,0,2,2
2024,20240397,Jan Hirt,4,Stage 4,0,0,0,0,0,0,0,10,10
2024,20240397,Jan Hirt,5,Stage 5,0,0,0,0,0,0,0,6,6
2024,20240397,Jan Hirt,6,Stage 6,0,0,0,0,0,0,0,6,6
2024,20240397,Jan Hirt,7,Stage 7,0,0,0,0,0,0,0,0,0
2024,20240397,Jan Hirt,8,Stage 8,0,0,0,0,0,0,0,8,8
2024,20240397,Jan Hirt,9,Stage 9,0,0,0,0,0,0,0,8,8
2024,20240397,Jan Hirt,10,Stage 10,0,0,0,0,0,0,0,8,8
2024,20240397,Jan Hirt,11,Stage 11,0,0,0,0,0,0,0,10,10
2024,20240397,Jan Hirt,12,Stage 12,0,0,0,0,0,0,0,8,8
2024,20240397,Jan Hirt,13,Stage 13,0,0,0,0,0,0,0,8,8
2024,20240397,Jan Hirt,14,Stage 14,0,0,0,0,0,0,0,8,8
2024,20240397,Jan Hirt,15,Stage 15,0,0,0,0,0,0,0,6,6
2024,20240397,Jan Hirt,16,Stage 16,0,0,0,0,0,0,0,4,4
2024,20240397,Jan Hirt,17,Stage 17,0,0,0,0,0,0,0,4,4
2024,20240397,Jan Hirt,18,Stage 18,0,0,0,0,0,0,0,2,2
2024,20240397,Jan Hirt,19,Stage 19,0,0,0,0,0,0,0,4,4
2024,20240397,Jan Hirt,20,Stage 20,0,0,0,0,0,0,0,2,2
2024,20240397,Jan Hirt,21,Stage 21,0,0,0,0,0,0,0,0,0
2024,20240397,Jan Hirt,22,Final Classifications,0,0,0,0,0,0,0,30,30
2024,20240380,Yves Lampaert,1,Stage 1,0,0,0,0,0,0,0,0,0
2024,20240380,Yves Lampaert,2,Stage 2,0,0,0,0,0,0,0,4,4
2024,20240380,Yves Lampaert,3,Stage 3,0,0,0,0,0,0,0,2,2
2024,20240380,Yves Lampaert,4,Stage 4,0,0,0,0,0,0,0,10,10
2024,20240380,Yves Lampaert,5,Stage 5,0,0,0,0,0,0,0,6,6
2024,20240380,Yves Lampaert,6,Stage 6,0,0,0,0,0,0,0,6,6
2024,20240380,Yves Lampaert,7,Stage 7,0,0,0,0,0,0,0,0,0
2024,20240380,Yves Lampaert,8,Stage 8,0,0,0,0,0,0,0,8,8
2024,20240380,Yves Lampaert,9,Stage 9,0,0,0,0,0,0,0,8,8
2024,20240380,Yves Lampaert,10,Stage 10,0,0,0,0,0,0,0,8,8
2024,20240380,Yves Lampaert,11,Stage 11,0,0,0,0,0,0,0,10,10
2024,20240380,Yves Lampaert,12,Stage 12,0,0,0,0,0,0,0,8,8
2024,20240380,Yves Lampaert,13,Stage 13,0,0,0,0,0,0,0,8,8
2024,20240380,Yves Lampaert,14,Stage 14,0,0,0,0,0,0,0,8,8
2024,20240380,Yves Lampaert,15,Stage 15,0,0,0,0,0,0,0,6,6
2024,20240380,Yves Lampaert,16,Stage 16,0,0,0,0,0,0,0,4,4
2024,20240380,Yves Lampaert,17,Stage 17,0,0,0,0,0,0,0,4,4
2024,20240380,Yves Lampaert,18,Stage 18,0,0,0,0,0,0,0,2,2
2024,20240380,Yves Lampaert,19,Stage 19,0,0,0,0,0,0,0,4,4
2024,20240380,Yves Lampaert,20,Stage 20,0,0,0,0,0,0,0,2,2
2024,20240380,Yves Lampaert,21,Stage 21,0,0,0,0,0,0,0,0,0
2024,20240380,Yves Lampaert,22,Final Classifications,0,0,0,0,0,0,0,30,30
2024,20240395,Gianni Moscon,1,Stage 1,0,0,0,0,0,0,0,0,0
2024,20240395,Gianni Moscon,2,Stage 2,0,0,0,0,0,0,0,4,4
2024,20240395,Gianni Moscon,3,Stage 3,0,0,0,0,0,0,0,2,2
2024,20240395,Gianni Moscon,4,Stage 4,0,0,0,0,0,0,0,10,10
2024,20240395,Gianni Moscon,5,Stage 5,0,0,0,0,0,0,0,6,6
2024,20240395,Gianni Moscon,6,Stage 6,0,0,0,0,0,0,0,6,6
2024,20240395,Gianni Moscon,7,Stage 7,0,0,0,0,0,0,0,0,0
2024,20240395,Gianni Moscon,8,Stage 8,0,0,0,0,0,0,0,8,8
2024,20240395,Gianni Moscon,9,Stage 9,0,0,0,0,0,0,0,8,8
2024,20240395,Gianni Moscon,10,Stage 10,0,0,0,0,0,0,0,8,8
2024,20240395,Gianni Moscon,11,Stage 11,0,0,0,0,0,0,0,10,10
2024,20240395,Gianni Moscon,12,Stage 12,0,0,0,0,0,0,0,8,8
2024,20240395,Gianni Moscon,13,Stage 13,0,0,0,0,0,0,0,8,8
2024,20240395,Gianni Moscon,14,Stage 14,0,0,0,0,0,0,0,8,8
2024,20240395,Gianni Moscon,15,Stage 15,0,0,0,0,0,0,0,6,6
2024,20240395,Gianni Moscon,16,Stage 16,0,0,0,0,0,0,0,4,4
2024,20240395,Gianni Moscon,17,Stage 17,0,0,0,0,0,0,0,4,4
2024,20240395,Gianni Moscon,18,Stage 18,0,0,0,0,0,0,0,2,2
2024,20240395,Gianni Moscon,19,Stage 19,0,0,0,0,0,0,0,4,4
2024,20240395,Gianni Moscon,20,Stage 20,0,0,0,0,0,0,0,2,2
2024,20240395,Gianni Moscon,21,Stage 21,0,0,0,0,0,0,0,0,0
2024,20240395,Gianni Moscon,22,Final Classifications,0,0,0,0,0,0,0,30,30
2024,20240146,Axel Zingle,1,Stage 1,0,0,0,0,0,0,0,0,0
2024,20240146,Axel Zingle,2,Stage 2,0,0,0,0,0,0,0,0,0
2024,20240146,Axel Zingle,3,Stage 3,0,0,0,0,0,0,0,0,0
2024,20240146,Axel Zingle,4,Stage 4,0,0,0,0,0,0,0,0,0
2024,20240146,Axel Zingle,5,Stage 5,4,0,0,0,0,0,0,0,4
2024,20240146,Axel Zingle,6,Stage 6,0,0,0,0,0,0,0,0,0
2024,20240146,Axel Zingle,7,Stage 7,0,0,0,0,0,0,0,0,0
2024,20240146,Axel Zingle,8,Stage 8,0,0,0,0,0,0,0,0,0
2024,20240146,Axel Zingle,9,Stage 9,0,0,0,0,3,0,20,0,23
2024,20240146,Axel Zingle,10,Stage 10,60,0,0,0,0,0,0,0,60
2024,20240146,Axel Zingle,11,Stage 11,0,0,0,0,16,0,0,0,16
2024,20240146,Axel Zingle,12,Stage 12,0,0,0,0,0,0,0,0,0
2024,20240146,Axel Zingle,13,Stage 13,0,0,0,0,0,0,0,0,0
2024,20240146,Axel Zingle,14,Stage 14,0,0,0,0,0,0,0,0,0
2024,20240146,Axel Zingle,15,Stage 15,0,0,0,0,0,0,0,0,0
2024,20240146,Axel Zingle,16,Stage 16,25,0,0,0,0,0,0,0,25
2024,20240146,Axel Zingle,17,Stage 17,0,0,0,0,0,0,0,0,0
2024,20240146,Axel Zingle,18,Stage 18,0,0,0,0,0,0,0,0,0
2024,20240146,Axel Zingle,19,Stage 19,0,0,0,0,0,0,0,0,0
2024,20240146,Axel Zingle,20,Stage 20,0,0,0,0,0,0,0,0,0
2024,20240146,Axel Zingle,21,Stage 21,0,0,0,0,0,0,0,0,0
2024,20240146,Axel Zingle,22,Final Classifications,0,0,0,0,0,0,0,0,0
2024,20240214,Stefan Bissegger,1,Stage 1,0,0,0,0,0,0,0,0,0
2024,20240214,Stefan Bissegger,2,Stage 2,0,0,0,0,0,0,0,0,0
2024,20240214,Stefan Bissegger,3,Stage 3,0,0,0,0,0,0,0,8,8
2024,20240214,Stefan Bissegger,4,Stage 4,0,0,0,0,0,0,0,0,0
2024,20240214,Stefan Bissegger,5,Stage 5,20,0,0,0,0,0,0,0,20
2024,20240214,Stefan Bissegger,6,Stage 6,0,0,0,0,0,0,0,0,0
2024,20240214,Stefan Bissegger,7,Stage 7,40,0,0,0,0,0,0,0,40
2024,20240214,Stefan Bissegger,8,Stage 8,0,0,0,0,0,0,0,0,0
2024,20240214,Stefan Bissegger,9,Stage 9,0,0,0,0,0,0,0,0,0
2024,20240214,Stefan Bissegger,10,Stage 10,0,0,0,0,0,0,0,0,0
2024,20240214,Stefan Bissegger,11,Stage 11,0,0,0,0,0,0,0,0,0
2024,20240214,Stefan Bissegger,12,Stage 12,0,0,0,0,0,0,0,0,0
2024,20240214,Stefan Bissegger,13,Stage 13,0,0,0,0,0,0,0,0,0
2024,20240214,Stefan Bissegger,14,Stage 14,0,0,0,0,0,0,0,0,0
2024,20240214,Stefan Bissegger,15,Stage 15,0,0,0,0,0,0,0,0,0
2024,20240214,Stefan Bissegger,16,Stage 16,50,0,0,0,0,0,0,0,50
2024,20240214,Stefan Bissegger,17,Stage 17,0,0,0,0,0,0,0,8,8
2024,20240214,Stefan Bissegger,18,Stage 18,0,0,0,0,0,0,0,0,0
2024,20240214,Stefan Bissegger,19,Stage 19,0,0,0,0,0,0,0,0,0
2024,20240214,Stefan Bissegger,20,Stage 20,0,0,0,0,0,0,0,2,2
2024,20240214,Stefan Bissegger,21,Stage 21,0,0,0,0,0,0,0,0,0
2024,20240214,Stefan Bissegger,22,Final Classifications,0,0,0,0,0,0,0,0,0
2024,20240664,Hugo Houle,1,Stage 1,0,0,0,0,0,0,0,0,0
2024,20240664,Hugo Houle,2,Stage 2,70,0,0,0,6,0,20,0,96
2024,20240664,Hugo Houle,3,Stage 3,0,0,0,0,0,0,0,0,0
2024,20240664,Hugo Houle,4,Stage 4,0,0,0,0,0,0,0,0,0
2024,20240664,Hugo Houle,5,Stage 5,0,0,0,0,0,0,0,0,0
2024,20240664,Hugo Houle,6,Stage 6,0,0,0,0,0,0,0,0,0
2024,20240664,Hugo Houle,7,Stage 7,0,0,0,0,0,0,0,0,0
2024,20240664,Hugo Houle,8,Stage 8,0,0,0,0,0,0,0,0,0
2024,20240664,Hugo Houle,9,Stage 9,0,0,0,0,0,0,0,2,2
2024,20240664,Hugo Houle,10,Stage 10,0,0,0,0,0,0,0,2,2
2024,20240664,Hugo Houle,11,Stage 11,0,0,0,0,0,0,0,0,0
2024,20240664,Hugo Houle,12,Stage 12,0,0,0,0,0,0,0,2,2
2024,20240664,Hugo Houle,13,Stage 13,0,0,0,0,1,0,0,2,3
2024,20240664,Hugo Houle,14,Stage 14,0,0,0,0,0,0,0,0,0
2024,20240664,Hugo Houle,15,Stage 15,0,0,0,0,0,0,0,0,0
2024,20240664,Hugo Houle,16,Stage 16,0,0,0,0,0,0,0,0,0
2024,20240664,Hugo Houle,17,Stage 17,0,0,0,0,0,0,0,0,0
2024,20240664,Hugo Houle,18,Stage 18,8,0,0,0,0,0,0,0,8
2024,20240664,Hugo Houle,19,Stage 19,0,0,0,0,0,0,0,0,0
2024,20240664,Hugo Houle,20,Stage 20,0,0,0,0,0,0,0,0,0
2024,20240664,Hugo Houle,21,Stage 21,0,0,0,0,0,0,0,0,0
2024,20240664,Hugo Houle,22,Final Classifications,0,0,0,0,0,0,0,0,0
2024,20240235,David Gaudu,1,Stage 1,0,0,0,0,0,0,0,0,0
2024,20240235,David Gaudu,2,Stage 2,0,0,0,0,0,0,0,2,2
2024,20240235,David Gaudu,3,Stage 3,0,0,0,0,0,0,0,0,0
2024,20240235,David Gaudu,4,Stage 4,0,0,0,0,0,0,20,0,20
2024,20240235,David Gaudu,5,Stage 5,0,0,0,0,0,0,0,0,0
2024,20240235,David Gaudu,6,Stage 6,0,0,0,0,0,0,0,0,0
2024,20240235,David Gaudu,7,Stage 7,0,0,0,0,0,0,0,0,0
2024,20240235,David Gaudu,8,Stage 8,0,0,0,0,0,0,0,0,0
2024,20240235,David Gaudu,9,Stage 9,25,0,0,0,0,0,0,0,25
2024,20240235,David Gaudu,10,Stage 10,0,0,0,0,0,0,0,0,0
2024,20240235,David Gaudu,11,Stage 11,0,0,0,0,0,0,0,0,0
2024,20240235,David Gaudu,12,Stage 12,0,0,0,0,0,0,0,0,0
2024,20240235,David Gaudu,13,Stage 13,0,0,0,0,0,0,0,0,0
2024,20240235,David Gaudu,14,Stage 14,0,0,0,0,0,25,20,0,45
2024,20240235,David Gaudu,15,Stage 15,0,0,0,1,0,15,0,0,16
2024,20240235,David Gaudu,16,Stage 16,0,0,0,1,0,0,0,0,1
2024,20240235,David Gaudu,17,Stage 17,0,0,0,0,0,0,0,0,0
2024,20240235,David Gaudu,18,Stage 18,0,0,0,0,0,0,0,0,0
2024,20240235,David Gaudu,19,Stage 19,0,0,0,0,0,0,0,0,0
2024,20240235,David Gaudu,20,Stage 20,0,0,0,0,0,0,0,0,0
2024,20240235,David Gaudu,21,Stage 21,0,0,0,0,0,0,0,0,0
2024,20240235,David Gaudu,22,Final Classifications,0,0,0,5,0,0,0,0,0
2024,20240661,Krists Neilands,1,Stage 1,0,0,0,0,0,0,0,0,0
2024,20240661,Krists Neilands,2,Stage 2,0,0,0,0,0,0,0,0,0
2024,20240661,Krists Neilands,3,Stage 3,0,0,0,0,0,0,0,0,0
2024,20240661,Krists Neilands,4,Stage 4,0,0,0,0,0,0,0,0,0
2024,20240661,Krists Neilands,5,Stage 5,0,0,0,0,0,0,0,0,0
2024,20240661,Krists Neilands,6,Stage 6,0,0,0,0,0,0,0,0,0
2024,20240661,Krists Neilands,7,Stage 7,0,0,0,0,0,0,0,0,0
2024,20240661,Krists Neilands,8,Stage 8,0,0,0,0,0,0,0,0,0
2024,20240661,Krists Neilands,9,Stage 9,0,0,0,0,0,0,0,2,2
2024,20240661,Krists Neilands,10,Stage 10,0,0,0,0,0,0,0,2,2
2024,20240661,Krists Neilands,11,Stage 11,0,0,0,0,0,0,0,0,0
2024,20240661,Krists Neilands,12,Stage 12,0,0,0,0,0,0,0,2,2
2024,20240661,Krists Neilands,13,Stage 13,0,0,0,0,0,0,0,2,2
2024,20240661,Krists Neilands,14,Stage 14,0,0,0,0,0,0,0,0,0
2024,20240661,Krists Neilands,15,Stage 15,0,0,0,0,0,0,0,0,0
2024,20240661,Krists Neilands,16,Stage 16,0,0,0,0,0,0,0,0,0
2024,20240661,Krists Neilands,17,Stage 17,0,0,0,0,0,0,0,0,0
2024,20240661,Krists Neilands,18,Stage 18,95,0,0,0,0,0,0,0,95
2024,20240661,Krists Neilands,19,Stage 19,0,0,0,0,0,0,0,0,0
2024,20240661,Krists Neilands,20,Stage 20,0,0,0,0,0,0,0,0,0
2024,20240661,Krists Neilands,21,Stage 21,0,0,0,0,0,0,0,0,0
2024,20240661,Krists Neilands,22,Final Classifications,0,0,0,0,0,0,0,0,0
2024,20240133,Bob Jungels,1,Stage 1,0,0,0,0,0,0,0,0,0
2024,20240133,Bob Jungels,2,Stage 2,0,0,0,0,0,0,0,0,0
2024,20240133,Bob Jungels,3,Stage 3,0,0,0,0,0,0,0,0,0
2024,20240133,Bob Jungels,4,Stage 4,0,0,0,0,0,0,0,0,0
2024,20240133,Bob Jungels,5,Stage 5,0,0,0,0,0,0,0,0,0
2024,20240133,Bob Jungels,6,Stage 6,0,0,0,0,0,0,0,0,0
2024,20240133,Bob Jungels,7,Stage 7,0,0,0,0,0,0,0,0,0
2024,20240133,Bob Jungels,8,Stage 8,16,0,0,0,0,0,0,2,18
2024,20240133,Bob Jungels,9,Stage 9,0,0,0,0,0,0,0,0,0
2024,20240133,Bob Jungels,10,Stage 10,0,0,0,0,0,0,0,0,0
2024,20240133,Bob Jungels,11,Stage 11,0,0,0,0,0,0,0,0,0
2024,20240133,Bob Jungels,12,Stage 12,0,0,0,0,0,0,0,0,0
2024,20240133,Bob Jungels,13,Stage 13,0,0,0,0,0,0,0,0,0
2024,20240133,Bob Jungels,14,Stage 14,0,0,0,0,0,0,0,0,0
2024,20240133,Bob Jungels,15,Stage 15,0,0,0,0,8,6,20,0,34
2024,20240133,Bob Jungels,16,Stage 16,0,0,0,0,0,0,0,0,0
2024,20240133,Bob Jungels,17,Stage 17,16,0,0,0,8,0,20,0,44
2024,20240133,Bob Jungels,18,Stage 18,0,0,0,0,0,0,0,0,0
2024,20240133,Bob Jungels,19,Stage 19,0,0,0,0,0,0,0,0,0
2024,20240133,Bob Jungels,20,Stage 20,0,0,0,0,0,0,0,0,0
2024,20240133,Bob Jungels,21,Stage 21,0,0,0,0,0,0,0,0,0
2024,20240133,Bob Jungels,22,Final Classifications,0,0,0,0,0,0,0,0,0
2024,20240387,Louis Vervaeke,1,Stage 1,0,0,0,0,0,0,0,0,0
2024,20240387,Louis Vervaeke,2,Stage 2,0,0,0,0,0,0,0,4,4
2024,20240387,Louis Vervaeke,3,Stage 3,0,0,0,0,0,0,0,2,2
2024,20240387,Louis Vervaeke,4,Stage 4,0,0,0,0,3,0,0,10,13
2024,20240387,Louis Vervaeke,5,Stage 5,0,0,0,0,0,0,0,6,6
2024,20240387,Louis Vervaeke,6,Stage 6,0,0,0,0,0,0,0,6,6
2024,20240387,Louis Vervaeke,7,Stage 7,0,0,0,0,0,0,0,0,0
2024,20240387,Louis Vervaeke,8,Stage 8,0,0,0,0,0,0,0,8,8
2024,20240387,Louis Vervaeke,9,Stage 9,0,0,0,0,0,0,0,8,8
2024,20240387,Louis Vervaeke,10,Stage 10,0,0,0,0,0,0,0,8,8
2024,20240387,Louis Vervaeke,11,Stage 11,0,0,0,0,0,0,0,10,10
2024,20240387,Louis Vervaeke,12,Stage 12,0,0,0,0,0,0,0,8,8
2024,20240387,Louis Vervaeke,13,Stage 13,0,0,0,0,0,0,0,8,8
2024,20240387,Louis Vervaeke,14,Stage 14,0,0,0,0,0,0,0,8,8
2024,20240387,Louis Vervaeke,15,Stage 15,0,0,0,0,0,0,0,0,0
2024,20240387,Louis Vervaeke,16,Stage 16,0,0,0,0,0,0,0,0,0
2024,20240387,Louis Vervaeke,17,Stage 17,0,0,0,0,0,0,0,0,0
2024,20240387,Louis Vervaeke,18,Stage 18,0,0,0,0,0,0,0,0,0
2024,20240387,Louis Vervaeke,19,Stage 19,0,0,0,0,0,0,0,0,0
2024,20240387,Louis Vervaeke,20,Stage 20,0,0,0,0,0,0,0,0,0
2024,20240387,Louis Vervaeke,21,Stage 21,0,0,0,0,0,0,0,0,0
2024,20240387,Louis Vervaeke,22,Final Classifications,0,0,0,0,0,0,0,0,0
2024,20240264,Geraint Thomas,1,Stage 1,4,1,0,0,0,0,0,2,7
2024,20240264,Geraint Thomas,2,Stage 2,0,0,0,0,0,0,0,2,2
2024,20240264,Geraint Thomas,3,Stage 3,0,0,0,0,0,0,0,2,2
2024,20240264,Geraint Thomas,4,Stage 4,25,0,0,0,0,0,0,4,29
2024,20240264,Geraint Thomas,5,Stage 5,0,0,0,0,0,0,0,4,4
2024,20240264,Geraint Thomas,6,Stage 6,0,0,0,0,0,0,0,4,4
2024,20240264,Geraint Thomas,7,Stage 7,0,0,0,0,0,0,0,0,0
2024,20240264,Geraint Thomas,8,Stage 8,0,0,0,0,0,0,0,0,0
2024,20240264,Geraint Thomas,9,Stage 9,0,0,0,0,0,0,0,6,6
2024,20240264,Geraint Thomas,10,Stage 10,0,0,0,0,0,0,0,2,2
2024,20240264,Geraint Thomas,11,Stage 11,0,0,0,0,0,0,0,2,2
2024,20240264,Geraint Thomas,12,Stage 12,0,0,0,0,0,0,0,2,2
2024,20240264,Geraint Thomas,13,Stage 13,0,0,0,0,0,0,0,2,2
2024,20240264,Geraint Thomas,14,Stage 14,0,0,0,0,0,0,0,0,0
2024,20240264,Geraint Thomas,15,Stage 15,0,0,0,0,0,0,0,0,0
2024,20240264,Geraint Thomas,16,Stage 16,0,0,0,0,0,0,0,0,0
2024,20240264,Geraint Thomas,17,Stage 17,0,0,0,0,0,0,0,0,0
2024,20240264,Geraint Thomas,18,Stage 18,0,0,0,0,0,0,0,4,4
2024,20240264,Geraint Thomas,19,Stage 19,0,0,0,0,0,0,0,0,0
2024,20240264,Geraint Thomas,20,Stage 20,0,0,0,0,0,0,0,2,2
2024,20240264,Geraint Thomas,21,Stage 21,0,0,0,0,0,0,0,0,0
2024,20240264,Geraint Thomas,22,Final Classifications,0,0,0,0,0,0,0,0,20
2024,20240068,Davide Ballerini,1,Stage 1,0,0,0,0,0,0,0,0,0
2024,20240068,Davide Ballerini,2,Stage 2,0,0,0,0,0,0,0,0,0
2024,20240068,Davide Ballerini,3,Stage 3,80,0,0,0,0,0,0,0,80
2024,20240068,Davide Ballerini,4,Stage 4,0,0,0,0,0,0,0,0,0
2024,20240068,Davide Ballerini,5,Stage 5,0,0,0,0,0,0,0,8,8
2024,20240068,Davide Ballerini,6,Stage 6,0,0,0,0,0,0,0,0,0
2024,20240068,Davide Ballerini,7,Stage 7,0,0,0,0,0,0,0,0,0
2024,20240068,Davide Ballerini,8,Stage 8,0,0,0,0,0,0,0,0,0
2024,20240068,Davide Ballerini,9,Stage 9,0,0,0,0,0,0,0,0,0
2024,20240068,Davide Ballerini,10,Stage 10,0,0,0,0,0,0,0,0,0
2024,20240068,Davide Ballerini,11,Stage 11,0,0,0,0,0,0,0,0,0
2024,20240068,Davide Ballerini,12,Stage 12,0,0,0,0,0,0,0,0,0
2024,20240068,Davide Ballerini,13,Stage 13,0,0,0,0,0,0,0,0,0
2024,20240068,Davide Ballerini,14,Stage 14,0,0,0,0,0,0,0,0,0
2024,20240068,Davide Ballerini,15,Stage 15,0,0,0,0,0,0,0,0,0
2024,20240068,Davide Ballerini,16,Stage 16,0,0,0,0,0,0,0,0,0
2024,20240068,Davide Ballerini,17,Stage 17,0,0,0,0,0,0,0,0,0
2024,20240068,Davide Ballerini,18,Stage 18,0,0,0,0,0,0,0,0,0
2024,20240068,Davide Ballerini,19,Stage 19,0,0,0,0,0,0,0,0,0
2024,20240068,Davide Ballerini,20,Stage 20,0,0,0,0,0,0,0,0,0
2024,20240068,Davide Ballerini,21,Stage 21,0,0,0,0,0,0,0,0,0
2024,20240068,Davide Ballerini,22,Final Classifications,0,0,0,0,0,0,0,0,0
2024,20240093,Wout Poels,1,Stage 1,0,0,0,0,0,0,0,0,0
2024,20240093,Wout Poels,2,Stage 2,0,0,0,0,0,0,0,0,0
2024,20240093,Wout Poels,3,Stage 3,0,0,0,0,0,0,0,0,0
2024,20240093,Wout Poels,4,Stage 4,0,0,0,0,0,0,0,0,0
2024,20240093,Wout Poels,5,Stage 5,0,0,0,0,0,0,0,0,0
2024,20240093,Wout Poels,6,Stage 6,0,0,0,0,0,0,0,0,0
2024,20240093,Wout Poels,7,Stage 7,0,0,0,0,0,0,0,0,0
2024,20240093,Wout Poels,8,Stage 8,0,0,0,0,0,0,0,0,0
2024,20240093,Wout Poels,9,Stage 9,0,0,0,0,0,0,0,0,0
2024,20240093,Wout Poels,10,Stage 10,0,0,0,0,0,0,0,0,0
2024,20240093,Wout Poels,11,Stage 11,0,0,0,0,0,0,0,0,0
2024,20240093,Wout Poels,12,Stage 12,0,0,0,0,0,0,0,0,0
2024,20240093,Wout Poels,13,Stage 13,0,0,0,0,0,0,0,0,0
2024,20240093,Wout Poels,14,Stage 14,0,0,0,0,0,0,0,0,0
2024,20240093,Wout Poels,15,Stage 15,0,0,0,0,0,0,0,0,0
2024,20240093,Wout Poels,16,Stage 16,0,0,0,0,0,0,0,4,4
2024,20240093,Wout Poels,17,Stage 17,80,0,0,0,0,0,0,0,80
2024,20240093,Wout Poels,18,Stage 18,0,0,0,0,0,0,0,0,0
2024,20240093,Wout Poels,19,Stage 19,0,0,0,0,0,0,0,0,0
2024,20240093,Wout Poels,20,Stage 20,4,0,0,0,0,0,0,0,4
2024,20240093,Wout Poels,21,Stage 21,0,0,0,0,0,0,0,0,0
2024,20240093,Wout Poels,22,Final Classifications,0,0,0,0,0,0,0,0,0
2024,20240046,Raúl García Pierna,1,Stage 1,0,0,0,0,0,0,0,0,0
2024,20240046,Raúl García Pierna,2,Stage 2,0,0,0,0,0,0,0,8,8
2024,20240046,Raúl García Pierna,3,Stage 3,0,0,0,0,0,0,0,0,0
2024,20240046,Raúl García Pierna,4,Stage 4,0,0,0,0,0,0,20,0,20
2024,20240046,Raúl García Pierna,5,Stage 5,0,0,0,0,0,0,0,0,0
2024,20240046,Raúl García Pierna,6,Stage 6,0,0,0,0,0,0,0,0,0
2024,20240046,Raúl García Pierna,7,Stage 7,0,0,0,0,0,0,0,0,0
2024,20240046,Raúl García Pierna,8,Stage 8,0,0,0,0,0,0,0,0,0
2024,20240046,Raúl García Pierna,9,Stage 9,0,0,0,0,0,0,0,0,0
2024,20240046,Raúl García Pierna,10,Stage 10,0,0,0,0,0,0,0,0,0
2024,20240046,Raúl García Pierna,11,Stage 11,0,0,0,0,0,0,0,0,0
2024,20240046,Raúl García Pierna,12,Stage 12,0,0,0,0,0,0,0,0,0
2024,20240046,Raúl García Pierna,13,Stage 13,0,0,0,0,0,0,0,0,0
2024,20240046,Raúl García Pierna,14,Stage 14,0,0,0,0,4,0,20,0,24
2024,20240046,Raúl García Pierna,15,Stage 15,0,0,0,0,0,0,0,0,0
2024,20240046,Raúl García Pierna,16,Stage 16,0,0,0,0,0,0,0,0,0
2024,20240046,Raúl García Pierna,17,Stage 17,0,0,0,0,0,0,0,0,0
2024,20240046,Raúl García Pierna,18,Stage 18,35,0,0,0,0,0,0,0,35
2024,20240046,Raúl García Pierna,19,Stage 19,0,0,0,0,0,0,0,0,0
2024,20240046,Raúl García Pierna,20,Stage 20,0,0,0,0,0,0,0,0,0
2024,20240046,Raúl García Pierna,21,Stage 21,0,0,0,0,0,0,0,0,0
2024,20240046,Raúl García Pierna,22,Final Classifications,0,0,0,0,0,0,0,0,0
2024,20240099,Fred Wright,1,Stage 1,0,0,0,0,0,0,0,0,0
2024,20240099,Fred Wright,2,Stage 2,0,0,0,0,0,0,0,0,0
2024,20240099,Fred Wright,3,Stage 3,0,0,0,0,0,0,0,0,0
2024,20240099,Fred Wright,4,Stage 4,0,0,0,0,0,0,0,0,0
2024,20240099,Fred Wright,5,Stage 5,0,0,0,0,0,0,0,0,0
2024,20240099,Fred Wright,6,Stage 6,0,0,0,0,0,0,0,0,0
2024,20240099,Fred Wright,7,Stage 7,0,0,0,0,0,0,0,0,0
2024,20240099,Fred Wright,8,Stage 8,80,0,0,0,0,0,0,0,80
2024,20240099,Fred Wright,9,Stage 9,0,0,0,0,0,0,0,0,0
2024,20240099,Fred Wright,10,Stage 10,0,0,0,0,0,0,0,0,0
2024,20240099,Fred Wright,11,Stage 11,0,0,0,0,0,0,0,0,0
2024,20240099,Fred Wright,12,Stage 12,0,0,0,0,0,0,0,0,0
2024,20240099,Fred Wright,13,Stage 13,0,0,0,0,0,0,0,0,0
2024,20240099,Fred Wright,14,Stage 14,0,0,0,0,0,0,0,0,0
2024,20240099,Fred Wright,15,Stage 15,0,0,0,0,0,0,0,0,0
2024,20240099,Fred Wright,16,Stage 16,0,0,0,0,0,0,0,0,0
2024,20240099,Fred Wright,17,Stage 17,0,0,0,0,0,0,0,0,0
2024,20240099,Fred Wright,18,Stage 18,0,0,0,0,0,0,0,0,0
2024,20240099,Fred Wright,19,Stage 19,0,0,0,0,0,0,0,0,0
2024,20240099,Fred Wright,20,Stage 20,0,0,0,0,0,0,0,0,0
2024,20240099,Fred Wright,21,Stage 21,0,0,0,0,0,0,0,0,0
2024,20240099,Fred Wright,22,Final Classifications,0,0,0,0,0,0,0,0,0
2024,20240211,Alberto Bettiol,1,Stage 1,60,11,0,0,0,0,0,0,71
2024,20240211,Alberto Bettiol,2,Stage 2,0,0,0,0,0,0,0,0,0
2024,20240211,Alberto Bettiol,3,Stage 3,0,0,0,0,0,0,0,8,8
2024,20240211,Alberto Bettiol,4,Stage 4,0,0,0,0,0,0,0,0,0
2024,20240211,Alberto Bettiol,5,Stage 5,0,0,0,0,0,0,0,0,0
2024,20240211,Alberto Bettiol,6,Stage 6,0,0,0,0,0,0,0,0,0
2024,20240211,Alberto Bettiol,7,Stage 7,0,0,0,0,0,0,0,0,0
2024,20240211,Alberto Bettiol,8,Stage 8,0,0,0,0,0,0,0,0,0
2024,20240211,Alberto Bettiol,9,Stage 9,0,0,0,0,0,0,0,0,0
2024,20240211,Alberto Bettiol,10,Stage 10,0,0,0,0,0,0,0,0,0
2024,20240211,Alberto Bettiol,11,Stage 11,0,0,0,0,0,0,0,0,0
2024,20240211,Alberto Bettiol,12,Stage 12,0,0,0,0,0,0,0,0,0
2024,20240211,Alberto Bettiol,13,Stage 13,0,0,0,0,0,0,0,0,0
2024,20240211,Alberto Bettiol,14,Stage 14,0,0,0,0,0,0,0,0,0
2024,20240211,Alberto Bettiol,15,Stage 15,0,0,0,0,0,0,0,0,0
2024,20240211,Alberto Bettiol,16,Stage 16,0,0,0,0,0,0,0,0,0
2024,20240211,Alberto Bettiol,17,Stage 17,0,0,0,0,0,0,0,0,0
2024,20240211,Alberto Bettiol,18,Stage 18,0,0,0,0,0,0,0,0,0
2024,20240211,Alberto Bettiol,19,Stage 19,0,0,0,0,0,0,0,0,0
2024,20240211,Alberto Bettiol,20,Stage 20,0,0,0,0,0,0,0,0,0
2024,20240211,Alberto Bettiol,21,Stage 21,0,0,0,0,0,0,0,0,0
2024,20240211,Alberto Bettiol,22,Final Classifications,0,0,0,0,0,0,0,0,0
2024,20240655,Stephen Williams,1,Stage 1,0,0,0,0,0,0,0,0,0
2024,20240655,Stephen Williams,2,Stage 2,0,0,0,0,0,0,0,0,0
2024,20240655,Stephen Williams,3,Stage 3,0,0,0,0,0,0,0,0,0
2024,20240655,Stephen Williams,4,Stage 4,0,0,0,1,0,0,20,0,21
2024,20240655,Stephen Williams,5,Stage 5,0,0,0,1,0,0,0,0,1
2024,20240655,Stephen Williams,6,Stage 6,0,0,0,1,0,0,0,0,1
2024,20240655,Stephen Williams,7,Stage 7,0,0,0,1,0,0,0,0,1
2024,20240655,Stephen Williams,8,Stage 8,0,0,0,1,0,0,0,0,1
2024,20240655,Stephen Williams,9,Stage 9,0,0,0,1,0,0,0,2,3
2024,20240655,Stephen Williams,10,Stage 10,0,0,0,1,0,0,0,2,3
2024,20240655,Stephen Williams,11,Stage 11,0,0,0,0,4,0,0,0,4
2024,20240655,Stephen Williams,12,Stage 12,0,0,0,0,0,0,0,2,2
2024,20240655,Stephen Williams,13,Stage 13,0,0,0,0,0,0,0,2,2
2024,20240655,Stephen Williams,14,Stage 14,0,0,0,0,0,0,0,0,0
2024,20240655,Stephen Williams,15,Stage 15,0,0,0,0,0,0,0,0,0
2024,20240655,Stephen Williams,16,Stage 16,0,0,0,0,0,0,0,0,0
2024,20240655,Stephen Williams,17,Stage 17,40,0,0,0,0,0,0,0,40
2024,20240655,Stephen Williams,18,Stage 18,0,0,0,0,0,0,0,0,0
2024,20240655,Stephen Williams,19,Stage 19,0,0,0,0,0,0,0,0,0
2024,20240655,Stephen Williams,20,Stage 20,0,0,0,0,0,0,0,0,0
2024,20240655,Stephen Williams,21,Stage 21,0,0,0,0,0,0,0,0,0
2024,20240655,Stephen Williams,22,Final Classifications,0,0,0,0,0,0,0,0,0
2024,20240819,Sandy Dujardin,1,Stage 1,0,0,4,0,20,0,0,0,24
2024,20240819,Sandy Dujardin,2,Stage 2,0,0,0,0,0,0,0,0,0
2024,20240819,Sandy Dujardin,3,Stage 3,0,0,0,0,0,0,0,0,0
2024,20240819,Sandy Dujardin,4,Stage 4,0,0,0,0,0,0,0,0,0
2024,20240819,Sandy Dujardin,5,Stage 5,0,0,0,0,0,0,0,0,0
2024,20240819,Sandy Dujardin,6,Stage 6,40,0,0,0,0,0,0,0,40
2024,20240819,Sandy Dujardin,7,Stage 7,0,0,0,0,0,0,0,0,0
2024,20240819,Sandy Dujardin,8,Stage 8,0,0,0,0,0,0,0,0,0
2024,20240819,Sandy Dujardin,9,Stage 9,0,0,0,0,0,0,0,8,8
2024,20240819,Sandy Dujardin,10,Stage 10,0,0,0,0,0,0,0,0,0
2024,20240819,Sandy Dujardin,11,Stage 11,0,0,0,0,0,0,0,0,0
2024,20240819,Sandy Dujardin,12,Stage 12,0,0,0,0,0,0,0,0,0
2024,20240819,Sandy Dujardin,13,Stage 13,0,0,0,0,0,0,0,0,0
2024,20240819,Sandy Dujardin,14,Stage 14,0,0,0,0,0,0,0,0,0
2024,20240819,Sandy Dujardin,15,Stage 15,0,0,0,0,0,0,0,0,0
2024,20240819,Sandy Dujardin,16,Stage 16,0,0,0,0,0,0,0,0,0
2024,20240819,Sandy Dujardin,17,Stage 17,0,0,0,0,0,0,0,0,0
2024,20240819,Sandy Dujardin,18,Stage 18,0,0,0,0,0,0,0,4,4
2024,20240819,Sandy Dujardin,19,Stage 19,0,0,0,0,0,0,0,0,0
2024,20240819,Sandy Dujardin,20,Stage 20,0,0,0,0,0,0,0,0,0
2024,20240819,Sandy Dujardin,21,Stage 21,0,0,0,0,0,0,0,0,0
2024,20240819,Sandy Dujardin,22,Final Classifications,0,0,0,0,0,0,0,0,0
2024,20240206,Rui Costa,1,Stage 1,0,0,0,0,0,0,0,0,0
2024,20240206,Rui Costa,2,Stage 2,0,0,0,0,0,0,0,0,0
2024,20240206,Rui Costa,3,Stage 3,0,0,0,0,0,0,0,8,8
2024,20240206,Rui Costa,4,Stage 4,0,0,0,0,0,0,0,0,0
2024,20240206,Rui Costa,5,Stage 5,0,0,0,0,0,0,0,0,0
2024,20240206,Rui Costa,6,Stage 6,0,0,0,0,0,0,0,0,0
2024,20240206,Rui Costa,7,Stage 7,0,0,0,0,0,0,0,0,0
2024,20240206,Rui Costa,8,Stage 8,0,0,0,0,0,0,0,0,0
2024,20240206,Rui Costa,9,Stage 9,35,0,0,0,0,0,0,0,35
2024,20240206,Rui Costa,10,Stage 10,0,0,0,0,0,0,0,0,0
2024,20240206,Rui Costa,11,Stage 11,0,0,0,0,0,0,0,0,0
2024,20240206,Rui Costa,12,Stage 12,0,0,0,0,0,0,0,0,0
2024,20240206,Rui Costa,13,Stage 13,0,0,0,0,0,0,0,0,0
2024,20240206,Rui Costa,14,Stage 14,0,0,0,0,0,0,20,0,20
2024,20240206,Rui Costa,15,Stage 15,0,0,0,0,0,0,0,0,0
2024,20240206,Rui Costa,16,Stage 16,0,0,0,0,0,0,0,0,0
2024,20240206,Rui Costa,17,Stage 17,0,0,0,0,0,0,0,8,8
2024,20240206,Rui Costa,18,Stage 18,0,0,0,0,0,0,0,0,0
2024,20240206,Rui Costa,19,Stage 19,0,0,0,0,0,0,0,0,0
2024,20240206,Rui Costa,20,Stage 20,0,0,0,0,0,0,0,2,2
2024,20240206,Rui Costa,21,Stage 21,0,0,0,0,0,0,0,0,0
2024,20240206,Rui Costa,22,Final Classifications,0,0,0,0,0,0,0,0,0
2024,20240239,Lenny Martinez,1,Stage 1,0,0,0,0,0,0,0,0,0
2024,20240239,Lenny Martinez,2,Stage 2,0,0,0,0,0,0,0,2,2
2024,20240239,Lenny Martinez,3,Stage 3,0,0,0,0,0,0,0,0,0
2024,20240239,Lenny Martinez,4,Stage 4,0,0,0,0,0,0,0,0,0
2024,20240239,Lenny Martinez,5,Stage 5,0,0,0,0,0,0,0,0,0
2024,20240239,Lenny Martinez,6,Stage 6,0,0,0,0,0,0,0,0,0
2024,20240239,Lenny Martinez,7,Stage 7,0,0,0,0,0,0,0,0,0
2024,20240239,Lenny Martinez,8,Stage 8,0,0,0,0,0,0,0,0,0
2024,20240239,Lenny Martinez,9,Stage 9,0,0,0,0,0,0,0,0,0
2024,20240239,Lenny Martinez,10,Stage 10,0,0,0,0,0,0,0,0,0
2024,20240239,Lenny Martinez,11,Stage 11,0,0,0,0,0,0,0,0,0
2024,20240239,Lenny Martinez,12,Stage 12,0,0,0,0,0,0,0,0,0
2024,20240239,Lenny Martinez,13,Stage 13,0,0,0,0,0,0,0,0,0
2024,20240239,Lenny Martinez,14,Stage 14,0,0,0,0,0,0,0,0,0
2024,20240239,Lenny Martinez,15,Stage 15,0,0,0,0,0,0,20,0,20
2024,20240239,Lenny Martinez,16,Stage 16,0,0,0,0,0,0,0,0,0
2024,20240239,Lenny Martinez,17,Stage 17,0,0,0,0,0,0,0,0,0
2024,20240239,Lenny Martinez,18,Stage 18,0,0,0,0,0,0,0,0,0
2024,20240239,Lenny Martinez,19,Stage 19,0,0,0,0,0,0,0,0,0
2024,20240239,Lenny Martinez,20,Stage 20,0,0,0,0,0,0,0,0,0
2024,20240239,Lenny Martinez,21,Stage 21,50,0,0,0,0,0,0,0,50
2024,20240239,Lenny Martinez,22,Final Classifications,0,0,0,0,0,0,0,0,0
2024,20240296,Kobe Goossens,1,Stage 1,0,0,0,0,0,0,0,0,0
2024,20240296,Kobe Goossens,2,Stage 2,0,0,0,0,0,0,0,0,0
2024,20240296,Kobe Goossens,3,Stage 3,0,0,0,0,0,0,0,8,8
2024,20240296,Kobe Goossens,4,Stage 4,0,0,0,0,0,0,20,0,20
2024,20240296,Kobe Goossens,5,Stage 5,0,0,0,0,0,0,0,0,0
2024,20240296,Kobe Goossens,6,Stage 6,0,0,0,0,0,0,0,4,4
2024,20240296,Kobe Goossens,7,Stage 7,0,0,0,0,0,0,0,0,0
2024,20240296,Kobe Goossens,8,Stage 8,0,0,0,0,0,0,0,8,8
2024,20240296,Kobe Goossens,9,Stage 9,0,0,0,0,0,0,0,0,0
2024,20240296,Kobe Goossens,10,Stage 10,0,0,0,0,20,0,0,4,24
2024,20240296,Kobe Goossens,11,Stage 11,0,0,0,0,0,0,0,0,0
2024,20240296,Kobe Goossens,12,Stage 12,0,0,0,0,0,0,0,8,8
2024,20240296,Kobe Goossens,13,Stage 13,0,0,0,0,0,0,0,0,0
2024,20240296,Kobe Goossens,14,Stage 14,0,0,0,0,0,0,0,0,0
2024,20240296,Kobe Goossens,15,Stage 15,0,0,0,0,0,0,0,0,0
2024,20240296,Kobe Goossens,16,Stage 16,0,0,0,0,0,0,0,0,0
2024,20240296,Kobe Goossens,17,Stage 17,0,0,0,0,0,0,0,0,0
2024,20240296,Kobe Goossens,18,Stage 18,0,0,0,0,0,0,0,0,0
2024,20240296,Kobe Goossens,19,Stage 19,0,0,0,0,0,0,0,0,0
2024,20240296,Kobe Goossens,20,Stage 20,0,0,0,0,0,0,0,0,0
2024,20240296,Kobe Goossens,21,Stage 21,0,0,0,0,0,0,0,0,0
2024,20240296,Kobe Goossens,22,Final Classifications,0,0,0,0,0,0,0,0,0
2024,20240008,Gianni Vermeersch,1,Stage 1,0,0,0,0,0,0,0,0,0
2024,20240008,Gianni Vermeersch,2,Stage 2,0,0,0,0,0,0,0,0,0
2024,20240008,Gianni Vermeersch,3,Stage 3,0,0,0,0,0,0,0,0,0
2024,20240008,Gianni Vermeersch,4,Stage 4,0,0,0,0,0,0,0,0,0
2024,20240008,Gianni Vermeersch,5,Stage 5,0,0,0,0,0,0,0,4,4
2024,20240008,Gianni Vermeersch,6,Stage 6,0,0,0,0,0,0,0,0,0
2024,20240008,Gianni Vermeersch,7,Stage 7,0,0,0,0,0,0,0,0,0
2024,20240008,Gianni Vermeersch,8,Stage 8,0,0,0,0,0,0,0,4,4
2024,20240008,Gianni Vermeersch,9,Stage 9,8,0,0,0,8,0,20,0,36
2024,20240008,Gianni Vermeersch,10,Stage 10,0,0,0,0,0,0,0,8,8
2024,20240008,Gianni Vermeersch,11,Stage 11,0,0,0,0,0,0,0,0,0
2024,20240008,Gianni Vermeersch,12,Stage 12,0,0,0,0,0,0,0,0,0
2024,20240008,Gianni Vermeersch,13,Stage 13,0,0,0,0,0,0,0,8,8
2024,20240008,Gianni Vermeersch,14,Stage 14,0,0,0,0,0,0,0,0,0
2024,20240008,Gianni Vermeersch,15,Stage 15,0,0,0,0,0,0,0,0,0
2024,20240008,Gianni Vermeersch,16,Stage 16,0,0,0,0,0,0,0,8,8
2024,20240008,Gianni Vermeersch,17,Stage 17,0,0,0,0,0,0,0,0,0
2024,20240008,Gianni Vermeersch,18,Stage 18,0,0,0,0,0,0,0,0,0
2024,20240008,Gianni Vermeersch,19,Stage 19,0,0,0,0,0,0,0,0,0
2024,20240008,Gianni Vermeersch,20,Stage 20,0,0,0,0,0,0,0,0,0
2024,20240008,Gianni Vermeersch,21,Stage 21,0,0,0,0,0,0,0,0,0
2024,20240008,Gianni Vermeersch,22,Final Classifications,0,0,0,0,0,0,0,0,0
2024,20240444,Luka Mezgec,1,Stage 1,0,0,0,0,0,0,0,0,0
2024,20240444,Luka Mezgec,2,Stage 2,0,0,0,0,0,0,0,0,0
2024,20240444,Luka Mezgec,3,Stage 3,0,0,0,0,0,0,0,0,0
2024,20240444,Luka Mezgec,4,Stage 4,0,0,0,0,0,0,0,0,0
2024,20240444,Luka Mezgec,5,Stage 5,0,0,0,0,0,0,0,0,0
2024,20240444,Luka Mezgec,6,Stage 6,0,0,0,0,0,0,0,8,8
2024,20240444,Luka Mezgec,7,Stage 7,0,0,0,0,0,0,0,0,0
2024,20240444,Luka Mezgec,8,Stage 8,0,0,0,0,0,0,0,0,0
2024,20240444,Luka Mezgec,9,Stage 9,4,0,0,0,0,0,0,0,4
2024,20240444,Luka Mezgec,10,Stage 10,0,0,0,0,0,0,0,0,0
2024,20240444,Luka Mezgec,11,Stage 11,0,0,0,0,0,0,0,0,0
2024,20240444,Luka Mezgec,12,Stage 12,0,0,0,0,0,0,0,0,0
2024,20240444,Luka Mezgec,13,Stage 13,50,0,0,0,0,0,0,0,50
2024,20240444,Luka Mezgec,14,Stage 14,0,0,0,0,0,0,0,0,0
2024,20240444,Luka Mezgec,15,Stage 15,0,0,0,0,0,0,0,0,0
2024,20240444,Luka Mezgec,16,Stage 16,0,0,0,0,0,0,0,0,0
2024,20240444,Luka Mezgec,17,Stage 17,0,0,0,0,0,0,0,4,4
2024,20240444,Luka Mezgec,18,Stage 18,0,0,0,0,0,0,0,0,0
2024,20240444,Luka Mezgec,19,Stage 19,0,0,0,0,0,0,0,2,2
2024,20240444,Luka Mezgec,20,Stage 20,0,0,0,0,0,0,0,0,0
2024,20240444,Luka Mezgec,21,Stage 21,0,0,0,0,0,0,0,0,0
2024,20240444,Luka Mezgec,22,Final Classifications,0,0,0,0,0,0,0,0,0
2024,20240004,Søren Kragh Andersen,1,Stage 1,0,0,0,0,0,0,0,0,0
2024,20240004,Søren Kragh Andersen,2,Stage 2,0,0,0,0,0,0,0,0,0
2024,20240004,Søren Kragh Andersen,3,Stage 3,0,0,0,0,0,0,0,0,0
2024,20240004,Søren Kragh Andersen,4,Stage 4,0,0,0,0,0,0,0,0,0
2024,20240004,Søren Kragh Andersen,5,Stage 5,0,0,0,0,0,0,0,4,4
2024,20240004,Søren Kragh Andersen,6,Stage 6,0,0,0,0,0,0,0,0,0
2024,20240004,Søren Kragh Andersen,7,Stage 7,0,0,0,0,0,0,0,0,0
2024,20240004,Søren Kragh Andersen,8,Stage 8,50,0,0,0,0,0,0,4,54
2024,20240004,Søren Kragh Andersen,9,Stage 9,0,0,0,0,0,0,0,0,0
2024,20240004,Søren Kragh Andersen,10,Stage 10,0,0,0,0,0,0,0,8,8
2024,20240004,Søren Kragh Andersen,11,Stage 11,0,0,0,0,0,0,0,0,0
2024,20240004,Søren Kragh Andersen,12,Stage 12,0,0,0,0,0,0,0,0,0
2024,20240004,Søren Kragh Andersen,13,Stage 13,0,0,0,0,0,0,0,0,0
2024,20240004,Søren Kragh Andersen,14,Stage 14,0,0,0,0,0,0,0,0,0
2024,20240004,Søren Kragh Andersen,15,Stage 15,0,0,0,0,0,0,0,0,0
2024,20240004,Søren Kragh Andersen,16,Stage 16,0,0,0,0,0,0,0,0,0
2024,20240004,Søren Kragh Andersen,17,Stage 17,0,0,0,0,0,0,0,0,0
2024,20240004,Søren Kragh Andersen,18,Stage 18,0,0,0,0,0,0,0,0,0
2024,20240004,Søren Kragh Andersen,19,Stage 19,0,0,0,0,0,0,0,0,0
2024,20240004,Søren Kragh Andersen,20,Stage 20,0,0,0,0,0,0,0,0,0
2024,20240004,Søren Kragh Andersen,21,Stage 21,0,0,0,0,0,0,0,0,0
2024,20240004,Søren Kragh Andersen,22,Final Classifications,0,0,0,0,0,0,0,0,0
2024,20240013,Jonas Rickaert,1,Stage 1,0,0,0,0,0,0,0,0,0
2024,20240013,Jonas Rickaert,2,Stage 2,0,0,0,0,0,0,0,0,0
2024,20240013,Jonas Rickaert,3,Stage 3,50,0,0,0,0,0,0,0,50
2024,20240013,Jonas Rickaert,4,Stage 4,0,0,0,0,0,0,0,0,0
2024,20240013,Jonas Rickaert,5,Stage 5,0,0,0,0,0,0,0,4,4
2024,20240013,Jonas Rickaert,6,Stage 6,0,0,0,0,0,0,0,0,0
2024,20240013,Jonas Rickaert,7,Stage 7,0,0,0,0,0,0,0,0,0
2024,20240013,Jonas Rickaert,8,Stage 8,0,0,0,0,0,0,0,4,4
2024,20240013,Jonas Rickaert,9,Stage 9,0,0,0,0,0,0,0,0,0
2024,20240013,Jonas Rickaert,10,Stage 10,0,0,0,0,0,0,0,8,8
2024,20240013,Jonas Rickaert,11,Stage 11,0,0,0,0,0,0,0,0,0
2024,20240013,Jonas Rickaert,12,Stage 12,0,0,0,0,0,0,0,0,0
2024,20240013,Jonas Rickaert,13,Stage 13,0,0,0,0,0,0,0,0,0
2024,20240013,Jonas Rickaert,14,Stage 14,0,0,0,0,0,0,0,0,0
2024,20240013,Jonas Rickaert,15,Stage 15,0,0,0,0,0,0,0,0,0
2024,20240013,Jonas Rickaert,16,Stage 16,0,0,0,0,0,0,0,0,0
2024,20240013,Jonas Rickaert,17,Stage 17,0,0,0,0,0,0,0,0,0
2024,20240013,Jonas Rickaert,18,Stage 18,0,0,0,0,0,0,0,0,0
2024,20240013,Jonas Rickaert,19,Stage 19,0,0,0,0,0,0,0,0,0
2024,20240013,Jonas Rickaert,20,Stage 20,0,0,0,0,0,0,0,0,0
2024,20240013,Jonas Rickaert,21,Stage 21,0,0,0,0,0,0,0,0,0
2024,20240013,Jonas Rickaert,22,Final Classifications,0,0,0,0,0,0,0,0,0
2024,20240120,Danny Van Poppel,1,Stage 1,0,0,0,0,0,0,0,0,0
2024,20240120,Danny Van Poppel,2,Stage 2,0,0,0,0,0,0,0,0,0
2024,20240120,Danny Van Poppel,3,Stage 3,0,0,0,0,0,0,0,0,0
2024,20240120,Danny Van Poppel,4,Stage 4,0,0,0,0,0,0,0,0,0
2024,20240120,Danny Van Poppel,5,Stage 5,0,0,0,0,0,0,0,0,0
2024,20240120,Danny Van Poppel,6,Stage 6,0,0,0,0,0,0,0,0,0
2024,20240120,Danny Van Poppel,7,Stage 7,0,0,0,0,0,0,0,0,0
2024,20240120,Danny Van Poppel,8,Stage 8,0,0,0,0,0,0,0,2,2
2024,20240120,Danny Van Poppel,9,Stage 9,0,0,0,0,0,0,0,0,0
2024,20240120,Danny Van Poppel,10,Stage 10,0,0,0,0,0,0,0,0,0
2024,20240120,Danny Van Poppel,11,Stage 11,0,0,0,0,0,0,0,0,0
2024,20240120,Danny Van Poppel,12,Stage 12,0,0,0,0,0,0,0,0,0
2024,20240120,Danny Van Poppel,13,Stage 13,0,0,0,0,0,0,0,0,0
2024,20240120,Danny Van Poppel,14,Stage 14,0,0,0,0,0,0,0,0,0
2024,20240120,Danny Van Poppel,15,Stage 15,0,0,0,0,0,0,0,0,0
2024,20240120,Danny Van Poppel,16,Stage 16,60,0,0,0,0,0,0,0,60
2024,20240120,Danny Van Poppel,17,Stage 17,0,0,0,0,0,0,0,0,0
2024,20240120,Danny Van Poppel,18,Stage 18,0,0,0,0,0,0,0,0,0
2024,20240120,Danny Van Poppel,19,Stage 19,0,0,0,0,0,0,0,0,0
2024,20240120,Danny Van Poppel,20,Stage 20,0,0,0,0,0,0,0,0,0
2024,20240120,Danny Van Poppel,21,Stage 21,0,0,0,0,0,0,0,0,0
2024,20240120,Danny Van Poppel,22,Final Classifications,0,0,0,0,0,0,0,0,0
2024,20240236,Stefan Küng,1,Stage 1,0,0,0,0,0,0,0,0,0
2024,20240236,Stefan Küng,2,Stage 2,0,0,0,0,0,0,0,2,2
2024,20240236,Stefan Küng,3,Stage 3,0,0,0,0,0,0,0,0,0
2024,20240236,Stefan Küng,4,Stage 4,0,0,0,0,0,0,0,0,0
2024,20240236,Stefan Küng,5,Stage 5,0,0,0,0,0,0,0,0,0
2024,20240236,Stefan Küng,6,Stage 6,0,0,0,0,0,0,0,0,0
2024,20240236,Stefan Küng,7,Stage 7,60,0,0,0,0,0,0,0,60
2024,20240236,Stefan Küng,8,Stage 8,0,0,0,0,0,0,0,0,0
2024,20240236,Stefan Küng,9,Stage 9,0,0,0,0,0,0,0,0,0
2024,20240236,Stefan Küng,10,Stage 10,0,0,0,0,0,0,0,0,0
2024,20240236,Stefan Küng,11,Stage 11,0,0,0,0,0,0,0,0,0
2024,20240236,Stefan Küng,12,Stage 12,0,0,0,0,0,0,0,0,0
2024,20240236,Stefan Küng,13,Stage 13,0,0,0,0,0,0,0,0,0
2024,20240236,Stefan Küng,14,Stage 14,0,0,0,0,0,0,0,0,0
2024,20240236,Stefan Küng,15,Stage 15,0,0,0,0,0,0,0,0,0
2024,20240236,Stefan Küng,16,Stage 16,0,0,0,0,0,0,0,0,0
2024,20240236,Stefan Küng,17,Stage 17,0,0,0,0,0,0,0,0,0
2024,20240236,Stefan Küng,18,Stage 18,0,0,0,0,0,0,0,0,0
2024,20240236,Stefan Küng,19,Stage 19,0,0,0,0,0,0,0,0,0
2024,20240236,Stefan Küng,20,Stage 20,0,0,0,0,0,0,0,0,0
2024,20240236,Stefan Küng,21,Stage 21,0,0,0,0,0,0,0,0,0
2024,20240236,Stefan Küng,22,Final Classifications,0,0,0,0,0,0,0,0,0
2024,20240423,Bram Welten,1,Stage 1,0,0,0,0,0,0,0,32,32
2024,20240423,Bram Welten,2,Stage 2,0,0,0,0,0,0,0,0,0
2024,20240423,Bram Welten,3,Stage 3,0,0,0,0,0,0,0,0,0
2024,20240423,Bram Welten,4,Stage 4,0,0,0,0,0,0,0,0,0
2024,20240423,Bram Welten,5,Stage 5,0,0,0,0,0,0,0,0,0
2024,20240423,Bram Welten,6,Stage 6,0,0,0,0,0,0,0,0,0
2024,20240423,Bram Welten,7,Stage 7,0,0,0,0,0,0,0,0,0
2024,20240423,Bram Welten,8,Stage 8,0,0,0,0,0,0,0,0,0
2024,20240423,Bram Welten,9,Stage 9,0,0,0,0,0,0,0,0,0
2024,20240423,Bram Welten,10,Stage 10,0,0,0,0,0,0,0,0,0
2024,20240423,Bram Welten,11,Stage 11,0,0,0,0,0,0,0,0,0
2024,20240423,Bram Welten,12,Stage 12,30,0,0,0,0,0,0,0,30
2024,20240423,Bram Welten,13,Stage 13,0,0,0,0,0,0,0,0,0
2024,20240423,Bram Welten,14,Stage 14,0,0,0,0,0,0,0,0,0
2024,20240423,Bram Welten,15,Stage 15,0,0,0,0,0,0,0,0,0
2024,20240423,Bram Welten,16,Stage 16,0,0,0,0,0,0,0,0,0
2024,20240423,Bram Welten,17,Stage 17,0,0,0,0,0,0,0,0,0
2024,20240423,Bram Welten,18,Stage 18,0,0,0,0,0,0,0,0,0
2024,20240423,Bram Welten,19,Stage 19,0,0,0,0,0,0,0,0,0
2024,20240423,Bram Welten,20,Stage 20,0,0,0,0,0,0,0,0,0
2024,20240423,Bram Welten,21,Stage 21,0,0,0,0,0,0,0,0,0
2024,20240423,Bram Welten,22,Final Classifications,0,0,0,0,0,0,0,0,0
2024,20240156,Piet Allegaert,1,Stage 1,0,0,0,0,0,0,0,0,0
2024,20240156,Piet Allegaert,2,Stage 2,0,0,0,0,0,0,0,0,0
2024,20240156,Piet Allegaert,3,Stage 3,0,0,0,0,0,0,0,0,0
2024,20240156,Piet Allegaert,4,Stage 4,0,0,0,0,0,0,0,0,0
2024,20240156,Piet Allegaert,5,Stage 5,0,0,0,0,0,0,0,0,0
2024,20240156,Piet Allegaert,6,Stage 6,60,0,0,0,0,0,0,0,60
2024,20240156,Piet Allegaert,7,Stage 7,0,0,0,0,0,0,0,0,0
2024,20240156,Piet Allegaert,8,Stage 8,0,0,0,0,0,0,0,0,0
2024,20240156,Piet Allegaert,9,Stage 9,0,0,0,0,0,0,0,0,0
2024,20240156,Piet Allegaert,10,Stage 10,0,0,0,0,0,0,0,0,0
2024,20240156,Piet Allegaert,11,Stage 11,0,0,0,0,0,0,0,0,0
2024,20240156,Piet Allegaert,12,Stage 12,0,0,0,0,0,0,0,0,0
2024,20240156,Piet Allegaert,13,Stage 13,0,0,0,0,0,0,0,0,0
2024,20240156,Piet Allegaert,14,Stage 14,0,0,0,0,0,0,0,0,0
2024,20240156,Piet Allegaert,15,Stage 15,0,0,0,0,0,0,0,0,0
2024,20240156,Piet Allegaert,16,Stage 16,0,0,0,0,0,0,0,0,0
2024,20240156,Piet Allegaert,17,Stage 17,0,0,0,0,0,0,0,0,0
2024,20240156,Piet Allegaert,18,Stage 18,0,0,0,0,0,0,0,0,0
2024,20240156,Piet Allegaert,19,Stage 19,0,0,0,0,0,0,0,0,0
2024,20240156,Piet Allegaert,20,Stage 20,0,0,0,0,0,0,0,0,0
2024,20240156,Piet Allegaert,21,Stage 21,0,0,0,0,0,0,0,0,0
2024,20240156,Piet Allegaert,22,Final Classifications,0,0,0,0,0,0,0,0,0
2024,20240665,Jakob Fuglsang,1,Stage 1,0,0,0,0,0,0,0,0,0
2024,20240665,Jakob Fuglsang,2,Stage 2,0,0,0,0,0,0,0,0,0
2024,20240665,Jakob Fuglsang,3,Stage 3,0,0,0,0,0,0,0,0,0
2024,20240665,Jakob Fuglsang,4,Stage 4,0,0,0,0,0,0,0,0,0
2024,20240665,Jakob Fuglsang,5,Stage 5,0,0,0,0,0,0,0,0,0
2024,20240665,Jakob Fuglsang,6,Stage 6,0,0,0,0,0,0,0,0,0
2024,20240665,Jakob Fuglsang,7,Stage 7,0,0,0,0,0,0,0,0,0
2024,20240665,Jakob Fuglsang,8,Stage 8,0,0,0,0,0,0,0,0,0
2024,20240665,Jakob Fuglsang,9,Stage 9,30,0,0,0,0,0,0,2,32
2024,20240665,Jakob Fuglsang,10,Stage 10,0,0,0,0,0,0,0,2,2
2024,20240665,Jakob Fuglsang,11,Stage 11,0,0,0,0,0,0,0,0,0
2024,20240665,Jakob Fuglsang,12,Stage 12,0,0,0,0,0,0,0,2,2
2024,20240665,Jakob Fuglsang,13,Stage 13,0,0,0,0,0,0,0,2,2
2024,20240665,Jakob Fuglsang,14,Stage 14,0,0,0,0,0,0,0,0,0
2024,20240665,Jakob Fuglsang,15,Stage 15,0,0,0,0,0,0,20,0,20
2024,20240665,Jakob Fuglsang,16,Stage 16,0,0,0,0,1,0,0,0,1
2024,20240665,Jakob Fuglsang,17,Stage 17,0,0,0,0,0,0,0,0,0
2024,20240665,Jakob Fuglsang,18,Stage 18,0,0,0,0,0,0,0,0,0
2024,20240665,Jakob Fuglsang,19,Stage 19,0,0,0,0,0,0,0,0,0
2024,20240665,Jakob Fuglsang,20,Stage 20,0,0,0,0,0,0,0,0,0
2024,20240665,Jakob Fuglsang,21,Stage 21,0,0,0,0,0,0,0,0,0
2024,20240665,Jakob Fuglsang,22,Final Classifications,0,0,0,0,0,0,0,0,0
2024,20240270,Jonathan Castroviejo,1,Stage 1,0,0,0,0,0,0,0,2,2
2024,20240270,Jonathan Castroviejo,2,Stage 2,0,0,0,0,0,0,0,2,2
2024,20240270,Jonathan Castroviejo,3,Stage 3,0,0,0,0,0,0,0,2,2
2024,20240270,Jonathan Castroviejo,4,Stage 4,0,0,0,0,0,0,0,4,4
2024,20240270,Jonathan Castroviejo,5,Stage 5,0,0,0,0,0,0,0,4,4
2024,20240270,Jonathan Castroviejo,6,Stage 6,0,0,0,0,0,0,0,4,4
2024,20240270,Jonathan Castroviejo,7,Stage 7,0,0,0,0,0,0,0,0,0
2024,20240270,Jonathan Castroviejo,8,Stage 8,0,0,0,0,0,0,0,0,0
2024,20240270,Jonathan Castroviejo,9,Stage 9,0,0,0,0,0,0,0,6,6
2024,20240270,Jonathan Castroviejo,10,Stage 10,0,0,0,0,0,0,0,2,2
2024,20240270,Jonathan Castroviejo,11,Stage 11,0,0,0,0,0,0,0,2,2
2024,20240270,Jonathan Castroviejo,12,Stage 12,0,0,0,0,0,0,0,2,2
2024,20240270,Jonathan Castroviejo,13,Stage 13,0,0,0,0,0,0,0,2,2
2024,20240270,Jonathan Castroviejo,14,Stage 14,0,0,0,0,0,0,0,0,0
2024,20240270,Jonathan Castroviejo,15,Stage 15,0,0,0,0,0,0,0,0,0
2024,20240270,Jonathan Castroviejo,16,Stage 16,0,0,0,0,0,0,0,0,0
2024,20240270,Jonathan Castroviejo,17,Stage 17,0,0,0,0,0,0,0,0,0
2024,20240270,Jonathan Castroviejo,18,Stage 18,0,0,0,0,0,0,0,4,4
2024,20240270,Jonathan Castroviejo,19,Stage 19,0,0,0,0,0,0,0,0,0
2024,20240270,Jonathan Castroviejo,20,Stage 20,0,0,0,0,0,0,0,2,2
2024,20240270,Jonathan Castroviejo,21,Stage 21,0,0,0,0,0,0,0,0,0
2024,20240270,Jonathan Castroviejo,22,Final Classifications,0,0,0,0,0,0,0,0,20
2024,20240277,Ben Turner,1,Stage 1,0,0,0,0,0,0,0,2,2
2024,20240277,Ben Turner,2,Stage 2,0,0,0,0,0,0,0,0,2
2024,20240277,Ben Turner,3,Stage 3,0,0,0,0,0,0,0,2,2
2024,20240277,Ben Turner,4,Stage 4,0,0,0,0,0,0,0,4,4
2024,20240277,Ben Turner,5,Stage 5,0,0,0,0,0,0,0,4,4
2024,20240277,Ben Turner,6,Stage 6,0,0,0,0,0,0,0,4,4
2024,20240277,Ben Turner,7,Stage 7,0,0,0,0,0,0,0,0,0
2024,20240277,Ben Turner,8,Stage 8,0,0,0,0,0,0,0,0,0
2024,20240277,Ben Turner,9,Stage 9,0,0,0,0,0,0,0,6,6
2024,20240277,Ben Turner,10,Stage 10,0,0,0,0,0,0,0,2,2
2024,20240277,Ben Turner,11,Stage 11,0,0,0,0,0,0,0,2,2
2024,20240277,Ben Turner,12,Stage 12,0,0,0,0,0,0,0,2,2
2024,20240277,Ben Turner,13,Stage 13,0,0,0,0,0,0,0,2,2
2024,20240277,Ben Turner,14,Stage 14,0,0,0,0,0,0,0,0,0
2024,20240277,Ben Turner,15,Stage 15,0,0,0,0,0,0,0,0,0
2024,20240277,Ben Turner,16,Stage 16,0,0,0,0,0,0,0,0,0
2024,20240277,Ben Turner,17,Stage 17,0,0,0,0,0,0,0,0,0
2024,20240277,Ben Turner,18,Stage 18,0,0,0,0,0,0,0,4,4
2024,20240277,Ben Turner,19,Stage 19,0,0,0,0,0,0,0,0,0
2024,20240277,Ben Turner,20,Stage 20,0,0,0,0,0,0,0,2,2
2024,20240277,Ben Turner,21,Stage 21,0,0,0,0,0,0,0,0,0
2024,20240277,Ben Turner,22,Final Classifications,0,0,0,0,0,0,0,0,20
2024,20240456,Christopher Juul-Jensen,1,Stage 1,0,0,0,0,0,0,0,0,0
2024,20240456,Christopher Juul-Jensen,2,Stage 2,0,0,0,0,0,0,0,0,0
2024,20240456,Christopher Juul-Jensen,3,Stage 3,0,0,0,0,0,0,0,0,0
2024,20240456,Christopher Juul-Jensen,4,Stage 4,0,0,0,0,0,0,20,0,20
2024,20240456,Christopher Juul-Jensen,5,Stage 5,0,0,0,0,0,0,0,0,0
2024,20240456,Christopher Juul-Jensen,6,Stage 6,0,0,0,0,0,0,0,8,8
2024,20240456,Christopher Juul-Jensen,7,Stage 7,0,0,0,0,0,0,0,0,0
2024,20240456,Christopher Juul-Jensen,8,Stage 8,0,0,0,0,0,0,0,0,0
2024,20240456,Christopher Juul-Jensen,9,Stage 9,0,0,0,0,0,0,0,0,0
2024,20240456,Christopher Juul-Jensen,10,Stage 10,0,0,0,0,0,0,0,0,0
2024,20240456,Christopher Juul-Jensen,11,Stage 11,0,0,0,0,0,0,0,0,0
2024,20240456,Christopher Juul-Jensen,12,Stage 12,0,0,0,0,0,0,0,0,0
2024,20240456,Christopher Juul-Jensen,13,Stage 13,0,0,0,0,0,0,0,0,0
2024,20240456,Christopher Juul-Jensen,14,Stage 14,0,0,0,0,0,0,20,0,20
2024,20240456,Christopher Juul-Jensen,15,Stage 15,0,0,0,0,0,0,0,0,0
2024,20240456,Christopher Juul-Jensen,16,Stage 16,0,0,0,0,0,0,0,0,0
2024,20240456,Christopher Juul-Jensen,17,Stage 17,0,0,0,0,0,0,0,4,4
2024,20240456,Christopher Juul-Jensen,18,Stage 18,0,0,0,0,0,0,0,0,0
2024,20240456,Christopher Juul-Jensen,19,Stage 19,0,0,0,0,0,0,0,2,2
2024,20240456,Christopher Juul-Jensen,20,Stage 20,0,0,0,0,0,0,0,0,0
2024,20240456,Christopher Juul-Jensen,21,Stage 21,0,0,0,0,0,0,0,0,0
2024,20240456,Christopher Juul-Jensen,22,Final Classifications,0,0,0,0,0,0,0,0,0
2024,20240405,Warren Barguil,1,Stage 1,0,0,0,0,0,0,0,32,32
2024,20240405,Warren Barguil,2,Stage 2,0,0,0,0,0,0,0,0,0
2024,20240405,Warren Barguil,3,Stage 3,0,0,0,0,0,0,0,0,0
2024,20240405,Warren Barguil,4,Stage 4,0,0,0,0,0,0,20,0,20
2024,20240405,Warren Barguil,5,Stage 5,0,0,0,0,0,0,0,0,0
2024,20240405,Warren Barguil,6,Stage 6,0,0,0,0,0,0,0,0,0
2024,20240405,Warren Barguil,7,Stage 7,0,0,0,0,0,0,0,0,0
2024,20240405,Warren Barguil,8,Stage 8,0,0,0,0,0,0,0,0,0
2024,20240405,Warren Barguil,9,Stage 9,0,0,0,0,0,0,0,0,0
2024,20240405,Warren Barguil,10,Stage 10,0,0,0,0,0,0,0,0,0
2024,20240405,Warren Barguil,11,Stage 11,0,0,0,0,0,0,0,0,0
2024,20240405,Warren Barguil,12,Stage 12,0,0,0,0,0,0,0,0,0
2024,20240405,Warren Barguil,13,Stage 13,0,0,0,0,0,0,0,0,0
2024,20240405,Warren Barguil,14,Stage 14,0,0,0,0,0,0,0,0,0
2024,20240405,Warren Barguil,15,Stage 15,0,0,0,0,0,0,0,0,0
2024,20240405,Warren Barguil,16,Stage 16,0,0,0,0,0,0,0,0,0
2024,20240405,Warren Barguil,17,Stage 17,0,0,0,0,0,0,0,0,0
2024,20240405,Warren Barguil,18,Stage 18,0,0,0,0,0,0,0,0,0
2024,20240405,Warren Barguil,19,Stage 19,0,0,0,0,0,0,0,0,0
2024,20240405,Warren Barguil,20,Stage 20,0,0,0,0,0,0,0,0,0
2024,20240405,Warren Barguil,21,Stage 21,0,0,0,0,0,0,0,0,0
2024,20240405,Warren Barguil,22,Final Classifications,0,0,0,0,0,0,0,0,0
2024,20240190,Oliver Naesen,1,Stage 1,0,0,0,0,0,0,0,0,0
2024,20240190,Oliver Naesen,2,Stage 2,0,0,0,0,0,0,0,0,0
2024,20240190,Oliver Naesen,3,Stage 3,0,0,0,0,0,0,0,0,0
2024,20240190,Oliver Naesen,4,Stage 4,0,0,0,0,0,0,0,0,0
2024,20240190,Oliver Naesen,5,Stage 5,0,0,0,0,0,0,0,0,0
2024,20240190,Oliver Naesen,6,Stage 6,4,0,0,0,0,0,0,0,4
2024,20240190,Oliver Naesen,7,Stage 7,0,0,0,0,0,0,0,0,0
2024,20240190,Oliver Naesen,8,Stage 8,0,0,0,0,0,0,0,0,0
2024,20240190,Oliver Naesen,9,Stage 9,0,0,0,0,0,0,0,0,0
2024,20240190,Oliver Naesen,10,Stage 10,40,0,0,0,0,0,0,0,40
2024,20240190,Oliver Naesen,11,Stage 11,0,0,0,0,0,0,0,0,0
2024,20240190,Oliver Naesen,12,Stage 12,0,0,0,0,0,0,0,0,0
2024,20240190,Oliver Naesen,13,Stage 13,8,0,0,0,0,0,0,0,8
2024,20240190,Oliver Naesen,14,Stage 14,0,0,0,0,0,0,0,0,0
2024,20240190,Oliver Naesen,15,Stage 15,0,0,0,0,0,0,0,0,0
2024,20240190,Oliver Naesen,16,Stage 16,0,0,0,0,0,0,0,0,0
2024,20240190,Oliver Naesen,17,Stage 17,0,0,0,0,0,0,0,0,0
2024,20240190,Oliver Naesen,18,Stage 18,0,0,0,0,0,0,0,0,0
2024,20240190,Oliver Naesen,19,Stage 19,0,0,0,0,0,0,0,0,0
2024,20240190,Oliver Naesen,20,Stage 20,0,0,0,0,0,0,0,0,0
2024,20240190,Oliver Naesen,21,Stage 21,0,0,0,0,0,0,0,0,0
2024,20240190,Oliver Naesen,22,Final Classifications,0,0,0,0,0,0,0,0,0
2024,20240182,Dorian Godon,1,Stage 1,0,0,0,0,0,0,0,0,0
2024,20240182,Dorian Godon,2,Stage 2,0,0,0,0,0,0,0,0,0
2024,20240182,Dorian Godon,3,Stage 3,0,0,0,0,0,0,0,0,0
2024,20240182,Dorian Godon,4,Stage 4,0,0,0,0,0,0,0,0,0
2024,20240182,Dorian Godon,5,Stage 5,0,0,0,0,0,0,0,0,0
2024,20240182,Dorian Godon,6,Stage 6,0,0,0,0,1,0,0,0,1
2024,20240182,Dorian Godon,7,Stage 7,0,0,0,0,0,0,0,0,0
2024,20240182,Dorian Godon,8,Stage 8,0,0,0,0,0,0,0,0,0
2024,20240182,Dorian Godon,9,Stage 9,0,0,0,0,0,0,0,0,0
2024,20240182,Dorian Godon,10,Stage 10,0,0,0,0,0,0,0,0,0
2024,20240182,Dorian Godon,11,Stage 11,0,0,0,0,0,0,0,0,0
2024,20240182,Dorian Godon,12,Stage 12,0,0,0,0,0,0,0,0,0
2024,20240182,Dorian Godon,13,Stage 13,0,0,0,0,0,0,0,0,0
2024,20240182,Dorian Godon,14,Stage 14,0,0,0,0,0,0,0,0,0
2024,20240182,Dorian Godon,15,Stage 15,0,0,0,0,0,0,0,0,0
2024,20240182,Dorian Godon,16,Stage 16,0,0,0,0,0,0,0,0,0
2024,20240182,Dorian Godon,17,Stage 17,0,0,0,0,0,0,0,0,0
2024,20240182,Dorian Godon,18,Stage 18,50,0,0,0,0,0,0,0,50
2024,20240182,Dorian Godon,19,Stage 19,0,0,0,0,0,0,0,0,0
2024,20240182,Dorian Godon,20,Stage 20,0,0,0,0,0,0,0,0,0
2024,20240182,Dorian Godon,21,Stage 21,0,0,0,0,0,0,0,0,0
2024,20240182,Dorian Godon,22,Final Classifications,0,0,0,0,0,0,0,0,0
2024,20240304,Laurenz Rex,1,Stage 1,0,0,0,0,0,0,0,0,0
2024,20240304,Laurenz Rex,2,Stage 2,0,0,0,0,0,0,0,0,0
2024,20240304,Laurenz Rex,3,Stage 3,0,0,0,0,0,0,0,8,8
2024,20240304,Laurenz Rex,4,Stage 4,0,0,0,0,0,0,0,0,0
2024,20240304,Laurenz Rex,5,Stage 5,0,0,0,0,0,0,0,0,0
2024,20240304,Laurenz Rex,6,Stage 6,0,0,0,0,2,0,0,4,6
2024,20240304,Laurenz Rex,7,Stage 7,0,0,0,0,0,0,0,0,0
2024,20240304,Laurenz Rex,8,Stage 8,0,0,0,0,0,0,0,8,8
2024,20240304,Laurenz Rex,9,Stage 9,0,0,0,0,0,0,0,0,0
2024,20240304,Laurenz Rex,10,Stage 10,0,0,0,0,0,0,0,4,4
2024,20240304,Laurenz Rex,11,Stage 11,0,0,0,0,0,0,0,0,0
2024,20240304,Laurenz Rex,12,Stage 12,0,0,0,0,2,0,0,8,10
2024,20240304,Laurenz Rex,13,Stage 13,12,0,0,0,0,0,0,0,12
2024,20240304,Laurenz Rex,14,Stage 14,0,0,0,0,0,0,0,0,0
2024,20240304,Laurenz Rex,15,Stage 15,0,0,0,0,0,0,0,0,0
2024,20240304,Laurenz Rex,16,Stage 16,0,0,0,0,3,0,0,0,3
2024,20240304,Laurenz Rex,17,Stage 17,0,0,0,0,0,0,0,0,0
2024,20240304,Laurenz Rex,18,Stage 18,0,0,0,0,0,0,0,0,0
2024,20240304,Laurenz Rex,19,Stage 19,0,0,0,0,0,0,0,0,0
2024,20240304,Laurenz Rex,20,Stage 20,0,0,0,0,0,0,0,0,0
2024,20240304,Laurenz Rex,21,Stage 21,0,0,0,0,0,0,0,0,0
2024,20240304,Laurenz Rex,22,Final Classifications,0,0,0,0,0,0,0,0,0
2024,20240295,Hugo Page,1,Stage 1,0,0,0,0,0,0,0,0,0
2024,20240295,Hugo Page,2,Stage 2,0,0,0,0,0,0,0,0,0
2024,20240295,Hugo Page,3,Stage 3,0,0,0,0,0,0,0,8,8
2024,20240295,Hugo Page,4,Stage 4,0,0,0,0,0,0,0,0,0
2024,20240295,Hugo Page,5,Stage 5,0,0,0,0,0,0,0,0,0
2024,20240295,Hugo Page,6,Stage 6,0,0,0,0,0,0,0,4,4
2024,20240295,Hugo Page,7,Stage 7,0,0,0,0,0,0,0,0,0
2024,20240295,Hugo Page,8,Stage 8,0,0,0,0,0,0,0,8,8
2024,20240295,Hugo Page,9,Stage 9,16,0,0,0,0,0,0,0,16
2024,20240295,Hugo Page,10,Stage 10,0,0,0,0,0,0,0,4,4
2024,20240295,Hugo Page,11,Stage 11,0,0,0,0,0,0,0,0,0
2024,20240295,Hugo Page,12,Stage 12,0,0,0,0,0,0,0,8,8
2024,20240295,Hugo Page,13,Stage 13,0,0,0,0,0,0,0,0,0
2024,20240295,Hugo Page,14,Stage 14,0,0,0,0,0,0,0,0,0
2024,20240295,Hugo Page,15,Stage 15,0,0,0,0,0,0,0,0,0
2024,20240295,Hugo Page,16,Stage 16,0,0,0,0,0,0,0,0,0
2024,20240295,Hugo Page,17,Stage 17,0,0,0,0,0,0,0,0,0
2024,20240295,Hugo Page,18,Stage 18,0,0,0,0,0,0,0,0,0
2024,20240295,Hugo Page,19,Stage 19,0,0,0,0,0,0,0,0,0
2024,20240295,Hugo Page,20,Stage 20,0,0,0,0,0,0,0,0,0
2024,20240295,Hugo Page,21,Stage 21,0,0,0,0,0,0,0,0,0
2024,20240295,Hugo Page,22,Final Classifications,0,0,0,0,0,0,0,0,0
2024,20240816,Mathieu Burgaudeau,1,Stage 1,0,0,0,0,0,0,0,0,0
2024,20240816,Mathieu Burgaudeau,2,Stage 2,0,0,0,0,0,0,0,0,0
2024,20240816,Mathieu Burgaudeau,3,Stage 3,0,0,0,0,0,0,0,0,0
2024,20240816,Mathieu Burgaudeau,4,Stage 4,0,0,0,0,0,0,20,0,20
2024,20240816,Mathieu Burgaudeau,5,Stage 5,0,0,0,0,0,0,0,0,0
2024,20240816,Mathieu Burgaudeau,6,Stage 6,0,0,0,0,0,0,0,0,0
2024,20240816,Mathieu Burgaudeau,7,Stage 7,0,0,0,0,0,0,0,0,0
2024,20240816,Mathieu Burgaudeau,8,Stage 8,0,0,0,0,0,0,0,0,0
2024,20240816,Mathieu Burgaudeau,9,Stage 9,0,0,0,0,0,0,0,8,8
2024,20240816,Mathieu Burgaudeau,10,Stage 10,0,0,0,0,0,0,0,0,0
2024,20240816,Mathieu Burgaudeau,11,Stage 11,0,0,0,0,0,0,0,0,0
2024,20240816,Mathieu Burgaudeau,12,Stage 12,0,0,0,0,0,0,0,0,0
2024,20240816,Mathieu Burgaudeau,13,Stage 13,0,0,0,0,0,0,0,0,0
2024,20240816,Mathieu Burgaudeau,14,Stage 14,0,0,0,0,0,0,0,0,0
2024,20240816,Mathieu Burgaudeau,15,Stage 15,0,0,0,0,0,0,0,0,0
2024,20240816,Mathieu Burgaudeau,16,Stage 16,0,0,0,0,0,0,0,0,0
2024,20240816,Mathieu Burgaudeau,17,Stage 17,0,0,0,0,0,0,0,0,0
2024,20240816,Mathieu Burgaudeau,18,Stage 18,16,0,0,0,0,0,0,4,20
2024,20240816,Mathieu Burgaudeau,19,Stage 19,0,0,0,0,0,0,0,0,0
2024,20240816,Mathieu Burgaudeau,20,Stage 20,0,0,0,0,0,0,0,0,0
2024,20240816,Mathieu Burgaudeau,21,Stage 21,0,0,0,0,0,0,0,0,0
2024,20240816,Mathieu Burgaudeau,22,Final Classifications,0,0,0,0,0,0,0,0,0
2024,20240869,Rasmus Tiller,1,Stage 1,0,0,0,0,0,0,0,0,0
2024,20240869,Rasmus Tiller,2,Stage 2,0,0,0,0,0,0,0,4,4
2024,20240869,Rasmus Tiller,3,Stage 3,0,0,0,0,0,0,0,0,0
2024,20240869,Rasmus Tiller,4,Stage 4,0,0,0,0,0,0,0,0,0
2024,20240869,Rasmus Tiller,5,Stage 5,0,0,0,0,0,0,0,2,2
2024,20240869,Rasmus Tiller,6,Stage 6,0,0,0,0,0,0,0,0,0
2024,20240869,Rasmus Tiller,7,Stage 7,0,0,0,0,0,0,0,0,0
2024,20240869,Rasmus Tiller,8,Stage 8,0,0,0,0,0,0,0,0,0
2024,20240869,Rasmus Tiller,9,Stage 9,40,0,0,0,0,0,0,0,40
2024,20240869,Rasmus Tiller,10,Stage 10,0,0,0,0,0,0,0,0,0
2024,20240869,Rasmus Tiller,11,Stage 11,0,0,0,0,0,0,0,0,0
2024,20240869,Rasmus Tiller,12,Stage 12,0,0,0,0,0,0,0,0,0
2024,20240869,Rasmus Tiller,13,Stage 13,0,0,0,0,0,0,0,0,0
2024,20240869,Rasmus Tiller,14,Stage 14,0,0,0,0,0,0,0,0,0
2024,20240869,Rasmus Tiller,15,Stage 15,0,0,0,0,0,0,0,0,0
2024,20240869,Rasmus Tiller,16,Stage 16,0,0,0,0,0,0,0,2,2
2024,20240869,Rasmus Tiller,17,Stage 17,0,0,0,0,0,0,0,0,0
2024,20240869,Rasmus Tiller,18,Stage 18,0,0,0,0,0,0,0,0,0
2024,20240869,Rasmus Tiller,19,Stage 19,0,0,0,0,0,0,0,0,0
2024,20240869,Rasmus Tiller,20,Stage 20,0,0,0,0,0,0,0,0,0
2024,20240869,Rasmus Tiller,21,Stage 21,0,0,0,0,0,0,0,0,0
2024,20240869,Rasmus Tiller,22,Final Classifications,0,0,0,0,0,0,0,0,0
2024,20240293,Georg Zimmermann,1,Stage 1,0,0,0,0,0,0,0,0,0
2024,20240293,Georg Zimmermann,2,Stage 2,0,0,0,0,0,0,0,0,0
2024,20240293,Georg Zimmermann,3,Stage 3,0,0,0,0,0,0,0,8,8
2024,20240293,Georg Zimmermann,4,Stage 4,0,0,0,0,2,0,0,0,2
2024,20240293,Georg Zimmermann,5,Stage 5,0,0,0,0,0,0,0,0,0
2024,20240293,Georg Zimmermann,6,Stage 6,0,0,0,0,0,0,0,4,4
2024,20240293,Georg Zimmermann,7,Stage 7,0,0,0,0,0,0,0,0,0
2024,20240293,Georg Zimmermann,8,Stage 8,0,0,0,0,0,0,0,8,8
2024,20240293,Georg Zimmermann,9,Stage 9,0,0,0,0,0,0,0,0,0
2024,20240293,Georg Zimmermann,10,Stage 10,0,0,0,0,0,0,0,4,4
2024,20240293,Georg Zimmermann,11,Stage 11,0,0,0,0,0,0,0,0,0
2024,20240293,Georg Zimmermann,12,Stage 12,0,0,0,0,0,0,0,8,8
2024,20240293,Georg Zimmermann,13,Stage 13,0,0,0,0,0,0,0,0,0
2024,20240293,Georg Zimmermann,14,Stage 14,0,0,0,0,0,0,0,0,0
2024,20240293,Georg Zimmermann,15,Stage 15,0,0,0,0,0,0,0,0,0
2024,20240293,Georg Zimmermann,16,Stage 16,0,0,0,0,0,0,0,0,0
2024,20240293,Georg Zimmermann,17,Stage 17,0,0,0,0,0,0,0,0,0
2024,20240293,Georg Zimmermann,18,Stage 18,0,0,0,0,12,0,0,0,12
2024,20240293,Georg Zimmermann,19,Stage 19,0,0,0,0,0,0,0,0,0
2024,20240293,Georg Zimmermann,20,Stage 20,0,0,0,0,0,0,0,0,0
2024,20240293,Georg Zimmermann,21,Stage 21,0,0,0,0,0,0,0,0,0
2024,20240293,Georg Zimmermann,22,Final Classifications,0,0,0,0,0,0,0,0,0
2024,20240358,Gregor Mühlberger,1,Stage 1,0,0,0,0,0,0,0,0,0
2024,20240358,Gregor Mühlberger,2,Stage 2,0,0,0,0,0,0,0,8,8
2024,20240358,Gregor Mühlberger,3,Stage 3,0,0,0,0,0,0,0,12,12
2024,20240358,Gregor Mühlberger,4,Stage 4,8,0,0,0,0,0,0,0,8
2024,20240358,Gregor Mühlberger,5,Stage 5,0,0,0,0,0,0,0,0,0
2024,20240358,Gregor Mühlberger,6,Stage 6,0,0,0,0,0,0,0,2,2
2024,20240358,Gregor Mühlberger,7,Stage 7,0,0,0,0,0,0,0,0,0
2024,20240358,Gregor Mühlberger,8,Stage 8,0,0,0,0,0,0,0,0,0
2024,20240358,Gregor Mühlberger,9,Stage 9,0,0,0,0,0,0,0,0,0
2024,20240358,Gregor Mühlberger,10,Stage 10,0,0,0,0,0,0,0,0,0
2024,20240358,Gregor Mühlberger,11,Stage 11,0,0,0,0,0,0,0,0,0
2024,20240358,Gregor Mühlberger,12,Stage 12,0,0,0,0,0,0,0,0,0
2024,20240358,Gregor Mühlberger,13,Stage 13,0,0,0,0,0,0,0,0,0
2024,20240358,Gregor Mühlberger,14,Stage 14,12,0,0,0,0,0,0,0,12
2024,20240358,Gregor Mühlberger,15,Stage 15,0,0,0,0,2,0,0,0,2
2024,20240358,Gregor Mühlberger,16,Stage 16,0,0,0,0,0,0,0,0,0
2024,20240358,Gregor Mühlberger,17,Stage 17,0,0,0,0,0,0,0,2,2
2024,20240358,Gregor Mühlberger,18,Stage 18,0,0,0,0,0,0,0,0,0
2024,20240358,Gregor Mühlberger,19,Stage 19,0,0,0,0,0,0,0,0,0
2024,20240358,Gregor Mühlberger,20,Stage 20,0,0,0,0,0,0,0,0,0
2024,20240358,Gregor Mühlberger,21,Stage 21,0,0,0,0,0,0,0,0,0
2024,20240358,Gregor Mühlberger,22,Final Classifications,0,0,0,0,0,0,0,0,0
2024,20240335,Carlos Verona,1,Stage 1,0,0,0,0,0,0,0,0,0
2024,20240335,Carlos Verona,2,Stage 2,0,0,0,0,0,0,0,0,0
2024,20240335,Carlos Verona,3,Stage 3,0,0,0,0,0,0,0,0,0
2024,20240335,Carlos Verona,4,Stage 4,0,0,0,0,0,0,0,0,0
2024,20240335,Carlos Verona,5,Stage 5,0,0,0,0,0,0,0,0,0
2024,20240335,Carlos Verona,6,Stage 6,0,0,0,0,0,0,0,0,0
2024,20240335,Carlos Verona,7,Stage 7,0,0,0,0,0,0,0,0,0
2024,20240335,Carlos Verona,8,Stage 8,0,0,0,0,0,0,0,0,0
2024,20240335,Carlos Verona,9,Stage 9,0,0,0,0,0,0,0,0,0
2024,20240335,Carlos Verona,10,Stage 10,0,0,0,0,0,0,0,0,0
2024,20240335,Carlos Verona,11,Stage 11,0,0,0,0,0,0,0,0,0
2024,20240335,Carlos Verona,12,Stage 12,0,0,0,0,0,0,0,0,0
2024,20240335,Carlos Verona,13,Stage 13,0,0,0,0,0,0,0,0,0
2024,20240335,Carlos Verona,14,Stage 14,0,0,0,0,0,0,0,0,0
2024,20240335,Carlos Verona,15,Stage 15,0,0,0,0,0,0,0,0,0
2024,20240335,Carlos Verona,16,Stage 16,0,0,0,0,0,0,0,0,0
2024,20240335,Carlos Verona,17,Stage 17,0,0,0,0,0,0,0,0,0
2024,20240335,Carlos Verona,18,Stage 18,0,0,0,0,0,0,0,0,0
2024,20240335,Carlos Verona,19,Stage 19,0,0,0,0,0,0,0,0,0
2024,20240335,Carlos Verona,20,Stage 20,0,0,0,0,0,0,0,0,0
2024,20240335,Carlos Verona,21,Stage 21,0,0,0,0,0,0,0,0,0
2024,20240335,Carlos Verona,22,Final Classifications,0,35,0,0,0,0,0,0,45
2024,20240193,Paul Lapeira,1,Stage 1,0,0,0,0,0,0,0,0,0
2024,20240193,Paul Lapeira,2,Stage 2,0,0,0,0,0,0,0,0,0
2024,20240193,Paul Lapeira,3,Stage 3,12,0,0,0,0,0,0,0,12
2024,20240193,Paul Lapeira,4,Stage 4,0,0,0,0,0,0,0,0,0
2024,20240193,Paul Lapeira,5,Stage 5,0,0,0,0,0,0,0,0,0
2024,20240193,Paul Lapeira,6,Stage 6,0,0,0,0,0,0,0,0,0
2024,20240193,Paul Lapeira,7,Stage 7,0,0,0,0,0,0,0,0,0
2024,20240193,Paul Lapeira,8,Stage 8,0,0,0,0,0,0,0,0,0
2024,20240193,Paul Lapeira,9,Stage 9,0,0,0,0,0,0,0,0,0
2024,20240193,Paul Lapeira,10,Stage 10,0,0,0,0,0,0,0,0,0
2024,20240193,Paul Lapeira,11,Stage 11,0,0,0,0,12,0,20,0,32
2024,20240193,Paul Lapeira,12,Stage 12,0,0,0,0,0,0,0,0,0
2024,20240193,Paul Lapeira,13,Stage 13,0,0,0,0,0,0,0,0,0
2024,20240193,Paul Lapeira,14,Stage 14,0,0,0,0,0,0,0,0,0
2024,20240193,Paul Lapeira,15,Stage 15,0,0,0,0,0,0,0,0,0
2024,20240193,Paul Lapeira,16,Stage 16,0,0,0,0,0,0,0,0,0
2024,20240193,Paul Lapeira,17,Stage 17,0,0,0,0,0,0,0,0,0
2024,20240193,Paul Lapeira,18,Stage 18,0,0,0,0,0,0,0,0,0
2024,20240193,Paul Lapeira,19,Stage 19,0,0,0,0,0,0,0,0,0
2024,20240193,Paul Lapeira,20,Stage 20,0,0,0,0,0,0,0,0,0
2024,20240193,Paul Lapeira,21,Stage 21,0,0,0,0,0,0,0,0,0
2024,20240193,Paul Lapeira,22,Final Classifications,0,0,0,0,0,0,0,0,0
2024,20240204,Neilson Powless,1,Stage 1,0,0,0,0,0,0,0,0,0
2024,20240204,Neilson Powless,2,Stage 2,0,0,0,0,0,0,0,0,0
2024,20240204,Neilson Powless,3,Stage 3,0,0,0,0,0,0,0,8,8
2024,20240204,Neilson Powless,4,Stage 4,0,0,0,0,0,0,0,0,0
2024,20240204,Neilson Powless,5,Stage 5,0,0,0,0,0,0,0,0,0
2024,20240204,Neilson Powless,6,Stage 6,0,0,0,0,0,0,0,0,0
2024,20240204,Neilson Powless,7,Stage 7,0,0,0,0,0,0,0,0,0
2024,20240204,Neilson Powless,8,Stage 8,0,0,0,0,0,0,0,0,0
2024,20240204,Neilson Powless,9,Stage 9,0,0,0,0,0,0,0,0,0
2024,20240204,Neilson Powless,10,Stage 10,0,0,0,0,0,0,0,0,0
2024,20240204,Neilson Powless,11,Stage 11,0,0,0,0,0,0,0,0,0
2024,20240204,Neilson Powless,12,Stage 12,0,0,0,0,0,0,0,0,0
2024,20240204,Neilson Powless,13,Stage 13,0,0,0,0,0,0,0,0,0
2024,20240204,Neilson Powless,14,Stage 14,0,0,0,0,0,0,0,0,0
2024,20240204,Neilson Powless,15,Stage 15,0,0,0,0,0,0,0,0,0
2024,20240204,Neilson Powless,16,Stage 16,0,0,0,0,0,0,0,0,0
2024,20240204,Neilson Powless,17,Stage 17,0,0,0,0,0,0,0,8,8
2024,20240204,Neilson Powless,18,Stage 18,0,0,0,0,0,0,0,0,0
2024,20240204,Neilson Powless,19,Stage 19,0,0,0,0,6,0,0,0,6
2024,20240204,Neilson Powless,20,Stage 20,0,0,0,0,0,0,0,2,2
2024,20240204,Neilson Powless,21,Stage 21,20,0,0,0,0,0,0,0,20
2024,20240204,Neilson Powless,22,Final Classifications,0,0,0,0,0,0,0,0,0
2024,20240064,Cees Bol,1,Stage 1,0,0,0,0,0,0,0,0,0
2024,20240064,Cees Bol,2,Stage 2,0,0,0,0,0,0,0,0,0
2024,20240064,Cees Bol,3,Stage 3,0,0,0,0,0,0,0,0,0
2024,20240064,Cees Bol,4,Stage 4,0,0,0,0,0,0,0,0,0
2024,20240064,Cees Bol,5,Stage 5,0,0,0,0,0,0,0,8,8
2024,20240064,Cees Bol,6,Stage 6,30,0,0,0,0,0,0,0,30
2024,20240064,Cees Bol,7,Stage 7,0,0,0,0,0,0,0,0,0
2024,20240064,Cees Bol,8,Stage 8,4,0,0,0,0,0,0,0,4
2024,20240064,Cees Bol,9,Stage 9,0,0,0,0,0,0,0,0,0
2024,20240064,Cees Bol,10,Stage 10,0,0,0,0,0,0,0,0,0
2024,20240064,Cees Bol,11,Stage 11,0,0,0,0,0,0,0,0,0
2024,20240064,Cees Bol,12,Stage 12,0,0,0,0,0,0,0,0,0
2024,20240064,Cees Bol,13,Stage 13,0,0,0,0,0,0,0,0,0
2024,20240064,Cees Bol,14,Stage 14,0,0,0,0,0,0,0,0,0
2024,20240064,Cees Bol,15,Stage 15,0,0,0,0,0,0,0,0,0
2024,20240064,Cees Bol,16,Stage 16,0,0,0,0,0,0,0,0,0
2024,20240064,Cees Bol,17,Stage 17,0,0,0,0,0,0,0,0,0
2024,20240064,Cees Bol,18,Stage 18,0,0,0,0,0,0,0,0,0
2024,20240064,Cees Bol,19,Stage 19,0,0,0,0,0,0,0,0,0
2024,20240064,Cees Bol,20,Stage 20,0,0,0,0,0,0,0,0,0
2024,20240064,Cees Bol,21,Stage 21,0,0,0,0,0,0,0,0,0
2024,20240064,Cees Bol,22,Final Classifications,0,0,0,0,0,0,0,0,0
2024,20240090,Matej Mohorič,1,Stage 1,0,0,0,1,6,0,20,0,27
2024,20240090,Matej Mohorič,2,Stage 2,0,0,0,0,0,0,0,0,0
2024,20240090,Matej Mohorič,3,Stage 3,8,0,0,0,0,0,0,0,8
2024,20240090,Matej Mohorič,4,Stage 4,0,0,0,0,0,0,0,0,0
2024,20240090,Matej Mohorič,5,Stage 5,0,0,0,0,0,0,0,0,0
2024,20240090,Matej Mohorič,6,Stage 6,0,0,0,0,0,0,0,0,0
2024,20240090,Matej Mohorič,7,Stage 7,0,0,0,0,0,0,0,0,0
2024,20240090,Matej Mohorič,8,Stage 8,0,0,0,0,0,0,0,0,0
2024,20240090,Matej Mohorič,9,Stage 9,0,0,0,0,0,0,0,0,0
2024,20240090,Matej Mohorič,10,Stage 10,0,0,0,0,0,0,0,0,0
2024,20240090,Matej Mohorič,11,Stage 11,0,0,0,0,0,0,0,0,0
2024,20240090,Matej Mohorič,12,Stage 12,0,0,0,0,0,0,0,0,0
2024,20240090,Matej Mohorič,13,Stage 13,0,0,0,0,3,0,0,0,3
2024,20240090,Matej Mohorič,14,Stage 14,0,0,0,0,0,0,0,0,0
2024,20240090,Matej Mohorič,15,Stage 15,0,0,0,0,0,0,0,0,0
2024,20240090,Matej Mohorič,16,Stage 16,0,0,0,0,0,0,0,4,4
2024,20240090,Matej Mohorič,17,Stage 17,0,0,0,0,0,0,0,0,0
2024,20240090,Matej Mohorič,18,Stage 18,0,0,0,0,0,0,0,0,0
2024,20240090,Matej Mohorič,19,Stage 19,0,0,0,0,0,0,0,0,0
2024,20240090,Matej Mohorič,20,Stage 20,0,0,0,0,0,0,0,0,0
2024,20240090,Matej Mohorič,21,Stage 21,0,0,0,0,0,0,0,0,0
2024,20240090,Matej Mohorič,22,Final Classifications,0,0,0,0,0,0,0,0,0
2024,20240220,Sean Quinn,1,Stage 1,0,0,0,0,0,0,0,0,0
2024,20240220,Sean Quinn,2,Stage 2,0,0,0,0,0,0,0,0,0
2024,20240220,Sean Quinn,3,Stage 3,0,0,0,0,0,0,0,8,8
2024,20240220,Sean Quinn,4,Stage 4,0,0,0,0,0,0,0,0,0
2024,20240220,Sean Quinn,5,Stage 5,0,0,0,0,0,0,0,0,0
2024,20240220,Sean Quinn,6,Stage 6,0,0,0,0,0,0,0,0,0
2024,20240220,Sean Quinn,7,Stage 7,0,0,0,0,0,0,0,0,0
2024,20240220,Sean Quinn,8,Stage 8,0,0,0,0,0,0,0,0,0
2024,20240220,Sean Quinn,9,Stage 9,0,0,0,0,0,0,0,0,0
2024,20240220,Sean Quinn,10,Stage 10,0,0,0,0,0,0,0,0,0
2024,20240220,Sean Quinn,11,Stage 11,0,0,0,0,0,0,0,0,0
2024,20240220,Sean Quinn,12,Stage 12,0,0,0,0,0,0,0,0,0
2024,20240220,Sean Quinn,13,Stage 13,0,0,0,0,0,0,0,0,0
2024,20240220,Sean Quinn,14,Stage 14,0,0,0,0,0,2,20,0,22
2024,20240220,Sean Quinn,15,Stage 15,0,0,0,0,0,0,0,0,0
2024,20240220,Sean Quinn,16,Stage 16,0,0,0,0,0,0,0,0,0
2024,20240220,Sean Quinn,17,Stage 17,0,0,0,0,0,0,0,8,8
2024,20240220,Sean Quinn,18,Stage 18,0,0,0,0,0,0,0,0,0
2024,20240220,Sean Quinn,19,Stage 19,0,0,0,0,0,0,0,0,0
2024,20240220,Sean Quinn,20,Stage 20,0,0,0,0,0,0,0,2,2
2024,20240220,Sean Quinn,21,Stage 21,0,0,0,0,0,0,0,0,0
2024,20240220,Sean Quinn,22,Final Classifications,0,0,0,0,0,0,0,0,0
2024,20240147,Ion Izagirre,1,Stage 1,0,0,0,4,4,0,20,0,28
2024,20240147,Ion Izagirre,2,Stage 2,0,0,0,4,0,0,0,0,4
2024,20240147,Ion Izagirre,3,Stage 3,0,0,0,4,0,0,0,0,4
2024,20240147,Ion Izagirre,4,Stage 4,0,0,0,0,0,0,0,0,0
2024,20240147,Ion Izagirre,5,Stage 5,0,0,0,0,0,0,0,0,0
2024,20240147,Ion Izagirre,6,Stage 6,0,0,0,0,0,0,0,0,0
2024,20240147,Ion Izagirre,7,Stage 7,0,0,0,0,0,0,0,0,0
2024,20240147,Ion Izagirre,8,Stage 8,0,0,0,0,0,0,0,0,0
2024,20240147,Ion Izagirre,9,Stage 9,0,0,0,0,0,0,0,0,0
2024,20240147,Ion Izagirre,10,Stage 10,0,0,0,0,0,0,0,0,0
2024,20240147,Ion Izagirre,11,Stage 11,0,0,0,0,0,0,0,0,0
2024,20240147,Ion Izagirre,12,Stage 12,0,0,0,0,0,0,0,0,0
2024,20240147,Ion Izagirre,13,Stage 13,0,0,0,0,0,0,0,0,0
2024,20240147,Ion Izagirre,14,Stage 14,0,0,0,0,0,0,0,0,0
2024,20240147,Ion Izagirre,15,Stage 15,0,0,0,0,0,0,0,0,0
2024,20240147,Ion Izagirre,16,Stage 16,0,0,0,0,0,0,0,0,0
2024,20240147,Ion Izagirre,17,Stage 17,0,0,0,0,0,0,0,0,0
2024,20240147,Ion Izagirre,18,Stage 18,0,0,0,0,0,0,0,0,0
2024,20240147,Ion Izagirre,19,Stage 19,0,0,0,0,0,0,0,0,0
2024,20240147,Ion Izagirre,20,Stage 20,0,0,0,0,0,0,0,0,0
2024,20240147,Ion Izagirre,21,Stage 21,0,0,0,0,0,0,0,0,0
2024,20240147,Ion Izagirre,22,Final Classifications,0,0,0,0,0,0,0,0,0
2024,20240246,Kevin Geniets,1,Stage 1,0,0,0,0,0,0,0,0,0
2024,20240246,Kevin Geniets,2,Stage 2,0,0,0,0,0,0,0,2,2
2024,20240246,Kevin Geniets,3,Stage 3,0,0,0,0,0,0,0,0,0
2024,20240246,Kevin Geniets,4,Stage 4,0,0,0,0,0,0,0,0,0
2024,20240246,Kevin Geniets,5,Stage 5,0,0,0,0,0,0,0,0,0
2024,20240246,Kevin Geniets,6,Stage 6,0,0,0,0,0,0,0,0,0
2024,20240246,Kevin Geniets,7,Stage 7,0,0,0,0,0,0,0,0,0
2024,20240246,Kevin Geniets,8,Stage 8,0,0,0,0,0,0,0,0,0
2024,20240246,Kevin Geniets,9,Stage 9,0,0,0,0,0,0,0,0,0
2024,20240246,Kevin Geniets,10,Stage 10,0,0,0,0,0,0,0,0,0
2024,20240246,Kevin Geniets,11,Stage 11,0,0,0,0,0,0,0,0,0
2024,20240246,Kevin Geniets,12,Stage 12,0,0,0,0,0,0,0,0,0
2024,20240246,Kevin Geniets,13,Stage 13,0,0,0,0,0,0,0,0,0
2024,20240246,Kevin Geniets,14,Stage 14,0,0,0,0,0,0,0,0,0
2024,20240246,Kevin Geniets,15,Stage 15,0,0,0,0,0,0,0,0,0
2024,20240246,Kevin Geniets,16,Stage 16,0,0,0,0,0,0,0,0,0
2024,20240246,Kevin Geniets,17,Stage 17,0,0,0,0,0,0,0,0,0
2024,20240246,Kevin Geniets,18,Stage 18,0,0,0,0,0,0,0,0,0
2024,20240246,Kevin Geniets,19,Stage 19,0,0,0,0,0,0,0,0,0
2024,20240246,Kevin Geniets,20,Stage 20,8,0,0,0,4,2,20,0,34
2024,20240246,Kevin Geniets,21,Stage 21,0,0,0,0,0,0,0,0,0
2024,20240246,Kevin Geniets,22,Final Classifications,0,0,0,0,0,0,0,0,0
2024,20240410,Nils Eekhoff,1,Stage 1,0,0,0,0,0,0,0,32,32
2024,20240410,Nils Eekhoff,2,Stage 2,0,0,0,0,0,0,0,0,0
2024,20240410,Nils Eekhoff,3,Stage 3,0,0,0,0,2,0,0,0,2
2024,20240410,Nils Eekhoff,4,Stage 4,0,0,0,0,0,0,0,0,0
2024,20240410,Nils Eekhoff,5,Stage 5,0,0,0,0,0,0,0,0,0
2024,20240410,Nils Eekhoff,6,Stage 6,0,0,0,0,0,0,0,0,0
2024,20240410,Nils Eekhoff,7,Stage 7,0,0,0,0,0,0,0,0,0
2024,20240410,Nils Eekhoff,8,Stage 8,0,0,0,0,0,0,0,0,0
2024,20240410,Nils Eekhoff,9,Stage 9,0,0,0,0,0,0,0,0,0
2024,20240410,Nils Eekhoff,10,Stage 10,0,0,0,0,0,0,0,0,0
2024,20240410,Nils Eekhoff,11,Stage 11,0,0,0,0,0,0,0,0,0
2024,20240410,Nils Eekhoff,12,Stage 12,0,0,0,0,0,0,0,0,0
2024,20240410,Nils Eekhoff,13,Stage 13,0,0,0,0,0,0,0,0,0
2024,20240410,Nils Eekhoff,14,Stage 14,0,0,0,0,0,0,0,0,0
2024,20240410,Nils Eekhoff,15,Stage 15,0,0,0,0,0,0,0,0,0
2024,20240410,Nils Eekhoff,16,Stage 16,0,0,0,0,0,0,0,0,0
2024,20240410,Nils Eekhoff,17,Stage 17,0,0,0,0,0,0,0,0,0
2024,20240410,Nils Eekhoff,18,Stage 18,0,0,0,0,0,0,0,0,0
2024,20240410,Nils Eekhoff,19,Stage 19,0,0,0,0,0,0,0,0,0
2024,20240410,Nils Eekhoff,20,Stage 20,0,0,0,0,0,0,0,0,0
2024,20240410,Nils Eekhoff,21,Stage 21,0,0,0,0,0,0,0,0,0
2024,20240410,Nils Eekhoff,22,Final Classifications,0,0,0,0,0,0,0,0,0
2024,20240018,Silvan Dillier,1,Stage 1,0,0,0,0,0,0,0,0,0
2024,20240018,Silvan Dillier,2,Stage 2,0,0,0,0,0,0,0,0,0
2024,20240018,Silvan Dillier,3,Stage 3,0,0,0,0,0,0,0,0,0
2024,20240018,Silvan Dillier,4,Stage 4,0,0,0,0,0,0,0,0,0
2024,20240018,Silvan Dillier,5,Stage 5,0,0,0,0,0,0,0,4,4
2024,20240018,Silvan Dillier,6,Stage 6,0,0,0,0,0,0,0,0,0
2024,20240018,Silvan Dillier,7,Stage 7,0,0,0,0,0,0,0,0,0
2024,20240018,Silvan Dillier,8,Stage 8,0,0,0,0,0,0,0,4,4
2024,20240018,Silvan Dillier,9,Stage 9,0,0,0,0,0,0,0,0,0
2024,20240018,Silvan Dillier,10,Stage 10,0,0,0,0,0,0,0,8,8
2024,20240018,Silvan Dillier,11,Stage 11,0,0,0,0,2,0,0,0,2
2024,20240018,Silvan Dillier,12,Stage 12,0,0,0,0,0,0,0,0,0
2024,20240018,Silvan Dillier,13,Stage 13,0,0,0,0,0,0,0,8,8
2024,20240018,Silvan Dillier,14,Stage 14,0,0,0,0,0,0,0,0,0
2024,20240018,Silvan Dillier,15,Stage 15,0,0,0,0,0,0,0,0,0
2024,20240018,Silvan Dillier,16,Stage 16,0,0,0,0,0,0,0,8,8
2024,20240018,Silvan Dillier,17,Stage 17,0,0,0,0,0,0,0,0,0
2024,20240018,Silvan Dillier,18,Stage 18,0,0,0,0,0,0,0,0,0
2024,20240018,Silvan Dillier,19,Stage 19,0,0,0,0,0,0,0,0,0
2024,20240018,Silvan Dillier,20,Stage 20,0,0,0,0,0,0,0,0,0
2024,20240018,Silvan Dillier,21,Stage 21,0,0,0,0,0,0,0,0,0
2024,20240018,Silvan Dillier,22,Final Classifications,0,0,0,0,0,0,0,0,0
2024,20240038,Clément Champoussin,1,Stage 1,0,0,0,0,5,0,0,0,5
2024,20240038,Clément Champoussin,2,Stage 2,0,0,0,0,0,0,0,8,8
2024,20240038,Clément Champoussin,3,Stage 3,0,0,0,0,0,0,0,0,0
2024,20240038,Clément Champoussin,4,Stage 4,0,0,0,0,0,0,0,0,0
2024,20240038,Clément Champoussin,5,Stage 5,0,0,0,0,0,0,0,0,0
2024,20240038,Clément Champoussin,6,Stage 6,0,0,0,0,0,0,0,0,0
2024,20240038,Clément Champoussin,7,Stage 7,0,0,0,0,0,0,0,0,0
2024,20240038,Clément Champoussin,8,Stage 8,0,0,0,0,0,0,0,0,0
2024,20240038,Clément Champoussin,9,Stage 9,0,0,0,0,0,0,0,0,0
2024,20240038,Clément Champoussin,10,Stage 10,0,0,0,0,0,0,0,0,0
2024,20240038,Clément Champoussin,11,Stage 11,0,0,0,0,0,0,0,0,0
2024,20240038,Clément Champoussin,12,Stage 12,0,0,0,0,0,0,0,0,0
2024,20240038,Clément Champoussin,13,Stage 13,0,0,0,0,0,0,0,0,0
2024,20240038,Clément Champoussin,14,Stage 14,0,0,0,0,0,0,0,0,0
2024,20240038,Clément Champoussin,15,Stage 15,0,0,0,0,0,0,0,0,0
2024,20240038,Clément Champoussin,16,Stage 16,0,0,0,0,0,0,0,0,0
2024,20240038,Clément Champoussin,17,Stage 17,0,0,0,0,0,0,0,0,0
2024,20240038,Clément Champoussin,18,Stage 18,20,0,0,0,0,0,0,0,20
2024,20240038,Clément Champoussin,19,Stage 19,0,0,0,0,0,0,0,0,0
2024,20240038,Clément Champoussin,20,Stage 20,0,0,0,0,0,0,0,0,0
2024,20240038,Clément Champoussin,21,Stage 21,0,0,0,0,0,0,0,0,0
2024,20240038,Clément Champoussin,22,Final Classifications,0,0,0,0,0,0,0,0,0
2024,20240666,Jake Stewart,1,Stage 1,0,0,0,0,0,0,0,0,0
2024,20240666,Jake Stewart,2,Stage 2,0,0,0,0,0,0,0,0,0
2024,20240666,Jake Stewart,3,Stage 3,0,0,0,0,0,0,0,0,0
2024,20240666,Jake Stewart,4,Stage 4,0,0,0,0,0,0,0,0,0
2024,20240666,Jake Stewart,5,Stage 5,0,0,0,0,0,0,0,0,0
2024,20240666,Jake Stewart,6,Stage 6,0,0,0,0,0,0,0,0,0
2024,20240666,Jake Stewart,7,Stage 7,0,0,0,0,0,0,0,0,0
2024,20240666,Jake Stewart,8,Stage 8,0,0,0,0,0,0,0,0,0
2024,20240666,Jake Stewart,9,Stage 9,0,0,0,0,0,0,0,2,2
2024,20240666,Jake Stewart,10,Stage 10,0,0,0,0,0,0,0,2,2
2024,20240666,Jake Stewart,11,Stage 11,0,0,0,0,0,0,0,0,0
2024,20240666,Jake Stewart,12,Stage 12,0,0,0,0,0,0,0,2,2
2024,20240666,Jake Stewart,13,Stage 13,25,0,0,0,0,0,0,2,27
2024,20240666,Jake Stewart,14,Stage 14,0,0,0,0,0,0,0,0,0
2024,20240666,Jake Stewart,15,Stage 15,0,0,0,0,0,0,0,0,0
2024,20240666,Jake Stewart,16,Stage 16,0,0,0,0,0,0,0,0,0
2024,20240666,Jake Stewart,17,Stage 17,0,0,0,0,0,0,0,0,0
2024,20240666,Jake Stewart,18,Stage 18,0,0,0,0,0,0,0,0,0
2024,20240666,Jake Stewart,19,Stage 19,0,0,0,0,0,0,0,0,0
2024,20240666,Jake Stewart,20,Stage 20,0,0,0,0,0,0,0,0,0
2024,20240666,Jake Stewart,21,Stage 21,0,0,0,0,0,0,0,0,0
2024,20240666,Jake Stewart,22,Final Classifications,0,0,0,0,0,0,0,0,0
2024,20240010,Robbe Ghys,1,Stage 1,0,0,0,0,0,0,0,0,0
2024,20240010,Robbe Ghys,2,Stage 2,0,0,0,0,0,0,0,0,0
2024,20240010,Robbe Ghys,3,Stage 3,0,0,0,0,0,0,0,0,0
2024,20240010,Robbe Ghys,4,Stage 4,0,0,0,0,0,0,0,0,0
2024,20240010,Robbe Ghys,5,Stage 5,0,0,0,0,0,0,0,4,4
2024,20240010,Robbe Ghys,6,Stage 6,0,0,0,0,0,0,0,0,0
2024,20240010,Robbe Ghys,7,Stage 7,0,0,0,0,0,0,0,0,0
2024,20240010,Robbe Ghys,8,Stage 8,0,0,0,0,0,0,0,4,4
2024,20240010,Robbe Ghys,9,Stage 9,0,0,0,0,0,0,0,0,0
2024,20240010,Robbe Ghys,10,Stage 10,0,0,0,0,0,0,0,8,8
2024,20240010,Robbe Ghys,11,Stage 11,0,0,0,0,0,0,0,0,0
2024,20240010,Robbe Ghys,12,Stage 12,0,0,0,0,0,0,0,0,0
2024,20240010,Robbe Ghys,13,Stage 13,0,0,0,0,0,0,0,8,8
2024,20240010,Robbe Ghys,14,Stage 14,0,0,0,0,0,0,0,0,0
2024,20240010,Robbe Ghys,15,Stage 15,0,0,0,0,0,0,0,0,0
2024,20240010,Robbe Ghys,16,Stage 16,0,0,0,0,0,0,0,8,8
2024,20240010,Robbe Ghys,17,Stage 17,0,0,0,0,0,0,0,0,0
2024,20240010,Robbe Ghys,18,Stage 18,0,0,0,0,0,0,0,0,0
2024,20240010,Robbe Ghys,19,Stage 19,0,0,0,0,0,0,0,0,0
2024,20240010,Robbe Ghys,20,Stage 20,0,0,0,0,0,0,0,0,0
2024,20240010,Robbe Ghys,21,Stage 21,0,0,0,0,0,0,0,0,0
2024,20240010,Robbe Ghys,22,Final Classifications,0,0,0,0,0,0,0,0,0
2024,20240837,Fabien Grellier,1,Stage 1,0,0,0,0,0,0,0,0,0
2024,20240837,Fabien Grellier,2,Stage 2,0,0,0,0,0,0,0,0,0
2024,20240837,Fabien Grellier,3,Stage 3,0,0,0,0,0,0,0,0,0
2024,20240837,Fabien Grellier,4,Stage 4,0,0,0,0,0,0,0,0,0
2024,20240837,Fabien Grellier,5,Stage 5,0,0,0,0,0,0,0,0,0
2024,20240837,Fabien Grellier,6,Stage 6,0,0,0,0,0,0,0,0,0
2024,20240837,Fabien Grellier,7,Stage 7,0,0,0,0,0,0,0,0,0
2024,20240837,Fabien Grellier,8,Stage 8,0,0,0,0,0,0,0,0,0
2024,20240837,Fabien Grellier,9,Stage 9,0,0,0,0,0,0,0,8,8
2024,20240837,Fabien Grellier,10,Stage 10,0,0,0,0,0,0,0,0,0
2024,20240837,Fabien Grellier,11,Stage 11,0,0,0,0,0,0,0,0,0
2024,20240837,Fabien Grellier,12,Stage 12,0,0,0,0,0,0,0,0,0
2024,20240837,Fabien Grellier,13,Stage 13,0,0,0,0,0,0,0,0,0
2024,20240837,Fabien Grellier,14,Stage 14,0,0,0,0,0,0,20,0,20
2024,20240837,Fabien Grellier,15,Stage 15,0,0,0,0,0,0,0,0,0
2024,20240837,Fabien Grellier,16,Stage 16,0,0,0,0,0,0,0,0,0
2024,20240837,Fabien Grellier,17,Stage 17,0,0,0,0,0,0,0,0,0
2024,20240837,Fabien Grellier,18,Stage 18,0,0,0,0,0,0,0,4,4
2024,20240837,Fabien Grellier,19,Stage 19,0,0,0,0,0,0,0,0,0
2024,20240837,Fabien Grellier,20,Stage 20,0,0,0,0,0,0,0,0,0
2024,20240837,Fabien Grellier,21,Stage 21,0,0,0,0,0,0,0,0,0
2024,20240837,Fabien Grellier,22,Final Classifications,0,0,0,0,0,0,0,0,0
2024,20240689,Cedric Beullens,1,Stage 1,0,0,0,0,0,0,0,0,0
2024,20240689,Cedric Beullens,2,Stage 2,0,0,0,0,0,0,0,0,0
2024,20240689,Cedric Beullens,3,Stage 3,0,0,0,0,0,0,0,2,2
2024,20240689,Cedric Beullens,4,Stage 4,0,0,0,0,0,0,0,0,0
2024,20240689,Cedric Beullens,5,Stage 5,16,0,0,0,0,0,0,0,16
2024,20240689,Cedric Beullens,6,Stage 6,0,0,0,0,0,0,0,0,0
2024,20240689,Cedric Beullens,7,Stage 7,0,0,0,0,0,0,0,0,0
2024,20240689,Cedric Beullens,8,Stage 8,0,0,0,0,0,0,0,2,2
2024,20240689,Cedric Beullens,9,Stage 9,0,0,0,0,0,0,0,0,0
2024,20240689,Cedric Beullens,10,Stage 10,0,0,0,0,0,0,0,0,0
2024,20240689,Cedric Beullens,11,Stage 11,0,0,0,0,0,0,0,0,0
2024,20240689,Cedric Beullens,12,Stage 12,0,0,0,0,0,0,0,0,0
2024,20240689,Cedric Beullens,13,Stage 13,0,0,0,0,0,0,0,0,0
2024,20240689,Cedric Beullens,14,Stage 14,0,0,0,0,3,0,0,0,3
2024,20240689,Cedric Beullens,15,Stage 15,0,0,0,0,0,0,0,0,0
2024,20240689,Cedric Beullens,16,Stage 16,0,0,0,0,0,0,0,0,0
2024,20240689,Cedric Beullens,17,Stage 17,0,0,0,0,0,0,0,0,0
2024,20240689,Cedric Beullens,18,Stage 18,0,0,0,0,0,0,0,8,8
2024,20240689,Cedric Beullens,19,Stage 19,0,0,0,0,0,0,0,0,0
2024,20240689,Cedric Beullens,20,Stage 20,0,0,0,0,0,0,0,0,0
2024,20240689,Cedric Beullens,21,Stage 21,0,0,0,0,0,0,0,0,0
2024,20240689,Cedric Beullens,22,Final Classifications,0,0,0,0,0,0,0,0,0
2024,20240127,Matteo Sobrero,1,Stage 1,0,0,0,0,0,0,0,0,0
2024,20240127,Matteo Sobrero,2,Stage 2,0,0,0,0,0,0,0,0,0
2024,20240127,Matteo Sobrero,3,Stage 3,0,0,0,0,0,0,0,0,0
2024,20240127,Matteo Sobrero,4,Stage 4,0,0,0,0,0,0,0,0,0
2024,20240127,Matteo Sobrero,5,Stage 5,0,0,0,0,0,0,0,0,0
2024,20240127,Matteo Sobrero,6,Stage 6,0,0,0,0,0,0,0,0,0
2024,20240127,Matteo Sobrero,7,Stage 7,0,0,0,0,0,0,0,0,0
2024,20240127,Matteo Sobrero,8,Stage 8,0,0,0,0,0,0,0,2,2
2024,20240127,Matteo Sobrero,9,Stage 9,0,0,0,0,0,0,0,0,0
2024,20240127,Matteo Sobrero,10,Stage 10,0,0,0,0,0,0,0,0,0
2024,20240127,Matteo Sobrero,11,Stage 11,0,0,0,0,0,0,0,0,0
2024,20240127,Matteo Sobrero,12,Stage 12,0,0,0,0,0,0,0,0,0
2024,20240127,Matteo Sobrero,13,Stage 13,0,0,0,0,0,0,0,0,0
2024,20240127,Matteo Sobrero,14,Stage 14,0,0,0,0,0,0,0,0,0
2024,20240127,Matteo Sobrero,15,Stage 15,0,0,0,0,0,0,20,0,20
2024,20240127,Matteo Sobrero,16,Stage 16,0,0,0,0,0,0,0,0,0
2024,20240127,Matteo Sobrero,17,Stage 17,0,0,0,0,0,0,0,0,0
2024,20240127,Matteo Sobrero,18,Stage 18,0,0,0,0,0,0,0,0,0
2024,20240127,Matteo Sobrero,19,Stage 19,0,0,0,0,0,0,0,0,0
2024,20240127,Matteo Sobrero,20,Stage 20,0,0,0,0,0,0,0,0,0
2024,20240127,Matteo Sobrero,21,Stage 21,8,0,0,0,0,0,0,0,8
2024,20240127,Matteo Sobrero,22,Final Classifications,0,0,0,0,0,0,0,0,0
2024,20240693,Harm Vanhoucke,1,Stage 1,0,0,0,0,0,0,0,0,0
2024,20240693,Harm Vanhoucke,2,Stage 2,0,0,0,0,0,0,0,0,0
2024,20240693,Harm Vanhoucke,3,Stage 3,0,0,0,0,0,0,0,2,2
2024,20240693,Harm Vanhoucke,4,Stage 4,0,0,0,0,0,0,0,0,0
2024,20240693,Harm Vanhoucke,5,Stage 5,0,0,0,0,0,0,0,0,0
2024,20240693,Harm Vanhoucke,6,Stage 6,0,0,0,0,0,0,0,0,0
2024,20240693,Harm Vanhoucke,7,Stage 7,0,0,0,0,0,0,0,0,0
2024,20240693,Harm Vanhoucke,8,Stage 8,0,0,0,0,0,0,0,2,2
2024,20240693,Harm Vanhoucke,9,Stage 9,0,0,0,0,0,0,0,0,0
2024,20240693,Harm Vanhoucke,10,Stage 10,0,0,0,0,16,0,0,0,16
2024,20240693,Harm Vanhoucke,11,Stage 11,0,0,0,0,0,0,0,0,0
2024,20240693,Harm Vanhoucke,12,Stage 12,0,0,0,0,0,0,0,0,0
2024,20240693,Harm Vanhoucke,13,Stage 13,0,0,0,0,0,0,0,0,0
2024,20240693,Harm Vanhoucke,14,Stage 14,0,0,0,0,0,0,0,0,0
2024,20240693,Harm Vanhoucke,15,Stage 15,0,0,0,0,0,0,0,0,0
2024,20240693,Harm Vanhoucke,16,Stage 16,0,0,0,0,0,0,0,0,0
2024,20240693,Harm Vanhoucke,17,Stage 17,0,0,0,0,0,0,0,0,0
2024,20240693,Harm Vanhoucke,18,Stage 18,0,0,0,0,0,0,0,8,8
2024,20240693,Harm Vanhoucke,19,Stage 19,0,0,0,0,0,0,0,0,0
2024,20240693,Harm Vanhoucke,20,Stage 20,0,0,0,0,0,0,0,0,0
2024,20240693,Harm Vanhoucke,21,Stage 21,0,0,0,0,0,0,0,0,0
2024,20240693,Harm Vanhoucke,22,Final Classifications,0,0,0,0,0,0,0,0,0
2024,20241407,Odd Christian Eiking,1,Stage 1,0,0,0,0,0,0,0,0,0
2024,20241407,Odd Christian Eiking,2,Stage 2,0,0,0,0,0,0,0,4,4
2024,20241407,Odd Christian Eiking,3,Stage 3,0,0,0,0,0,0,0,0,0
2024,20241407,Odd Christian Eiking,4,Stage 4,0,0,0,0,0,0,20,0,20
2024,20241407,Odd Christian Eiking,5,Stage 5,0,0,0,0,0,0,0,2,2
2024,20241407,Odd Christian Eiking,6,Stage 6,0,0,0,0,0,0,0,0,0
2024,20241407,Odd Christian Eiking,7,Stage 7,0,0,0,0,0,0,0,0,0
2024,20241407,Odd Christian Eiking,8,Stage 8,0,0,0,0,0,0,0,0,0
2024,20241407,Odd Christian Eiking,9,Stage 9,0,0,0,0,0,0,0,0,0
2024,20241407,Odd Christian Eiking,10,Stage 10,0,0,0,0,0,0,0,0,0
2024,20241407,Odd Christian Eiking,11,Stage 11,0,0,0,0,0,0,0,0,0
2024,20241407,Odd Christian Eiking,12,Stage 12,0,0,0,0,0,0,0,0,0
2024,20241407,Odd Christian Eiking,13,Stage 13,0,0,0,0,0,0,0,0,0
2024,20241407,Odd Christian Eiking,14,Stage 14,0,0,0,0,0,0,0,0,0
2024,20241407,Odd Christian Eiking,15,Stage 15,0,0,0,0,0,0,0,0,0
2024,20241407,Odd Christian Eiking,16,Stage 16,0,0,0,0,0,0,0,2,2
2024,20241407,Odd Christian Eiking,17,Stage 17,0,0,0,0,0,0,0,0,0
2024,20241407,Odd Christian Eiking,18,Stage 18,0,0,0,0,0,0,0,0,0
2024,20241407,Odd Christian Eiking,19,Stage 19,0,0,0,0,0,0,0,0,0
2024,20241407,Odd Christian Eiking,20,Stage 20,0,0,0,0,0,0,0,0,0
2024,20241407,Odd Christian Eiking,21,Stage 21,0,0,0,0,0,0,0,0,0
2024,20241407,Odd Christian Eiking,22,Final Classifications,0,0,0,0,0,0,0,0,0
2024,20240687,Brent Van Moer,1,Stage 1,0,0,0,0,0,0,0,0,0
2024,20240687,Brent Van Moer,2,Stage 2,0,0,0,0,0,0,0,0,0
2024,20240687,Brent Van Moer,3,Stage 3,0,0,0,0,0,0,0,2,2
2024,20240687,Brent Van Moer,4,Stage 4,0,0,0,0,0,0,0,0,0
2024,20240687,Brent Van Moer,5,Stage 5,0,0,0,0,0,0,0,0,0
2024,20240687,Brent Van Moer,6,Stage 6,0,0,0,0,0,0,0,0,0
2024,20240687,Brent Van Moer,7,Stage 7,0,0,0,0,0,0,0,0,0
2024,20240687,Brent Van Moer,8,Stage 8,0,0,0,0,0,0,0,2,2
2024,20240687,Brent Van Moer,9,Stage 9,0,0,0,0,0,0,0,0,0
2024,20240687,Brent Van Moer,10,Stage 10,0,0,0,0,0,0,0,0,0
2024,20240687,Brent Van Moer,11,Stage 11,0,0,0,0,0,0,0,0,0
2024,20240687,Brent Van Moer,12,Stage 12,0,0,0,0,0,0,0,0,0
2024,20240687,Brent Van Moer,13,Stage 13,0,0,0,0,0,0,0,0,0
2024,20240687,Brent Van Moer,14,Stage 14,0,0,0,0,0,0,0,0,0
2024,20240687,Brent Van Moer,15,Stage 15,0,0,0,0,0,0,0,0,0
2024,20240687,Brent Van Moer,16,Stage 16,0,0,0,0,0,0,0,0,0
2024,20240687,Brent Van Moer,17,Stage 17,0,0,0,0,0,0,0,0,0
2024,20240687,Brent Van Moer,18,Stage 18,0,0,0,0,0,0,0,8,8
2024,20240687,Brent Van Moer,19,Stage 19,0,0,0,0,12,0,0,0,12
2024,20240687,Brent Van Moer,20,Stage 20,0,0,0,0,0,0,0,0,0
2024,20240687,Brent Van Moer,21,Stage 21,0,0,0,0,0,0,0,0,0
2024,20240687,Brent Van Moer,22,Final Classifications,0,0,0,0,0,0,0,0,0
2024,20240351,Davide Formolo,1,Stage 1,0,0,0,0,0,0,0,0,0
2024,20240351,Davide Formolo,2,Stage 2,0,0,0,0,0,0,0,8,8
2024,20240351,Davide Formolo,3,Stage 3,0,0,0,0,0,0,0,12,12
2024,20240351,Davide Formolo,4,Stage 4,0,0,0,0,0,0,0,0,0
2024,20240351,Davide Formolo,5,Stage 5,0,0,0,0,0,0,0,0,0
2024,20240351,Davide Formolo,6,Stage 6,0,0,0,0,0,0,0,2,2
2024,20240351,Davide Formolo,7,Stage 7,0,0,0,0,0,0,0,0,0
2024,20240351,Davide Formolo,8,Stage 8,0,0,0,0,0,0,0,0,0
2024,20240351,Davide Formolo,9,Stage 9,0,0,0,0,0,0,0,0,0
2024,20240351,Davide Formolo,10,Stage 10,0,0,0,0,0,0,0,0,0
2024,20240351,Davide Formolo,11,Stage 11,0,0,0,0,0,0,0,0,0
2024,20240351,Davide Formolo,12,Stage 12,0,0,0,0,0,0,0,0,0
2024,20240351,Davide Formolo,13,Stage 13,0,0,0,0,0,0,0,0,0
2024,20240351,Davide Formolo,14,Stage 14,0,0,0,0,0,0,0,0,0
2024,20240351,Davide Formolo,15,Stage 15,0,0,0,0,0,0,0,0,0
2024,20240351,Davide Formolo,16,Stage 16,0,0,0,0,0,0,0,0,0
2024,20240351,Davide Formolo,17,Stage 17,0,0,0,0,0,0,0,2,2
2024,20240351,Davide Formolo,18,Stage 18,0,0,0,0,0,0,0,0,0
2024,20240351,Davide Formolo,19,Stage 19,0,0,0,0,0,0,0,0,0
2024,20240351,Davide Formolo,20,Stage 20,0,0,0,0,0,0,0,0,0
2024,20240351,Davide Formolo,21,Stage 21,0,0,0,0,0,0,0,0,0
2024,20240351,Davide Formolo,22,Final Classifications,0,0,0,0,0,0,0,0,0
2024,20240132,Marco Haller,1,Stage 1,0,0,0,0,0,0,0,0,0
2024,20240132,Marco Haller,2,Stage 2,0,0,0,0,0,0,0,0,0
2024,20240132,Marco Haller,3,Stage 3,0,0,0,0,0,0,0,0,0
2024,20240132,Marco Haller,4,Stage 4,0,0,0,0,0,0,0,0,0
2024,20240132,Marco Haller,5,Stage 5,0,0,0,0,0,0,0,0,0
2024,20240132,Marco Haller,6,Stage 6,0,0,0,0,0,0,0,0,0
2024,20240132,Marco Haller,7,Stage 7,0,0,0,0,0,0,0,0,0
2024,20240132,Marco Haller,8,Stage 8,0,0,0,0,0,0,0,2,2
2024,20240132,Marco Haller,9,Stage 9,0,0,0,0,0,0,0,0,0
2024,20240132,Marco Haller,10,Stage 10,0,0,0,0,0,0,0,0,0
2024,20240132,Marco Haller,11,Stage 11,0,0,0,0,0,0,0,0,0
2024,20240132,Marco Haller,12,Stage 12,0,0,0,0,0,0,0,0,0
2024,20240132,Marco Haller,13,Stage 13,0,0,0,0,0,0,0,0,0
2024,20240132,Marco Haller,14,Stage 14,0,0,0,0,0,0,20,0,20
2024,20240132,Marco Haller,15,Stage 15,0,0,0,0,0,0,0,0,0
2024,20240132,Marco Haller,16,Stage 16,0,0,0,0,0,0,0,0,0
2024,20240132,Marco Haller,17,Stage 17,0,0,0,0,0,0,0,0,0
2024,20240132,Marco Haller,18,Stage 18,0,0,0,0,0,0,0,0,0
2024,20240132,Marco Haller,19,Stage 19,0,0,0,0,0,0,0,0,0
2024,20240132,Marco Haller,20,Stage 20,0,0,0,0,0,0,0,0,0
2024,20240132,Marco Haller,21,Stage 21,0,0,0,0,0,0,0,0,0
2024,20240132,Marco Haller,22,Final Classifications,0,0,0,0,0,0,0,0,0
2024,20240167,Simon Geschke,1,Stage 1,0,0,0,0,0,0,0,0,0
2024,20240167,Simon Geschke,2,Stage 2,0,0,0,0,0,0,0,0,0
2024,20240167,Simon Geschke,3,Stage 3,0,0,0,0,0,0,0,0,0
2024,20240167,Simon Geschke,4,Stage 4,0,0,0,0,0,0,0,0,0
2024,20240167,Simon Geschke,5,Stage 5,0,0,0,0,0,0,0,0,0
2024,20240167,Simon Geschke,6,Stage 6,0,0,0,0,0,0,0,0,0
2024,20240167,Simon Geschke,7,Stage 7,0,0,0,0,0,0,0,0,0
2024,20240167,Simon Geschke,8,Stage 8,0,0,0,0,0,0,0,0,0
2024,20240167,Simon Geschke,9,Stage 9,0,0,0,0,0,0,0,0,0
2024,20240167,Simon Geschke,10,Stage 10,0,0,0,0,0,0,0,0,0
2024,20240167,Simon Geschke,11,Stage 11,0,0,0,0,0,0,0,0,0
2024,20240167,Simon Geschke,12,Stage 12,0,0,0,0,0,0,0,0,0
2024,20240167,Simon Geschke,13,Stage 13,0,0,0,0,0,0,0,0,0
2024,20240167,Simon Geschke,14,Stage 14,0,0,0,0,0,0,20,0,20
2024,20240167,Simon Geschke,15,Stage 15,0,0,0,0,0,0,0,0,0
2024,20240167,Simon Geschke,16,Stage 16,0,0,0,0,0,0,0,0,0
2024,20240167,Simon Geschke,17,Stage 17,0,0,0,0,0,0,0,0,0
2024,20240167,Simon Geschke,18,Stage 18,0,0,0,0,0,0,0,0,0
2024,20240167,Simon Geschke,19,Stage 19,0,0,0,0,0,0,0,0,0
2024,20240167,Simon Geschke,20,Stage 20,0,0,0,0,0,0,0,0,0
2024,20240167,Simon Geschke,21,Stage 21,0,0,0,0,0,0,0,0,0
2024,20240167,Simon Geschke,22,Final Classifications,0,0,0,0,0,0,0,0,0
2024,20240045,Daniel McLay,1,Stage 1,0,0,0,0,0,0,0,0,0
2024,20240045,Daniel McLay,2,Stage 2,0,0,0,0,0,0,0,8,8
2024,20240045,Daniel McLay,3,Stage 3,0,0,0,0,0,0,0,0,0
2024,20240045,Daniel McLay,4,Stage 4,0,0,0,0,0,0,0,0,0
2024,20240045,Daniel McLay,5,Stage 5,0,0,0,0,0,0,0,0,0
2024,20240045,Daniel McLay,6,Stage 6,0,0,0,0,0,0,0,0,0
2024,20240045,Daniel McLay,7,Stage 7,0,0,0,0,0,0,0,0,0
2024,20240045,Daniel McLay,8,Stage 8,0,0,0,0,0,0,0,0,0
2024,20240045,Daniel McLay,9,Stage 9,0,0,0,0,0,0,0,0,0
2024,20240045,Daniel McLay,10,Stage 10,0,0,0,0,0,0,0,0,0
2024,20240045,Daniel McLay,11,Stage 11,0,0,0,0,0,0,0,0,0
2024,20240045,Daniel McLay,12,Stage 12,12,0,0,0,0,0,0,0,12
2024,20240045,Daniel McLay,13,Stage 13,0,0,0,0,0,0,0,0,0
2024,20240045,Daniel McLay,14,Stage 14,0,0,0,0,0,0,0,0,0
2024,20240045,Daniel McLay,15,Stage 15,0,0,0,0,0,0,0,0,0
2024,20240045,Daniel McLay,16,Stage 16,0,0,0,0,0,0,0,0,0
2024,20240045,Daniel McLay,17,Stage 17,0,0,0,0,0,0,0,0,0
2024,20240045,Daniel McLay,18,Stage 18,0,0,0,0,0,0,0,0,0
2024,20240045,Daniel McLay,19,Stage 19,0,0,0,0,0,0,0,0,0
2024,20240045,Daniel McLay,20,Stage 20,0,0,0,0,0,0,0,0,0
2024,20240045,Daniel McLay,21,Stage 21,0,0,0,0,0,0,0,0,0
2024,20240045,Daniel McLay,22,Final Classifications,0,0,0,0,0,0,0,0,0
2024,20240432,Chris Harper,1,Stage 1,0,0,0,0,0,0,0,0,0
2024,20240432,Chris Harper,2,Stage 2,0,0,0,0,0,0,0,0,0
2024,20240432,Chris Harper,3,Stage 3,0,0,0,0,0,0,0,0,0
2024,20240432,Chris Harper,4,Stage 4,0,0,0,0,0,0,0,0,0
2024,20240432,Chris Harper,5,Stage 5,0,0,0,0,0,0,0,0,0
2024,20240432,Chris Harper,6,Stage 6,0,0,0,0,0,0,0,8,8
2024,20240432,Chris Harper,7,Stage 7,0,0,0,0,0,0,0,0,0
2024,20240432,Chris Harper,8,Stage 8,0,0,0,0,0,0,0,0,0
2024,20240432,Chris Harper,9,Stage 9,0,0,0,0,0,0,0,0,0
2024,20240432,Chris Harper,10,Stage 10,0,0,0,0,0,0,0,0,0
2024,20240432,Chris Harper,11,Stage 11,0,0,0,0,0,0,0,0,0
2024,20240432,Chris Harper,12,Stage 12,0,0,0,0,0,0,0,0,0
2024,20240432,Chris Harper,13,Stage 13,0,0,0,0,0,0,0,0,0
2024,20240432,Chris Harper,14,Stage 14,8,0,0,0,0,0,0,0,8
2024,20240432,Chris Harper,15,Stage 15,0,0,0,0,0,0,0,0,0
2024,20240432,Chris Harper,16,Stage 16,0,0,0,0,0,0,0,0,0
2024,20240432,Chris Harper,17,Stage 17,0,0,0,0,0,0,0,0,0
2024,20240432,Chris Harper,18,Stage 18,0,0,0,0,0,0,0,0,0
2024,20240432,Chris Harper,19,Stage 19,0,0,0,0,0,0,0,0,0
2024,20240432,Chris Harper,20,Stage 20,0,0,0,0,0,0,0,0,0
2024,20240432,Chris Harper,21,Stage 21,0,0,0,0,0,0,0,0,0
2024,20240432,Chris Harper,22,Final Classifications,0,0,0,0,0,0,0,0,0
2024,20240828,Thomas Gachignard,1,Stage 1,0,0,0,0,0,0,0,0,0
2024,20240828,Thomas Gachignard,2,Stage 2,0,0,0,0,0,0,0,0,0
2024,20240828,Thomas Gachignard,3,Stage 3,4,0,0,0,0,0,0,0,4
2024,20240828,Thomas Gachignard,4,Stage 4,0,0,0,0,0,0,0,0,0
2024,20240828,Thomas Gachignard,5,Stage 5,0,0,0,0,0,0,0,0,0
2024,20240828,Thomas Gachignard,6,Stage 6,0,0,0,0,0,0,0,0,0
2024,20240828,Thomas Gachignard,7,Stage 7,0,0,0,0,0,0,0,0,0
2024,20240828,Thomas Gachignard,8,Stage 8,0,0,0,0,0,0,0,0,0
2024,20240828,Thomas Gachignard,9,Stage 9,0,0,0,0,0,0,0,8,8
2024,20240828,Thomas Gachignard,10,Stage 10,0,0,0,0,0,0,0,0,0
2024,20240828,Thomas Gachignard,11,Stage 11,0,0,0,0,0,0,0,0,0
2024,20240828,Thomas Gachignard,12,Stage 12,0,0,0,0,0,0,0,0,0
2024,20240828,Thomas Gachignard,13,Stage 13,0,0,0,0,0,0,0,0,0
2024,20240828,Thomas Gachignard,14,Stage 14,0,0,0,0,0,0,0,0,0
2024,20240828,Thomas Gachignard,15,Stage 15,0,0,0,0,0,0,0,0,0
2024,20240828,Thomas Gachignard,16,Stage 16,0,0,0,0,0,0,0,0,0
2024,20240828,Thomas Gachignard,17,Stage 17,0,0,0,0,0,0,0,0,0
2024,20240828,Thomas Gachignard,18,Stage 18,0,0,0,0,0,0,0,4,4
2024,20240828,Thomas Gachignard,19,Stage 19,0,0,0,0,0,0,0,0,0
2024,20240828,Thomas Gachignard,20,Stage 20,0,0,0,0,0,0,0,0,0
2024,20240828,Thomas Gachignard,21,Stage 21,0,0,0,0,0,0,0,0,0
2024,20240828,Thomas Gachignard,22,Final Classifications,0,0,0,0,0,0,0,0,0
2024,20240877,Johannes Kulset,1,Stage 1,0,0,0,0,0,0,0,0,0
2024,20240877,Johannes Kulset,2,Stage 2,0,0,0,0,0,0,0,4,4
2024,20240877,Johannes Kulset,3,Stage 3,0,0,0,0,0,0,0,0,0
2024,20240877,Johannes Kulset,4,Stage 4,0,0,0,0,0,0,0,0,0
2024,20240877,Johannes Kulset,5,Stage 5,0,0,0,0,0,0,0,2,2
2024,20240877,Johannes Kulset,6,Stage 6,0,0,0,0,0,0,0,0,0
2024,20240877,Johannes Kulset,7,Stage 7,0,0,0,0,0,0,0,0,0
2024,20240877,Johannes Kulset,8,Stage 8,0,0,0,0,0,0,0,0,0
2024,20240877,Johannes Kulset,9,Stage 9,0,0,0,0,0,0,0,0,0
2024,20240877,Johannes Kulset,10,Stage 10,0,0,0,0,0,0,0,0,0
2024,20240877,Johannes Kulset,11,Stage 11,0,0,0,0,0,0,0,0,0
2024,20240877,Johannes Kulset,12,Stage 12,0,0,0,0,0,0,0,0,0
2024,20240877,Johannes Kulset,13,Stage 13,0,0,0,0,0,0,0,0,0
2024,20240877,Johannes Kulset,14,Stage 14,0,0,0,0,0,0,0,0,0
2024,20240877,Johannes Kulset,15,Stage 15,0,0,0,0,0,0,0,0,0
2024,20240877,Johannes Kulset,16,Stage 16,0,0,0,0,0,0,0,2,2
2024,20240877,Johannes Kulset,17,Stage 17,8,0,0,0,0,0,0,0,8
2024,20240877,Johannes Kulset,18,Stage 18,0,0,0,0,0,0,0,0,0
2024,20240877,Johannes Kulset,19,Stage 19,0,0,0,0,0,0,0,0,0
2024,20240877,Johannes Kulset,20,Stage 20,0,0,0,0,0,0,0,0,0
2024,20240877,Johannes Kulset,21,Stage 21,0,0,0,0,0,0,0,0,0
2024,20240877,Johannes Kulset,22,Final Classifications,0,0,0,0,0,0,0,0,0
2024,20240450,Luke Durbridge,1,Stage 1,0,0,0,0,0,0,0,0,0
2024,20240450,Luke Durbridge,2,Stage 2,0,0,0,0,0,0,0,0,0
2024,20240450,Luke Durbridge,3,Stage 3,0,0,0,0,0,0,0,0,0
2024,20240450,Luke Durbridge,4,Stage 4,0,0,0,0,0,0,0,0,0
2024,20240450,Luke Durbridge,5,Stage 5,0,0,0,0,0,0,0,0,0
2024,20240450,Luke Durbridge,6,Stage 6,0,0,0,0,0,0,0,8,8
2024,20240450,Luke Durbridge,7,Stage 7,0,0,0,0,0,0,0,0,0
2024,20240450,Luke Durbridge,8,Stage 8,0,0,0,0,0,0,0,0,0
2024,20240450,Luke Durbridge,9,Stage 9,0,0,0,0,0,0,0,0,0
2024,20240450,Luke Durbridge,10,Stage 10,0,0,0,0,0,0,0,0,0
2024,20240450,Luke Durbridge,11,Stage 11,0,0,0,0,0,0,0,0,0
2024,20240450,Luke Durbridge,12,Stage 12,0,0,0,0,0,0,0,0,0
2024,20240450,Luke Durbridge,13,Stage 13,0,0,0,0,0,0,0,0,0
2024,20240450,Luke Durbridge,14,Stage 14,0,0,0,0,0,0,0,0,0
2024,20240450,Luke Durbridge,15,Stage 15,0,0,0,0,0,0,0,0,0
2024,20240450,Luke Durbridge,16,Stage 16,0,0,0,0,0,0,0,0,0
2024,20240450,Luke Durbridge,17,Stage 17,0,0,0,0,0,0,0,4,4
2024,20240450,Luke Durbridge,18,Stage 18,0,0,0,0,0,0,0,0,0
2024,20240450,Luke Durbridge,19,Stage 19,0,0,0,0,0,0,0,2,2
2024,20240450,Luke Durbridge,20,Stage 20,0,0,0,0,0,0,0,0,0
2024,20240450,Luke Durbridge,21,Stage 21,0,0,0,0,0,0,0,0,0
2024,20240450,Luke Durbridge,22,Final Classifications,0,0,0,0,0,0,0,0,0
2024,20240066,Yevgeniy Fedorov,1,Stage 1,0,0,0,0,0,0,0,0,0
2024,20240066,Yevgeniy Fedorov,2,Stage 2,0,0,0,0,0,0,0,0,0
2024,20240066,Yevgeniy Fedorov,3,Stage 3,0,0,0,0,0,0,0,0,0
2024,20240066,Yevgeniy Fedorov,4,Stage 4,0,0,0,0,5,0,0,0,5
2024,20240066,Yevgeniy Fedorov,5,Stage 5,0,0,0,0,0,0,0,8,8
2024,20240066,Yevgeniy Fedorov,6,Stage 6,0,0,0,0,0,0,0,0,0
2024,20240066,Yevgeniy Fedorov,7,Stage 7,0,0,0,0,0,0,0,0,0
2024,20240066,Yevgeniy Fedorov,8,Stage 8,0,0,0,0,0,0,0,0,0
2024,20240066,Yevgeniy Fedorov,9,Stage 9,0,0,0,0,0,0,0,0,0
2024,20240066,Yevgeniy Fedorov,10,Stage 10,0,0,0,0,0,0,0,0,0
2024,20240066,Yevgeniy Fedorov,11,Stage 11,0,0,0,0,0,0,0,0,0
2024,20240066,Yevgeniy Fedorov,12,Stage 12,0,0,0,0,0,0,0,0,0
2024,20240066,Yevgeniy Fedorov,13,Stage 13,0,0,0,0,0,0,0,0,0
2024,20240066,Yevgeniy Fedorov,14,Stage 14,0,0,0,0,0,0,0,0,0
2024,20240066,Yevgeniy Fedorov,15,Stage 15,0,0,0,0,0,0,0,0,0
2024,20240066,Yevgeniy Fedorov,16,Stage 16,0,0,0,0,0,0,0,0,0
2024,20240066,Yevgeniy Fedorov,17,Stage 17,0,0,0,0,0,0,0,0,0
2024,20240066,Yevgeniy Fedorov,18,Stage 18,0,0,0,0,0,0,0,0,0
2024,20240066,Yevgeniy Fedorov,19,Stage 19,0,0,0,0,0,0,0,0,0
2024,20240066,Yevgeniy Fedorov,20,Stage 20,0,0,0,0,0,0,0,0,0
2024,20240066,Yevgeniy Fedorov,21,Stage 21,0,0,0,0,0,0,0,0,0
2024,20240066,Yevgeniy Fedorov,22,Final Classifications,0,0,0,0,0,0,0,0,0
2024,20240700,Jarrad Drizners,1,Stage 1,0,0,0,0,0,0,0,0,0
2024,20240700,Jarrad Drizners,2,Stage 2,0,0,0,0,0,0,0,0,0
2024,20240700,Jarrad Drizners,3,Stage 3,0,0,0,0,0,0,0,2,2
2024,20240700,Jarrad Drizners,4,Stage 4,0,0,0,0,0,0,0,0,0
2024,20240700,Jarrad Drizners,5,Stage 5,0,0,0,0,0,0,0,0,0
2024,20240700,Jarrad Drizners,6,Stage 6,0,0,0,0,0,0,0,0,0
2024,20240700,Jarrad Drizners,7,Stage 7,0,0,0,0,0,0,0,0,0
2024,20240700,Jarrad Drizners,8,Stage 8,0,0,0,0,0,0,0,2,2
2024,20240700,Jarrad Drizners,9,Stage 9,0,0,0,0,0,0,0,0,0
2024,20240700,Jarrad Drizners,10,Stage 10,0,0,0,0,0,0,0,0,0
2024,20240700,Jarrad Drizners,11,Stage 11,0,0,0,0,0,0,0,0,0
2024,20240700,Jarrad Drizners,12,Stage 12,0,0,0,0,0,0,0,0,0
2024,20240700,Jarrad Drizners,13,Stage 13,0,0,0,0,0,0,0,0,0
2024,20240700,Jarrad Drizners,14,Stage 14,0,0,0,0,0,0,0,0,0
2024,20240700,Jarrad Drizners,15,Stage 15,0,0,0,0,0,0,0,0,0
2024,20240700,Jarrad Drizners,16,Stage 16,0,0,0,0,0,0,0,0,0
2024,20240700,Jarrad Drizners,17,Stage 17,0,0,0,0,0,0,0,0,0
2024,20240700,Jarrad Drizners,18,Stage 18,0,0,0,0,0,0,0,8,8
2024,20240700,Jarrad Drizners,19,Stage 19,0,0,0,0,0,0,0,0,0
2024,20240700,Jarrad Drizners,20,Stage 20,0,0,0,0,0,0,0,0,0
2024,20240700,Jarrad Drizners,21,Stage 21,0,0,0,0,0,0,0,0,0
2024,20240700,Jarrad Drizners,22,Final Classifications,0,0,0,0,0,0,0,0,0
2024,20240703,Sébastien Grignard,1,Stage 1,0,0,0,0,0,0,0,0,0
2024,20240703,Sébastien Grignard,2,Stage 2,0,0,0,0,0,0,0,0,0
2024,20240703,Sébastien Grignard,3,Stage 3,0,0,0,0,0,0,0,2,2
2024,20240703,Sébastien Grignard,4,Stage 4,0,0,0,0,0,0,0,0,0
2024,20240703,Sébastien Grignard,5,Stage 5,0,0,0,0,0,0,0,0,0
2024,20240703,Sébastien Grignard,6,Stage 6,0,0,0,0,0,0,0,0,0
2024,20240703,Sébastien Grignard,7,Stage 7,0,0,0,0,0,0,0,0,0
2024,20240703,Sébastien Grignard,8,Stage 8,0,0,0,0,0,0,0,2,2
2024,20240703,Sébastien Grignard,9,Stage 9,0,0,0,0,0,0,0,0,0
2024,20240703,Sébastien Grignard,10,Stage 10,0,0,0,0,0,0,0,0,0
2024,20240703,Sébastien Grignard,11,Stage 11,0,0,0,0,0,0,0,0,0
2024,20240703,Sébastien Grignard,12,Stage 12,0,0,0,0,0,0,0,0,0
2024,20240703,Sébastien Grignard,13,Stage 13,0,0,0,0,0,0,0,0,0
2024,20240703,Sébastien Grignard,14,Stage 14,0,0,0,0,0,0,0,0,0
2024,20240703,Sébastien Grignard,15,Stage 15,0,0,0,0,0,0,0,0,0
2024,20240703,Sébastien Grignard,16,Stage 16,0,0,0,0,0,0,0,0,0
2024,20240703,Sébastien Grignard,17,Stage 17,0,0,0,0,0,0,0,0,0
2024,20240703,Sébastien Grignard,18,Stage 18,0,0,0,0,0,0,0,8,8
2024,20240703,Sébastien Grignard,19,Stage 19,0,0,0,0,0,0,0,0,0
2024,20240703,Sébastien Grignard,20,Stage 20,0,0,0,0,0,0,0,0,0
2024,20240703,Sébastien Grignard,21,Stage 21,0,0,0,0,0,0,0,0,0
2024,20240703,Sébastien Grignard,22,Final Classifications,0,0,0,0,0,0,0,0,0
2024,20240059,Amaury Capiot,1,Stage 1,0,0,0,0,0,0,0,0,0
2024,20240059,Amaury Capiot,2,Stage 2,0,0,0,0,0,0,0,8,8
2024,20240059,Amaury Capiot,3,Stage 3,0,0,0,0,0,0,0,0,0
2024,20240059,Amaury Capiot,4,Stage 4,0,0,0,0,0,0,0,0,0
2024,20240059,Amaury Capiot,5,Stage 5,0,0,0,0,0,0,0,0,0
2024,20240059,Amaury Capiot,6,Stage 6,0,0,0,0,0,0,0,0,0
2024,20240059,Amaury Capiot,7,Stage 7,0,0,0,0,0,0,0,0,0
2024,20240059,Amaury Capiot,8,Stage 8,0,0,0,0,0,0,0,0,0
2024,20240059,Amaury Capiot,9,Stage 9,0,0,0,0,0,0,0,0,0
2024,20240059,Amaury Capiot,10,Stage 10,0,0,0,0,0,0,0,0,0
2024,20240059,Amaury Capiot,11,Stage 11,0,0,0,0,0,0,0,0,0
2024,20240059,Amaury Capiot,12,Stage 12,0,0,0,0,0,0,0,0,0
2024,20240059,Amaury Capiot,13,Stage 13,0,0,0,0,0,0,0,0,0
2024,20240059,Amaury Capiot,14,Stage 14,0,0,0,0,0,0,0,0,0
2024,20240059,Amaury Capiot,15,Stage 15,0,0,0,0,0,0,0,0,0
2024,20240059,Amaury Capiot,16,Stage 16,0,0,0,0,0,0,0,0,0
2024,20240059,Amaury Capiot,17,Stage 17,0,0,0,0,0,0,0,0,0
2024,20240059,Amaury Capiot,18,Stage 18,0,0,0,0,0,0,0,0,0
2024,20240059,Amaury Capiot,19,Stage 19,0,0,0,0,0,0,0,0,0
2024,20240059,Amaury Capiot,20,Stage 20,0,0,0,0,0,0,0,0,0
2024,20240059,Amaury Capiot,21,Stage 21,0,0,0,0,0,0,0,0,0
2024,20240059,Amaury Capiot,22,Final Classifications,0,0,0,0,0,0,0,0,0
2024,20240033,Luca Mozzato,1,Stage 1,0,0,0,0,0,0,0,0,0
2024,20240033,Luca Mozzato,2,Stage 2,0,0,0,0,0,0,0,8,8
2024,20240033,Luca Mozzato,3,Stage 3,0,0,0,0,0,0,0,0,0
2024,20240033,Luca Mozzato,4,Stage 4,0,0,0,0,0,0,0,0,0
2024,20240033,Luca Mozzato,5,Stage 5,0,0,0,0,0,0,0,0,0
2024,20240033,Luca Mozzato,6,Stage 6,0,0,0,0,0,0,0,0,0
2024,20240033,Luca Mozzato,7,Stage 7,0,0,0,0,0,0,0,0,0
2024,20240033,Luca Mozzato,8,Stage 8,0,0,0,0,0,0,0,0,0
2024,20240033,Luca Mozzato,9,Stage 9,0,0,0,0,0,0,0,0,0
2024,20240033,Luca Mozzato,10,Stage 10,0,0,0,0,0,0,0,0,0
2024,20240033,Luca Mozzato,11,Stage 11,0,0,0,0,0,0,0,0,0
2024,20240033,Luca Mozzato,12,Stage 12,0,0,0,0,0,0,0,0,0
2024,20240033,Luca Mozzato,13,Stage 13,0,0,0,0,0,0,0,0,0
2024,20240033,Luca Mozzato,14,Stage 14,0,0,0,0,0,0,0,0,0
2024,20240033,Luca Mozzato,15,Stage 15,0,0,0,0,0,0,0,0,0
2024,20240033,Luca Mozzato,16,Stage 16,0,0,0,0,0,0,0,0,0
2024,20240033,Luca Mozzato,17,Stage 17,0,0,0,0,0,0,0,0,0
2024,20240033,Luca Mozzato,18,Stage 18,0,0,0,0,0,0,0,0,0
2024,20240033,Luca Mozzato,19,Stage 19,0,0,0,0,0,0,0,0,0
2024,20240033,Luca Mozzato,20,Stage 20,0,0,0,0,0,0,0,0,0
2024,20240033,Luca Mozzato,21,Stage 21,0,0,0,0,0,0,0,0,0
2024,20240033,Luca Mozzato,22,Final Classifications,0,0,0,0,0,0,0,0,0
2024,20240094,Jack Haig,1,Stage 1,0,0,0,0,0,0,0,0,0
2024,20240094,Jack Haig,2,Stage 2,0,0,0,0,0,0,0,0,0
2024,20240094,Jack Haig,3,Stage 3,0,0,0,0,0,0,0,0,0
2024,20240094,Jack Haig,4,Stage 4,0,0,0,0,0,0,0,0,0
2024,20240094,Jack Haig,5,Stage 5,0,0,0,0,0,0,0,0,0
2024,20240094,Jack Haig,6,Stage 6,0,0,0,0,0,0,0,0,0
2024,20240094,Jack Haig,7,Stage 7,0,0,0,0,0,0,0,0,0
2024,20240094,Jack Haig,8,Stage 8,0,0,0,0,0,0,0,0,0
2024,20240094,Jack Haig,9,Stage 9,0,0,0,0,0,0,0,0,0
2024,20240094,Jack Haig,10,Stage 10,0,0,0,0,0,0,0,0,0
2024,20240094,Jack Haig,11,Stage 11,0,0,0,0,0,0,0,0,0
2024,20240094,Jack Haig,12,Stage 12,0,0,0,0,0,0,0,0,0
2024,20240094,Jack Haig,13,Stage 13,0,3,0,0,0,0,0,0,3
2024,20240094,Jack Haig,14,Stage 14,0,1,0,0,0,0,0,0,1
2024,20240094,Jack Haig,15,Stage 15,0,0,0,0,0,0,0,0,0
2024,20240094,Jack Haig,16,Stage 16,0,0,0,0,0,0,0,4,4
2024,20240094,Jack Haig,17,Stage 17,0,0,0,0,0,0,0,0,0
2024,20240094,Jack Haig,18,Stage 18,0,0,0,0,0,0,0,0,0
2024,20240094,Jack Haig,19,Stage 19,0,0,0,0,0,0,0,0,0
2024,20240094,Jack Haig,20,Stage 20,0,0,0,0,0,0,0,0,0
2024,20240094,Jack Haig,21,Stage 21,0,0,0,0,0,0,0,0,0
2024,20240094,Jack Haig,22,Final Classifications,0,0,0,0,0,0,0,0,0
2024,20240084,Michael Mørkøv,1,Stage 1,0,0,0,0,0,0,0,0,0
2024,20240084,Michael Mørkøv,2,Stage 2,0,0,0,0,0,0,0,0,0
2024,20240084,Michael Mørkøv,3,Stage 3,0,0,0,0,0,0,0,0,0
2024,20240084,Michael Mørkøv,4,Stage 4,0,0,0,0,0,0,0,0,0
2024,20240084,Michael Mørkøv,5,Stage 5,0,0,0,0,0,0,0,8,8
2024,20240084,Michael Mørkøv,6,Stage 6,0,0,0,0,0,0,0,0,0
2024,20240084,Michael Mørkøv,7,Stage 7,0,0,0,0,0,0,0,0,0
2024,20240084,Michael Mørkøv,8,Stage 8,0,0,0,0,0,0,0,0,0
2024,20240084,Michael Mørkøv,9,Stage 9,0,0,0,0,0,0,0,0,0
2024,20240084,Michael Mørkøv,10,Stage 10,0,0,0,0,0,0,0,0,0
2024,20240084,Michael Mørkøv,11,Stage 11,0,0,0,0,0,0,0,0,0
2024,20240084,Michael Mørkøv,12,Stage 12,0,0,0,0,0,0,0,0,0
2024,20240084,Michael Mørkøv,13,Stage 13,0,0,0,0,0,0,0,0,0
2024,20240084,Michael Mørkøv,14,Stage 14,0,0,0,0,0,0,0,0,0
2024,20240084,Michael Mørkøv,15,Stage 15,0,0,0,0,0,0,0,0,0
2024,20240084,Michael Mørkøv,16,Stage 16,0,0,0,0,0,0,0,0,0
2024,20240084,Michael Mørkøv,17,Stage 17,0,0,0,0,0,0,0,0,0
2024,20240084,Michael Mørkøv,18,Stage 18,0,0,0,0,0,0,0,0,0
2024,20240084,Michael Mørkøv,19,Stage 19,0,0,0,0,0,0,0,0,0
2024,20240084,Michael Mørkøv,20,Stage 20,0,0,0,0,0,0,0,0,0
2024,20240084,Michael Mørkøv,21,Stage 21,0,0,0,0,0,0,0,0,0
2024,20240084,Michael Mørkøv,22,Final Classifications,0,0,0,0,0,0,0,0,0
2024,20240667,Guillaume Boivin,1,Stage 1,0,0,0,0,0,0,0,0,0
2024,20240667,Guillaume Boivin,2,Stage 2,0,0,0,0,0,0,0,0,0
2024,20240667,Guillaume Boivin,3,Stage 3,0,0,0,0,0,0,0,0,0
2024,20240667,Guillaume Boivin,4,Stage 4,0,0,0,0,0,0,0,0,0
2024,20240667,Guillaume Boivin,5,Stage 5,0,0,0,0,0,0,0,0,0
2024,20240667,Guillaume Boivin,6,Stage 6,0,0,0,0,0,0,0,0,0
2024,20240667,Guillaume Boivin,7,Stage 7,0,0,0,0,0,0,0,0,0
2024,20240667,Guillaume Boivin,8,Stage 8,0,0,0,0,0,0,0,0,0
2024,20240667,Guillaume Boivin,9,Stage 9,0,0,0,0,0,0,0,2,2
2024,20240667,Guillaume Boivin,10,Stage 10,0,0,0,0,0,0,0,2,2
2024,20240667,Guillaume Boivin,11,Stage 11,0,0,0,0,0,0,0,0,0
2024,20240667,Guillaume Boivin,12,Stage 12,0,0,0,0,0,0,0,2,2
2024,20240667,Guillaume Boivin,13,Stage 13,0,0,0,0,0,0,0,2,2
2024,20240667,Guillaume Boivin,14,Stage 14,0,0,0,0,0,0,0,0,0
2024,20240667,Guillaume Boivin,15,Stage 15,0,0,0,0,0,0,0,0,0
2024,20240667,Guillaume Boivin,16,Stage 16,0,0,0,0,0,0,0,0,0
2024,20240667,Guillaume Boivin,17,Stage 17,0,0,0,0,0,0,0,0,0
2024,20240667,Guillaume Boivin,18,Stage 18,0,0,0,0,0,0,0,0,0
2024,20240667,Guillaume Boivin,19,Stage 19,0,0,0,0,0,0,0,0,0
2024,20240667,Guillaume Boivin,20,Stage 20,0,0,0,0,0,0,0,0,0
2024,20240667,Guillaume Boivin,21,Stage 21,0,0,0,0,0,0,0,0,0
2024,20240667,Guillaume Boivin,22,Final Classifications,0,0,0,0,0,0,0,0,0
2024,20240452,Elmar Reinders,1,Stage 1,0,0,0,0,0,0,0,0,0
2024,20240452,Elmar Reinders,2,Stage 2,0,0,0,0,0,0,0,0,0
2024,20240452,Elmar Reinders,3,Stage 3,0,0,0,0,0,0,0,0,0
2024,20240452,Elmar Reinders,4,Stage 4,0,0,0,0,0,0,0,0,0
2024,20240452,Elmar Reinders,5,Stage 5,0,0,0,0,0,0,0,0,0
2024,20240452,Elmar Reinders,6,Stage 6,0,0,0,0,0,0,0,8,8
2024,20240452,Elmar Reinders,7,Stage 7,0,0,0,0,0,0,0,0,0
2024,20240452,Elmar Reinders,8,Stage 8,0,0,0,0,0,0,0,0,0
2024,20240452,Elmar Reinders,9,Stage 9,0,0,0,0,0,0,0,0,0
2024,20240452,Elmar Reinders,10,Stage 10,0,0,0,0,0,0,0,0,0
2024,20240452,Elmar Reinders,11,Stage 11,0,0,0,0,0,0,0,0,0
2024,20240452,Elmar Reinders,12,Stage 12,0,0,0,0,0,0,0,0,0
2024,20240452,Elmar Reinders,13,Stage 13,0,0,0,0,0,0,0,0,0
2024,20240452,Elmar Reinders,14,Stage 14,0,0,0,0,0,0,0,0,0
2024,20240452,Elmar Reinders,15,Stage 15,0,0,0,0,0,0,0,0,0
2024,20240452,Elmar Reinders,16,Stage 16,0,0,0,0,0,0,0,0,0
2024,20240452,Elmar Reinders,17,Stage 17,0,0,0,0,0,0,0,0,0
2024,20240452,Elmar Reinders,18,Stage 18,0,0,0,0,0,0,0,0,0
2024,20240452,Elmar Reinders,19,Stage 19,0,0,0,0,0,0,0,0,0
2024,20240452,Elmar Reinders,20,Stage 20,0,0,0,0,0,0,0,0,0
2024,20240452,Elmar Reinders,21,Stage 21,0,0,0,0,0,0,0,0,0
2024,20240452,Elmar Reinders,22,Final Classifications,0,0,0,0,0,0,0,0,0
2024,20240128,Nico Denz,1,Stage 1,0,0,0,0,0,0,0,0,0
2024,20240128,Nico Denz,2,Stage 2,0,0,0,0,0,0,0,0,0
2024,20240128,Nico Denz,3,Stage 3,0,0,0,0,0,0,0,0,0
2024,20240128,Nico Denz,4,Stage 4,0,0,0,0,0,0,0,0,0
2024,20240128,Nico Denz,5,Stage 5,0,0,0,0,0,0,0,0,0
2024,20240128,Nico Denz,6,Stage 6,0,0,0,0,0,0,0,0,0
2024,20240128,Nico Denz,7,Stage 7,0,0,0,0,0,0,0,0,0
2024,20240128,Nico Denz,8,Stage 8,0,0,0,0,0,0,0,2,2
2024,20240128,Nico Denz,9,Stage 9,0,0,0,0,0,0,0,0,0
2024,20240128,Nico Denz,10,Stage 10,0,0,0,0,0,0,0,0,0
2024,20240128,Nico Denz,11,Stage 11,0,0,0,0,0,0,0,0,0
2024,20240128,Nico Denz,12,Stage 12,0,0,0,0,0,0,0,0,0
2024,20240128,Nico Denz,13,Stage 13,0,0,0,0,0,0,0,0,0
2024,20240128,Nico Denz,14,Stage 14,0,0,0,0,0,0,0,0,0
2024,20240128,Nico Denz,15,Stage 15,0,0,0,0,5,0,0,0,5
2024,20240128,Nico Denz,16,Stage 16,0,0,0,0,0,0,0,0,0
2024,20240128,Nico Denz,17,Stage 17,0,0,0,0,0,0,0,0,0
2024,20240128,Nico Denz,18,Stage 18,0,0,0,0,0,0,0,0,0
2024,20240128,Nico Denz,19,Stage 19,0,0,0,0,0,0,0,0,0
2024,20240128,Nico Denz,20,Stage 20,0,0,0,0,0,0,0,0,0
2024,20240128,Nico Denz,21,Stage 21,0,0,0,0,0,0,0,0,0
2024,20240128,Nico Denz,22,Final Classifications,0,0,0,0,0,0,0,0,0
2024,20240384,Casper Pedersen,1,Stage 1,0,0,0,0,0,0,0,0,0
2024,20240384,Casper Pedersen,2,Stage 2,0,0,0,0,0,0,0,4,4
2024,20240384,Casper Pedersen,3,Stage 3,0,0,0,0,0,0,0,2,2
2024,20240384,Casper Pedersen,4,Stage 4,0,0,0,0,0,0,0,0,0
2024,20240384,Casper Pedersen,5,Stage 5,0,0,0,0,0,0,0,0,0
2024,20240384,Casper Pedersen,6,Stage 6,0,0,0,0,0,0,0,0,0
2024,20240384,Casper Pedersen,7,Stage 7,0,0,0,0,0,0,0,0,0
2024,20240384,Casper Pedersen,8,Stage 8,0,0,0,0,0,0,0,0,0
2024,20240384,Casper Pedersen,9,Stage 9,0,0,0,0,0,0,0,0,0
2024,20240384,Casper Pedersen,10,Stage 10,0,0,0,0,0,0,0,0,0
2024,20240384,Casper Pedersen,11,Stage 11,0,0,0,0,0,0,0,0,0
2024,20240384,Casper Pedersen,12,Stage 12,0,0,0,0,0,0,0,0,0
2024,20240384,Casper Pedersen,13,Stage 13,0,0,0,0,0,0,0,0,0
2024,20240384,Casper Pedersen,14,Stage 14,0,0,0,0,0,0,0,0,0
2024,20240384,Casper Pedersen,15,Stage 15,0,0,0,0,0,0,0,0,0
2024,20240384,Casper Pedersen,16,Stage 16,0,0,0,0,0,0,0,0,0
2024,20240384,Casper Pedersen,17,Stage 17,0,0,0,0,0,0,0,0,0
2024,20240384,Casper Pedersen,18,Stage 18,0,0,0,0,0,0,0,0,0
2024,20240384,Casper Pedersen,19,Stage 19,0,0,0,0,0,0,0,0,0
2024,20240384,Casper Pedersen,20,Stage 20,0,0,0,0,0,0,0,0,0
2024,20240384,Casper Pedersen,21,Stage 21,0,0,0,0,0,0,0,0,0
2024,20240384,Casper Pedersen,22,Final Classifications,0,0,0,0,0,0,0,0,0
2024,20240149,Jesús Herrada,1,Stage 1,0,0,0,0,0,0,0,0,0
2024,20240149,Jesús Herrada,2,Stage 2,0,0,0,0,0,0,0,0,0
2024,20240149,Jesús Herrada,3,Stage 3,0,0,0,0,0,0,0,0,0
2024,20240149,Jesús Herrada,4,Stage 4,0,0,0,0,0,0,0,0,0
2024,20240149,Jesús Herrada,5,Stage 5,0,0,0,0,0,0,0,0,0
2024,20240149,Jesús Herrada,6,Stage 6,0,0,0,0,0,0,0,0,0
2024,20240149,Jesús Herrada,7,Stage 7,0,0,0,0,0,0,0,0,0
2024,20240149,Jesús Herrada,8,Stage 8,0,0,0,0,0,0,0,0,0
2024,20240149,Jesús Herrada,9,Stage 9,0,0,0,0,0,0,0,0,0
2024,20240149,Jesús Herrada,10,Stage 10,0,0,0,0,0,0,0,0,0
2024,20240149,Jesús Herrada,11,Stage 11,0,0,0,0,0,0,0,0,0
2024,20240149,Jesús Herrada,12,Stage 12,0,0,0,0,0,0,0,0,0
2024,20240149,Jesús Herrada,13,Stage 13,0,0,0,0,0,0,0,0,0
2024,20240149,Jesús Herrada,14,Stage 14,0,0,0,0,0,0,0,0,0
2024,20240149,Jesús Herrada,15,Stage 15,0,0,0,0,0,0,0,0,0
2024,20240149,Jesús Herrada,16,Stage 16,0,0,0,0,0,0,0,0,0
2024,20240149,Jesús Herrada,17,Stage 17,0,0,0,0,0,0,0,0,0
2024,20240149,Jesús Herrada,18,Stage 18,0,0,0,0,0,0,0,0,0
2024,20240149,Jesús Herrada,19,Stage 19,0,0,0,0,0,0,0,0,0
2024,20240149,Jesús Herrada,20,Stage 20,0,0,0,0,0,0,0,0,0
2024,20240149,Jesús Herrada,21,Stage 21,0,0,0,0,0,0,0,0,0
2024,20240149,Jesús Herrada,22,Final Classifications,0,0,0,0,0,0,0,0,0
2024,20240153,Alexis Renard,1,Stage 1,0,0,0,0,0,0,0,0,0
2024,20240153,Alexis Renard,2,Stage 2,0,0,0,0,0,0,0,0,0
2024,20240153,Alexis Renard,3,Stage 3,0,0,0,0,0,0,0,0,0
2024,20240153,Alexis Renard,4,Stage 4,0,0,0,0,0,0,0,0,0
2024,20240153,Alexis Renard,5,Stage 5,0,0,0,0,0,0,0,0,0
2024,20240153,Alexis Renard,6,Stage 6,0,0,0,0,0,0,0,0,0
2024,20240153,Alexis Renard,7,Stage 7,0,0,0,0,0,0,0,0,0
2024,20240153,Alexis Renard,8,Stage 8,0,0,0,0,0,0,0,0,0
2024,20240153,Alexis Renard,9,Stage 9,0,0,0,0,0,0,0,0,0
2024,20240153,Alexis Renard,10,Stage 10,0,0,0,0,0,0,0,0,0
2024,20240153,Alexis Renard,11,Stage 11,0,0,0,0,0,0,0,0,0
2024,20240153,Alexis Renard,12,Stage 12,0,0,0,0,0,0,0,0,0
2024,20240153,Alexis Renard,13,Stage 13,0,0,0,0,0,0,0,0,0
2024,20240153,Alexis Renard,14,Stage 14,0,0,0,0,0,0,0,0,0
2024,20240153,Alexis Renard,15,Stage 15,0,0,0,0,0,0,0,0,0
2024,20240153,Alexis Renard,16,Stage 16,0,0,0,0,0,0,0,0,0
2024,20240153,Alexis Renard,17,Stage 17,0,0,0,0,0,0,0,0,0
2024,20240153,Alexis Renard,18,Stage 18,0,0,0,0,0,0,0,0,0
2024,20240153,Alexis Renard,19,Stage 19,0,0,0,0,0,0,0,0,0
2024,20240153,Alexis Renard,20,Stage 20,0,0,0,0,0,0,0,0,0
2024,20240153,Alexis Renard,21,Stage 21,0,0,0,0,0,0,0,0,0
2024,20240153,Alexis Renard,22,Final Classifications,0,0,0,0,0,0,0,0,0
2024,20240185,Nans Peters,1,Stage 1,0,0,0,0,0,0,0,0,0
2024,20240185,Nans Peters,2,Stage 2,0,0,0,0,0,0,0,0,0
2024,20240185,Nans Peters,3,Stage 3,0,0,0,0,0,0,0,0,0
2024,20240185,Nans Peters,4,Stage 4,0,0,0,0,0,0,0,0,0
2024,20240185,Nans Peters,5,Stage 5,0,0,0,0,0,0,0,0,0
2024,20240185,Nans Peters,6,Stage 6,0,0,0,0,0,0,0,0,0
2024,20240185,Nans Peters,7,Stage 7,0,0,0,0,0,0,0,0,0
2024,20240185,Nans Peters,8,Stage 8,0,0,0,0,0,0,0,0,0
2024,20240185,Nans Peters,9,Stage 9,0,0,0,0,0,0,0,0,0
2024,20240185,Nans Peters,10,Stage 10,0,0,0,0,0,0,0,0,0
2024,20240185,Nans Peters,11,Stage 11,0,0,0,0,0,0,0,0,0
2024,20240185,Nans Peters,12,Stage 12,0,0,0,0,0,0,0,0,0
2024,20240185,Nans Peters,13,Stage 13,0,0,0,0,0,0,0,0,0
2024,20240185,Nans Peters,14,Stage 14,0,0,0,0,0,0,0,0,0
2024,20240185,Nans Peters,15,Stage 15,0,0,0,0,0,0,0,0,0
2024,20240185,Nans Peters,16,Stage 16,0,0,0,0,0,0,0,0,0
2024,20240185,Nans Peters,17,Stage 17,0,0,0,0,0,0,0,0,0
2024,20240185,Nans Peters,18,Stage 18,0,0,0,0,0,0,0,0,0
2024,20240185,Nans Peters,19,Stage 19,0,0,0,0,0,0,0,0,0
2024,20240185,Nans Peters,20,Stage 20,0,0,0,0,0,0,0,0,0
2024,20240185,Nans Peters,21,Stage 21,0,0,0,0,0,0,0,0,0
2024,20240185,Nans Peters,22,Final Classifications,0,0,0,0,0,0,0,0,0
2024,20240186,Nicolas Prodhomme,1,Stage 1,0,0,0,0,0,0,0,0,0
2024,20240186,Nicolas Prodhomme,2,Stage 2,0,0,0,0,0,0,0,0,0
2024,20240186,Nicolas Prodhomme,3,Stage 3,0,0,0,0,0,0,0,0,0
2024,20240186,Nicolas Prodhomme,4,Stage 4,0,0,0,0,0,0,0,0,0
2024,20240186,Nicolas Prodhomme,5,Stage 5,0,0,0,0,0,0,0,0,0
2024,20240186,Nicolas Prodhomme,6,Stage 6,0,0,0,0,0,0,0,0,0
2024,20240186,Nicolas Prodhomme,7,Stage 7,0,0,0,0,0,0,0,0,0
2024,20240186,Nicolas Prodhomme,8,Stage 8,0,0,0,0,0,0,0,0,0
2024,20240186,Nicolas Prodhomme,9,Stage 9,0,0,0,0,0,0,0,0,0
2024,20240186,Nicolas Prodhomme,10,Stage 10,0,0,0,0,0,0,0,0,0
2024,20240186,Nicolas Prodhomme,11,Stage 11,0,0,0,0,0,0,0,0,0
2024,20240186,Nicolas Prodhomme,12,Stage 12,0,0,0,0,0,0,0,0,0
2024,20240186,Nicolas Prodhomme,13,Stage 13,0,0,0,0,0,0,0,0,0
2024,20240186,Nicolas Prodhomme,14,Stage 14,0,0,0,0,0,0,0,0,0
2024,20240186,Nicolas Prodhomme,15,Stage 15,0,0,0,0,0,0,0,0,0
2024,20240186,Nicolas Prodhomme,16,Stage 16,0,0,0,0,0,0,0,0,0
2024,20240186,Nicolas Prodhomme,17,Stage 17,0,0,0,0,0,0,0,0,0
2024,20240186,Nicolas Prodhomme,18,Stage 18,0,0,0,0,0,0,0,0,0
2024,20240186,Nicolas Prodhomme,19,Stage 19,0,0,0,0,0,0,0,0,0
2024,20240186,Nicolas Prodhomme,20,Stage 20,0,0,0,0,0,0,0,0,0
2024,20240186,Nicolas Prodhomme,21,Stage 21,0,0,0,0,0,0,0,0,0
2024,20240186,Nicolas Prodhomme,22,Final Classifications,0,0,0,0,0,0,0,0,0
2024,20240083,Michele Gazzoli,1,Stage 1,0,0,0,0,0,0,0,0,0
2024,20240083,Michele Gazzoli,2,Stage 2,0,0,0,0,0,0,0,0,0
2024,20240083,Michele Gazzoli,3,Stage 3,0,0,0,0,0,0,0,0,0
2024,20240083,Michele Gazzoli,4,Stage 4,0,0,0,0,0,0,0,0,0
2024,20240083,Michele Gazzoli,5,Stage 5,0,0,0,0,0,0,0,0,0
2024,20240083,Michele Gazzoli,6,Stage 6,0,0,0,0,0,0,0,0,0
2024,20240083,Michele Gazzoli,7,Stage 7,0,0,0,0,0,0,0,0,0
2024,20240083,Michele Gazzoli,8,Stage 8,0,0,0,0,0,0,0,0,0
2024,20240083,Michele Gazzoli,9,Stage 9,0,0,0,0,0,0,0,0,0
2024,20240083,Michele Gazzoli,10,Stage 10,0,0,0,0,0,0,0,0,0
2024,20240083,Michele Gazzoli,11,Stage 11,0,0,0,0,0,0,0,0,0
2024,20240083,Michele Gazzoli,12,Stage 12,0,0,0,0,0,0,0,0,0
2024,20240083,Michele Gazzoli,13,Stage 13,0,0,0,0,0,0,0,0,0
2024,20240083,Michele Gazzoli,14,Stage 14,0,0,0,0,0,0,0,0,0
2024,20240083,Michele Gazzoli,15,Stage 15,0,0,0,0,0,0,0,0,0
2024,20240083,Michele Gazzoli,16,Stage 16,0,0,0,0,0,0,0,0,0
2024,20240083,Michele Gazzoli,17,Stage 17,0,0,0,0,0,0,0,0,0
2024,20240083,Michele Gazzoli,18,Stage 18,0,0,0,0,0,0,0,0,0
2024,20240083,Michele Gazzoli,19,Stage 19,0,0,0,0,0,0,0,0,0
2024,20240083,Michele Gazzoli,20,Stage 20,0,0,0,0,0,0,0,0,0
2024,20240083,Michele Gazzoli,21,Stage 21,0,0,0,0,0,0,0,0,0
2024,20240083,Michele Gazzoli,22,Final Classifications,0,0,0,0,0,0,0,0,0
2024,20240342,Tim Declercq,1,Stage 1,0,0,0,0,0,0,0,0,0
2024,20240342,Tim Declercq,2,Stage 2,0,0,0,0,0,0,0,0,0
2024,20240342,Tim Declercq,3,Stage 3,0,0,0,0,0,0,0,0,0
2024,20240342,Tim Declercq,4,Stage 4,0,0,0,0,0,0,0,0,0
2024,20240342,Tim Declercq,5,Stage 5,0,0,0,0,0,0,0,0,0
2024,20240342,Tim Declercq,6,Stage 6,0,0,0,0,0,0,0,0,0
2024,20240342,Tim Declercq,7,Stage 7,0,0,0,0,0,0,0,0,0
2024,20240342,Tim Declercq,8,Stage 8,0,0,0,0,0,0,0,0,0
2024,20240342,Tim Declercq,9,Stage 9,0,0,0,0,0,0,0,0,0
2024,20240342,Tim Declercq,10,Stage 10,0,0,0,0,0,0,0,0,0
2024,20240342,Tim Declercq,11,Stage 11,0,0,0,0,0,0,0,0,0
2024,20240342,Tim Declercq,12,Stage 12,0,0,0,0,0,0,0,0,0
2024,20240342,Tim Declercq,13,Stage 13,0,0,0,0,0,0,0,0,0
2024,20240342,Tim Declercq,14,Stage 14,0,0,0,0,0,0,0,0,0
2024,20240342,Tim Declercq,15,Stage 15,0,0,0,0,0,0,0,0,0
2024,20240342,Tim Declercq,16,Stage 16,0,0,0,0,0,0,0,0,0
2024,20240342,Tim Declercq,17,Stage 17,0,0,0,0,0,0,0,0,0
2024,20240342,Tim Declercq,18,Stage 18,0,0,0,0,0,0,0,0,0
2024,20240342,Tim Declercq,19,Stage 19,0,0,0,0,0,0,0,0,0
2024,20240342,Tim Declercq,20,Stage 20,0,0,0,0,0,0,0,0,0
2024,20240342,Tim Declercq,21,Stage 21,0,0,0,0,0,0,0,0,0
2024,20240342,Tim Declercq,22,Final Classifications,0,0,0,0,0,0,0,0,0
