year,rider_id,name,round,round_label,stg,gc,pc,kom,spr,sum,bky,ass,tot
2023,20230985,Tadej Pogačar,1,Stage 1,160,22,6,4,0,0,0,20,212
2023,20230985,Tadej Pogačar,2,Stage 2,160,26,8,8,0,0,0,8,210
2023,20230985,Tadej Pogačar,3,Stage 3,0,26,4,8,0,0,0,8,46
2023,20230985,Tadej Pogačar,4,Stage 4,0,26,0,8,0,0,0,8,42
2023,20230985,Tadej Pogačar,5,Stage 5,80,15,0,0,0,0,0,0,95
2023,20230985,Tadej Pogačar,6,Stage 6,220,26,0,2,0,17,0,0,265
2023,20230985,Tadej Pogačar,7,Stage 7,0,26,0,2,0,0,0,0,28
2023,20230985,Tadej Pogačar,8,Stage 8,60,26,2,2,0,0,0,0,90
2023,20230985,Tadej Pogačar,9,Stage 9,35,26,2,1,0,0,0,0,64
2023,20230985,Tadej Pogačar,10,Stage 10,0,26,2,1,0,0,0,0,29
2023,20230985,Tadej Pogačar,11,Stage 11,4,26,0,1,0,0,0,0,31
2023,20230985,Tadej Pogačar,12,Stage 12,40,26,0,0,0,0,0,0,66
2023,20230985,Tadej Pogačar,13,Stage 13,160,26,2,8,0,20,0,0,216
2023,20230985,Tadej Pogačar,14,Stage 14,180,26,4,6,0,27,0,2,245
2023,20230985,Tadej Pogačar,15,Stage 15,20,26,2,4,0,0,0,2,54
2023,20230985,Tadej Pogačar,16,Stage 16,180,26,2,4,0,0,0,0,212
2023,20230985,Tadej Pogačar,17,Stage 17,0,26,2,2,0,0,0,6,36
2023,20230985,Tadej Pogačar,18,Stage 18,0,26,4,2,0,0,0,6,38
2023,20230985,Tadej Pogačar,19,Stage 19,0,26,4,2,0,0,0,6,38
2023,20230985,Tadej Pogačar,20,Stage 20,220,26,4,2,0,6,0,6,264
2023,20230985,Tadej Pogačar,21,Stage 21,0,26,4,2,20,0,0,6,58
2023,20230985,Tadej Pogačar,22,Final Classifications,0,500,60,40,0,0,0,40,640
2023,20230603,Jonas Vingegaard,1,Stage 1,70,12,0,0,0,0,0,8,90
2023,20230603,Jonas Vingegaard,2,Stage 2,20,15,0,6,0,0,0,12,53
2023,20230603,Jonas Vingegaard,3,Stage 3,0,15,0,6,0,0,0,8,29
2023,20230603,Jonas Vingegaard,4,Stage 4,0,15,0,6,0,0,0,8,29
2023,20230603,Jonas Vingegaard,5,Stage 5,120,26,0,0,0,2,0,8,156
2023,20230603,Jonas Vingegaard,6,Stage 6,180,30,0,0,0,14,0,8,232
2023,20230603,Jonas Vingegaard,7,Stage 7,0,30,0,0,0,0,0,8,38
2023,20230603,Jonas Vingegaard,8,Stage 8,12,30,0,0,0,0,0,10,52
2023,20230603,Jonas Vingegaard,9,Stage 9,30,30,0,0,0,0,0,2,62
2023,20230603,Jonas Vingegaard,10,Stage 10,0,30,0,0,0,0,0,2,32
2023,20230603,Jonas Vingegaard,11,Stage 11,12,30,0,0,0,0,0,2,44
2023,20230603,Jonas Vingegaard,12,Stage 12,20,30,0,0,0,0,0,2,52
2023,20230603,Jonas Vingegaard,13,Stage 13,140,30,0,1,0,15,0,2,188
2023,20230603,Jonas Vingegaard,14,Stage 14,160,30,0,12,0,36,0,4,242
2023,20230603,Jonas Vingegaard,15,Stage 15,16,30,0,6,0,0,0,12,64
2023,20230603,Jonas Vingegaard,16,Stage 16,220,30,0,6,0,0,0,0,256
2023,20230603,Jonas Vingegaard,17,Stage 17,140,30,1,6,0,20,0,8,205
2023,20230603,Jonas Vingegaard,18,Stage 18,0,30,1,6,0,0,0,8,45
2023,20230603,Jonas Vingegaard,19,Stage 19,0,30,0,6,0,0,0,8,44
2023,20230603,Jonas Vingegaard,20,Stage 20,160,30,2,6,1,10,0,8,217
2023,20230603,Jonas Vingegaard,21,Stage 21,0,30,2,6,0,0,0,8,46
2023,20230603,Jonas Vingegaard,22,Final Classifications,0,600,40,80,0,0,0,50,770
2023,20230059,Jasper Philipsen,1,Stage 1,0,0,0,0,3,0,0,0,3
2023,20230059,Jasper Philipsen,2,Stage 2,0,0,0,0,8,0,0,0,8
2023,20230059,Jasper Philipsen,3,Stage 3,220,0,8,0,4,0,0,0,232
2023,20230059,Jasper Philipsen,4,Stage 4,220,0,12,0,20,0,0,0,252
2023,20230059,Jasper Philipsen,5,Stage 5,0,0,12,0,0,0,0,0,12
2023,20230059,Jasper Philipsen,6,Stage 6,0,0,12,0,0,0,0,0,12
2023,20230059,Jasper Philipsen,7,Stage 7,220,0,12,0,12,0,0,0,244
2023,20230059,Jasper Philipsen,8,Stage 8,180,0,12,0,8,0,0,0,200
2023,20230059,Jasper Philipsen,9,Stage 9,0,0,12,0,0,0,0,0,12
2023,20230059,Jasper Philipsen,10,Stage 10,0,0,12,0,0,0,0,0,12
2023,20230059,Jasper Philipsen,11,Stage 11,220,0,12,0,8,0,0,0,240
2023,20230059,Jasper Philipsen,12,Stage 12,0,0,12,0,0,0,0,0,12
2023,20230059,Jasper Philipsen,13,Stage 13,0,0,12,0,0,0,0,0,12
2023,20230059,Jasper Philipsen,14,Stage 14,0,0,12,0,0,0,0,0,12
2023,20230059,Jasper Philipsen,15,Stage 15,0,0,12,0,0,0,0,0,12
2023,20230059,Jasper Philipsen,16,Stage 16,0,0,12,0,0,0,0,0,12
2023,20230059,Jasper Philipsen,17,Stage 17,0,0,12,0,0,0,0,0,12
2023,20230059,Jasper Philipsen,18,Stage 18,140,0,12,0,6,0,0,0,158
2023,20230059,Jasper Philipsen,19,Stage 19,140,0,12,0,2,0,0,0,154
2023,20230059,Jasper Philipsen,20,Stage 20,0,0,12,0,0,0,0,0,12
2023,20230059,Jasper Philipsen,21,Stage 21,180,0,12,0,0,0,0,0,192
2023,20230059,Jasper Philipsen,22,Final Classifications,0,0,120,0,0,0,0,0,120
2023,20230993,Adam Yates,1,Stage 1,220,30,12,0,0,0,0,8,270
2023,20230993,Adam Yates,2,Stage 2,8,30,2,0,0,0,0,6,46
2023,20230993,Adam Yates,3,Stage 3,0,30,0,0,0,0,0,4,34
2023,20230993,Adam Yates,4,Stage 4,0,30,0,0,0,0,0,4,34
2023,20230993,Adam Yates,5,Stage 5,25,16,0,0,0,0,0,0,41
2023,20230993,Adam Yates,6,Stage 6,70,15,0,0,0,0,0,12,97
2023,20230993,Adam Yates,7,Stage 7,0,15,0,0,0,0,0,4,19
2023,20230993,Adam Yates,8,Stage 8,0,16,0,0,0,0,0,4,20
2023,20230993,Adam Yates,9,Stage 9,12,16,0,0,0,0,0,4,32
2023,20230993,Adam Yates,10,Stage 10,0,15,0,0,0,0,0,4,19
2023,20230993,Adam Yates,11,Stage 11,0,15,0,0,0,0,0,4,19
2023,20230993,Adam Yates,12,Stage 12,12,15,0,0,0,0,0,4,31
2023,20230993,Adam Yates,13,Stage 13,60,16,0,0,0,0,0,6,82
2023,20230993,Adam Yates,14,Stage 14,140,16,0,0,0,15,0,10,181
2023,20230993,Adam Yates,15,Stage 15,12,18,0,0,0,0,0,6,36
2023,20230993,Adam Yates,16,Stage 16,95,22,0,0,0,0,0,0,117
2023,20230993,Adam Yates,17,Stage 17,70,22,0,0,0,0,0,8,100
2023,20230993,Adam Yates,18,Stage 18,0,22,0,0,0,0,0,8,30
2023,20230993,Adam Yates,19,Stage 19,0,22,0,0,0,0,0,8,30
2023,20230993,Adam Yates,20,Stage 20,120,22,0,0,0,2,0,16,160
2023,20230993,Adam Yates,21,Stage 21,0,22,0,0,0,0,0,8,30
2023,20230993,Adam Yates,22,Final Classifications,0,400,0,0,0,0,0,40,440
2023,20230870,Simon Yates,1,Stage 1,180,26,8,0,0,0,0,0,214
2023,20230870,Simon Yates,2,Stage 2,12,22,1,0,0,0,0,0,35
2023,20230870,Simon Yates,3,Stage 3,0,22,0,0,0,0,0,0,22
2023,20230870,Simon Yates,4,Stage 4,0,22,0,0,0,0,0,0,22
2023,20230870,Simon Yates,5,Stage 5,35,14,0,0,0,0,0,0,49
2023,20230870,Simon Yates,6,Stage 6,80,18,0,0,0,0,0,0,98
2023,20230870,Simon Yates,7,Stage 7,0,18,0,0,0,0,0,0,18
2023,20230870,Simon Yates,8,Stage 8,0,15,0,0,0,0,0,0,15
2023,20230870,Simon Yates,9,Stage 9,25,15,0,0,0,0,0,0,40
2023,20230870,Simon Yates,10,Stage 10,0,14,0,0,0,0,0,0,14
2023,20230870,Simon Yates,11,Stage 11,0,14,0,0,0,0,0,4,18
2023,20230870,Simon Yates,12,Stage 12,0,14,0,0,0,0,0,0,14
2023,20230870,Simon Yates,13,Stage 13,70,15,0,0,0,0,0,0,85
2023,20230870,Simon Yates,14,Stage 14,70,14,0,0,0,2,0,0,86
2023,20230870,Simon Yates,15,Stage 15,0,13,0,0,0,0,0,0,13
2023,20230870,Simon Yates,16,Stage 16,120,13,0,0,0,0,0,0,133
2023,20230870,Simon Yates,17,Stage 17,180,16,0,0,0,29,0,0,225
2023,20230870,Simon Yates,18,Stage 18,0,16,0,1,0,0,0,0,17
2023,20230870,Simon Yates,19,Stage 19,0,16,0,1,0,0,0,0,17
2023,20230870,Simon Yates,20,Stage 20,140,18,0,1,0,4,0,0,163
2023,20230870,Simon Yates,21,Stage 21,0,18,0,1,0,0,0,2,21
2023,20230870,Simon Yates,22,Final Classifications,0,350,5,30,0,0,0,0,385
2023,20230198,Jai Hindley,1,Stage 1,95,14,0,0,0,0,0,0,109
2023,20230198,Jai Hindley,2,Stage 2,70,13,0,0,0,0,0,0,83
2023,20230198,Jai Hindley,3,Stage 3,0,13,0,0,0,0,0,0,13
2023,20230198,Jai Hindley,4,Stage 4,0,14,0,0,0,0,0,0,14
2023,20230198,Jai Hindley,5,Stage 5,220,30,0,6,0,25,0,0,281
2023,20230198,Jai Hindley,6,Stage 6,110,22,0,1,0,0,0,0,133
2023,20230198,Jai Hindley,7,Stage 7,0,22,0,1,0,0,0,0,23
2023,20230198,Jai Hindley,8,Stage 8,0,22,0,1,0,0,0,0,23
2023,20230198,Jai Hindley,9,Stage 9,8,22,0,0,0,0,0,0,30
2023,20230198,Jai Hindley,10,Stage 10,0,22,0,0,0,0,0,0,22
2023,20230198,Jai Hindley,11,Stage 11,0,22,0,0,0,0,0,0,22
2023,20230198,Jai Hindley,12,Stage 12,0,22,0,0,0,0,0,0,22
2023,20230198,Jai Hindley,13,Stage 13,110,22,0,0,0,6,0,0,138
2023,20230198,Jai Hindley,14,Stage 14,110,18,0,1,0,6,0,0,135
2023,20230198,Jai Hindley,15,Stage 15,0,16,0,0,0,0,0,0,16
2023,20230198,Jai Hindley,16,Stage 16,0,16,0,0,0,0,0,0,16
2023,20230198,Jai Hindley,17,Stage 17,40,14,0,0,0,0,0,0,54
2023,20230198,Jai Hindley,18,Stage 18,0,14,0,0,0,0,0,0,14
2023,20230198,Jai Hindley,19,Stage 19,0,14,0,0,0,0,0,0,14
2023,20230198,Jai Hindley,20,Stage 20,50,14,0,0,0,0,0,0,64
2023,20230198,Jai Hindley,21,Stage 21,0,14,0,0,0,0,0,8,22
2023,20230198,Jai Hindley,22,Final Classifications,0,220,0,15,0,0,0,0,235
2023,20230596,Wout Van Aert,1,Stage 1,50,10,0,0,0,0,0,8,68
2023,20230596,Wout Van Aert,2,Stage 2,180,16,6,0,0,0,0,8,210
2023,20230596,Wout Van Aert,3,Stage 3,120,16,6,0,0,0,0,8,150
2023,20230596,Wout Van Aert,4,Stage 4,70,16,1,0,0,0,0,8,95
2023,20230596,Wout Van Aert,5,Stage 5,0,0,2,0,12,0,20,12,46
2023,20230596,Wout Van Aert,6,Stage 6,0,0,6,0,16,16,20,20,78
2023,20230596,Wout Van Aert,7,Stage 7,0,0,2,0,0,0,0,16,18
2023,20230596,Wout Van Aert,8,Stage 8,160,0,4,0,0,0,0,16,180
2023,20230596,Wout Van Aert,9,Stage 9,0,0,4,0,0,0,0,10,14
2023,20230596,Wout Van Aert,10,Stage 10,0,0,4,0,0,0,0,10,14
2023,20230596,Wout Van Aert,11,Stage 11,70,0,4,0,0,0,0,10,84
2023,20230596,Wout Van Aert,12,Stage 12,0,0,4,0,0,0,0,10,14
2023,20230596,Wout Van Aert,13,Stage 13,0,0,4,0,0,0,0,10,14
2023,20230596,Wout Van Aert,14,Stage 14,16,0,2,0,0,15,0,14,47
2023,20230596,Wout Van Aert,15,Stage 15,180,0,4,2,0,22,0,16,224
2023,20230596,Wout Van Aert,16,Stage 16,160,0,4,2,0,0,0,0,166
2023,20230596,Wout Van Aert,17,Stage 17,0,0,4,1,0,0,0,16,21
2023,20230596,Wout Van Aert,18,Stage 18,0,0,0,0,0,0,0,0,0
2023,20230596,Wout Van Aert,19,Stage 19,0,0,0,0,0,0,0,0,0
2023,20230596,Wout Van Aert,20,Stage 20,0,0,0,0,0,0,0,0,0
2023,20230596,Wout Van Aert,21,Stage 21,0,0,0,0,0,0,0,0,0
2023,20230596,Wout Van Aert,22,Final Classifications,0,0,0,0,0,0,0,0,0
2023,20230123,Pello Bilbao,1,Stage 1,0,0,0,0,0,0,0,0,0
2023,20230123,Pello Bilbao,2,Stage 2,120,1,0,0,0,0,0,4,125
2023,20230123,Pello Bilbao,3,Stage 3,0,4,0,0,0,0,0,8,12
2023,20230123,Pello Bilbao,4,Stage 4,0,3,0,0,0,0,0,6,9
2023,20230123,Pello Bilbao,5,Stage 5,0,3,0,0,0,0,0,0,3
2023,20230123,Pello Bilbao,6,Stage 6,0,8,0,0,0,0,0,2,10
2023,20230123,Pello Bilbao,7,Stage 7,0,7,0,0,0,0,0,2,9
2023,20230123,Pello Bilbao,8,Stage 8,0,9,0,0,0,0,0,2,11
2023,20230123,Pello Bilbao,9,Stage 9,0,10,0,0,0,0,0,10,20
2023,20230123,Pello Bilbao,10,Stage 10,220,16,0,0,8,0,0,8,252
2023,20230123,Pello Bilbao,11,Stage 11,0,16,0,0,0,0,0,10,26
2023,20230123,Pello Bilbao,12,Stage 12,0,16,0,0,0,0,0,8,24
2023,20230123,Pello Bilbao,13,Stage 13,16,14,0,0,0,0,0,4,34
2023,20230123,Pello Bilbao,14,Stage 14,80,13,0,0,0,0,0,0,93
2023,20230123,Pello Bilbao,15,Stage 15,0,14,0,0,0,0,0,8,22
2023,20230123,Pello Bilbao,16,Stage 16,140,14,0,0,0,0,0,0,154
2023,20230123,Pello Bilbao,17,Stage 17,160,15,0,0,0,15,0,0,190
2023,20230123,Pello Bilbao,18,Stage 18,0,15,0,0,0,0,0,0,15
2023,20230123,Pello Bilbao,19,Stage 19,0,15,0,0,0,0,0,10,25
2023,20230123,Pello Bilbao,20,Stage 20,80,15,0,0,0,0,0,0,95
2023,20230123,Pello Bilbao,21,Stage 21,0,15,0,0,0,0,0,0,15
2023,20230123,Pello Bilbao,22,Final Classifications,0,260,10,0,0,0,0,20,290
2023,20230019,Felix Gall,1,Stage 1,0,0,0,0,0,0,0,0,0
2023,20230019,Felix Gall,2,Stage 2,0,0,0,0,0,0,0,0,0
2023,20230019,Felix Gall,3,Stage 3,0,0,0,0,0,0,0,0,0
2023,20230019,Felix Gall,4,Stage 4,0,0,0,0,0,0,0,0,0
2023,20230019,Felix Gall,5,Stage 5,160,0,0,12,1,40,0,0,213
2023,20230019,Felix Gall,6,Stage 6,25,1,0,8,0,0,0,0,34
2023,20230019,Felix Gall,7,Stage 7,0,1,0,8,0,0,0,0,9
2023,20230019,Felix Gall,8,Stage 8,0,3,0,8,0,0,0,0,11
2023,20230019,Felix Gall,9,Stage 9,0,5,0,8,0,0,0,0,13
2023,20230019,Felix Gall,10,Stage 10,0,5,0,8,0,0,0,2,15
2023,20230019,Felix Gall,11,Stage 11,0,5,0,8,0,0,0,0,13
2023,20230019,Felix Gall,12,Stage 12,0,4,0,6,0,0,0,0,10
2023,20230019,Felix Gall,13,Stage 13,30,7,0,2,0,0,0,0,39
2023,20230019,Felix Gall,14,Stage 14,95,12,0,2,0,4,0,0,113
2023,20230019,Felix Gall,15,Stage 15,0,10,0,1,0,0,0,0,11
2023,20230019,Felix Gall,16,Stage 16,35,11,0,1,0,0,0,0,47
2023,20230019,Felix Gall,17,Stage 17,220,13,0,8,0,40,0,0,281
2023,20230019,Felix Gall,18,Stage 18,0,13,0,8,0,0,0,0,21
2023,20230019,Felix Gall,19,Stage 19,0,13,0,8,0,0,0,2,23
2023,20230019,Felix Gall,20,Stage 20,180,13,0,8,0,15,0,0,216
2023,20230019,Felix Gall,21,Stage 21,0,13,0,8,0,0,0,0,21
2023,20230019,Felix Gall,22,Final Classifications,0,200,0,100,0,0,0,0,300
2023,20230505,Carlos Rodríguez,1,Stage 1,35,8,0,0,0,0,0,0,43
2023,20230505,Carlos Rodríguez,2,Stage 2,16,11,0,0,0,0,0,2,29
2023,20230505,Carlos Rodríguez,3,Stage 3,0,12,0,0,0,0,0,2,14
2023,20230505,Carlos Rodríguez,4,Stage 4,0,11,0,0,0,0,0,2,13
2023,20230505,Carlos Rodríguez,5,Stage 5,60,12,0,0,0,0,0,4,76
2023,20230505,Carlos Rodríguez,6,Stage 6,95,16,0,0,0,0,0,4,115
2023,20230505,Carlos Rodríguez,7,Stage 7,4,16,0,0,0,0,0,4,24
2023,20230505,Carlos Rodríguez,8,Stage 8,0,18,0,0,0,0,0,4,22
2023,20230505,Carlos Rodríguez,9,Stage 9,16,18,0,0,0,0,0,4,38
2023,20230505,Carlos Rodríguez,10,Stage 10,0,18,0,0,0,0,0,4,22
2023,20230505,Carlos Rodríguez,11,Stage 11,0,18,0,0,0,0,0,4,22
2023,20230505,Carlos Rodríguez,12,Stage 12,0,18,0,0,0,0,0,4,22
2023,20230505,Carlos Rodríguez,13,Stage 13,50,18,0,0,0,0,0,16,84
2023,20230505,Carlos Rodríguez,14,Stage 14,220,22,0,0,0,20,0,8,270
2023,20230505,Carlos Rodríguez,15,Stage 15,8,22,0,0,0,0,0,4,34
2023,20230505,Carlos Rodríguez,16,Stage 16,40,18,0,0,0,0,0,0,58
2023,20230505,Carlos Rodríguez,17,Stage 17,25,18,0,0,0,0,0,2,45
2023,20230505,Carlos Rodríguez,18,Stage 18,0,18,0,0,0,0,0,2,20
2023,20230505,Carlos Rodríguez,19,Stage 19,0,18,0,0,0,0,0,0,18
2023,20230505,Carlos Rodríguez,20,Stage 20,40,16,0,0,0,0,0,2,58
2023,20230505,Carlos Rodríguez,21,Stage 21,0,16,0,0,0,0,0,2,18
2023,20230505,Carlos Rodríguez,22,Final Classifications,0,300,0,0,0,0,0,30,330
2023,20230933,Mads Pedersen,1,Stage 1,0,0,0,0,5,0,0,0,5
2023,20230933,Mads Pedersen,2,Stage 2,0,0,0,0,3,0,0,0,3
2023,20230933,Mads Pedersen,3,Stage 3,70,0,2,0,8,0,0,0,80
2023,20230933,Mads Pedersen,4,Stage 4,60,0,0,0,8,0,0,0,68
2023,20230933,Mads Pedersen,5,Stage 5,0,0,4,0,16,0,0,8,28
2023,20230933,Mads Pedersen,6,Stage 6,0,0,2,0,0,0,0,0,2
2023,20230933,Mads Pedersen,7,Stage 7,60,0,4,0,5,0,0,0,69
2023,20230933,Mads Pedersen,8,Stage 8,220,0,6,0,0,0,0,0,226
2023,20230933,Mads Pedersen,9,Stage 9,0,0,6,0,0,0,0,0,6
2023,20230933,Mads Pedersen,10,Stage 10,0,0,6,0,0,0,0,0,6
2023,20230933,Mads Pedersen,11,Stage 11,120,0,6,0,0,0,0,0,126
2023,20230933,Mads Pedersen,12,Stage 12,0,0,8,0,20,0,20,0,48
2023,20230933,Mads Pedersen,13,Stage 13,0,0,8,0,0,0,0,0,8
2023,20230933,Mads Pedersen,14,Stage 14,0,0,8,0,0,0,0,0,8
2023,20230933,Mads Pedersen,15,Stage 15,0,0,8,0,0,0,0,0,8
2023,20230933,Mads Pedersen,16,Stage 16,70,0,8,0,0,0,0,0,78
2023,20230933,Mads Pedersen,17,Stage 17,0,0,8,0,0,0,0,0,8
2023,20230933,Mads Pedersen,18,Stage 18,120,0,8,0,0,0,0,0,128
2023,20230933,Mads Pedersen,19,Stage 19,120,0,8,0,20,0,20,0,168
2023,20230933,Mads Pedersen,20,Stage 20,0,0,8,0,20,0,0,0,28
2023,20230933,Mads Pedersen,21,Stage 21,140,0,8,0,0,0,0,0,148
2023,20230933,Mads Pedersen,22,Final Classifications,0,0,100,0,0,0,0,0,100
2023,20230501,Thomas Pidcock,1,Stage 1,0,0,0,0,0,0,0,0,0
2023,20230501,Thomas Pidcock,2,Stage 2,140,4,0,0,0,0,0,2,146
2023,20230501,Thomas Pidcock,3,Stage 3,0,6,0,0,0,0,0,2,8
2023,20230501,Thomas Pidcock,4,Stage 4,0,6,0,0,0,0,0,2,8
2023,20230501,Thomas Pidcock,5,Stage 5,16,8,0,0,0,0,0,4,28
2023,20230501,Thomas Pidcock,6,Stage 6,40,12,0,0,0,0,0,4,56
2023,20230501,Thomas Pidcock,7,Stage 7,20,12,0,0,0,0,0,4,36
2023,20230501,Thomas Pidcock,8,Stage 8,8,12,0,0,0,0,0,4,24
2023,20230501,Thomas Pidcock,9,Stage 9,20,14,0,0,0,0,0,4,38
2023,20230501,Thomas Pidcock,10,Stage 10,0,13,0,0,0,0,0,4,17
2023,20230501,Thomas Pidcock,11,Stage 11,0,13,0,0,0,0,0,4,17
2023,20230501,Thomas Pidcock,12,Stage 12,0,13,0,0,0,0,0,4,17
2023,20230501,Thomas Pidcock,13,Stage 13,120,13,0,0,0,10,0,16,159
2023,20230501,Thomas Pidcock,14,Stage 14,40,10,0,0,0,0,0,18,68
2023,20230501,Thomas Pidcock,15,Stage 15,0,9,0,0,0,0,0,6,15
2023,20230501,Thomas Pidcock,16,Stage 16,0,9,0,0,0,0,0,0,9
2023,20230501,Thomas Pidcock,17,Stage 17,0,5,0,0,0,0,0,2,7
2023,20230501,Thomas Pidcock,18,Stage 18,0,5,0,0,0,0,0,2,7
2023,20230501,Thomas Pidcock,19,Stage 19,60,8,0,0,0,0,0,0,68
2023,20230501,Thomas Pidcock,20,Stage 20,12,8,0,0,0,10,20,2,52
2023,20230501,Thomas Pidcock,21,Stage 21,0,8,0,0,0,0,0,2,10
2023,20230501,Thomas Pidcock,22,Final Classifications,0,120,0,0,0,0,0,30,150
2023,20230587,Sepp Kuss,1,Stage 1,0,0,0,0,0,0,0,8,8
2023,20230587,Sepp Kuss,2,Stage 2,0,0,0,0,0,0,0,12,12
2023,20230587,Sepp Kuss,3,Stage 3,0,0,0,0,0,0,0,8,8
2023,20230587,Sepp Kuss,4,Stage 4,0,0,0,0,0,0,0,8,8
2023,20230587,Sepp Kuss,5,Stage 5,40,5,0,0,0,0,0,12,57
2023,20230587,Sepp Kuss,6,Stage 6,30,11,0,0,0,0,0,20,61
2023,20230587,Sepp Kuss,7,Stage 7,0,11,0,0,0,0,0,16,27
2023,20230587,Sepp Kuss,8,Stage 8,0,11,0,0,0,0,0,18,29
2023,20230587,Sepp Kuss,9,Stage 9,4,12,0,0,0,0,0,10,26
2023,20230587,Sepp Kuss,10,Stage 10,0,11,0,0,0,0,0,10,21
2023,20230587,Sepp Kuss,11,Stage 11,0,11,0,0,0,0,0,10,21
2023,20230587,Sepp Kuss,12,Stage 12,0,10,0,0,0,0,0,10,20
2023,20230587,Sepp Kuss,13,Stage 13,40,11,0,0,0,0,0,10,61
2023,20230587,Sepp Kuss,14,Stage 14,120,15,0,0,0,10,0,14,159
2023,20230587,Sepp Kuss,15,Stage 15,4,15,0,0,0,0,0,20,39
2023,20230587,Sepp Kuss,16,Stage 16,30,15,0,0,0,0,0,0,45
2023,20230587,Sepp Kuss,17,Stage 17,20,12,0,0,0,0,0,16,48
2023,20230587,Sepp Kuss,18,Stage 18,0,12,0,0,0,0,0,16,28
2023,20230587,Sepp Kuss,19,Stage 19,0,12,0,0,0,0,0,16,28
2023,20230587,Sepp Kuss,20,Stage 20,0,9,0,0,0,0,0,18,27
2023,20230587,Sepp Kuss,21,Stage 21,0,9,0,0,0,0,0,16,25
2023,20230587,Sepp Kuss,22,Final Classifications,0,130,0,0,0,0,0,50,180
2023,20230266,Bryan Coquard,1,Stage 1,0,0,0,0,1,0,0,0,1
2023,20230266,Bryan Coquard,2,Stage 2,0,0,0,0,5,0,0,8,13
2023,20230266,Bryan Coquard,3,Stage 3,60,0,0,0,1,0,0,0,61
2023,20230266,Bryan Coquard,4,Stage 4,140,0,4,0,16,0,0,0,160
2023,20230266,Bryan Coquard,5,Stage 5,0,0,8,0,20,0,0,0,28
2023,20230266,Bryan Coquard,6,Stage 6,0,0,8,0,20,0,0,0,28
2023,20230266,Bryan Coquard,7,Stage 7,80,0,8,0,8,0,0,0,96
2023,20230266,Bryan Coquard,8,Stage 8,110,0,8,0,3,0,0,0,121
2023,20230266,Bryan Coquard,9,Stage 9,0,0,8,0,0,0,0,0,8
2023,20230266,Bryan Coquard,10,Stage 10,0,0,8,0,0,0,0,0,8
2023,20230266,Bryan Coquard,11,Stage 11,140,0,8,0,6,0,0,0,154
2023,20230266,Bryan Coquard,12,Stage 12,0,0,6,0,0,0,0,8,14
2023,20230266,Bryan Coquard,13,Stage 13,0,0,6,0,0,0,0,0,6
2023,20230266,Bryan Coquard,14,Stage 14,0,0,6,0,0,0,0,0,6
2023,20230266,Bryan Coquard,15,Stage 15,0,0,6,0,0,0,0,0,6
2023,20230266,Bryan Coquard,16,Stage 16,0,0,6,0,0,0,0,0,6
2023,20230266,Bryan Coquard,17,Stage 17,0,0,6,0,0,0,0,0,6
2023,20230266,Bryan Coquard,18,Stage 18,0,0,6,0,5,0,0,0,11
2023,20230266,Bryan Coquard,19,Stage 19,0,0,6,0,0,0,0,0,6
2023,20230266,Bryan Coquard,20,Stage 20,0,0,6,0,0,0,0,0,6
2023,20230266,Bryan Coquard,21,Stage 21,95,0,6,0,12,0,0,0,113
2023,20230266,Bryan Coquard,22,Final Classifications,0,0,80,0,0,0,0,0,80
2023,20230456,Thibaut Pinot,1,Stage 1,140,18,2,0,0,0,0,2,162
2023,20230456,Thibaut Pinot,2,Stage 2,0,0,0,0,0,0,0,0,0
2023,20230456,Thibaut Pinot,3,Stage 3,0,0,0,0,0,0,0,0,0
2023,20230456,Thibaut Pinot,4,Stage 4,0,0,0,0,0,0,0,0,0
2023,20230456,Thibaut Pinot,5,Stage 5,4,0,0,0,0,0,0,0,4
2023,20230456,Thibaut Pinot,6,Stage 6,4,3,0,0,0,0,0,0,7
2023,20230456,Thibaut Pinot,7,Stage 7,0,3,0,0,0,0,0,0,3
2023,20230456,Thibaut Pinot,8,Stage 8,0,4,0,0,0,0,0,0,4
2023,20230456,Thibaut Pinot,9,Stage 9,0,6,0,0,0,0,0,0,6
2023,20230456,Thibaut Pinot,10,Stage 10,0,6,0,0,0,0,0,0,6
2023,20230456,Thibaut Pinot,11,Stage 11,0,6,0,0,0,0,0,0,6
2023,20230456,Thibaut Pinot,12,Stage 12,110,11,0,0,0,0,20,0,141
2023,20230456,Thibaut Pinot,13,Stage 13,0,10,0,0,0,0,0,0,10
2023,20230456,Thibaut Pinot,14,Stage 14,4,7,0,0,3,8,20,0,42
2023,20230456,Thibaut Pinot,15,Stage 15,110,8,0,0,4,0,0,0,122
2023,20230456,Thibaut Pinot,16,Stage 16,0,8,0,0,0,0,0,0,8
2023,20230456,Thibaut Pinot,17,Stage 17,50,9,0,0,0,0,0,0,59
2023,20230456,Thibaut Pinot,18,Stage 18,0,9,0,0,0,0,0,0,9
2023,20230456,Thibaut Pinot,19,Stage 19,0,9,0,0,0,0,0,0,9
2023,20230456,Thibaut Pinot,20,Stage 20,95,10,0,0,0,15,20,0,140
2023,20230456,Thibaut Pinot,21,Stage 21,0,10,0,0,0,0,0,0,10
2023,20230456,Thibaut Pinot,22,Final Classifications,0,140,0,0,0,0,0,10,150
2023,20230441,David Gaudu,1,Stage 1,60,11,0,0,0,0,0,2,73
2023,20230441,David Gaudu,2,Stage 2,0,9,0,0,0,0,0,0,9
2023,20230441,David Gaudu,3,Stage 3,0,9,0,0,0,0,0,0,9
2023,20230441,David Gaudu,4,Stage 4,0,10,0,0,0,0,0,0,10
2023,20230441,David Gaudu,5,Stage 5,70,11,0,0,0,0,0,0,81
2023,20230441,David Gaudu,6,Stage 6,35,14,0,0,0,0,0,0,49
2023,20230441,David Gaudu,7,Stage 7,0,14,0,0,0,0,0,0,14
2023,20230441,David Gaudu,8,Stage 8,4,14,0,0,0,0,0,0,18
2023,20230441,David Gaudu,9,Stage 9,0,13,0,0,0,0,0,0,13
2023,20230441,David Gaudu,10,Stage 10,0,12,0,0,0,0,0,0,12
2023,20230441,David Gaudu,11,Stage 11,0,12,0,0,0,0,0,0,12
2023,20230441,David Gaudu,12,Stage 12,0,12,0,0,0,0,0,0,12
2023,20230441,David Gaudu,13,Stage 13,20,12,0,0,0,0,0,0,32
2023,20230441,David Gaudu,14,Stage 14,50,11,0,0,0,0,0,0,61
2023,20230441,David Gaudu,15,Stage 15,0,12,0,0,0,0,0,0,12
2023,20230441,David Gaudu,16,Stage 16,60,12,0,0,0,0,0,0,72
2023,20230441,David Gaudu,17,Stage 17,120,11,0,0,0,10,0,0,141
2023,20230441,David Gaudu,18,Stage 18,0,11,0,0,0,0,0,0,11
2023,20230441,David Gaudu,19,Stage 19,0,11,0,0,0,0,0,0,11
2023,20230441,David Gaudu,20,Stage 20,0,12,0,0,0,0,0,0,12
2023,20230441,David Gaudu,21,Stage 21,0,12,0,0,0,0,0,0,12
2023,20230441,David Gaudu,22,Final Classifications,0,180,0,0,0,0,0,10,190
2023,20230851,Dylan Groenewegen,1,Stage 1,0,0,0,0,0,0,0,8,8
2023,20230851,Dylan Groenewegen,2,Stage 2,0,0,0,0,1,0,0,2,3
2023,20230851,Dylan Groenewegen,3,Stage 3,80,0,0,0,0,0,0,2,82
2023,20230851,Dylan Groenewegen,4,Stage 4,30,0,0,0,0,0,0,2,32
2023,20230851,Dylan Groenewegen,5,Stage 5,0,0,0,0,0,0,0,0,0
2023,20230851,Dylan Groenewegen,6,Stage 6,0,0,0,0,0,0,0,0,0
2023,20230851,Dylan Groenewegen,7,Stage 7,120,0,0,0,0,0,0,0,120
2023,20230851,Dylan Groenewegen,8,Stage 8,140,0,0,0,0,0,0,0,140
2023,20230851,Dylan Groenewegen,9,Stage 9,0,0,0,0,0,0,0,0,0
2023,20230851,Dylan Groenewegen,10,Stage 10,0,0,0,0,0,0,0,0,0
2023,20230851,Dylan Groenewegen,11,Stage 11,180,0,1,0,0,0,0,0,181
2023,20230851,Dylan Groenewegen,12,Stage 12,0,0,1,0,0,0,0,0,1
2023,20230851,Dylan Groenewegen,13,Stage 13,0,0,0,0,0,0,0,0,0
2023,20230851,Dylan Groenewegen,14,Stage 14,0,0,0,0,0,0,0,0,0
2023,20230851,Dylan Groenewegen,15,Stage 15,0,0,0,0,0,0,0,0,0
2023,20230851,Dylan Groenewegen,16,Stage 16,0,0,0,0,0,0,0,0,0
2023,20230851,Dylan Groenewegen,17,Stage 17,0,0,0,0,0,0,0,4,4
2023,20230851,Dylan Groenewegen,18,Stage 18,16,0,0,0,0,0,0,0,16
2023,20230851,Dylan Groenewegen,19,Stage 19,30,0,0,0,0,0,0,0,30
2023,20230851,Dylan Groenewegen,20,Stage 20,0,0,0,0,0,0,0,0,0
2023,20230851,Dylan Groenewegen,21,Stage 21,160,0,0,0,0,0,0,0,160
2023,20230851,Dylan Groenewegen,22,Final Classifications,0,0,0,0,0,0,0,0,0
2023,20230920,Giulio Ciccone,1,Stage 1,0,0,0,0,0,0,0,0,0
2023,20230920,Giulio Ciccone,2,Stage 2,50,0,0,0,0,0,0,0,50
2023,20230920,Giulio Ciccone,3,Stage 3,0,1,0,0,0,0,0,0,1
2023,20230920,Giulio Ciccone,4,Stage 4,0,4,0,0,0,0,0,0,4
2023,20230920,Giulio Ciccone,5,Stage 5,180,22,0,8,0,26,0,2,238
2023,20230920,Giulio Ciccone,6,Stage 6,0,0,0,0,0,0,0,0,0
2023,20230920,Giulio Ciccone,7,Stage 7,0,0,0,0,0,0,0,0,0
2023,20230920,Giulio Ciccone,8,Stage 8,0,0,0,0,0,0,0,8,8
2023,20230920,Giulio Ciccone,9,Stage 9,0,0,0,0,0,0,0,0,0
2023,20230920,Giulio Ciccone,10,Stage 10,0,0,0,0,0,0,0,0,0
2023,20230920,Giulio Ciccone,11,Stage 11,0,0,0,0,0,0,0,0,0
2023,20230920,Giulio Ciccone,12,Stage 12,0,0,0,2,0,0,0,0,2
2023,20230920,Giulio Ciccone,13,Stage 13,0,0,0,0,0,0,0,0,0
2023,20230920,Giulio Ciccone,14,Stage 14,0,0,0,4,20,30,20,0,74
2023,20230920,Giulio Ciccone,15,Stage 15,30,0,0,12,1,21,0,0,64
2023,20230920,Giulio Ciccone,16,Stage 16,0,0,0,12,0,0,0,0,12
2023,20230920,Giulio Ciccone,17,Stage 17,0,0,0,12,12,30,0,0,54
2023,20230920,Giulio Ciccone,18,Stage 18,0,0,0,12,0,0,0,0,12
2023,20230920,Giulio Ciccone,19,Stage 19,0,0,0,12,0,0,0,0,12
2023,20230920,Giulio Ciccone,20,Stage 20,0,0,0,12,2,0,20,0,34
2023,20230920,Giulio Ciccone,21,Stage 21,0,0,0,12,0,0,0,0,12
2023,20230920,Giulio Ciccone,22,Final Classifications,0,0,0,120,0,0,0,0,120
2023,20230206,Jordi Meeus,1,Stage 1,0,0,0,0,0,0,0,0,0
2023,20230206,Jordi Meeus,2,Stage 2,0,0,0,0,0,0,0,0,0
2023,20230206,Jordi Meeus,3,Stage 3,95,0,0,0,6,0,0,0,101
2023,20230206,Jordi Meeus,4,Stage 4,25,0,0,0,6,0,0,0,31
2023,20230206,Jordi Meeus,5,Stage 5,0,0,0,0,0,0,0,16,16
2023,20230206,Jordi Meeus,6,Stage 6,0,0,0,0,0,0,0,2,2
2023,20230206,Jordi Meeus,7,Stage 7,110,0,0,0,6,0,0,2,118
2023,20230206,Jordi Meeus,8,Stage 8,0,0,0,0,6,0,0,2,8
2023,20230206,Jordi Meeus,9,Stage 9,0,0,0,0,0,0,0,2,2
2023,20230206,Jordi Meeus,10,Stage 10,0,0,0,0,0,0,0,2,2
2023,20230206,Jordi Meeus,11,Stage 11,50,0,2,0,5,0,0,2,59
2023,20230206,Jordi Meeus,12,Stage 12,0,0,2,0,0,0,0,2,4
2023,20230206,Jordi Meeus,13,Stage 13,0,0,1,0,0,0,0,2,3
2023,20230206,Jordi Meeus,14,Stage 14,0,0,1,0,0,0,0,0,1
2023,20230206,Jordi Meeus,15,Stage 15,0,0,1,0,0,0,0,0,1
2023,20230206,Jordi Meeus,16,Stage 16,0,0,1,0,0,0,0,0,1
2023,20230206,Jordi Meeus,17,Stage 17,0,0,0,0,0,0,0,0,0
2023,20230206,Jordi Meeus,18,Stage 18,95,0,2,0,4,0,0,0,101
2023,20230206,Jordi Meeus,19,Stage 19,0,0,1,0,1,0,0,0,2
2023,20230206,Jordi Meeus,20,Stage 20,0,0,0,0,0,0,0,0,0
2023,20230206,Jordi Meeus,21,Stage 21,220,0,0,0,0,0,0,0,220
2023,20230206,Jordi Meeus,22,Final Classifications,0,0,20,0,0,0,0,0,20
2023,20230122,Phil Bauhaus,1,Stage 1,0,0,0,0,0,0,0,0,0
2023,20230122,Phil Bauhaus,2,Stage 2,0,0,0,0,0,0,0,4,4
2023,20230122,Phil Bauhaus,3,Stage 3,180,0,0,0,0,0,0,4,184
2023,20230122,Phil Bauhaus,4,Stage 4,160,0,0,0,0,0,0,4,164
2023,20230122,Phil Bauhaus,5,Stage 5,0,0,0,0,0,0,0,0,0
2023,20230122,Phil Bauhaus,6,Stage 6,0,0,0,0,0,0,0,2,2
2023,20230122,Phil Bauhaus,7,Stage 7,95,0,0,0,0,0,0,2,97
2023,20230122,Phil Bauhaus,8,Stage 8,0,0,0,0,0,0,0,2,2
2023,20230122,Phil Bauhaus,9,Stage 9,0,0,0,0,0,0,0,10,10
2023,20230122,Phil Bauhaus,10,Stage 10,0,0,0,0,0,0,0,16,16
2023,20230122,Phil Bauhaus,11,Stage 11,160,0,0,0,0,0,0,8,168
2023,20230122,Phil Bauhaus,12,Stage 12,0,0,0,0,0,0,0,8,8
2023,20230122,Phil Bauhaus,13,Stage 13,0,0,0,0,0,0,0,4,4
2023,20230122,Phil Bauhaus,14,Stage 14,0,0,0,0,0,0,0,0,0
2023,20230122,Phil Bauhaus,15,Stage 15,0,0,0,0,0,0,0,8,8
2023,20230122,Phil Bauhaus,16,Stage 16,0,0,0,0,0,0,0,0,0
2023,20230122,Phil Bauhaus,17,Stage 17,0,0,0,0,0,0,0,2,2
2023,20230122,Phil Bauhaus,18,Stage 18,0,0,0,0,0,0,0,0,0
2023,20230122,Phil Bauhaus,19,Stage 19,0,0,0,0,0,0,0,0,0
2023,20230122,Phil Bauhaus,20,Stage 20,0,0,0,0,0,0,0,0,0
2023,20230122,Phil Bauhaus,21,Stage 21,0,0,0,0,0,0,0,0,0
2023,20230122,Phil Bauhaus,22,Final Classifications,0,0,0,0,0,0,0,0,0
2023,20231009,Tobias Halland Johannessen,1,Stage 1,0,0,0,0,0,0,0,0,0
2023,20231009,Tobias Halland Johannessen,2,Stage 2,0,0,0,0,0,0,0,0,0
2023,20231009,Tobias Halland Johannessen,3,Stage 3,0,0,0,0,0,0,0,0,0
2023,20231009,Tobias Halland Johannessen,4,Stage 4,0,0,0,0,0,0,0,0,0
2023,20231009,Tobias Halland Johannessen,5,Stage 5,0,0,0,0,0,0,0,0,0
2023,20231009,Tobias Halland Johannessen,6,Stage 6,160,0,0,6,0,36,20,0,222
2023,20231009,Tobias Halland Johannessen,7,Stage 7,0,0,0,6,0,0,0,0,6
2023,20231009,Tobias Halland Johannessen,8,Stage 8,0,0,0,6,0,0,0,0,6
2023,20231009,Tobias Halland Johannessen,9,Stage 9,0,0,0,6,0,0,0,0,6
2023,20231009,Tobias Halland Johannessen,10,Stage 10,40,0,0,6,0,0,0,0,46
2023,20231009,Tobias Halland Johannessen,11,Stage 11,0,0,0,6,0,0,0,0,6
2023,20231009,Tobias Halland Johannessen,12,Stage 12,120,0,0,8,1,0,20,0,149
2023,20231009,Tobias Halland Johannessen,13,Stage 13,0,0,0,6,0,0,0,0,6
2023,20231009,Tobias Halland Johannessen,14,Stage 14,0,0,0,0,0,0,0,0,0
2023,20231009,Tobias Halland Johannessen,15,Stage 15,0,0,0,0,0,0,0,0,0
2023,20231009,Tobias Halland Johannessen,16,Stage 16,0,0,0,0,0,0,0,0,0
2023,20231009,Tobias Halland Johannessen,17,Stage 17,110,0,0,0,0,4,0,0,114
2023,20231009,Tobias Halland Johannessen,18,Stage 18,0,0,0,0,0,0,0,2,2
2023,20231009,Tobias Halland Johannessen,19,Stage 19,0,0,0,0,0,0,0,0,0
2023,20231009,Tobias Halland Johannessen,20,Stage 20,70,0,0,0,0,0,0,0,70
2023,20231009,Tobias Halland Johannessen,21,Stage 21,0,0,0,0,0,0,0,0,0
2023,20231009,Tobias Halland Johannessen,22,Final Classifications,0,5,0,20,0,0,0,0,25
2023,20230278,Guillaume Martin,1,Stage 1,0,0,0,0,0,0,0,0,0
2023,20230278,Guillaume Martin,2,Stage 2,0,0,0,0,0,0,0,8,8
2023,20230278,Guillaume Martin,3,Stage 3,0,0,0,0,0,0,0,0,0
2023,20230278,Guillaume Martin,4,Stage 4,0,0,0,0,0,0,0,0,0
2023,20230278,Guillaume Martin,5,Stage 5,0,0,0,0,0,0,0,0,0
2023,20230278,Guillaume Martin,6,Stage 6,0,4,0,0,0,0,0,0,4
2023,20230278,Guillaume Martin,7,Stage 7,0,4,0,0,0,0,0,0,4
2023,20230278,Guillaume Martin,8,Stage 8,0,5,0,0,0,0,0,0,5
2023,20230278,Guillaume Martin,9,Stage 9,0,4,0,0,0,0,0,0,4
2023,20230278,Guillaume Martin,10,Stage 10,0,3,0,0,0,0,0,0,3
2023,20230278,Guillaume Martin,11,Stage 11,0,3,0,0,0,0,0,0,3
2023,20230278,Guillaume Martin,12,Stage 12,95,8,0,0,4,0,20,8,135
2023,20230278,Guillaume Martin,13,Stage 13,0,6,0,0,0,0,0,0,6
2023,20230278,Guillaume Martin,14,Stage 14,60,9,0,0,8,0,20,0,97
2023,20230278,Guillaume Martin,15,Stage 15,95,11,0,0,0,0,0,0,106
2023,20230278,Guillaume Martin,16,Stage 16,0,10,0,0,0,0,0,0,10
2023,20230278,Guillaume Martin,17,Stage 17,30,10,0,0,1,0,0,0,41
2023,20230278,Guillaume Martin,18,Stage 18,0,10,0,0,0,0,0,0,10
2023,20230278,Guillaume Martin,19,Stage 19,0,10,0,0,0,0,0,0,10
2023,20230278,Guillaume Martin,20,Stage 20,4,11,0,0,0,0,0,0,15
2023,20230278,Guillaume Martin,21,Stage 21,0,11,0,0,0,0,0,0,11
2023,20230278,Guillaume Martin,22,Final Classifications,0,160,0,0,0,0,0,0,160
2023,20230572,Michael Woods,1,Stage 1,120,16,1,0,0,0,0,0,137
2023,20230572,Michael Woods,2,Stage 2,110,14,4,0,0,0,0,0,128
2023,20230572,Michael Woods,3,Stage 3,0,14,0,0,0,0,0,0,14
2023,20230572,Michael Woods,4,Stage 4,0,13,0,0,0,0,0,0,13
2023,20230572,Michael Woods,5,Stage 5,8,10,0,0,0,0,0,0,18
2023,20230572,Michael Woods,6,Stage 6,0,0,0,0,0,0,0,0,0
2023,20230572,Michael Woods,7,Stage 7,0,0,0,0,0,0,0,0,0
2023,20230572,Michael Woods,8,Stage 8,0,0,0,0,0,0,0,0,0
2023,20230572,Michael Woods,9,Stage 9,220,0,0,2,0,30,20,0,272
2023,20230572,Michael Woods,10,Stage 10,0,0,0,2,0,0,0,0,2
2023,20230572,Michael Woods,11,Stage 11,0,0,0,2,0,0,0,0,2
2023,20230572,Michael Woods,12,Stage 12,0,0,0,1,0,0,0,0,1
2023,20230572,Michael Woods,13,Stage 13,0,0,0,0,0,0,0,0,0
2023,20230572,Michael Woods,14,Stage 14,0,0,0,0,12,10,20,0,42
2023,20230572,Michael Woods,15,Stage 15,0,0,0,0,2,0,0,0,2
2023,20230572,Michael Woods,16,Stage 16,0,0,0,0,0,0,0,0,0
2023,20230572,Michael Woods,17,Stage 17,0,0,0,0,0,0,0,0,0
2023,20230572,Michael Woods,18,Stage 18,0,0,0,0,0,0,0,0,0
2023,20230572,Michael Woods,19,Stage 19,0,0,0,0,0,0,0,0,0
2023,20230572,Michael Woods,20,Stage 20,0,0,0,0,0,0,0,0,0
2023,20230572,Michael Woods,21,Stage 21,0,0,0,0,0,0,0,0,0
2023,20230572,Michael Woods,22,Final Classifications,0,0,0,0,0,0,0,0,0
2023,20230137,Matej Mohorič,1,Stage 1,0,0,0,0,0,0,0,0,0
2023,20230137,Matej Mohorič,2,Stage 2,0,0,0,0,0,0,0,4,4
2023,20230137,Matej Mohorič,3,Stage 3,0,0,0,0,0,0,0,8,8
2023,20230137,Matej Mohorič,4,Stage 4,0,0,0,0,0,0,0,6,6
2023,20230137,Matej Mohorič,5,Stage 5,0,0,0,0,0,0,0,0,0
2023,20230137,Matej Mohorič,6,Stage 6,0,0,0,0,0,0,0,2,2
2023,20230137,Matej Mohorič,7,Stage 7,0,0,0,0,0,0,0,2,2
2023,20230137,Matej Mohorič,8,Stage 8,0,0,0,0,0,0,0,2,2
2023,20230137,Matej Mohorič,9,Stage 9,160,0,0,0,16,20,20,8,224
2023,20230137,Matej Mohorič,10,Stage 10,0,0,0,0,0,0,0,16,16
2023,20230137,Matej Mohorič,11,Stage 11,0,0,0,0,0,0,0,10,10
2023,20230137,Matej Mohorič,12,Stage 12,0,0,0,0,0,0,0,8,8
2023,20230137,Matej Mohorič,13,Stage 13,12,0,0,0,16,0,20,4,52
2023,20230137,Matej Mohorič,14,Stage 14,0,0,0,0,0,0,0,0,0
2023,20230137,Matej Mohorič,15,Stage 15,0,0,0,0,0,0,0,8,8
2023,20230137,Matej Mohorič,16,Stage 16,0,0,0,0,0,0,0,0,0
2023,20230137,Matej Mohorič,17,Stage 17,0,0,0,0,0,0,0,2,2
2023,20230137,Matej Mohorič,18,Stage 18,0,0,0,0,0,0,0,0,0
2023,20230137,Matej Mohorič,19,Stage 19,220,0,0,0,0,0,0,2,222
2023,20230137,Matej Mohorič,20,Stage 20,0,0,0,0,0,0,0,0,0
2023,20230137,Matej Mohorič,21,Stage 21,0,0,0,0,0,0,0,0,0
2023,20230137,Matej Mohorič,22,Final Classifications,0,0,15,0,0,0,0,20,35
2023,20230935,Mattias Skjelmose,1,Stage 1,80,13,0,0,0,0,0,0,93
2023,20230935,Mattias Skjelmose,2,Stage 2,0,10,0,0,0,0,0,0,10
2023,20230935,Mattias Skjelmose,3,Stage 3,0,11,0,0,0,0,0,0,11
2023,20230935,Mattias Skjelmose,4,Stage 4,0,12,0,0,0,0,0,0,12
2023,20230935,Mattias Skjelmose,5,Stage 5,110,13,0,0,0,0,0,8,131
2023,20230935,Mattias Skjelmose,6,Stage 6,0,0,0,0,0,0,0,0,0
2023,20230935,Mattias Skjelmose,7,Stage 7,0,0,0,0,0,0,0,0,0
2023,20230935,Mattias Skjelmose,8,Stage 8,0,2,0,0,0,0,0,8,10
2023,20230935,Mattias Skjelmose,9,Stage 9,0,0,0,0,0,0,0,0,0
2023,20230935,Mattias Skjelmose,10,Stage 10,95,0,0,0,5,0,0,0,100
2023,20230935,Mattias Skjelmose,11,Stage 11,0,0,0,0,0,0,0,0,0
2023,20230935,Mattias Skjelmose,12,Stage 12,0,0,0,0,0,0,0,0,0
2023,20230935,Mattias Skjelmose,13,Stage 13,0,0,0,0,0,0,0,0,0
2023,20230935,Mattias Skjelmose,14,Stage 14,0,0,0,0,0,0,0,0,0
2023,20230935,Mattias Skjelmose,15,Stage 15,80,0,0,0,0,0,0,0,80
2023,20230935,Mattias Skjelmose,16,Stage 16,80,0,0,0,0,0,0,0,80
2023,20230935,Mattias Skjelmose,17,Stage 17,0,0,0,0,4,20,0,0,24
2023,20230935,Mattias Skjelmose,18,Stage 18,0,0,0,0,0,0,0,0,0
2023,20230935,Mattias Skjelmose,19,Stage 19,0,0,0,0,0,0,0,0,0
2023,20230935,Mattias Skjelmose,20,Stage 20,0,0,0,0,8,0,20,0,28
2023,20230935,Mattias Skjelmose,21,Stage 21,0,0,0,0,0,0,0,0,0
2023,20230935,Mattias Skjelmose,22,Final Classifications,0,10,0,5,0,0,0,0,15
2023,20230576,Tiesj Benoot,1,Stage 1,0,0,0,0,0,0,0,8,8
2023,20230576,Tiesj Benoot,2,Stage 2,40,0,0,0,0,0,0,12,52
2023,20230576,Tiesj Benoot,3,Stage 3,0,0,0,0,0,0,0,8,8
2023,20230576,Tiesj Benoot,4,Stage 4,0,0,0,0,0,0,0,8,8
2023,20230576,Tiesj Benoot,5,Stage 5,0,0,0,0,2,0,0,12,14
2023,20230576,Tiesj Benoot,6,Stage 6,0,0,0,0,0,0,0,20,20
2023,20230576,Tiesj Benoot,7,Stage 7,0,0,0,0,0,0,0,16,16
2023,20230576,Tiesj Benoot,8,Stage 8,0,0,0,0,0,0,0,18,18
2023,20230576,Tiesj Benoot,9,Stage 9,0,0,0,0,0,0,0,10,10
2023,20230576,Tiesj Benoot,10,Stage 10,0,0,0,0,0,0,0,10,10
2023,20230576,Tiesj Benoot,11,Stage 11,0,0,0,0,0,0,0,10,10
2023,20230576,Tiesj Benoot,12,Stage 12,140,0,0,0,5,0,20,10,175
2023,20230576,Tiesj Benoot,13,Stage 13,0,0,0,0,0,0,0,10,10
2023,20230576,Tiesj Benoot,14,Stage 14,0,0,0,0,0,0,0,14,14
2023,20230576,Tiesj Benoot,15,Stage 15,0,0,0,0,0,0,0,20,20
2023,20230576,Tiesj Benoot,16,Stage 16,0,0,0,0,0,0,0,0,0
2023,20230576,Tiesj Benoot,17,Stage 17,8,0,0,0,0,0,0,16,24
2023,20230576,Tiesj Benoot,18,Stage 18,0,0,0,0,0,0,0,16,16
2023,20230576,Tiesj Benoot,19,Stage 19,0,0,0,0,5,0,20,16,41
2023,20230576,Tiesj Benoot,20,Stage 20,0,0,0,0,0,0,0,18,18
2023,20230576,Tiesj Benoot,21,Stage 21,0,0,0,0,0,0,0,16,16
2023,20230576,Tiesj Benoot,22,Final Classifications,0,35,0,0,0,0,0,50,85
2023,20230584,Wilco Kelderman,1,Stage 1,30,7,0,0,0,0,0,8,45
2023,20230584,Wilco Kelderman,2,Stage 2,0,8,0,0,0,0,0,12,20
2023,20230584,Wilco Kelderman,3,Stage 3,0,8,0,0,0,0,0,8,16
2023,20230584,Wilco Kelderman,4,Stage 4,0,8,0,0,0,0,0,8,16
2023,20230584,Wilco Kelderman,5,Stage 5,0,6,0,0,0,0,0,12,18
2023,20230584,Wilco Kelderman,6,Stage 6,0,2,0,0,0,0,0,20,22
2023,20230584,Wilco Kelderman,7,Stage 7,0,2,0,0,0,0,0,16,18
2023,20230584,Wilco Kelderman,8,Stage 8,0,0,0,0,0,0,0,18,18
2023,20230584,Wilco Kelderman,9,Stage 9,0,0,0,0,0,0,0,10,10
2023,20230584,Wilco Kelderman,10,Stage 10,0,0,0,0,0,0,0,10,10
2023,20230584,Wilco Kelderman,11,Stage 11,0,0,0,0,0,0,0,10,10
2023,20230584,Wilco Kelderman,12,Stage 12,0,0,0,0,0,0,0,10,10
2023,20230584,Wilco Kelderman,13,Stage 13,0,0,0,0,0,0,0,10,10
2023,20230584,Wilco Kelderman,14,Stage 14,20,0,0,0,0,10,0,14,44
2023,20230584,Wilco Kelderman,15,Stage 15,0,2,0,0,0,0,0,20,22
2023,20230584,Wilco Kelderman,16,Stage 16,0,2,0,0,0,0,0,0,2
2023,20230584,Wilco Kelderman,17,Stage 17,60,3,0,0,0,2,0,16,81
2023,20230584,Wilco Kelderman,18,Stage 18,0,3,0,0,0,0,0,16,19
2023,20230584,Wilco Kelderman,19,Stage 19,0,2,0,0,0,0,0,16,18
2023,20230584,Wilco Kelderman,20,Stage 20,16,3,0,0,0,0,0,18,37
2023,20230584,Wilco Kelderman,21,Stage 21,0,3,0,0,0,0,0,16,19
2023,20230584,Wilco Kelderman,22,Final Classifications,0,70,0,0,0,0,0,50,120
2023,20230320,Neilson Powless,1,Stage 1,0,0,0,12,0,0,0,0,12
2023,20230320,Neilson Powless,2,Stage 2,0,0,0,12,12,0,20,0,44
2023,20230320,Neilson Powless,3,Stage 3,0,0,0,12,16,0,20,0,48
2023,20230320,Neilson Powless,4,Stage 4,0,0,0,12,0,0,0,0,12
2023,20230320,Neilson Powless,5,Stage 5,0,0,0,4,0,0,0,0,4
2023,20230320,Neilson Powless,6,Stage 6,50,0,0,12,3,21,20,0,106
2023,20230320,Neilson Powless,7,Stage 7,0,0,0,12,0,0,0,0,12
2023,20230320,Neilson Powless,8,Stage 8,0,0,0,12,0,0,0,0,12
2023,20230320,Neilson Powless,9,Stage 9,110,0,0,12,5,6,20,0,153
2023,20230320,Neilson Powless,10,Stage 10,0,0,0,12,0,0,0,0,12
2023,20230320,Neilson Powless,11,Stage 11,0,0,0,12,0,0,0,0,12
2023,20230320,Neilson Powless,12,Stage 12,0,0,0,12,0,0,0,0,12
2023,20230320,Neilson Powless,13,Stage 13,0,0,0,12,0,0,0,0,12
2023,20230320,Neilson Powless,14,Stage 14,0,0,0,8,0,10,0,0,18
2023,20230320,Neilson Powless,15,Stage 15,0,0,0,8,0,4,0,0,12
2023,20230320,Neilson Powless,16,Stage 16,0,0,0,8,0,0,0,0,8
2023,20230320,Neilson Powless,17,Stage 17,0,0,0,4,0,0,0,0,4
2023,20230320,Neilson Powless,18,Stage 18,0,0,0,4,0,0,0,0,4
2023,20230320,Neilson Powless,19,Stage 19,0,0,0,4,0,0,0,0,4
2023,20230320,Neilson Powless,20,Stage 20,0,0,0,4,0,0,0,0,4
2023,20230320,Neilson Powless,21,Stage 21,0,0,0,4,0,0,0,0,4
2023,20230320,Neilson Powless,22,Final Classifications,0,0,0,60,0,0,0,0,60
2023,20230497,Michał Kwiatkowski,1,Stage 1,0,0,0,0,0,0,0,0,0
2023,20230497,Michał Kwiatkowski,2,Stage 2,0,0,0,0,0,0,0,2,2
2023,20230497,Michał Kwiatkowski,3,Stage 3,0,0,0,0,0,0,0,2,2
2023,20230497,Michał Kwiatkowski,4,Stage 4,0,0,0,0,0,0,0,2,2
2023,20230497,Michał Kwiatkowski,5,Stage 5,0,0,0,0,0,0,0,4,4
2023,20230497,Michał Kwiatkowski,6,Stage 6,16,0,0,0,1,15,20,4,56
2023,20230497,Michał Kwiatkowski,7,Stage 7,0,0,0,0,0,0,0,4,4
2023,20230497,Michał Kwiatkowski,8,Stage 8,0,0,0,0,0,0,0,4,4
2023,20230497,Michał Kwiatkowski,9,Stage 9,0,0,0,0,0,0,0,4,4
2023,20230497,Michał Kwiatkowski,10,Stage 10,80,0,0,0,3,0,0,4,87
2023,20230497,Michał Kwiatkowski,11,Stage 11,0,0,0,0,0,0,0,4,4
2023,20230497,Michał Kwiatkowski,12,Stage 12,0,0,0,0,0,0,0,4,4
2023,20230497,Michał Kwiatkowski,13,Stage 13,220,0,0,4,4,30,20,8,286
2023,20230497,Michał Kwiatkowski,14,Stage 14,0,0,0,0,0,0,0,18,18
2023,20230497,Michał Kwiatkowski,15,Stage 15,0,0,0,0,0,0,0,6,6
2023,20230497,Michał Kwiatkowski,16,Stage 16,0,0,0,0,0,0,0,0,0
2023,20230497,Michał Kwiatkowski,17,Stage 17,12,0,0,0,0,0,0,2,14
2023,20230497,Michał Kwiatkowski,18,Stage 18,0,0,0,0,0,0,0,2,2
2023,20230497,Michał Kwiatkowski,19,Stage 19,0,0,0,0,0,0,0,0,0
2023,20230497,Michał Kwiatkowski,20,Stage 20,0,0,0,0,0,0,0,2,2
2023,20230497,Michał Kwiatkowski,21,Stage 21,0,0,0,0,4,0,0,2,6
2023,20230497,Michał Kwiatkowski,22,Final Classifications,0,0,0,10,0,0,0,30,40
2023,20230979,Rafał Majka,1,Stage 1,0,0,0,0,0,0,0,24,24
2023,20230979,Rafał Majka,2,Stage 2,0,0,0,0,0,0,0,14,14
2023,20230979,Rafał Majka,3,Stage 3,0,0,0,0,0,0,0,12,12
2023,20230979,Rafał Majka,4,Stage 4,0,0,0,0,0,0,0,12,12
2023,20230979,Rafał Majka,5,Stage 5,0,0,0,0,0,0,0,0,0
2023,20230979,Rafał Majka,6,Stage 6,0,0,0,0,0,0,0,12,12
2023,20230979,Rafał Majka,7,Stage 7,0,0,0,0,0,0,0,4,4
2023,20230979,Rafał Majka,8,Stage 8,0,0,0,0,0,0,0,4,4
2023,20230979,Rafał Majka,9,Stage 9,0,0,0,0,0,0,0,4,4
2023,20230979,Rafał Majka,10,Stage 10,0,0,0,0,0,0,0,4,4
2023,20230979,Rafał Majka,11,Stage 11,0,0,0,0,0,0,0,4,4
2023,20230979,Rafał Majka,12,Stage 12,0,0,0,0,0,0,0,4,4
2023,20230979,Rafał Majka,13,Stage 13,0,0,0,0,0,0,0,6,6
2023,20230979,Rafał Majka,14,Stage 14,30,2,0,0,0,4,0,10,46
2023,20230979,Rafał Majka,15,Stage 15,0,4,0,0,0,0,0,6,10
2023,20230979,Rafał Majka,16,Stage 16,0,4,0,0,0,0,0,0,4
2023,20230979,Rafał Majka,17,Stage 17,80,6,0,0,0,0,0,10,96
2023,20230979,Rafał Majka,18,Stage 18,0,6,0,0,0,0,0,10,16
2023,20230979,Rafał Majka,19,Stage 19,0,5,0,0,0,0,0,10,15
2023,20230979,Rafał Majka,20,Stage 20,60,7,0,0,0,0,0,18,85
2023,20230979,Rafał Majka,21,Stage 21,0,7,0,0,0,0,0,10,17
2023,20230979,Rafał Majka,22,Final Classifications,0,110,0,0,0,0,0,40,150
2023,20230703,Kasper Asgreen,1,Stage 1,0,0,0,0,0,0,0,0,0
2023,20230703,Kasper Asgreen,2,Stage 2,0,0,0,0,0,0,0,0,0
2023,20230703,Kasper Asgreen,3,Stage 3,0,0,0,0,0,0,0,0,0
2023,20230703,Kasper Asgreen,4,Stage 4,0,0,0,0,0,0,0,0,0
2023,20230703,Kasper Asgreen,5,Stage 5,0,0,0,0,4,0,0,0,4
2023,20230703,Kasper Asgreen,6,Stage 6,0,0,0,0,0,0,0,0,0
2023,20230703,Kasper Asgreen,7,Stage 7,0,0,0,0,0,0,0,0,0
2023,20230703,Kasper Asgreen,8,Stage 8,0,0,0,0,0,0,0,0,0
2023,20230703,Kasper Asgreen,9,Stage 9,0,0,0,0,0,0,0,0,0
2023,20230703,Kasper Asgreen,10,Stage 10,0,0,0,0,20,0,0,0,20
2023,20230703,Kasper Asgreen,11,Stage 11,0,0,0,0,0,0,0,0,0
2023,20230703,Kasper Asgreen,12,Stage 12,0,0,0,0,0,0,0,0,0
2023,20230703,Kasper Asgreen,13,Stage 13,0,0,0,0,0,0,20,0,20
2023,20230703,Kasper Asgreen,14,Stage 14,0,0,0,0,0,0,0,0,0
2023,20230703,Kasper Asgreen,15,Stage 15,0,0,0,0,0,0,0,0,0
2023,20230703,Kasper Asgreen,16,Stage 16,25,0,0,0,0,0,0,0,25
2023,20230703,Kasper Asgreen,17,Stage 17,0,0,0,0,0,0,0,0,0
2023,20230703,Kasper Asgreen,18,Stage 18,220,0,0,0,8,0,20,0,248
2023,20230703,Kasper Asgreen,19,Stage 19,180,0,2,0,0,0,0,0,182
2023,20230703,Kasper Asgreen,20,Stage 20,0,0,1,0,0,0,0,0,1
2023,20230703,Kasper Asgreen,21,Stage 21,0,0,1,0,0,0,0,0,1
2023,20230703,Kasper Asgreen,22,Final Classifications,0,0,30,0,0,0,0,0,30
2023,20230131,Mikel Landa,1,Stage 1,40,9,0,0,0,0,0,0,49
2023,20230131,Mikel Landa,2,Stage 2,25,12,0,0,0,0,0,4,41
2023,20230131,Mikel Landa,3,Stage 3,0,10,0,0,0,0,0,8,18
2023,20230131,Mikel Landa,4,Stage 4,0,9,0,0,0,0,0,6,15
2023,20230131,Mikel Landa,5,Stage 5,0,7,0,0,0,0,0,0,7
2023,20230131,Mikel Landa,6,Stage 6,0,10,0,0,0,0,0,2,12
2023,20230131,Mikel Landa,7,Stage 7,0,10,0,0,0,0,0,2,12
2023,20230131,Mikel Landa,8,Stage 8,0,7,0,0,0,0,0,2,9
2023,20230131,Mikel Landa,9,Stage 9,0,7,0,0,0,0,0,10,17
2023,20230131,Mikel Landa,10,Stage 10,0,7,0,0,0,0,0,16,23
2023,20230131,Mikel Landa,11,Stage 11,0,7,0,0,0,0,0,10,17
2023,20230131,Mikel Landa,12,Stage 12,0,5,0,0,0,0,0,8,13
2023,20230131,Mikel Landa,13,Stage 13,0,5,0,0,0,0,0,4,9
2023,20230131,Mikel Landa,14,Stage 14,0,6,0,0,0,6,20,0,32
2023,20230131,Mikel Landa,15,Stage 15,120,7,0,0,0,4,0,8,139
2023,20230131,Mikel Landa,16,Stage 16,0,7,0,0,0,0,0,0,7
2023,20230131,Mikel Landa,17,Stage 17,0,4,0,0,0,0,0,2,6
2023,20230131,Mikel Landa,18,Stage 18,0,4,0,0,0,0,0,0,4
2023,20230131,Mikel Landa,19,Stage 19,0,3,0,0,0,0,0,10,13
2023,20230131,Mikel Landa,20,Stage 20,0,2,0,0,0,0,0,0,2
2023,20230131,Mikel Landa,21,Stage 21,0,2,0,0,0,0,0,0,2
2023,20230131,Mikel Landa,22,Final Classifications,0,60,0,0,0,0,0,20,80
2023,20230588,Christophe Laporte,1,Stage 1,0,0,0,0,0,0,0,8,8
2023,20230588,Christophe Laporte,2,Stage 2,0,0,0,0,0,0,0,12,12
2023,20230588,Christophe Laporte,3,Stage 3,0,0,0,0,0,0,0,8,8
2023,20230588,Christophe Laporte,4,Stage 4,12,0,0,0,0,0,0,8,20
2023,20230588,Christophe Laporte,5,Stage 5,0,0,0,0,0,0,0,12,12
2023,20230588,Christophe Laporte,6,Stage 6,0,0,0,0,0,0,0,20,20
2023,20230588,Christophe Laporte,7,Stage 7,0,0,0,0,0,0,0,16,16
2023,20230588,Christophe Laporte,8,Stage 8,0,0,0,0,0,0,0,18,18
2023,20230588,Christophe Laporte,9,Stage 9,0,0,0,0,0,0,0,10,10
2023,20230588,Christophe Laporte,10,Stage 10,0,0,0,0,0,0,0,10,10
2023,20230588,Christophe Laporte,11,Stage 11,0,0,0,0,0,0,0,10,10
2023,20230588,Christophe Laporte,12,Stage 12,0,0,0,0,0,0,0,10,10
2023,20230588,Christophe Laporte,13,Stage 13,0,0,0,0,0,0,0,10,10
2023,20230588,Christophe Laporte,14,Stage 14,0,0,0,0,0,0,0,14,14
2023,20230588,Christophe Laporte,15,Stage 15,0,0,0,0,0,0,0,20,20
2023,20230588,Christophe Laporte,16,Stage 16,0,0,0,0,0,0,0,0,0
2023,20230588,Christophe Laporte,17,Stage 17,0,0,0,0,0,0,0,16,16
2023,20230588,Christophe Laporte,18,Stage 18,70,0,0,0,0,0,0,16,86
2023,20230588,Christophe Laporte,19,Stage 19,110,0,0,0,0,0,0,16,126
2023,20230588,Christophe Laporte,20,Stage 20,0,0,0,0,0,0,0,18,18
2023,20230588,Christophe Laporte,21,Stage 21,0,0,0,0,0,0,0,16,16
2023,20230588,Christophe Laporte,22,Final Classifications,0,0,0,0,0,0,0,50,50
2023,20230026,Ben O'Connor,1,Stage 1,0,0,0,0,0,0,0,0,0
2023,20230026,Ben O'Connor,2,Stage 2,0,0,0,0,0,0,0,0,0
2023,20230026,Ben O'Connor,3,Stage 3,0,0,0,0,0,0,0,0,0
2023,20230026,Ben O'Connor,4,Stage 4,0,0,0,0,0,0,0,0,0
2023,20230026,Ben O'Connor,5,Stage 5,20,4,0,0,0,0,0,2,26
2023,20230026,Ben O'Connor,6,Stage 6,12,9,0,0,0,0,0,0,21
2023,20230026,Ben O'Connor,7,Stage 7,0,9,0,0,0,0,0,0,9
2023,20230026,Ben O'Connor,8,Stage 8,0,10,0,0,0,0,0,0,10
2023,20230026,Ben O'Connor,9,Stage 9,0,3,0,0,0,0,0,0,3
2023,20230026,Ben O'Connor,10,Stage 10,160,4,0,0,0,0,0,0,164
2023,20230026,Ben O'Connor,11,Stage 11,0,4,0,0,0,0,0,0,4
2023,20230026,Ben O'Connor,12,Stage 12,0,3,0,0,0,0,0,0,3
2023,20230026,Ben O'Connor,13,Stage 13,0,0,0,0,0,0,0,0,0
2023,20230026,Ben O'Connor,14,Stage 14,0,0,0,0,0,0,0,0,0
2023,20230026,Ben O'Connor,15,Stage 15,0,0,0,0,0,0,0,0,0
2023,20230026,Ben O'Connor,16,Stage 16,0,0,0,0,0,0,0,0,0
2023,20230026,Ben O'Connor,17,Stage 17,0,0,0,0,0,2,0,8,10
2023,20230026,Ben O'Connor,18,Stage 18,0,0,0,0,0,0,0,0,0
2023,20230026,Ben O'Connor,19,Stage 19,160,4,0,0,0,0,0,0,164
2023,20230026,Ben O'Connor,20,Stage 20,0,4,0,0,0,0,0,4,8
2023,20230026,Ben O'Connor,21,Stage 21,0,4,0,0,0,0,0,0,4
2023,20230026,Ben O'Connor,22,Final Classifications,0,80,0,0,0,0,0,0,80
2023,20230893,Mathieu Burgaudeau,1,Stage 1,0,0,0,0,0,0,0,0,0
2023,20230893,Mathieu Burgaudeau,2,Stage 2,0,0,0,0,0,0,0,0,0
2023,20230893,Mathieu Burgaudeau,3,Stage 3,0,0,0,0,0,0,0,0,0
2023,20230893,Mathieu Burgaudeau,4,Stage 4,0,0,0,0,0,0,0,0,0
2023,20230893,Mathieu Burgaudeau,5,Stage 5,0,0,0,0,0,0,0,0,0
2023,20230893,Mathieu Burgaudeau,6,Stage 6,0,0,0,0,0,0,0,0,0
2023,20230893,Mathieu Burgaudeau,7,Stage 7,0,0,0,0,0,0,0,0,0
2023,20230893,Mathieu Burgaudeau,8,Stage 8,0,0,0,0,0,0,0,0,0
2023,20230893,Mathieu Burgaudeau,9,Stage 9,70,0,0,0,1,0,20,4,95
2023,20230893,Mathieu Burgaudeau,10,Stage 10,4,0,0,0,0,0,0,0,4
2023,20230893,Mathieu Burgaudeau,11,Stage 11,0,0,0,0,0,0,0,0,0
2023,20230893,Mathieu Burgaudeau,12,Stage 12,180,0,0,0,3,0,20,0,203
2023,20230893,Mathieu Burgaudeau,13,Stage 13,0,0,0,0,0,0,0,0,0
2023,20230893,Mathieu Burgaudeau,14,Stage 14,0,0,0,0,0,0,0,0,0
2023,20230893,Mathieu Burgaudeau,15,Stage 15,160,0,0,0,0,6,0,0,166
2023,20230893,Mathieu Burgaudeau,16,Stage 16,0,0,0,0,0,0,0,0,0
2023,20230893,Mathieu Burgaudeau,17,Stage 17,0,0,0,0,0,0,0,0,0
2023,20230893,Mathieu Burgaudeau,18,Stage 18,0,0,0,0,0,0,0,0,0
2023,20230893,Mathieu Burgaudeau,19,Stage 19,0,0,0,0,0,0,0,0,0
2023,20230893,Mathieu Burgaudeau,20,Stage 20,0,0,0,0,5,0,0,0,5
2023,20230893,Mathieu Burgaudeau,21,Stage 21,0,0,0,0,0,0,0,0,0
2023,20230893,Mathieu Burgaudeau,22,Final Classifications,0,0,0,0,0,0,0,0,0
2023,20230275,Victor Lafay,1,Stage 1,110,15,0,0,0,0,0,0,125
2023,20230275,Victor Lafay,2,Stage 2,220,18,12,0,0,0,0,0,250
2023,20230275,Victor Lafay,3,Stage 3,0,18,12,0,12,0,0,0,42
2023,20230275,Victor Lafay,4,Stage 4,0,18,8,0,0,0,0,0,26
2023,20230275,Victor Lafay,5,Stage 5,0,0,6,0,0,0,0,0,6
2023,20230275,Victor Lafay,6,Stage 6,0,0,4,0,0,0,0,0,4
2023,20230275,Victor Lafay,7,Stage 7,0,0,1,0,0,0,0,0,1
2023,20230275,Victor Lafay,8,Stage 8,0,0,1,0,0,0,0,0,1
2023,20230275,Victor Lafay,9,Stage 9,0,0,1,0,0,0,0,0,1
2023,20230275,Victor Lafay,10,Stage 10,0,0,1,0,0,0,0,0,1
2023,20230275,Victor Lafay,11,Stage 11,0,0,0,0,0,0,0,0,0
2023,20230275,Victor Lafay,12,Stage 12,0,0,0,0,0,0,0,8,8
2023,20230275,Victor Lafay,13,Stage 13,0,0,0,0,0,0,0,0,0
2023,20230275,Victor Lafay,14,Stage 14,0,0,0,0,0,0,0,0,0
2023,20230275,Victor Lafay,15,Stage 15,0,0,0,0,0,0,0,0,0
2023,20230275,Victor Lafay,16,Stage 16,0,0,0,0,0,0,0,0,0
2023,20230275,Victor Lafay,17,Stage 17,0,0,0,0,0,0,0,0,0
2023,20230275,Victor Lafay,18,Stage 18,0,0,0,0,0,0,0,0,0
2023,20230275,Victor Lafay,19,Stage 19,0,0,0,0,0,0,0,0,0
2023,20230275,Victor Lafay,20,Stage 20,0,0,0,0,0,0,0,0,0
2023,20230275,Victor Lafay,21,Stage 21,0,0,0,0,0,0,0,0,0
2023,20230275,Victor Lafay,22,Final Classifications,0,0,0,0,0,0,0,0,0
2023,20230762,Luca Mozzato,1,Stage 1,0,0,0,0,0,0,0,0,0
2023,20230762,Luca Mozzato,2,Stage 2,0,0,0,0,0,0,0,0,0
2023,20230762,Luca Mozzato,3,Stage 3,40,0,0,0,0,0,0,0,40
2023,20230762,Luca Mozzato,4,Stage 4,40,0,0,0,0,0,0,0,40
2023,20230762,Luca Mozzato,5,Stage 5,0,0,0,0,0,0,0,0,0
2023,20230762,Luca Mozzato,6,Stage 6,0,0,0,0,0,0,0,0,0
2023,20230762,Luca Mozzato,7,Stage 7,140,0,0,0,0,0,0,0,140
2023,20230762,Luca Mozzato,8,Stage 8,0,0,0,0,0,0,0,0,0
2023,20230762,Luca Mozzato,9,Stage 9,0,0,0,0,0,0,0,0,0
2023,20230762,Luca Mozzato,10,Stage 10,0,0,0,0,0,0,0,0,0
2023,20230762,Luca Mozzato,11,Stage 11,95,0,0,0,0,0,0,0,95
2023,20230762,Luca Mozzato,12,Stage 12,0,0,0,0,0,0,0,0,0
2023,20230762,Luca Mozzato,13,Stage 13,0,0,0,0,0,0,20,0,20
2023,20230762,Luca Mozzato,14,Stage 14,0,0,0,0,0,0,0,0,0
2023,20230762,Luca Mozzato,15,Stage 15,0,0,0,0,0,0,0,0,0
2023,20230762,Luca Mozzato,16,Stage 16,0,0,0,0,0,0,0,0,0
2023,20230762,Luca Mozzato,17,Stage 17,0,0,0,0,0,0,0,0,0
2023,20230762,Luca Mozzato,18,Stage 18,60,0,0,0,0,0,0,0,60
2023,20230762,Luca Mozzato,19,Stage 19,0,0,0,0,0,0,0,0,0
2023,20230762,Luca Mozzato,20,Stage 20,0,0,0,0,0,0,0,0,0
2023,20230762,Luca Mozzato,21,Stage 21,60,0,0,0,0,0,0,0,60
2023,20230762,Luca Mozzato,22,Final Classifications,0,0,0,0,0,0,0,0,0
2023,20230988,Matteo Trentin,1,Stage 1,0,0,0,0,0,0,0,24,24
2023,20230988,Matteo Trentin,2,Stage 2,0,0,0,0,0,0,0,14,14
2023,20230988,Matteo Trentin,3,Stage 3,0,0,0,0,0,0,0,12,12
2023,20230988,Matteo Trentin,4,Stage 4,0,0,0,0,0,0,0,12,12
2023,20230988,Matteo Trentin,5,Stage 5,0,0,0,0,0,0,0,0,0
2023,20230988,Matteo Trentin,6,Stage 6,0,0,0,0,4,0,0,12,16
2023,20230988,Matteo Trentin,7,Stage 7,0,0,0,0,0,0,0,4,4
2023,20230988,Matteo Trentin,8,Stage 8,0,0,0,0,0,0,0,4,4
2023,20230988,Matteo Trentin,9,Stage 9,0,0,0,0,0,0,0,4,4
2023,20230988,Matteo Trentin,10,Stage 10,0,0,0,0,0,0,0,4,4
2023,20230988,Matteo Trentin,11,Stage 11,8,0,0,0,0,0,0,4,12
2023,20230988,Matteo Trentin,12,Stage 12,0,0,0,0,0,0,0,4,4
2023,20230988,Matteo Trentin,13,Stage 13,0,0,0,0,0,0,0,6,6
2023,20230988,Matteo Trentin,14,Stage 14,0,0,0,0,0,0,0,10,10
2023,20230988,Matteo Trentin,15,Stage 15,0,0,0,0,0,0,0,6,6
2023,20230988,Matteo Trentin,16,Stage 16,0,0,0,0,0,0,0,0,0
2023,20230988,Matteo Trentin,17,Stage 17,0,0,0,0,0,0,0,10,10
2023,20230988,Matteo Trentin,18,Stage 18,80,0,0,0,0,0,0,10,90
2023,20230988,Matteo Trentin,19,Stage 19,70,0,0,0,3,0,20,10,103
2023,20230988,Matteo Trentin,20,Stage 20,0,0,0,0,0,0,0,18,18
2023,20230988,Matteo Trentin,21,Stage 21,35,0,0,0,0,0,0,10,45
2023,20230988,Matteo Trentin,22,Final Classifications,0,0,0,0,0,0,0,40,40
2023,20231139,Mark Cavendish,1,Stage 1,0,0,0,0,2,0,0,0,2
2023,20231139,Mark Cavendish,2,Stage 2,0,0,0,0,2,0,0,0,2
2023,20231139,Mark Cavendish,3,Stage 3,110,0,1,0,3,0,0,0,114
2023,20231139,Mark Cavendish,4,Stage 4,120,0,2,0,5,0,0,0,127
2023,20231139,Mark Cavendish,5,Stage 5,0,0,0,0,0,0,0,0,0
2023,20231139,Mark Cavendish,6,Stage 6,0,0,0,0,0,0,0,0,0
2023,20231139,Mark Cavendish,7,Stage 7,180,0,6,0,2,0,0,0,188
2023,20231139,Mark Cavendish,8,Stage 8,0,0,0,0,4,0,0,0,4
2023,20231139,Mark Cavendish,9,Stage 9,0,0,0,0,0,0,0,0,0
2023,20231139,Mark Cavendish,10,Stage 10,0,0,0,0,0,0,0,0,0
2023,20231139,Mark Cavendish,11,Stage 11,0,0,0,0,0,0,0,0,0
2023,20231139,Mark Cavendish,12,Stage 12,0,0,0,0,0,0,0,0,0
2023,20231139,Mark Cavendish,13,Stage 13,0,0,0,0,0,0,0,0,0
2023,20231139,Mark Cavendish,14,Stage 14,0,0,0,0,0,0,0,0,0
2023,20231139,Mark Cavendish,15,Stage 15,0,0,0,0,0,0,0,0,0
2023,20231139,Mark Cavendish,16,Stage 16,0,0,0,0,0,0,0,0,0
2023,20231139,Mark Cavendish,17,Stage 17,0,0,0,0,0,0,0,0,0
2023,20231139,Mark Cavendish,18,Stage 18,0,0,0,0,0,0,0,0,0
2023,20231139,Mark Cavendish,19,Stage 19,0,0,0,0,0,0,0,0,0
2023,20231139,Mark Cavendish,20,Stage 20,0,0,0,0,0,0,0,0,0
2023,20231139,Mark Cavendish,21,Stage 21,0,0,0,0,0,0,0,0,0
2023,20231139,Mark Cavendish,22,Final Classifications,0,0,0,0,0,0,0,0,0
2023,20230192,Emanuel Buchmann,1,Stage 1,0,0,0,0,0,0,0,0,0
2023,20230192,Emanuel Buchmann,2,Stage 2,35,3,0,0,0,0,0,0,38
2023,20230192,Emanuel Buchmann,3,Stage 3,0,2,0,0,0,0,0,0,2
2023,20230192,Emanuel Buchmann,4,Stage 4,0,5,0,0,0,0,0,0,5
2023,20230192,Emanuel Buchmann,5,Stage 5,140,18,0,1,0,19,0,16,194
2023,20230192,Emanuel Buchmann,6,Stage 6,0,6,0,0,0,0,0,2,8
2023,20230192,Emanuel Buchmann,7,Stage 7,0,6,0,0,0,0,0,2,8
2023,20230192,Emanuel Buchmann,8,Stage 8,0,8,0,0,0,0,0,2,10
2023,20230192,Emanuel Buchmann,9,Stage 9,0,8,0,0,0,0,0,2,10
2023,20230192,Emanuel Buchmann,10,Stage 10,0,8,0,0,0,0,0,2,10
2023,20230192,Emanuel Buchmann,11,Stage 11,0,8,0,0,0,0,0,2,10
2023,20230192,Emanuel Buchmann,12,Stage 12,0,6,0,0,0,0,0,2,8
2023,20230192,Emanuel Buchmann,13,Stage 13,0,4,0,0,0,0,0,2,6
2023,20230192,Emanuel Buchmann,14,Stage 14,35,8,0,0,0,0,0,0,43
2023,20230192,Emanuel Buchmann,15,Stage 15,0,6,0,0,0,0,0,0,6
2023,20230192,Emanuel Buchmann,16,Stage 16,0,6,0,0,0,0,0,0,6
2023,20230192,Emanuel Buchmann,17,Stage 17,0,2,0,0,0,0,0,0,2
2023,20230192,Emanuel Buchmann,18,Stage 18,0,2,0,0,0,0,0,0,2
2023,20230192,Emanuel Buchmann,19,Stage 19,0,1,0,0,0,0,0,0,1
2023,20230192,Emanuel Buchmann,20,Stage 20,0,0,0,0,0,0,0,0,0
2023,20230192,Emanuel Buchmann,21,Stage 21,0,0,0,0,0,0,0,8,8
2023,20230192,Emanuel Buchmann,22,Final Classifications,0,50,0,0,0,0,0,0,50
2023,20230140,Wout Poels,1,Stage 1,0,0,0,0,0,0,0,0,0
2023,20230140,Wout Poels,2,Stage 2,0,0,0,0,0,0,0,4,4
2023,20230140,Wout Poels,3,Stage 3,0,0,0,0,0,0,0,8,8
2023,20230140,Wout Poels,4,Stage 4,0,0,0,0,0,0,0,6,6
2023,20230140,Wout Poels,5,Stage 5,0,0,0,0,0,0,0,0,0
2023,20230140,Wout Poels,6,Stage 6,0,0,0,0,0,0,0,2,2
2023,20230140,Wout Poels,7,Stage 7,0,0,0,0,0,0,0,2,2
2023,20230140,Wout Poels,8,Stage 8,0,0,0,0,0,0,0,2,2
2023,20230140,Wout Poels,9,Stage 9,0,0,0,0,0,0,0,10,10
2023,20230140,Wout Poels,10,Stage 10,0,0,0,0,0,0,0,16,16
2023,20230140,Wout Poels,11,Stage 11,0,0,0,0,0,0,0,10,10
2023,20230140,Wout Poels,12,Stage 12,0,0,0,0,0,0,0,8,8
2023,20230140,Wout Poels,13,Stage 13,0,0,0,0,0,0,0,4,4
2023,20230140,Wout Poels,14,Stage 14,0,0,0,0,5,2,20,0,27
2023,20230140,Wout Poels,15,Stage 15,220,0,0,0,0,15,0,0,235
2023,20230140,Wout Poels,16,Stage 16,0,0,0,0,0,0,0,0,0
2023,20230140,Wout Poels,17,Stage 17,0,0,0,0,0,0,0,2,2
2023,20230140,Wout Poels,18,Stage 18,0,0,0,0,0,0,0,0,0
2023,20230140,Wout Poels,19,Stage 19,0,0,0,0,0,0,0,10,10
2023,20230140,Wout Poels,20,Stage 20,35,0,0,0,0,0,0,0,35
2023,20230140,Wout Poels,21,Stage 21,0,0,0,0,0,0,0,0,0
2023,20230140,Wout Poels,22,Final Classifications,0,20,0,0,0,0,0,20,40
2023,20230523,Biniam Girmay,1,Stage 1,0,0,0,0,0,0,0,0,0
2023,20230523,Biniam Girmay,2,Stage 2,0,0,0,0,4,0,0,0,4
2023,20230523,Biniam Girmay,3,Stage 3,50,0,0,0,5,0,0,0,55
2023,20230523,Biniam Girmay,4,Stage 4,8,0,0,0,1,0,0,0,9
2023,20230523,Biniam Girmay,5,Stage 5,0,0,0,0,0,0,0,0,0
2023,20230523,Biniam Girmay,6,Stage 6,0,0,0,0,0,0,0,0,0
2023,20230523,Biniam Girmay,7,Stage 7,160,0,0,0,16,0,0,0,176
2023,20230523,Biniam Girmay,8,Stage 8,0,0,0,0,1,0,0,0,1
2023,20230523,Biniam Girmay,9,Stage 9,0,0,0,0,0,0,0,0,0
2023,20230523,Biniam Girmay,10,Stage 10,0,0,0,0,0,0,0,4,4
2023,20230523,Biniam Girmay,11,Stage 11,35,0,0,0,4,0,0,0,39
2023,20230523,Biniam Girmay,12,Stage 12,0,0,0,0,0,0,0,0,0
2023,20230523,Biniam Girmay,13,Stage 13,0,0,0,0,0,0,0,0,0
2023,20230523,Biniam Girmay,14,Stage 14,0,0,0,0,0,0,0,0,0
2023,20230523,Biniam Girmay,15,Stage 15,0,0,0,0,0,0,0,0,0
2023,20230523,Biniam Girmay,16,Stage 16,0,0,0,0,0,0,0,0,0
2023,20230523,Biniam Girmay,17,Stage 17,0,0,0,0,0,0,0,0,0
2023,20230523,Biniam Girmay,18,Stage 18,8,0,0,0,0,0,0,0,8
2023,20230523,Biniam Girmay,19,Stage 19,0,0,0,0,0,0,0,0,0
2023,20230523,Biniam Girmay,20,Stage 20,0,0,0,0,0,0,0,0,0
2023,20230523,Biniam Girmay,21,Stage 21,110,0,0,0,0,0,0,0,110
2023,20230523,Biniam Girmay,22,Final Classifications,0,0,0,0,0,0,0,0,0
2023,20230621,Caleb Ewan,1,Stage 1,0,0,0,0,0,0,0,0,0
2023,20230621,Caleb Ewan,2,Stage 2,0,0,0,0,0,0,0,0,0
2023,20230621,Caleb Ewan,3,Stage 3,160,0,0,0,2,0,0,0,162
2023,20230621,Caleb Ewan,4,Stage 4,180,0,6,0,12,0,0,0,198
2023,20230621,Caleb Ewan,5,Stage 5,0,0,1,0,0,0,0,0,1
2023,20230621,Caleb Ewan,6,Stage 6,0,0,1,0,0,0,0,0,1
2023,20230621,Caleb Ewan,7,Stage 7,0,0,0,0,0,0,0,0,0
2023,20230621,Caleb Ewan,8,Stage 8,0,0,0,0,0,0,0,0,0
2023,20230621,Caleb Ewan,9,Stage 9,0,0,0,0,0,0,0,0,0
2023,20230621,Caleb Ewan,10,Stage 10,0,0,0,0,0,0,0,0,0
2023,20230621,Caleb Ewan,11,Stage 11,25,0,0,0,0,0,0,0,25
2023,20230621,Caleb Ewan,12,Stage 12,0,0,0,0,0,0,0,0,0
2023,20230621,Caleb Ewan,13,Stage 13,0,0,0,0,0,0,0,4,4
2023,20230621,Caleb Ewan,14,Stage 14,0,0,0,0,0,0,0,0,0
2023,20230621,Caleb Ewan,15,Stage 15,0,0,0,0,0,0,0,0,0
2023,20230621,Caleb Ewan,16,Stage 16,0,0,0,0,0,0,0,0,0
2023,20230621,Caleb Ewan,17,Stage 17,0,0,0,0,0,0,0,0,0
2023,20230621,Caleb Ewan,18,Stage 18,0,0,0,0,0,0,0,0,0
2023,20230621,Caleb Ewan,19,Stage 19,0,0,0,0,0,0,0,0,0
2023,20230621,Caleb Ewan,20,Stage 20,0,0,0,0,0,0,0,0,0
2023,20230621,Caleb Ewan,21,Stage 21,0,0,0,0,0,0,0,0,0
2023,20230621,Caleb Ewan,22,Final Classifications,0,0,0,0,0,0,0,0,0
2023,20230636,Maxim Van Gils,1,Stage 1,16,4,0,0,0,0,0,0,20
2023,20230636,Maxim Van Gils,2,Stage 2,0,0,0,0,0,0,0,0,0
2023,20230636,Maxim Van Gils,3,Stage 3,0,0,0,0,0,0,0,2,2
2023,20230636,Maxim Van Gils,4,Stage 4,0,0,0,0,0,0,0,4,4
2023,20230636,Maxim Van Gils,5,Stage 5,0,0,0,0,0,0,0,0,0
2023,20230636,Maxim Van Gils,6,Stage 6,0,0,0,0,0,0,0,0,0
2023,20230636,Maxim Van Gils,7,Stage 7,0,0,0,0,0,0,0,0,0
2023,20230636,Maxim Van Gils,8,Stage 8,0,0,0,0,0,0,0,0,0
2023,20230636,Maxim Van Gils,9,Stage 9,0,0,0,0,0,0,0,0,0
2023,20230636,Maxim Van Gils,10,Stage 10,30,0,0,0,0,0,0,0,30
2023,20230636,Maxim Van Gils,11,Stage 11,0,0,0,0,0,0,0,0,0
2023,20230636,Maxim Van Gils,12,Stage 12,50,0,0,0,0,0,0,0,50
2023,20230636,Maxim Van Gils,13,Stage 13,180,0,0,0,0,25,20,0,225
2023,20230636,Maxim Van Gils,14,Stage 14,0,0,0,0,0,0,0,0,0
2023,20230636,Maxim Van Gils,15,Stage 15,0,0,0,0,0,0,0,0,0
2023,20230636,Maxim Van Gils,16,Stage 16,0,0,0,0,0,0,0,0,0
2023,20230636,Maxim Van Gils,17,Stage 17,0,0,0,0,0,0,0,0,0
2023,20230636,Maxim Van Gils,18,Stage 18,0,0,0,0,0,0,0,4,4
2023,20230636,Maxim Van Gils,19,Stage 19,0,0,0,0,0,0,0,0,0
2023,20230636,Maxim Van Gils,20,Stage 20,0,0,0,0,16,0,20,0,36
2023,20230636,Maxim Van Gils,21,Stage 21,0,0,0,0,0,0,0,0,0
2023,20230636,Maxim Van Gils,22,Final Classifications,0,0,0,0,0,0,0,0,0
2023,20231010,Alexander Kristoff,1,Stage 1,0,0,0,0,0,0,0,0,0
2023,20231010,Alexander Kristoff,2,Stage 2,0,0,0,0,0,0,0,0,0
2023,20231010,Alexander Kristoff,3,Stage 3,30,0,0,0,0,0,0,0,30
2023,20231010,Alexander Kristoff,4,Stage 4,95,0,0,0,2,0,0,0,97
2023,20231010,Alexander Kristoff,5,Stage 5,0,0,0,0,0,0,0,0,0
2023,20231010,Alexander Kristoff,6,Stage 6,0,0,0,0,0,0,0,2,2
2023,20231010,Alexander Kristoff,7,Stage 7,70,0,0,0,3,0,0,0,73
2023,20231010,Alexander Kristoff,8,Stage 8,0,0,0,0,0,0,0,0,0
2023,20231010,Alexander Kristoff,9,Stage 9,0,0,0,0,0,0,0,0,0
2023,20231010,Alexander Kristoff,10,Stage 10,0,0,0,0,0,0,0,0,0
2023,20231010,Alexander Kristoff,11,Stage 11,110,0,0,0,0,0,0,0,110
2023,20231010,Alexander Kristoff,12,Stage 12,0,0,0,0,0,0,0,0,0
2023,20231010,Alexander Kristoff,13,Stage 13,0,0,0,0,0,0,0,0,0
2023,20231010,Alexander Kristoff,14,Stage 14,0,0,0,0,0,0,0,0,0
2023,20231010,Alexander Kristoff,15,Stage 15,0,0,0,0,0,0,0,0,0
2023,20231010,Alexander Kristoff,16,Stage 16,0,0,0,0,0,0,0,0,0
2023,20231010,Alexander Kristoff,17,Stage 17,0,0,0,0,0,0,0,0,0
2023,20231010,Alexander Kristoff,18,Stage 18,50,0,0,0,0,0,0,2,52
2023,20231010,Alexander Kristoff,19,Stage 19,0,0,0,0,0,0,0,0,0
2023,20231010,Alexander Kristoff,20,Stage 20,0,0,0,0,0,0,0,0,0
2023,20231010,Alexander Kristoff,21,Stage 21,0,0,0,0,0,0,0,0,0
2023,20231010,Alexander Kristoff,22,Final Classifications,0,0,0,0,0,0,0,0,0
2023,20230650,Matteo Jorgenson,1,Stage 1,0,0,0,0,0,0,0,0,0
2023,20230650,Matteo Jorgenson,2,Stage 2,0,0,0,0,0,0,0,0,0
2023,20230650,Matteo Jorgenson,3,Stage 3,0,0,0,0,0,0,0,0,0
2023,20230650,Matteo Jorgenson,4,Stage 4,0,0,0,0,0,0,0,0,0
2023,20230650,Matteo Jorgenson,5,Stage 5,0,0,0,0,0,2,0,0,2
2023,20230650,Matteo Jorgenson,6,Stage 6,0,0,0,0,0,0,0,0,0
2023,20230650,Matteo Jorgenson,7,Stage 7,0,0,0,0,0,0,0,0,0
2023,20230650,Matteo Jorgenson,8,Stage 8,0,0,0,0,0,0,0,0,0
2023,20230650,Matteo Jorgenson,9,Stage 9,140,0,0,0,4,15,20,0,179
2023,20230650,Matteo Jorgenson,10,Stage 10,0,0,0,0,0,0,0,0,0
2023,20230650,Matteo Jorgenson,11,Stage 11,0,0,0,0,0,0,0,0,0
2023,20230650,Matteo Jorgenson,12,Stage 12,160,0,0,0,2,0,20,0,182
2023,20230650,Matteo Jorgenson,13,Stage 13,0,0,0,0,0,0,0,0,0
2023,20230650,Matteo Jorgenson,14,Stage 14,0,0,0,0,0,0,0,0,0
2023,20230650,Matteo Jorgenson,15,Stage 15,0,0,0,0,0,0,0,0,0
2023,20230650,Matteo Jorgenson,16,Stage 16,0,0,0,0,0,0,0,0,0
2023,20230650,Matteo Jorgenson,17,Stage 17,0,0,0,0,0,0,0,0,0
2023,20230650,Matteo Jorgenson,18,Stage 18,0,0,0,0,0,0,0,0,0
2023,20230650,Matteo Jorgenson,19,Stage 19,0,0,0,0,0,0,0,0,0
2023,20230650,Matteo Jorgenson,20,Stage 20,0,0,0,0,0,0,0,0,0
2023,20230650,Matteo Jorgenson,21,Stage 21,0,0,0,0,0,0,0,0,0
2023,20230650,Matteo Jorgenson,22,Final Classifications,0,0,0,0,0,0,0,0,0
2023,20230742,Warren Barguil,1,Stage 1,0,0,0,0,0,0,0,0,0
2023,20230742,Warren Barguil,2,Stage 2,0,0,0,0,0,0,0,0,0
2023,20230742,Warren Barguil,3,Stage 3,0,0,0,0,0,0,0,0,0
2023,20230742,Warren Barguil,4,Stage 4,0,0,0,0,0,0,0,0,0
2023,20230742,Warren Barguil,5,Stage 5,0,0,0,0,0,0,0,0,0
2023,20230742,Warren Barguil,6,Stage 6,0,0,0,0,0,0,0,0,0
2023,20230742,Warren Barguil,7,Stage 7,0,0,0,0,0,0,0,0,0
2023,20230742,Warren Barguil,8,Stage 8,0,0,0,0,0,0,0,0,0
2023,20230742,Warren Barguil,9,Stage 9,0,0,0,0,0,0,0,0,0
2023,20230742,Warren Barguil,10,Stage 10,70,0,0,0,16,0,0,0,86
2023,20230742,Warren Barguil,11,Stage 11,0,0,0,0,0,0,0,0,0
2023,20230742,Warren Barguil,12,Stage 12,0,0,0,0,0,0,0,0,0
2023,20230742,Warren Barguil,13,Stage 13,0,0,0,0,0,0,0,0,0
2023,20230742,Warren Barguil,14,Stage 14,0,0,0,0,0,0,0,0,0
2023,20230742,Warren Barguil,15,Stage 15,60,0,0,0,0,0,0,0,60
2023,20230742,Warren Barguil,16,Stage 16,0,0,0,0,0,0,0,0,0
2023,20230742,Warren Barguil,17,Stage 17,4,0,0,0,0,0,0,0,4
2023,20230742,Warren Barguil,18,Stage 18,0,0,0,0,0,0,0,0,0
2023,20230742,Warren Barguil,19,Stage 19,0,0,0,0,12,0,20,0,32
2023,20230742,Warren Barguil,20,Stage 20,110,0,0,0,0,6,20,0,136
2023,20230742,Warren Barguil,21,Stage 21,0,0,0,0,0,0,0,0,0
2023,20230742,Warren Barguil,22,Final Classifications,0,45,0,0,0,0,0,0,45
2023,20230489,Jonathan Castroviejo,1,Stage 1,0,0,0,0,0,0,0,0,0
2023,20230489,Jonathan Castroviejo,2,Stage 2,0,0,0,0,0,0,0,2,2
2023,20230489,Jonathan Castroviejo,3,Stage 3,0,0,0,0,0,0,0,2,2
2023,20230489,Jonathan Castroviejo,4,Stage 4,0,0,0,0,0,0,0,2,2
2023,20230489,Jonathan Castroviejo,5,Stage 5,0,0,0,0,0,0,0,4,4
2023,20230489,Jonathan Castroviejo,6,Stage 6,0,0,0,0,0,0,0,4,4
2023,20230489,Jonathan Castroviejo,7,Stage 7,0,0,0,0,0,0,0,4,4
2023,20230489,Jonathan Castroviejo,8,Stage 8,0,1,0,0,0,0,0,4,5
2023,20230489,Jonathan Castroviejo,9,Stage 9,0,2,0,0,0,0,0,4,6
2023,20230489,Jonathan Castroviejo,10,Stage 10,0,2,0,0,0,0,0,4,6
2023,20230489,Jonathan Castroviejo,11,Stage 11,0,2,0,0,0,0,0,4,6
2023,20230489,Jonathan Castroviejo,12,Stage 12,4,2,0,0,0,0,0,4,10
2023,20230489,Jonathan Castroviejo,13,Stage 13,0,3,0,0,0,0,0,16,19
2023,20230489,Jonathan Castroviejo,14,Stage 14,25,5,0,0,0,0,0,18,48
2023,20230489,Jonathan Castroviejo,15,Stage 15,0,5,0,0,0,0,0,6,11
2023,20230489,Jonathan Castroviejo,16,Stage 16,50,5,0,0,0,0,0,0,55
2023,20230489,Jonathan Castroviejo,17,Stage 17,0,8,0,0,0,0,0,2,10
2023,20230489,Jonathan Castroviejo,18,Stage 18,0,8,0,0,0,0,0,2,10
2023,20230489,Jonathan Castroviejo,19,Stage 19,0,7,0,0,0,0,0,0,7
2023,20230489,Jonathan Castroviejo,20,Stage 20,0,6,0,0,0,0,0,2,8
2023,20230489,Jonathan Castroviejo,21,Stage 21,0,6,0,0,0,0,0,2,8
2023,20230489,Jonathan Castroviejo,22,Final Classifications,0,100,0,0,0,0,0,30,130
2023,20230545,Georg Zimmermann,1,Stage 1,0,0,0,6,0,0,0,0,6
2023,20230545,Georg Zimmermann,2,Stage 2,0,0,0,2,0,0,0,0,2
2023,20230545,Georg Zimmermann,3,Stage 3,0,0,0,2,0,0,0,0,2
2023,20230545,Georg Zimmermann,4,Stage 4,0,0,0,2,0,0,0,0,2
2023,20230545,Georg Zimmermann,5,Stage 5,0,0,0,0,0,0,0,0,0
2023,20230545,Georg Zimmermann,6,Stage 6,0,0,0,0,0,0,0,0,0
2023,20230545,Georg Zimmermann,7,Stage 7,0,0,0,0,0,0,0,2,2
2023,20230545,Georg Zimmermann,8,Stage 8,0,0,0,0,0,0,0,0,0
2023,20230545,Georg Zimmermann,9,Stage 9,0,0,0,0,0,0,0,0,0
2023,20230545,Georg Zimmermann,10,Stage 10,180,0,0,0,12,0,0,0,192
2023,20230545,Georg Zimmermann,11,Stage 11,0,0,0,0,0,0,0,0,0
2023,20230545,Georg Zimmermann,12,Stage 12,0,0,0,0,0,0,0,0,0
2023,20230545,Georg Zimmermann,13,Stage 13,35,0,0,0,0,0,20,0,55
2023,20230545,Georg Zimmermann,14,Stage 14,0,0,0,0,0,0,0,0,0
2023,20230545,Georg Zimmermann,15,Stage 15,0,0,0,0,0,0,0,0,0
2023,20230545,Georg Zimmermann,16,Stage 16,0,0,0,0,0,0,0,0,0
2023,20230545,Georg Zimmermann,17,Stage 17,16,0,0,0,0,0,0,0,16
2023,20230545,Georg Zimmermann,18,Stage 18,0,0,0,0,0,0,0,0,0
2023,20230545,Georg Zimmermann,19,Stage 19,50,0,0,0,4,0,20,0,74
2023,20230545,Georg Zimmermann,20,Stage 20,0,0,0,0,0,0,0,0,0
2023,20230545,Georg Zimmermann,21,Stage 21,0,0,0,0,0,0,0,0,0
2023,20230545,Georg Zimmermann,22,Final Classifications,0,0,0,0,0,0,0,0,0
2023,20230602,Nathan Van Hooydonck,1,Stage 1,0,0,0,0,0,0,0,8,8
2023,20230602,Nathan Van Hooydonck,2,Stage 2,0,0,0,0,0,0,0,12,12
2023,20230602,Nathan Van Hooydonck,3,Stage 3,0,0,0,0,0,0,0,8,8
2023,20230602,Nathan Van Hooydonck,4,Stage 4,0,0,0,0,0,0,0,8,8
2023,20230602,Nathan Van Hooydonck,5,Stage 5,0,0,0,0,0,0,0,12,12
2023,20230602,Nathan Van Hooydonck,6,Stage 6,0,0,0,0,0,0,0,20,20
2023,20230602,Nathan Van Hooydonck,7,Stage 7,0,0,0,0,0,0,0,16,16
2023,20230602,Nathan Van Hooydonck,8,Stage 8,0,0,0,0,0,0,0,18,18
2023,20230602,Nathan Van Hooydonck,9,Stage 9,0,0,0,0,0,0,0,10,10
2023,20230602,Nathan Van Hooydonck,10,Stage 10,0,0,0,0,0,0,0,10,10
2023,20230602,Nathan Van Hooydonck,11,Stage 11,0,0,0,0,0,0,0,10,10
2023,20230602,Nathan Van Hooydonck,12,Stage 12,0,0,0,0,0,0,0,10,10
2023,20230602,Nathan Van Hooydonck,13,Stage 13,0,0,0,0,0,0,0,10,10
2023,20230602,Nathan Van Hooydonck,14,Stage 14,0,0,0,0,0,0,0,14,14
2023,20230602,Nathan Van Hooydonck,15,Stage 15,0,0,0,0,0,0,0,20,20
2023,20230602,Nathan Van Hooydonck,16,Stage 16,0,0,0,0,0,0,0,0,0
2023,20230602,Nathan Van Hooydonck,17,Stage 17,0,0,0,0,0,0,0,16,16
2023,20230602,Nathan Van Hooydonck,18,Stage 18,0,0,0,0,0,0,0,16,16
2023,20230602,Nathan Van Hooydonck,19,Stage 19,0,0,0,0,0,0,0,16,16
2023,20230602,Nathan Van Hooydonck,20,Stage 20,0,0,0,0,0,0,0,18,18
2023,20230602,Nathan Van Hooydonck,21,Stage 21,0,0,0,0,16,0,0,16,32
2023,20230602,Nathan Van Hooydonck,22,Final Classifications,0,0,0,0,0,0,0,50,50
2023,20231166,Cees Bol,1,Stage 1,0,0,0,0,0,0,0,0,0
2023,20231166,Cees Bol,2,Stage 2,0,0,0,0,0,0,0,0,0
2023,20231166,Cees Bol,3,Stage 3,0,0,0,0,0,0,0,0,0
2023,20231166,Cees Bol,4,Stage 4,0,0,0,0,0,0,0,0,0
2023,20231166,Cees Bol,5,Stage 5,0,0,0,0,0,0,0,0,0
2023,20231166,Cees Bol,6,Stage 6,0,0,0,0,0,0,0,0,0
2023,20231166,Cees Bol,7,Stage 7,0,0,0,0,0,0,0,4,4
2023,20231166,Cees Bol,8,Stage 8,30,0,0,0,0,0,0,0,30
2023,20231166,Cees Bol,9,Stage 9,0,0,0,0,0,0,0,0,0
2023,20231166,Cees Bol,10,Stage 10,0,0,0,0,0,0,0,0,0
2023,20231166,Cees Bol,11,Stage 11,40,0,0,0,0,0,0,0,40
2023,20231166,Cees Bol,12,Stage 12,0,0,0,0,0,0,0,0,0
2023,20231166,Cees Bol,13,Stage 13,0,0,0,0,0,0,20,0,20
2023,20231166,Cees Bol,14,Stage 14,0,0,0,0,0,0,0,0,0
2023,20231166,Cees Bol,15,Stage 15,0,0,0,0,0,0,0,0,0
2023,20231166,Cees Bol,16,Stage 16,0,0,0,0,0,0,0,0,0
2023,20231166,Cees Bol,17,Stage 17,0,0,0,0,0,0,0,0,0
2023,20231166,Cees Bol,18,Stage 18,110,0,0,0,0,0,0,0,110
2023,20231166,Cees Bol,19,Stage 19,0,0,0,0,0,0,0,0,0
2023,20231166,Cees Bol,20,Stage 20,0,0,0,0,0,0,0,0,0
2023,20231166,Cees Bol,21,Stage 21,120,0,0,0,0,0,0,0,120
2023,20231166,Cees Bol,22,Final Classifications,0,0,0,0,0,0,0,0,0
2023,20230567,Corbin Strong,1,Stage 1,25,6,0,0,0,0,0,0,31
2023,20230567,Corbin Strong,2,Stage 2,0,0,0,0,0,0,0,0,0
2023,20230567,Corbin Strong,3,Stage 3,20,0,0,0,0,0,0,0,20
2023,20230567,Corbin Strong,4,Stage 4,50,0,0,0,0,0,0,0,50
2023,20230567,Corbin Strong,5,Stage 5,0,0,0,0,0,0,0,0,0
2023,20230567,Corbin Strong,6,Stage 6,0,0,0,0,0,0,0,0,0
2023,20230567,Corbin Strong,7,Stage 7,0,0,0,0,4,0,0,0,4
2023,20230567,Corbin Strong,8,Stage 8,70,0,0,0,2,0,0,0,72
2023,20230567,Corbin Strong,9,Stage 9,0,0,0,0,0,0,0,8,8
2023,20230567,Corbin Strong,10,Stage 10,0,0,0,0,0,0,0,0,0
2023,20230567,Corbin Strong,11,Stage 11,30,0,0,0,0,0,0,0,30
2023,20230567,Corbin Strong,12,Stage 12,0,0,0,0,0,0,0,0,0
2023,20230567,Corbin Strong,13,Stage 13,0,0,0,0,0,0,0,0,0
2023,20230567,Corbin Strong,14,Stage 14,0,0,0,0,0,0,0,0,0
2023,20230567,Corbin Strong,15,Stage 15,0,0,0,0,0,0,0,0,0
2023,20230567,Corbin Strong,16,Stage 16,0,0,0,0,0,0,0,0,0
2023,20230567,Corbin Strong,17,Stage 17,0,0,0,0,0,0,0,0,0
2023,20230567,Corbin Strong,18,Stage 18,35,0,0,0,0,0,0,0,35
2023,20230567,Corbin Strong,19,Stage 19,0,0,0,0,0,0,0,0,0
2023,20230567,Corbin Strong,20,Stage 20,0,0,0,0,0,0,0,0,0
2023,20230567,Corbin Strong,21,Stage 21,70,0,0,0,0,0,0,0,70
2023,20230567,Corbin Strong,22,Final Classifications,0,0,0,0,0,0,0,0,0
2023,20230646,Ruben Guerreiro,1,Stage 1,0,0,0,0,0,0,0,0,0
2023,20230646,Ruben Guerreiro,2,Stage 2,0,0,0,0,0,0,0,0,0
2023,20230646,Ruben Guerreiro,3,Stage 3,0,0,0,0,0,0,0,0,0
2023,20230646,Ruben Guerreiro,4,Stage 4,0,0,0,0,0,0,0,0,0
2023,20230646,Ruben Guerreiro,5,Stage 5,0,0,0,0,0,0,0,0,0
2023,20230646,Ruben Guerreiro,6,Stage 6,140,0,0,4,0,39,20,0,203
2023,20230646,Ruben Guerreiro,7,Stage 7,0,0,0,4,0,0,0,0,4
2023,20230646,Ruben Guerreiro,8,Stage 8,0,0,0,4,0,0,0,0,4
2023,20230646,Ruben Guerreiro,9,Stage 9,0,0,0,4,0,0,0,0,4
2023,20230646,Ruben Guerreiro,10,Stage 10,0,0,0,4,0,0,0,0,4
2023,20230646,Ruben Guerreiro,11,Stage 11,0,0,0,4,0,0,0,0,4
2023,20230646,Ruben Guerreiro,12,Stage 12,70,0,0,4,0,0,20,2,96
2023,20230646,Ruben Guerreiro,13,Stage 13,0,0,0,0,0,0,0,0,0
2023,20230646,Ruben Guerreiro,14,Stage 14,0,0,0,0,0,0,0,0,0
2023,20230646,Ruben Guerreiro,15,Stage 15,0,0,0,0,0,0,0,0,0
2023,20230646,Ruben Guerreiro,16,Stage 16,0,0,0,0,0,0,0,0,0
2023,20230646,Ruben Guerreiro,17,Stage 17,0,0,0,0,0,0,0,0,0
2023,20230646,Ruben Guerreiro,18,Stage 18,0,0,0,0,0,0,0,0,0
2023,20230646,Ruben Guerreiro,19,Stage 19,0,0,0,0,0,0,0,0,0
2023,20230646,Ruben Guerreiro,20,Stage 20,0,0,0,0,0,0,0,0,0
2023,20230646,Ruben Guerreiro,21,Stage 21,0,0,0,0,0,0,0,0,0
2023,20230646,Ruben Guerreiro,22,Final Classifications,0,0,0,0,0,0,0,0,0
2023,20230597,Dylan Van Baarle,1,Stage 1,0,0,0,0,0,0,0,8,8
2023,20230597,Dylan Van Baarle,2,Stage 2,0,0,0,0,0,0,0,12,12
2023,20230597,Dylan Van Baarle,3,Stage 3,0,0,0,0,0,0,0,8,8
2023,20230597,Dylan Van Baarle,4,Stage 4,0,0,0,0,0,0,0,8,8
2023,20230597,Dylan Van Baarle,5,Stage 5,0,0,0,0,0,0,0,12,12
2023,20230597,Dylan Van Baarle,6,Stage 6,0,0,0,0,0,0,0,20,20
2023,20230597,Dylan Van Baarle,7,Stage 7,0,0,0,0,0,0,0,16,16
2023,20230597,Dylan Van Baarle,8,Stage 8,0,0,0,0,0,0,0,18,18
2023,20230597,Dylan Van Baarle,9,Stage 9,0,0,0,0,0,0,0,10,10
2023,20230597,Dylan Van Baarle,10,Stage 10,0,0,0,0,0,0,0,10,10
2023,20230597,Dylan Van Baarle,11,Stage 11,0,0,0,0,0,0,0,10,10
2023,20230597,Dylan Van Baarle,12,Stage 12,0,0,0,0,0,0,0,10,10
2023,20230597,Dylan Van Baarle,13,Stage 13,0,0,0,0,0,0,0,10,10
2023,20230597,Dylan Van Baarle,14,Stage 14,0,0,0,0,0,0,0,14,14
2023,20230597,Dylan Van Baarle,15,Stage 15,0,0,0,0,0,0,0,20,20
2023,20230597,Dylan Van Baarle,16,Stage 16,0,0,0,0,0,0,0,0,0
2023,20230597,Dylan Van Baarle,17,Stage 17,0,0,0,0,0,0,0,16,16
2023,20230597,Dylan Van Baarle,18,Stage 18,0,0,0,0,0,0,0,16,16
2023,20230597,Dylan Van Baarle,19,Stage 19,0,0,0,0,0,0,0,16,16
2023,20230597,Dylan Van Baarle,20,Stage 20,0,0,0,0,0,0,0,18,18
2023,20230597,Dylan Van Baarle,21,Stage 21,0,0,0,0,0,0,0,16,16
2023,20230597,Dylan Van Baarle,22,Final Classifications,0,0,0,0,0,0,0,50,50
2023,20230793,Romain Bardet,1,Stage 1,0,0,0,0,0,0,0,0,0
2023,20230793,Romain Bardet,2,Stage 2,95,6,0,0,0,0,0,0,101
2023,20230793,Romain Bardet,3,Stage 3,0,7,0,0,0,0,0,0,7
2023,20230793,Romain Bardet,4,Stage 4,0,7,0,0,0,0,0,0,7
2023,20230793,Romain Bardet,5,Stage 5,12,9,0,0,0,0,0,0,21
2023,20230793,Romain Bardet,6,Stage 6,60,13,0,0,0,0,0,0,73
2023,20230793,Romain Bardet,7,Stage 7,0,13,0,0,0,0,0,0,13
2023,20230793,Romain Bardet,8,Stage 8,25,13,0,0,0,0,0,0,38
2023,20230793,Romain Bardet,9,Stage 9,0,11,0,0,0,0,0,0,11
2023,20230793,Romain Bardet,10,Stage 10,0,10,0,0,0,0,0,0,10
2023,20230793,Romain Bardet,11,Stage 11,0,10,0,0,0,0,0,0,10
2023,20230793,Romain Bardet,12,Stage 12,0,9,0,0,0,0,0,0,9
2023,20230793,Romain Bardet,13,Stage 13,8,9,0,0,0,0,0,0,17
2023,20230793,Romain Bardet,14,Stage 14,0,0,0,0,0,0,0,0,0
2023,20230793,Romain Bardet,15,Stage 15,0,0,0,0,0,0,0,0,0
2023,20230793,Romain Bardet,16,Stage 16,0,0,0,0,0,0,0,0,0
2023,20230793,Romain Bardet,17,Stage 17,0,0,0,0,0,0,0,0,0
2023,20230793,Romain Bardet,18,Stage 18,0,0,0,0,0,0,0,0,0
2023,20230793,Romain Bardet,19,Stage 19,0,0,0,0,0,0,0,0,0
2023,20230793,Romain Bardet,20,Stage 20,0,0,0,0,0,0,0,0,0
2023,20230793,Romain Bardet,21,Stage 21,0,0,0,0,0,0,0,0,0
2023,20230793,Romain Bardet,22,Final Classifications,0,0,0,0,0,0,0,0,0
2023,20230853,Chris Harper,1,Stage 1,0,0,0,0,0,0,0,8,8
2023,20230853,Chris Harper,2,Stage 2,0,0,0,0,0,0,0,2,2
2023,20230853,Chris Harper,3,Stage 3,0,0,0,0,0,0,0,2,2
2023,20230853,Chris Harper,4,Stage 4,0,0,0,0,0,0,0,2,2
2023,20230853,Chris Harper,5,Stage 5,0,0,0,0,0,0,0,0,0
2023,20230853,Chris Harper,6,Stage 6,0,0,0,0,0,0,0,0,0
2023,20230853,Chris Harper,7,Stage 7,0,0,0,0,0,0,0,0,0
2023,20230853,Chris Harper,8,Stage 8,0,0,0,0,0,0,0,0,0
2023,20230853,Chris Harper,9,Stage 9,0,0,0,0,0,0,0,0,0
2023,20230853,Chris Harper,10,Stage 10,0,0,0,0,0,0,0,0,0
2023,20230853,Chris Harper,11,Stage 11,0,0,0,0,0,0,0,4,4
2023,20230853,Chris Harper,12,Stage 12,0,0,0,0,0,0,0,0,0
2023,20230853,Chris Harper,13,Stage 13,4,0,0,0,0,0,0,0,4
2023,20230853,Chris Harper,14,Stage 14,8,3,0,0,0,0,0,0,11
2023,20230853,Chris Harper,15,Stage 15,0,3,0,0,0,0,0,0,3
2023,20230853,Chris Harper,16,Stage 16,0,3,0,0,0,0,0,0,3
2023,20230853,Chris Harper,17,Stage 17,95,7,0,0,3,6,0,4,115
2023,20230853,Chris Harper,18,Stage 18,0,7,0,0,0,0,0,0,7
2023,20230853,Chris Harper,19,Stage 19,0,6,0,0,0,0,0,0,6
2023,20230853,Chris Harper,20,Stage 20,20,5,0,0,0,4,20,0,49
2023,20230853,Chris Harper,21,Stage 21,0,5,0,0,0,0,0,2,7
2023,20230853,Chris Harper,22,Final Classifications,0,90,0,0,0,0,0,0,90
2023,20230994,Jonas Abrahamsen,1,Stage 1,0,0,0,0,0,0,0,0,0
2023,20230994,Jonas Abrahamsen,2,Stage 2,0,0,0,0,0,0,0,0,0
2023,20230994,Jonas Abrahamsen,3,Stage 3,0,0,0,0,0,0,0,0,0
2023,20230994,Jonas Abrahamsen,4,Stage 4,0,0,0,0,0,0,0,0,0
2023,20230994,Jonas Abrahamsen,5,Stage 5,0,0,0,0,0,0,0,0,0
2023,20230994,Jonas Abrahamsen,6,Stage 6,0,0,0,0,0,0,0,2,2
2023,20230994,Jonas Abrahamsen,7,Stage 7,30,0,0,0,0,0,0,0,30
2023,20230994,Jonas Abrahamsen,8,Stage 8,0,0,0,0,0,0,0,0,0
2023,20230994,Jonas Abrahamsen,9,Stage 9,0,0,0,0,20,0,20,0,40
2023,20230994,Jonas Abrahamsen,10,Stage 10,16,0,0,0,0,0,0,0,16
2023,20230994,Jonas Abrahamsen,11,Stage 11,0,0,0,0,0,0,0,0,0
2023,20230994,Jonas Abrahamsen,12,Stage 12,0,0,0,0,0,0,0,0,0
2023,20230994,Jonas Abrahamsen,13,Stage 13,0,0,0,0,0,0,0,0,0
2023,20230994,Jonas Abrahamsen,14,Stage 14,0,0,0,0,0,0,0,0,0
2023,20230994,Jonas Abrahamsen,15,Stage 15,0,0,0,0,12,0,0,0,12
2023,20230994,Jonas Abrahamsen,16,Stage 16,0,0,0,0,0,0,0,0,0
2023,20230994,Jonas Abrahamsen,17,Stage 17,0,0,0,0,0,0,0,0,0
2023,20230994,Jonas Abrahamsen,18,Stage 18,160,0,0,0,20,0,20,0,200
2023,20230994,Jonas Abrahamsen,19,Stage 19,0,0,0,0,0,0,0,0,0
2023,20230994,Jonas Abrahamsen,20,Stage 20,0,0,0,0,0,0,0,0,0
2023,20230994,Jonas Abrahamsen,21,Stage 21,0,0,0,0,0,0,0,0,0
2023,20230994,Jonas Abrahamsen,22,Final Classifications,0,0,0,0,0,0,0,0,0
2023,20230620,Pascal Eenkhoorn,1,Stage 1,0,0,4,8,20,0,20,0,52
2023,20230620,Pascal Eenkhoorn,2,Stage 2,0,0,0,4,0,0,0,0,4
2023,20230620,Pascal Eenkhoorn,3,Stage 3,0,0,0,4,0,0,0,2,6
2023,20230620,Pascal Eenkhoorn,4,Stage 4,0,0,0,4,0,0,0,4,8
2023,20230620,Pascal Eenkhoorn,5,Stage 5,0,0,0,0,0,0,0,0,0
2023,20230620,Pascal Eenkhoorn,6,Stage 6,0,0,0,0,0,0,0,0,0
2023,20230620,Pascal Eenkhoorn,7,Stage 7,0,0,0,0,0,0,0,0,0
2023,20230620,Pascal Eenkhoorn,8,Stage 8,0,0,0,0,0,0,0,0,0
2023,20230620,Pascal Eenkhoorn,9,Stage 9,0,0,0,0,0,0,0,0,0
2023,20230620,Pascal Eenkhoorn,10,Stage 10,25,0,0,0,0,0,0,0,25
2023,20230620,Pascal Eenkhoorn,11,Stage 11,0,0,0,0,0,0,0,0,0
2023,20230620,Pascal Eenkhoorn,12,Stage 12,0,0,0,0,0,0,0,0,0
2023,20230620,Pascal Eenkhoorn,13,Stage 13,0,0,0,0,0,0,0,4,4
2023,20230620,Pascal Eenkhoorn,14,Stage 14,0,0,0,0,0,0,0,0,0
2023,20230620,Pascal Eenkhoorn,15,Stage 15,0,0,0,0,0,0,0,0,0
2023,20230620,Pascal Eenkhoorn,16,Stage 16,0,0,0,0,0,0,0,0,0
2023,20230620,Pascal Eenkhoorn,17,Stage 17,0,0,0,0,0,0,0,0,0
2023,20230620,Pascal Eenkhoorn,18,Stage 18,180,0,0,0,16,0,0,0,196
2023,20230620,Pascal Eenkhoorn,19,Stage 19,0,0,0,0,0,0,0,0,0
2023,20230620,Pascal Eenkhoorn,20,Stage 20,0,0,0,0,0,0,0,0,0
2023,20230620,Pascal Eenkhoorn,21,Stage 21,0,0,0,0,0,0,0,0,0
2023,20230620,Pascal Eenkhoorn,22,Final Classifications,0,0,0,0,0,0,0,0,0
2023,20230568,Dylan Teuns,1,Stage 1,12,3,0,0,0,0,0,0,15
2023,20230568,Dylan Teuns,2,Stage 2,80,7,0,0,0,0,0,0,87
2023,20230568,Dylan Teuns,3,Stage 3,0,0,0,0,0,0,0,0,0
2023,20230568,Dylan Teuns,4,Stage 4,0,1,0,0,0,0,0,0,1
2023,20230568,Dylan Teuns,5,Stage 5,0,0,0,0,0,0,0,0,0
2023,20230568,Dylan Teuns,6,Stage 6,0,0,0,0,0,0,0,0,0
2023,20230568,Dylan Teuns,7,Stage 7,0,0,0,0,0,0,0,0,0
2023,20230568,Dylan Teuns,8,Stage 8,0,0,0,0,0,0,0,0,0
2023,20230568,Dylan Teuns,9,Stage 9,0,0,0,0,0,0,0,8,8
2023,20230568,Dylan Teuns,10,Stage 10,0,0,0,0,0,0,0,0,0
2023,20230568,Dylan Teuns,11,Stage 11,0,0,0,0,0,0,0,0,0
2023,20230568,Dylan Teuns,12,Stage 12,80,0,0,0,8,0,20,0,108
2023,20230568,Dylan Teuns,13,Stage 13,0,0,0,0,0,0,0,0,0
2023,20230568,Dylan Teuns,14,Stage 14,0,0,0,0,0,0,0,0,0
2023,20230568,Dylan Teuns,15,Stage 15,50,0,0,0,0,0,0,0,50
2023,20230568,Dylan Teuns,16,Stage 16,0,0,0,0,0,0,0,0,0
2023,20230568,Dylan Teuns,17,Stage 17,0,0,0,0,0,0,0,0,0
2023,20230568,Dylan Teuns,18,Stage 18,0,0,0,0,0,0,0,0,0
2023,20230568,Dylan Teuns,19,Stage 19,0,0,0,0,0,0,0,0,0
2023,20230568,Dylan Teuns,20,Stage 20,25,0,0,0,0,0,0,0,25
2023,20230568,Dylan Teuns,21,Stage 21,0,0,0,0,0,0,0,0,0
2023,20230568,Dylan Teuns,22,Final Classifications,0,0,0,0,0,0,0,0,0
2023,20230324,James Shaw,1,Stage 1,0,0,0,0,0,0,0,0,0
2023,20230324,James Shaw,2,Stage 2,0,0,0,0,0,0,0,0,0
2023,20230324,James Shaw,3,Stage 3,0,0,0,0,0,0,0,0,0
2023,20230324,James Shaw,4,Stage 4,0,0,0,0,0,0,0,0,0
2023,20230324,James Shaw,5,Stage 5,0,0,0,0,0,0,0,0,0
2023,20230324,James Shaw,6,Stage 6,120,0,0,0,0,22,20,0,162
2023,20230324,James Shaw,7,Stage 7,0,0,0,0,0,0,0,0,0
2023,20230324,James Shaw,8,Stage 8,0,0,0,0,0,0,0,0,0
2023,20230324,James Shaw,9,Stage 9,0,0,0,0,0,0,0,0,0
2023,20230324,James Shaw,10,Stage 10,0,0,0,0,0,0,0,0,0
2023,20230324,James Shaw,11,Stage 11,0,0,0,0,0,0,0,0,0
2023,20230324,James Shaw,12,Stage 12,0,0,0,0,0,0,0,0,0
2023,20230324,James Shaw,13,Stage 13,95,0,0,0,0,4,20,0,119
2023,20230324,James Shaw,14,Stage 14,0,0,0,0,0,0,0,0,0
2023,20230324,James Shaw,15,Stage 15,0,0,0,0,0,0,0,0,0
2023,20230324,James Shaw,16,Stage 16,0,0,0,0,0,0,0,0,0
2023,20230324,James Shaw,17,Stage 17,0,0,0,0,0,0,0,0,0
2023,20230324,James Shaw,18,Stage 18,0,0,0,0,0,0,0,0,0
2023,20230324,James Shaw,19,Stage 19,0,0,0,0,0,0,0,0,0
2023,20230324,James Shaw,20,Stage 20,0,0,0,0,0,0,0,0,0
2023,20230324,James Shaw,21,Stage 21,0,0,0,0,0,0,0,0,0
2023,20230324,James Shaw,22,Final Classifications,0,0,0,0,0,0,0,0,0
2023,20230903,Pierre Latour,1,Stage 1,0,0,0,0,0,0,0,0,0
2023,20230903,Pierre Latour,2,Stage 2,0,0,0,0,0,0,0,0,0
2023,20230903,Pierre Latour,3,Stage 3,0,0,0,0,0,0,0,0,0
2023,20230903,Pierre Latour,4,Stage 4,0,0,0,0,0,0,0,0,0
2023,20230903,Pierre Latour,5,Stage 5,0,0,0,0,0,0,0,0,0
2023,20230903,Pierre Latour,6,Stage 6,0,0,0,0,0,0,0,0,0
2023,20230903,Pierre Latour,7,Stage 7,0,0,0,0,0,0,0,0,0
2023,20230903,Pierre Latour,8,Stage 8,0,0,0,0,0,0,0,0,0
2023,20230903,Pierre Latour,9,Stage 9,180,0,0,0,8,25,20,0,233
2023,20230903,Pierre Latour,10,Stage 10,0,0,0,0,0,0,0,0,0
2023,20230903,Pierre Latour,11,Stage 11,0,0,0,0,0,0,0,0,0
2023,20230903,Pierre Latour,12,Stage 12,0,0,0,0,0,0,0,4,4
2023,20230903,Pierre Latour,13,Stage 13,0,0,0,0,5,0,20,0,25
2023,20230903,Pierre Latour,14,Stage 14,0,0,0,0,0,0,0,0,0
2023,20230903,Pierre Latour,15,Stage 15,0,0,0,0,0,0,0,2,2
2023,20230903,Pierre Latour,16,Stage 16,16,0,0,0,0,0,0,0,16
2023,20230903,Pierre Latour,17,Stage 17,0,0,0,0,0,0,0,0,0
2023,20230903,Pierre Latour,18,Stage 18,0,0,0,0,0,0,0,0,0
2023,20230903,Pierre Latour,19,Stage 19,0,0,0,0,0,0,0,0,0
2023,20230903,Pierre Latour,20,Stage 20,0,0,0,0,0,0,0,0,0
2023,20230903,Pierre Latour,21,Stage 21,0,0,0,0,0,0,0,0,0
2023,20230903,Pierre Latour,22,Final Classifications,0,0,0,0,0,0,0,0,0
2023,20230615,Victor Campenaerts,1,Stage 1,0,0,0,0,0,0,0,0,0
2023,20230615,Victor Campenaerts,2,Stage 2,0,0,0,0,0,0,0,0,0
2023,20230615,Victor Campenaerts,3,Stage 3,0,0,0,0,0,0,0,2,2
2023,20230615,Victor Campenaerts,4,Stage 4,0,0,0,0,0,0,0,4,4
2023,20230615,Victor Campenaerts,5,Stage 5,0,0,0,0,8,0,20,0,28
2023,20230615,Victor Campenaerts,6,Stage 6,0,0,0,0,0,0,0,0,0
2023,20230615,Victor Campenaerts,7,Stage 7,0,0,0,0,0,0,0,0,0
2023,20230615,Victor Campenaerts,8,Stage 8,0,0,0,0,0,0,0,0,0
2023,20230615,Victor Campenaerts,9,Stage 9,40,0,0,0,0,0,20,0,60
2023,20230615,Victor Campenaerts,10,Stage 10,0,0,0,0,0,0,0,0,0
2023,20230615,Victor Campenaerts,11,Stage 11,0,0,0,0,0,0,0,0,0
2023,20230615,Victor Campenaerts,12,Stage 12,60,0,0,0,6,0,20,0,86
2023,20230615,Victor Campenaerts,13,Stage 13,0,0,0,0,0,0,0,4,4
2023,20230615,Victor Campenaerts,14,Stage 14,0,0,0,0,0,0,0,0,0
2023,20230615,Victor Campenaerts,15,Stage 15,0,0,0,0,0,0,0,0,0
2023,20230615,Victor Campenaerts,16,Stage 16,0,0,0,0,0,0,0,0,0
2023,20230615,Victor Campenaerts,17,Stage 17,0,0,0,0,0,0,0,0,0
2023,20230615,Victor Campenaerts,18,Stage 18,20,0,0,0,12,0,20,4,56
2023,20230615,Victor Campenaerts,19,Stage 19,0,0,0,0,16,0,20,0,36
2023,20230615,Victor Campenaerts,20,Stage 20,0,0,0,0,0,0,0,0,0
2023,20230615,Victor Campenaerts,21,Stage 21,0,0,0,0,0,0,0,0,0
2023,20230615,Victor Campenaerts,22,Final Classifications,0,0,0,0,0,0,0,0,0
2023,20230975,Felix Großschartner,1,Stage 1,0,0,0,0,0,0,0,24,24
2023,20230975,Felix Großschartner,2,Stage 2,0,0,0,0,0,0,0,14,14
2023,20230975,Felix Großschartner,3,Stage 3,0,0,0,0,0,0,0,12,12
2023,20230975,Felix Großschartner,4,Stage 4,0,0,0,0,0,0,0,12,12
2023,20230975,Felix Großschartner,5,Stage 5,0,0,0,0,0,0,0,0,0
2023,20230975,Felix Großschartner,6,Stage 6,0,0,0,0,0,0,0,12,12
2023,20230975,Felix Großschartner,7,Stage 7,0,0,0,0,0,0,0,4,4
2023,20230975,Felix Großschartner,8,Stage 8,0,0,0,0,0,0,0,4,4
2023,20230975,Felix Großschartner,9,Stage 9,0,0,0,0,0,0,0,4,4
2023,20230975,Felix Großschartner,10,Stage 10,0,0,0,0,0,0,0,4,4
2023,20230975,Felix Großschartner,11,Stage 11,0,0,0,0,0,0,0,4,4
2023,20230975,Felix Großschartner,12,Stage 12,0,0,0,0,0,0,0,4,4
2023,20230975,Felix Großschartner,13,Stage 13,0,0,0,0,0,0,0,6,6
2023,20230975,Felix Großschartner,14,Stage 14,12,0,0,0,0,0,0,10,22
2023,20230975,Felix Großschartner,15,Stage 15,0,0,0,0,0,0,0,6,6
2023,20230975,Felix Großschartner,16,Stage 16,0,0,0,0,0,0,0,0,0
2023,20230975,Felix Großschartner,17,Stage 17,0,0,0,0,0,0,0,10,10
2023,20230975,Felix Großschartner,18,Stage 18,0,0,0,0,0,0,0,10,10
2023,20230975,Felix Großschartner,19,Stage 19,0,0,0,0,0,0,0,10,10
2023,20230975,Felix Großschartner,20,Stage 20,0,0,0,0,0,0,0,18,18
2023,20230975,Felix Großschartner,21,Stage 21,0,0,0,0,0,0,0,10,10
2023,20230975,Felix Großschartner,22,Final Classifications,0,40,0,0,0,0,0,40,80
2023,20230273,Ion Izagirre,1,Stage 1,0,0,0,0,0,0,0,0,0
2023,20230273,Ion Izagirre,2,Stage 2,0,0,0,0,0,0,0,8,8
2023,20230273,Ion Izagirre,3,Stage 3,0,0,0,0,0,0,0,0,0
2023,20230273,Ion Izagirre,4,Stage 4,0,0,0,0,0,0,0,0,0
2023,20230273,Ion Izagirre,5,Stage 5,0,0,0,0,0,0,0,0,0
2023,20230273,Ion Izagirre,6,Stage 6,0,0,0,0,0,0,0,0,0
2023,20230273,Ion Izagirre,7,Stage 7,0,0,0,0,0,0,0,0,0
2023,20230273,Ion Izagirre,8,Stage 8,0,0,0,0,0,0,0,0,0
2023,20230273,Ion Izagirre,9,Stage 9,0,0,0,0,0,0,0,0,0
2023,20230273,Ion Izagirre,10,Stage 10,0,0,0,0,0,0,0,0,0
2023,20230273,Ion Izagirre,11,Stage 11,0,0,0,0,0,0,0,0,0
2023,20230273,Ion Izagirre,12,Stage 12,220,0,0,0,0,0,20,0,240
2023,20230273,Ion Izagirre,13,Stage 13,0,0,0,0,0,0,0,0,0
2023,20230273,Ion Izagirre,14,Stage 14,0,0,0,0,0,0,0,0,0
2023,20230273,Ion Izagirre,15,Stage 15,0,0,0,0,0,0,0,0,0
2023,20230273,Ion Izagirre,16,Stage 16,0,0,0,0,0,0,0,0,0
2023,20230273,Ion Izagirre,17,Stage 17,0,0,0,0,0,0,0,0,0
2023,20230273,Ion Izagirre,18,Stage 18,0,0,0,0,0,0,0,0,0
2023,20230273,Ion Izagirre,19,Stage 19,0,0,0,0,0,0,0,0,0
2023,20230273,Ion Izagirre,20,Stage 20,0,0,0,0,12,0,0,0,12
2023,20230273,Ion Izagirre,21,Stage 21,0,0,0,0,0,0,0,0,0
2023,20230273,Ion Izagirre,22,Final Classifications,0,0,0,0,0,0,0,0,0
2023,20230907,Peter Sagan,1,Stage 1,0,0,0,0,4,0,0,0,4
2023,20230907,Peter Sagan,2,Stage 2,0,0,0,0,0,0,0,0,0
2023,20230907,Peter Sagan,3,Stage 3,8,0,0,0,0,0,0,0,8
2023,20230907,Peter Sagan,4,Stage 4,35,0,0,0,3,0,0,0,38
2023,20230907,Peter Sagan,5,Stage 5,0,0,0,0,0,0,0,0,0
2023,20230907,Peter Sagan,6,Stage 6,0,0,0,0,0,0,0,0,0
2023,20230907,Peter Sagan,7,Stage 7,16,0,0,0,0,0,0,0,16
2023,20230907,Peter Sagan,8,Stage 8,20,0,0,0,0,0,0,0,20
2023,20230907,Peter Sagan,9,Stage 9,0,0,0,0,0,0,0,4,4
2023,20230907,Peter Sagan,10,Stage 10,0,0,0,0,0,0,0,0,0
2023,20230907,Peter Sagan,11,Stage 11,80,0,0,0,0,0,0,0,80
2023,20230907,Peter Sagan,12,Stage 12,0,0,0,0,0,0,0,4,4
2023,20230907,Peter Sagan,13,Stage 13,0,0,0,0,0,0,0,0,0
2023,20230907,Peter Sagan,14,Stage 14,0,0,0,0,0,0,0,0,0
2023,20230907,Peter Sagan,15,Stage 15,0,0,0,0,0,0,0,2,2
2023,20230907,Peter Sagan,16,Stage 16,0,0,0,0,0,0,0,0,0
2023,20230907,Peter Sagan,17,Stage 17,0,0,0,0,0,0,0,0,0
2023,20230907,Peter Sagan,18,Stage 18,25,0,0,0,0,0,0,0,25
2023,20230907,Peter Sagan,19,Stage 19,0,0,0,0,0,0,0,0,0
2023,20230907,Peter Sagan,20,Stage 20,0,0,0,0,0,0,0,0,0
2023,20230907,Peter Sagan,21,Stage 21,50,0,0,0,0,0,0,0,50
2023,20230907,Peter Sagan,22,Final Classifications,0,0,0,0,0,0,0,0,0
2023,20230013,Clément Berthet,1,Stage 1,0,0,0,0,0,0,0,0,0
2023,20230013,Clément Berthet,2,Stage 2,0,0,0,0,0,0,0,0,0
2023,20230013,Clément Berthet,3,Stage 3,0,0,0,0,0,0,0,0,0
2023,20230013,Clément Berthet,4,Stage 4,0,0,0,0,0,0,0,0,0
2023,20230013,Clément Berthet,5,Stage 5,0,0,0,0,0,0,0,2,2
2023,20230013,Clément Berthet,6,Stage 6,0,0,0,0,0,0,0,0,0
2023,20230013,Clément Berthet,7,Stage 7,0,0,0,0,0,0,0,0,0
2023,20230013,Clément Berthet,8,Stage 8,0,0,0,0,0,0,0,0,0
2023,20230013,Clément Berthet,9,Stage 9,120,0,0,0,2,10,20,0,152
2023,20230013,Clément Berthet,10,Stage 10,12,0,0,0,0,0,0,2,14
2023,20230013,Clément Berthet,11,Stage 11,0,0,0,0,0,0,0,0,0
2023,20230013,Clément Berthet,12,Stage 12,35,0,0,0,0,0,0,0,35
2023,20230013,Clément Berthet,13,Stage 13,0,1,0,0,0,0,0,0,1
2023,20230013,Clément Berthet,14,Stage 14,0,1,0,0,0,0,0,0,1
2023,20230013,Clément Berthet,15,Stage 15,0,1,0,0,0,0,0,0,1
2023,20230013,Clément Berthet,16,Stage 16,0,0,0,0,0,0,0,0,0
2023,20230013,Clément Berthet,17,Stage 17,0,0,0,0,0,0,0,8,8
2023,20230013,Clément Berthet,18,Stage 18,0,0,0,0,0,0,0,0,0
2023,20230013,Clément Berthet,19,Stage 19,0,0,0,0,0,0,0,2,2
2023,20230013,Clément Berthet,20,Stage 20,0,0,0,0,0,0,0,4,4
2023,20230013,Clément Berthet,21,Stage 21,0,0,0,0,0,0,0,0,0
2023,20230013,Clément Berthet,22,Final Classifications,0,30,0,0,0,0,0,0,30
2023,20230128,Jack Haig,1,Stage 1,0,0,0,0,0,0,0,0,0
2023,20230128,Jack Haig,2,Stage 2,30,0,0,0,0,0,0,4,34
2023,20230128,Jack Haig,3,Stage 3,0,0,0,0,0,0,0,8,8
2023,20230128,Jack Haig,4,Stage 4,0,0,0,0,0,0,0,6,6
2023,20230128,Jack Haig,5,Stage 5,50,0,0,0,0,4,0,0,54
2023,20230128,Jack Haig,6,Stage 6,0,0,0,0,0,0,0,2,2
2023,20230128,Jack Haig,7,Stage 7,0,0,0,0,0,0,0,2,2
2023,20230128,Jack Haig,8,Stage 8,0,0,0,0,0,0,0,2,2
2023,20230128,Jack Haig,9,Stage 9,0,0,0,0,0,0,0,10,10
2023,20230128,Jack Haig,10,Stage 10,0,0,0,0,0,0,0,16,16
2023,20230128,Jack Haig,11,Stage 11,0,0,0,0,0,0,0,10,10
2023,20230128,Jack Haig,12,Stage 12,0,0,0,0,0,0,0,8,8
2023,20230128,Jack Haig,13,Stage 13,0,0,0,0,0,0,0,4,4
2023,20230128,Jack Haig,14,Stage 14,0,0,0,0,0,0,0,0,0
2023,20230128,Jack Haig,15,Stage 15,0,0,0,0,0,0,0,8,8
2023,20230128,Jack Haig,16,Stage 16,0,0,0,0,0,0,0,0,0
2023,20230128,Jack Haig,17,Stage 17,0,0,0,0,6,6,0,2,14
2023,20230128,Jack Haig,18,Stage 18,0,0,0,0,0,0,0,0,0
2023,20230128,Jack Haig,19,Stage 19,0,0,0,0,6,0,20,10,36
2023,20230128,Jack Haig,20,Stage 20,0,0,0,0,0,0,0,0,0
2023,20230128,Jack Haig,21,Stage 21,0,0,0,0,0,0,0,0,0
2023,20230128,Jack Haig,22,Final Classifications,0,15,0,0,0,0,0,20,35
2023,20230639,Alex Aranburu,1,Stage 1,20,5,0,0,0,0,0,0,25
2023,20230639,Alex Aranburu,2,Stage 2,0,0,0,0,0,0,0,0,0
2023,20230639,Alex Aranburu,3,Stage 3,0,0,0,0,0,0,0,0,0
2023,20230639,Alex Aranburu,4,Stage 4,0,0,0,0,0,0,0,0,0
2023,20230639,Alex Aranburu,5,Stage 5,0,0,0,0,0,0,0,0,0
2023,20230639,Alex Aranburu,6,Stage 6,0,0,0,0,0,0,0,0,0
2023,20230639,Alex Aranburu,7,Stage 7,0,0,0,0,0,0,0,0,0
2023,20230639,Alex Aranburu,8,Stage 8,40,0,0,0,0,0,0,0,40
2023,20230639,Alex Aranburu,9,Stage 9,0,0,0,0,0,0,0,0,0
2023,20230639,Alex Aranburu,10,Stage 10,35,0,0,0,0,0,0,0,35
2023,20230639,Alex Aranburu,11,Stage 11,0,0,0,0,0,0,0,0,0
2023,20230639,Alex Aranburu,12,Stage 12,0,0,0,0,0,0,0,2,2
2023,20230639,Alex Aranburu,13,Stage 13,0,0,0,0,0,0,0,0,0
2023,20230639,Alex Aranburu,14,Stage 14,0,0,0,0,16,0,20,0,36
2023,20230639,Alex Aranburu,15,Stage 15,40,0,0,0,0,0,0,0,40
2023,20230639,Alex Aranburu,16,Stage 16,0,0,0,0,0,0,0,0,0
2023,20230639,Alex Aranburu,17,Stage 17,0,0,0,0,0,0,0,0,0
2023,20230639,Alex Aranburu,18,Stage 18,30,0,0,0,0,0,0,0,30
2023,20230639,Alex Aranburu,19,Stage 19,0,0,0,0,0,0,0,0,0
2023,20230639,Alex Aranburu,20,Stage 20,0,0,0,0,0,0,0,0,0
2023,20230639,Alex Aranburu,21,Stage 21,16,0,0,0,0,0,0,0,16
2023,20230639,Alex Aranburu,22,Final Classifications,0,0,0,0,0,0,0,0,0
2023,20230499,Daniel Felipe Martínez,1,Stage 1,0,0,0,0,0,0,0,0,0
2023,20230499,Daniel Felipe Martínez,2,Stage 2,0,0,0,0,0,0,0,2,2
2023,20230499,Daniel Felipe Martínez,3,Stage 3,0,0,0,0,0,0,0,2,2
2023,20230499,Daniel Felipe Martínez,4,Stage 4,0,0,0,0,0,0,0,2,2
2023,20230499,Daniel Felipe Martínez,5,Stage 5,95,0,0,2,0,25,0,4,126
2023,20230499,Daniel Felipe Martínez,6,Stage 6,0,0,0,0,0,0,0,4,4
2023,20230499,Daniel Felipe Martínez,7,Stage 7,0,0,0,0,0,0,0,4,4
2023,20230499,Daniel Felipe Martínez,8,Stage 8,0,0,0,0,0,0,0,4,4
2023,20230499,Daniel Felipe Martínez,9,Stage 9,0,0,0,0,0,0,0,4,4
2023,20230499,Daniel Felipe Martínez,10,Stage 10,0,0,0,0,0,0,0,4,4
2023,20230499,Daniel Felipe Martínez,11,Stage 11,0,0,0,0,0,0,0,4,4
2023,20230499,Daniel Felipe Martínez,12,Stage 12,0,0,0,0,0,0,0,4,4
2023,20230499,Daniel Felipe Martínez,13,Stage 13,0,0,0,0,0,0,0,16,16
2023,20230499,Daniel Felipe Martínez,14,Stage 14,0,0,0,0,6,2,20,18,46
2023,20230499,Daniel Felipe Martínez,15,Stage 15,0,0,0,0,0,0,0,0,0
2023,20230499,Daniel Felipe Martínez,16,Stage 16,0,0,0,0,0,0,0,0,0
2023,20230499,Daniel Felipe Martínez,17,Stage 17,0,0,0,0,0,0,0,0,0
2023,20230499,Daniel Felipe Martínez,18,Stage 18,0,0,0,0,0,0,0,0,0
2023,20230499,Daniel Felipe Martínez,19,Stage 19,0,0,0,0,0,0,0,0,0
2023,20230499,Daniel Felipe Martínez,20,Stage 20,0,0,0,0,0,0,0,0,0
2023,20230499,Daniel Felipe Martínez,21,Stage 21,0,0,0,0,0,0,0,0,0
2023,20230499,Daniel Felipe Martínez,22,Final Classifications,0,0,0,0,0,0,0,0,0
2023,20230702,Julian Alaphilippe,1,Stage 1,0,0,0,0,0,0,0,0,0
2023,20230702,Julian Alaphilippe,2,Stage 2,0,0,0,0,0,0,0,0,0
2023,20230702,Julian Alaphilippe,3,Stage 3,0,0,0,0,0,0,0,0,0
2023,20230702,Julian Alaphilippe,4,Stage 4,16,0,0,0,0,0,0,0,16
2023,20230702,Julian Alaphilippe,5,Stage 5,0,0,0,0,0,0,0,0,0
2023,20230702,Julian Alaphilippe,6,Stage 6,0,0,0,0,0,2,20,0,22
2023,20230702,Julian Alaphilippe,7,Stage 7,0,0,0,0,0,0,0,0,0
2023,20230702,Julian Alaphilippe,8,Stage 8,0,0,0,0,0,0,0,0,0
2023,20230702,Julian Alaphilippe,9,Stage 9,0,0,0,0,0,0,0,0,0
2023,20230702,Julian Alaphilippe,10,Stage 10,60,0,0,0,2,0,0,0,62
2023,20230702,Julian Alaphilippe,11,Stage 11,0,0,0,0,0,0,0,0,0
2023,20230702,Julian Alaphilippe,12,Stage 12,0,0,0,0,0,0,0,0,0
2023,20230702,Julian Alaphilippe,13,Stage 13,0,0,0,0,0,0,0,0,0
2023,20230702,Julian Alaphilippe,14,Stage 14,0,0,0,0,0,6,0,0,6
2023,20230702,Julian Alaphilippe,15,Stage 15,0,0,0,0,20,10,20,0,50
2023,20230702,Julian Alaphilippe,16,Stage 16,0,0,0,0,0,0,0,0,0
2023,20230702,Julian Alaphilippe,17,Stage 17,0,0,0,0,20,0,0,0,20
2023,20230702,Julian Alaphilippe,18,Stage 18,0,0,0,0,0,0,0,8,8
2023,20230702,Julian Alaphilippe,19,Stage 19,0,0,0,0,8,0,20,4,32
2023,20230702,Julian Alaphilippe,20,Stage 20,0,0,0,0,6,0,0,0,6
2023,20230702,Julian Alaphilippe,21,Stage 21,0,0,0,0,0,0,0,0,0
2023,20230702,Julian Alaphilippe,22,Final Classifications,0,0,0,0,0,0,0,0,0
2023,20230969,Mikkel Bjerg,1,Stage 1,0,0,0,0,0,0,0,24,24
2023,20230969,Mikkel Bjerg,2,Stage 2,0,0,0,0,0,0,0,14,14
2023,20230969,Mikkel Bjerg,3,Stage 3,0,0,0,0,0,0,0,12,12
2023,20230969,Mikkel Bjerg,4,Stage 4,0,0,0,0,0,0,0,12,12
2023,20230969,Mikkel Bjerg,5,Stage 5,0,0,0,0,0,0,0,0,0
2023,20230969,Mikkel Bjerg,6,Stage 6,0,0,0,0,0,0,0,12,12
2023,20230969,Mikkel Bjerg,7,Stage 7,0,0,0,0,1,0,0,4,5
2023,20230969,Mikkel Bjerg,8,Stage 8,0,0,0,0,0,0,0,4,4
2023,20230969,Mikkel Bjerg,9,Stage 9,0,0,0,0,0,0,0,4,4
2023,20230969,Mikkel Bjerg,10,Stage 10,0,0,0,0,0,0,0,4,4
2023,20230969,Mikkel Bjerg,11,Stage 11,0,0,0,0,0,0,0,4,4
2023,20230969,Mikkel Bjerg,12,Stage 12,0,0,0,0,0,0,0,4,4
2023,20230969,Mikkel Bjerg,13,Stage 13,0,0,0,0,0,0,0,6,6
2023,20230969,Mikkel Bjerg,14,Stage 14,0,0,0,0,0,0,0,10,10
2023,20230969,Mikkel Bjerg,15,Stage 15,0,0,0,0,0,0,0,6,6
2023,20230969,Mikkel Bjerg,16,Stage 16,0,0,0,0,0,0,0,0,0
2023,20230969,Mikkel Bjerg,17,Stage 17,0,0,0,0,0,0,0,10,10
2023,20230969,Mikkel Bjerg,18,Stage 18,0,0,0,0,0,0,0,10,10
2023,20230969,Mikkel Bjerg,19,Stage 19,0,0,0,0,0,0,0,10,10
2023,20230969,Mikkel Bjerg,20,Stage 20,0,0,0,0,0,0,0,18,18
2023,20230969,Mikkel Bjerg,21,Stage 21,0,0,0,0,0,0,0,10,10
2023,20230969,Mikkel Bjerg,22,Final Classifications,0,0,0,0,0,0,0,40,40
2023,20230095,Alexey Lutsenko,1,Stage 1,0,0,0,0,0,0,0,0,0
2023,20230095,Alexey Lutsenko,2,Stage 2,0,0,0,0,0,0,0,0,0
2023,20230095,Alexey Lutsenko,3,Stage 3,0,0,0,0,0,0,0,0,0
2023,20230095,Alexey Lutsenko,4,Stage 4,0,0,0,0,0,0,0,0,0
2023,20230095,Alexey Lutsenko,5,Stage 5,0,0,0,0,0,0,0,0,0
2023,20230095,Alexey Lutsenko,6,Stage 6,0,0,0,0,0,0,0,0,0
2023,20230095,Alexey Lutsenko,7,Stage 7,0,0,0,0,0,0,0,4,4
2023,20230095,Alexey Lutsenko,8,Stage 8,0,0,0,0,0,0,0,0,0
2023,20230095,Alexey Lutsenko,9,Stage 9,95,0,0,0,3,4,20,0,122
2023,20230095,Alexey Lutsenko,10,Stage 10,0,0,0,0,0,0,0,0,0
2023,20230095,Alexey Lutsenko,11,Stage 11,0,0,0,0,0,0,0,0,0
2023,20230095,Alexey Lutsenko,12,Stage 12,0,0,0,0,0,0,0,0,0
2023,20230095,Alexey Lutsenko,13,Stage 13,0,0,0,0,0,0,0,0,0
2023,20230095,Alexey Lutsenko,14,Stage 14,0,0,0,0,1,0,20,0,21
2023,20230095,Alexey Lutsenko,15,Stage 15,0,0,0,0,16,15,20,0,51
2023,20230095,Alexey Lutsenko,16,Stage 16,20,0,0,0,0,0,0,0,20
2023,20230095,Alexey Lutsenko,17,Stage 17,0,0,0,0,0,0,0,0,0
2023,20230095,Alexey Lutsenko,18,Stage 18,0,0,0,0,0,0,0,0,0
2023,20230095,Alexey Lutsenko,19,Stage 19,0,0,0,0,0,0,0,0,0
2023,20230095,Alexey Lutsenko,20,Stage 20,0,0,0,0,0,0,0,0,0
2023,20230095,Alexey Lutsenko,21,Stage 21,0,0,0,0,0,0,0,0,0
2023,20230095,Alexey Lutsenko,22,Final Classifications,0,0,0,0,0,0,0,0,0
2023,20230987,Marc Soler,1,Stage 1,0,0,0,0,0,0,0,24,24
2023,20230987,Marc Soler,2,Stage 2,0,0,0,0,0,0,0,14,14
2023,20230987,Marc Soler,3,Stage 3,0,0,0,0,0,0,0,12,12
2023,20230987,Marc Soler,4,Stage 4,0,0,0,0,0,0,0,12,12
2023,20230987,Marc Soler,5,Stage 5,0,0,0,0,0,0,0,0,0
2023,20230987,Marc Soler,6,Stage 6,0,0,0,0,0,0,0,12,12
2023,20230987,Marc Soler,7,Stage 7,0,0,0,0,0,0,0,4,4
2023,20230987,Marc Soler,8,Stage 8,0,0,0,0,0,0,0,4,4
2023,20230987,Marc Soler,9,Stage 9,0,0,0,0,0,0,0,4,4
2023,20230987,Marc Soler,10,Stage 10,0,0,0,0,0,0,0,4,4
2023,20230987,Marc Soler,11,Stage 11,0,0,0,0,0,0,0,4,4
2023,20230987,Marc Soler,12,Stage 12,0,0,0,0,0,0,0,4,4
2023,20230987,Marc Soler,13,Stage 13,0,0,0,0,0,0,0,6,6
2023,20230987,Marc Soler,14,Stage 14,0,0,0,0,0,0,0,10,10
2023,20230987,Marc Soler,15,Stage 15,0,0,0,0,0,0,0,6,6
2023,20230987,Marc Soler,16,Stage 16,0,0,0,0,0,0,0,0,0
2023,20230987,Marc Soler,17,Stage 17,0,0,0,0,0,0,0,10,10
2023,20230987,Marc Soler,18,Stage 18,0,0,0,0,0,0,0,10,10
2023,20230987,Marc Soler,19,Stage 19,0,0,0,0,0,0,0,10,10
2023,20230987,Marc Soler,20,Stage 20,0,0,0,0,0,0,0,18,18
2023,20230987,Marc Soler,21,Stage 21,0,0,0,0,0,0,0,10,10
2023,20230987,Marc Soler,22,Final Classifications,0,0,0,0,0,0,0,40,40
2023,20230978,Vegard Stake Laengen,1,Stage 1,0,0,0,0,0,0,0,24,24
2023,20230978,Vegard Stake Laengen,2,Stage 2,0,0,0,0,0,0,0,14,14
2023,20230978,Vegard Stake Laengen,3,Stage 3,0,0,0,0,0,0,0,12,12
2023,20230978,Vegard Stake Laengen,4,Stage 4,0,0,0,0,0,0,0,12,12
2023,20230978,Vegard Stake Laengen,5,Stage 5,0,0,0,0,0,0,0,0,0
2023,20230978,Vegard Stake Laengen,6,Stage 6,0,0,0,0,0,0,0,12,12
2023,20230978,Vegard Stake Laengen,7,Stage 7,0,0,0,0,0,0,0,4,4
2023,20230978,Vegard Stake Laengen,8,Stage 8,0,0,0,0,0,0,0,4,4
2023,20230978,Vegard Stake Laengen,9,Stage 9,0,0,0,0,0,0,0,4,4
2023,20230978,Vegard Stake Laengen,10,Stage 10,0,0,0,0,0,0,0,4,4
2023,20230978,Vegard Stake Laengen,11,Stage 11,0,0,0,0,0,0,0,4,4
2023,20230978,Vegard Stake Laengen,12,Stage 12,0,0,0,0,0,0,0,4,4
2023,20230978,Vegard Stake Laengen,13,Stage 13,0,0,0,0,0,0,0,6,6
2023,20230978,Vegard Stake Laengen,14,Stage 14,0,0,0,0,0,0,0,10,10
2023,20230978,Vegard Stake Laengen,15,Stage 15,0,0,0,0,0,0,0,6,6
2023,20230978,Vegard Stake Laengen,16,Stage 16,0,0,0,0,0,0,0,0,0
2023,20230978,Vegard Stake Laengen,17,Stage 17,0,0,0,0,0,0,0,10,10
2023,20230978,Vegard Stake Laengen,18,Stage 18,0,0,0,0,0,0,0,10,10
2023,20230978,Vegard Stake Laengen,19,Stage 19,0,0,0,0,0,0,0,10,10
2023,20230978,Vegard Stake Laengen,20,Stage 20,0,0,0,0,0,0,0,18,18
2023,20230978,Vegard Stake Laengen,21,Stage 21,0,0,0,0,0,0,0,10,10
2023,20230978,Vegard Stake Laengen,22,Final Classifications,0,0,0,0,0,0,0,40,40
2023,20230146,Fred Wright,1,Stage 1,0,0,0,0,0,0,0,0,0
2023,20230146,Fred Wright,2,Stage 2,0,0,0,0,0,0,0,4,4
2023,20230146,Fred Wright,3,Stage 3,0,0,0,0,0,0,0,8,8
2023,20230146,Fred Wright,4,Stage 4,0,0,0,0,0,0,0,6,6
2023,20230146,Fred Wright,5,Stage 5,0,0,0,0,0,0,0,0,0
2023,20230146,Fred Wright,6,Stage 6,0,0,0,0,0,0,0,2,2
2023,20230146,Fred Wright,7,Stage 7,0,0,0,0,0,0,0,2,2
2023,20230146,Fred Wright,8,Stage 8,35,0,0,0,0,0,0,2,37
2023,20230146,Fred Wright,9,Stage 9,0,0,0,0,0,0,0,10,10
2023,20230146,Fred Wright,10,Stage 10,0,0,0,0,0,0,0,16,16
2023,20230146,Fred Wright,11,Stage 11,0,0,0,0,0,0,0,10,10
2023,20230146,Fred Wright,12,Stage 12,0,0,0,0,0,0,0,8,8
2023,20230146,Fred Wright,13,Stage 13,0,0,0,0,2,0,20,4,26
2023,20230146,Fred Wright,14,Stage 14,0,0,0,0,0,0,0,0,0
2023,20230146,Fred Wright,15,Stage 15,0,0,0,0,0,0,0,8,8
2023,20230146,Fred Wright,16,Stage 16,8,0,0,0,0,0,0,0,8
2023,20230146,Fred Wright,17,Stage 17,0,0,0,0,0,0,0,2,2
2023,20230146,Fred Wright,18,Stage 18,0,0,0,0,0,0,0,0,0
2023,20230146,Fred Wright,19,Stage 19,25,0,0,0,0,0,0,10,35
2023,20230146,Fred Wright,20,Stage 20,0,0,0,0,0,0,0,0,0
2023,20230146,Fred Wright,21,Stage 21,4,0,0,0,0,0,0,0,4
2023,20230146,Fred Wright,22,Final Classifications,0,0,0,0,0,0,0,20,20
2023,20230859,Luka Mezgec,1,Stage 1,0,0,0,0,0,0,0,8,8
2023,20230859,Luka Mezgec,2,Stage 2,0,0,0,0,0,0,0,2,2
2023,20230859,Luka Mezgec,3,Stage 3,0,0,0,0,0,0,0,2,2
2023,20230859,Luka Mezgec,4,Stage 4,80,0,0,0,0,0,0,2,82
2023,20230859,Luka Mezgec,5,Stage 5,0,0,0,0,0,0,0,0,0
2023,20230859,Luka Mezgec,6,Stage 6,0,0,0,0,0,0,0,0,0
2023,20230859,Luka Mezgec,7,Stage 7,0,0,0,0,0,0,0,0,0
2023,20230859,Luka Mezgec,8,Stage 8,0,0,0,0,0,0,0,0,0
2023,20230859,Luka Mezgec,9,Stage 9,0,0,0,0,0,0,0,0,0
2023,20230859,Luka Mezgec,10,Stage 10,0,0,0,0,0,0,0,0,0
2023,20230859,Luka Mezgec,11,Stage 11,0,0,0,0,0,0,0,4,4
2023,20230859,Luka Mezgec,12,Stage 12,0,0,0,0,0,0,0,0,0
2023,20230859,Luka Mezgec,13,Stage 13,0,0,0,0,0,0,0,0,0
2023,20230859,Luka Mezgec,14,Stage 14,0,0,0,0,0,0,0,0,0
2023,20230859,Luka Mezgec,15,Stage 15,0,0,0,0,0,0,0,0,0
2023,20230859,Luka Mezgec,16,Stage 16,0,0,0,0,0,0,0,0,0
2023,20230859,Luka Mezgec,17,Stage 17,0,0,0,0,0,0,0,4,4
2023,20230859,Luka Mezgec,18,Stage 18,0,0,0,0,0,0,0,0,0
2023,20230859,Luka Mezgec,19,Stage 19,95,0,0,0,0,0,0,0,95
2023,20230859,Luka Mezgec,20,Stage 20,0,0,0,0,0,0,0,0,0
2023,20230859,Luka Mezgec,21,Stage 21,0,0,0,0,0,0,0,2,2
2023,20230859,Luka Mezgec,22,Final Classifications,0,0,0,0,0,0,0,0,0
2023,20230561,Krists Neilands,1,Stage 1,0,0,0,0,0,0,0,0,0
2023,20230561,Krists Neilands,2,Stage 2,0,0,0,0,0,0,0,0,0
2023,20230561,Krists Neilands,3,Stage 3,0,0,0,0,0,0,0,0,0
2023,20230561,Krists Neilands,4,Stage 4,0,0,0,0,0,0,0,0,0
2023,20230561,Krists Neilands,5,Stage 5,0,0,0,0,0,6,0,0,6
2023,20230561,Krists Neilands,6,Stage 6,0,0,0,0,0,0,20,0,20
2023,20230561,Krists Neilands,7,Stage 7,0,0,0,0,0,0,0,0,0
2023,20230561,Krists Neilands,8,Stage 8,0,0,0,0,0,0,0,0,0
2023,20230561,Krists Neilands,9,Stage 9,0,0,0,0,0,0,0,8,8
2023,20230561,Krists Neilands,10,Stage 10,140,0,0,0,0,0,0,0,140
2023,20230561,Krists Neilands,11,Stage 11,0,0,0,0,0,0,0,0,0
2023,20230561,Krists Neilands,12,Stage 12,0,0,0,0,0,0,0,0,0
2023,20230561,Krists Neilands,13,Stage 13,0,0,0,0,0,0,0,0,0
2023,20230561,Krists Neilands,14,Stage 14,0,0,0,0,0,0,0,0,0
2023,20230561,Krists Neilands,15,Stage 15,0,0,0,0,0,0,0,0,0
2023,20230561,Krists Neilands,16,Stage 16,0,0,0,0,0,0,0,0,0
2023,20230561,Krists Neilands,17,Stage 17,0,0,0,0,16,0,0,0,16
2023,20230561,Krists Neilands,18,Stage 18,0,0,0,0,0,0,0,0,0
2023,20230561,Krists Neilands,19,Stage 19,4,0,0,0,0,0,0,0,4
2023,20230561,Krists Neilands,20,Stage 20,0,0,0,0,3,0,0,0,3
2023,20230561,Krists Neilands,21,Stage 21,0,0,0,0,0,0,0,0,0
2023,20230561,Krists Neilands,22,Final Classifications,0,0,0,0,0,0,0,0,0
2023,20230713,Fabio Jakobsen,1,Stage 1,0,0,0,0,0,0,0,0,0
2023,20230713,Fabio Jakobsen,2,Stage 2,0,0,0,0,0,0,0,0,0
2023,20230713,Fabio Jakobsen,3,Stage 3,140,0,0,0,0,0,0,0,140
2023,20230713,Fabio Jakobsen,4,Stage 4,0,0,0,0,4,0,0,0,4
2023,20230713,Fabio Jakobsen,5,Stage 5,0,0,0,0,0,0,0,0,0
2023,20230713,Fabio Jakobsen,6,Stage 6,0,0,0,0,0,0,0,0,0
2023,20230713,Fabio Jakobsen,7,Stage 7,25,0,0,0,0,0,0,0,25
2023,20230713,Fabio Jakobsen,8,Stage 8,0,0,0,0,0,0,0,0,0
2023,20230713,Fabio Jakobsen,9,Stage 9,0,0,0,0,0,0,0,0,0
2023,20230713,Fabio Jakobsen,10,Stage 10,0,0,0,0,0,0,0,0,0
2023,20230713,Fabio Jakobsen,11,Stage 11,20,0,0,0,0,0,0,0,20
2023,20230713,Fabio Jakobsen,12,Stage 12,0,0,0,0,0,0,0,0,0
2023,20230713,Fabio Jakobsen,13,Stage 13,0,0,0,0,0,0,0,0,0
2023,20230713,Fabio Jakobsen,14,Stage 14,0,0,0,0,0,0,0,0,0
2023,20230713,Fabio Jakobsen,15,Stage 15,0,0,0,0,0,0,0,0,0
2023,20230713,Fabio Jakobsen,16,Stage 16,0,0,0,0,0,0,0,0,0
2023,20230713,Fabio Jakobsen,17,Stage 17,0,0,0,0,0,0,0,0,0
2023,20230713,Fabio Jakobsen,18,Stage 18,0,0,0,0,0,0,0,0,0
2023,20230713,Fabio Jakobsen,19,Stage 19,0,0,0,0,0,0,0,0,0
2023,20230713,Fabio Jakobsen,20,Stage 20,0,0,0,0,0,0,0,0,0
2023,20230713,Fabio Jakobsen,21,Stage 21,0,0,0,0,0,0,0,0,0
2023,20230713,Fabio Jakobsen,22,Final Classifications,0,0,0,0,0,0,0,0,0
2023,20230760,Matis Louvel,1,Stage 1,0,0,0,0,0,0,0,0,0
2023,20230760,Matis Louvel,2,Stage 2,0,0,0,0,0,0,0,0,0
2023,20230760,Matis Louvel,3,Stage 3,0,0,0,0,0,0,0,0,0
2023,20230760,Matis Louvel,4,Stage 4,0,0,0,0,0,0,0,0,0
2023,20230760,Matis Louvel,5,Stage 5,0,0,0,0,0,0,0,0,0
2023,20230760,Matis Louvel,6,Stage 6,0,0,0,0,0,0,20,0,20
2023,20230760,Matis Louvel,7,Stage 7,50,0,0,0,0,0,0,0,50
2023,20230760,Matis Louvel,8,Stage 8,50,0,0,0,0,0,0,0,50
2023,20230760,Matis Louvel,9,Stage 9,0,0,0,0,0,0,0,0,0
2023,20230760,Matis Louvel,10,Stage 10,0,0,0,0,0,0,0,0,0
2023,20230760,Matis Louvel,11,Stage 11,0,0,0,0,20,0,20,0,40
2023,20230760,Matis Louvel,12,Stage 12,0,0,0,0,0,0,0,0,0
2023,20230760,Matis Louvel,13,Stage 13,0,0,0,0,0,0,0,0,0
2023,20230760,Matis Louvel,14,Stage 14,0,0,0,0,0,0,0,0,0
2023,20230760,Matis Louvel,15,Stage 15,0,0,0,0,0,0,0,0,0
2023,20230760,Matis Louvel,16,Stage 16,0,0,0,0,0,0,0,0,0
2023,20230760,Matis Louvel,17,Stage 17,0,0,0,0,0,0,0,0,0
2023,20230760,Matis Louvel,18,Stage 18,0,0,0,0,0,0,0,0,0
2023,20230760,Matis Louvel,19,Stage 19,0,0,0,0,0,0,0,0,0
2023,20230760,Matis Louvel,20,Stage 20,0,0,0,0,0,0,0,0,0
2023,20230760,Matis Louvel,21,Stage 21,20,0,0,0,0,0,0,0,20
2023,20230760,Matis Louvel,22,Final Classifications,0,0,0,0,0,0,0,0,0
2023,20231002,Jonas Gregaard,1,Stage 1,0,0,0,2,6,0,20,0,28
2023,20231002,Jonas Gregaard,2,Stage 2,0,0,0,1,0,0,0,0,1
2023,20231002,Jonas Gregaard,3,Stage 3,0,0,0,0,0,0,0,0,0
2023,20231002,Jonas Gregaard,4,Stage 4,0,0,0,0,0,0,0,0,0
2023,20231002,Jonas Gregaard,5,Stage 5,0,0,0,0,0,0,0,0,0
2023,20231002,Jonas Gregaard,6,Stage 6,0,0,0,0,8,0,20,2,30
2023,20231002,Jonas Gregaard,7,Stage 7,0,0,0,0,0,0,0,0,0
2023,20231002,Jonas Gregaard,8,Stage 8,0,0,0,0,0,0,0,0,0
2023,20231002,Jonas Gregaard,9,Stage 9,80,0,0,0,12,2,20,0,114
2023,20231002,Jonas Gregaard,10,Stage 10,0,0,0,0,0,0,0,0,0
2023,20231002,Jonas Gregaard,11,Stage 11,0,0,0,0,0,0,0,0,0
2023,20231002,Jonas Gregaard,12,Stage 12,0,0,0,0,0,0,0,0,0
2023,20231002,Jonas Gregaard,13,Stage 13,0,0,0,0,0,0,0,0,0
2023,20231002,Jonas Gregaard,14,Stage 14,0,0,0,0,0,0,0,0,0
2023,20231002,Jonas Gregaard,15,Stage 15,0,0,0,0,0,0,0,0,0
2023,20231002,Jonas Gregaard,16,Stage 16,0,0,0,0,0,0,0,0,0
2023,20231002,Jonas Gregaard,17,Stage 17,0,0,0,0,0,0,0,0,0
2023,20231002,Jonas Gregaard,18,Stage 18,0,0,0,0,0,0,0,2,2
2023,20231002,Jonas Gregaard,19,Stage 19,0,0,0,0,0,0,0,0,0
2023,20231002,Jonas Gregaard,20,Stage 20,0,0,0,0,0,0,0,0,0
2023,20231002,Jonas Gregaard,21,Stage 21,0,0,0,0,0,0,0,0,0
2023,20231002,Jonas Gregaard,22,Final Classifications,0,0,0,0,0,0,0,0,0
2023,20230845,Lawson Craddock,1,Stage 1,0,0,0,0,0,0,0,8,8
2023,20230845,Lawson Craddock,2,Stage 2,0,0,0,0,0,0,0,2,2
2023,20230845,Lawson Craddock,3,Stage 3,0,0,0,0,0,0,0,2,2
2023,20230845,Lawson Craddock,4,Stage 4,0,0,0,0,0,0,0,2,2
2023,20230845,Lawson Craddock,5,Stage 5,0,0,0,0,0,0,0,0,0
2023,20230845,Lawson Craddock,6,Stage 6,0,0,0,0,0,0,0,0,0
2023,20230845,Lawson Craddock,7,Stage 7,0,0,0,0,0,0,0,0,0
2023,20230845,Lawson Craddock,8,Stage 8,0,0,0,0,0,0,0,0,0
2023,20230845,Lawson Craddock,9,Stage 9,0,0,0,0,0,0,0,0,0
2023,20230845,Lawson Craddock,10,Stage 10,0,0,0,0,0,0,0,0,0
2023,20230845,Lawson Craddock,11,Stage 11,0,0,0,0,0,0,0,4,4
2023,20230845,Lawson Craddock,12,Stage 12,0,0,0,0,0,0,0,0,0
2023,20230845,Lawson Craddock,13,Stage 13,0,0,0,0,0,0,0,0,0
2023,20230845,Lawson Craddock,14,Stage 14,0,0,0,0,0,0,0,0,0
2023,20230845,Lawson Craddock,15,Stage 15,140,0,0,0,0,8,0,0,148
2023,20230845,Lawson Craddock,16,Stage 16,0,0,0,0,0,0,0,0,0
2023,20230845,Lawson Craddock,17,Stage 17,0,0,0,0,0,2,0,4,6
2023,20230845,Lawson Craddock,18,Stage 18,0,0,0,0,0,0,0,0,0
2023,20230845,Lawson Craddock,19,Stage 19,0,0,0,0,0,0,0,0,0
2023,20230845,Lawson Craddock,20,Stage 20,0,0,0,0,0,0,0,0,0
2023,20230845,Lawson Craddock,21,Stage 21,0,0,0,0,1,0,0,2,3
2023,20230845,Lawson Craddock,22,Final Classifications,0,0,0,0,0,0,0,0,0
2023,20230821,Sam Welsford,1,Stage 1,0,0,0,0,0,0,0,0,0
2023,20230821,Sam Welsford,2,Stage 2,0,0,0,0,6,0,0,0,6
2023,20230821,Sam Welsford,3,Stage 3,35,0,0,0,0,0,0,0,35
2023,20230821,Sam Welsford,4,Stage 4,0,0,0,0,0,0,0,0,0
2023,20230821,Sam Welsford,5,Stage 5,0,0,0,0,0,0,0,0,0
2023,20230821,Sam Welsford,6,Stage 6,0,0,0,0,0,0,0,0,0
2023,20230821,Sam Welsford,7,Stage 7,35,0,0,0,0,0,0,0,35
2023,20230821,Sam Welsford,8,Stage 8,0,0,0,0,0,0,0,0,0
2023,20230821,Sam Welsford,9,Stage 9,0,0,0,0,0,0,0,0,0
2023,20230821,Sam Welsford,10,Stage 10,0,0,0,0,0,0,0,0,0
2023,20230821,Sam Welsford,11,Stage 11,60,0,0,0,0,0,0,0,60
2023,20230821,Sam Welsford,12,Stage 12,0,0,0,0,0,0,0,0,0
2023,20230821,Sam Welsford,13,Stage 13,0,0,0,0,0,0,0,0,0
2023,20230821,Sam Welsford,14,Stage 14,0,0,0,0,0,0,0,0,0
2023,20230821,Sam Welsford,15,Stage 15,0,0,0,0,0,0,0,0,0
2023,20230821,Sam Welsford,16,Stage 16,0,0,0,0,0,0,0,0,0
2023,20230821,Sam Welsford,17,Stage 17,0,0,0,0,0,0,0,0,0
2023,20230821,Sam Welsford,18,Stage 18,4,0,0,0,0,0,0,0,4
2023,20230821,Sam Welsford,19,Stage 19,0,0,0,0,0,0,0,0,0
2023,20230821,Sam Welsford,20,Stage 20,0,0,0,0,0,0,0,0,0
2023,20230821,Sam Welsford,21,Stage 21,30,0,0,0,0,0,0,0,30
2023,20230821,Sam Welsford,22,Final Classifications,0,0,0,0,0,0,0,0,0
2023,20230707,Rémi Cavagna,1,Stage 1,0,0,0,0,0,0,0,0,0
2023,20230707,Rémi Cavagna,2,Stage 2,0,0,0,0,16,0,20,0,36
2023,20230707,Rémi Cavagna,3,Stage 3,0,0,0,0,0,0,0,0,0
2023,20230707,Rémi Cavagna,4,Stage 4,0,0,0,0,0,0,0,0,0
2023,20230707,Rémi Cavagna,5,Stage 5,0,0,0,0,6,0,0,0,6
2023,20230707,Rémi Cavagna,6,Stage 6,0,0,0,0,0,0,0,0,0
2023,20230707,Rémi Cavagna,7,Stage 7,0,0,0,0,0,0,0,0,0
2023,20230707,Rémi Cavagna,8,Stage 8,0,0,0,0,0,0,0,0,0
2023,20230707,Rémi Cavagna,9,Stage 9,0,0,0,0,0,0,0,0,0
2023,20230707,Rémi Cavagna,10,Stage 10,0,0,0,0,0,0,0,0,0
2023,20230707,Rémi Cavagna,11,Stage 11,0,0,0,0,0,0,0,0,0
2023,20230707,Rémi Cavagna,12,Stage 12,0,0,0,0,0,0,0,0,0
2023,20230707,Rémi Cavagna,13,Stage 13,0,0,0,0,0,0,0,0,0
2023,20230707,Rémi Cavagna,14,Stage 14,0,0,0,0,0,0,0,0,0
2023,20230707,Rémi Cavagna,15,Stage 15,0,0,0,0,0,0,0,0,0
2023,20230707,Rémi Cavagna,16,Stage 16,110,0,0,0,0,0,0,0,110
2023,20230707,Rémi Cavagna,17,Stage 17,0,0,0,0,0,0,0,0,0
2023,20230707,Rémi Cavagna,18,Stage 18,0,0,0,0,0,0,0,8,8
2023,20230707,Rémi Cavagna,19,Stage 19,0,0,0,0,0,0,0,4,4
2023,20230707,Rémi Cavagna,20,Stage 20,0,0,0,0,0,0,0,0,0
2023,20230707,Rémi Cavagna,21,Stage 21,0,0,0,0,2,0,0,0,2
2023,20230707,Rémi Cavagna,22,Final Classifications,0,0,0,0,0,0,0,0,0
2023,20230069,Mathieu Van Der Poel,1,Stage 1,0,0,0,0,0,0,0,0,0
2023,20230069,Mathieu Van Der Poel,2,Stage 2,0,0,0,0,0,0,0,0,0
2023,20230069,Mathieu Van Der Poel,3,Stage 3,0,0,0,0,0,0,0,8,8
2023,20230069,Mathieu Van Der Poel,4,Stage 4,0,0,0,0,0,0,0,8,8
2023,20230069,Mathieu Van Der Poel,5,Stage 5,0,0,0,0,0,0,0,0,0
2023,20230069,Mathieu Van Der Poel,6,Stage 6,0,0,0,0,12,4,20,0,36
2023,20230069,Mathieu Van Der Poel,7,Stage 7,0,0,0,0,0,0,0,8,8
2023,20230069,Mathieu Van Der Poel,8,Stage 8,0,0,0,0,0,0,0,4,4
2023,20230069,Mathieu Van Der Poel,9,Stage 9,0,0,0,0,0,0,0,0,0
2023,20230069,Mathieu Van Der Poel,10,Stage 10,0,0,0,0,0,0,0,0,0
2023,20230069,Mathieu Van Der Poel,11,Stage 11,0,0,0,0,0,0,0,8,8
2023,20230069,Mathieu Van Der Poel,12,Stage 12,0,0,0,0,16,0,20,0,36
2023,20230069,Mathieu Van Der Poel,13,Stage 13,0,0,0,0,0,0,0,0,0
2023,20230069,Mathieu Van Der Poel,14,Stage 14,0,0,0,0,0,0,0,0,0
2023,20230069,Mathieu Van Der Poel,15,Stage 15,0,0,0,0,6,0,0,0,6
2023,20230069,Mathieu Van Der Poel,16,Stage 16,0,0,0,0,0,0,0,0,0
2023,20230069,Mathieu Van Der Poel,17,Stage 17,0,0,0,0,0,0,0,0,0
2023,20230069,Mathieu Van Der Poel,18,Stage 18,0,0,0,0,3,0,0,0,3
2023,20230069,Mathieu Van Der Poel,19,Stage 19,40,0,0,0,0,0,0,0,40
2023,20230069,Mathieu Van Der Poel,20,Stage 20,0,0,0,0,4,0,0,0,4
2023,20230069,Mathieu Van Der Poel,21,Stage 21,0,0,0,0,0,0,0,4,4
2023,20230069,Mathieu Van Der Poel,22,Final Classifications,0,0,0,0,0,0,0,0,0
2023,20230213,Danny Van Poppel,1,Stage 1,0,0,0,0,0,0,0,0,0
2023,20230213,Danny Van Poppel,2,Stage 2,0,0,0,0,0,0,0,0,0
2023,20230213,Danny Van Poppel,3,Stage 3,0,0,0,0,0,0,0,0,0
2023,20230213,Danny Van Poppel,4,Stage 4,110,0,0,0,0,0,0,0,110
2023,20230213,Danny Van Poppel,5,Stage 5,0,0,0,0,0,0,0,16,16
2023,20230213,Danny Van Poppel,6,Stage 6,0,0,0,0,0,0,0,2,2
2023,20230213,Danny Van Poppel,7,Stage 7,0,0,0,0,0,0,0,2,2
2023,20230213,Danny Van Poppel,8,Stage 8,0,0,0,0,5,0,0,2,7
2023,20230213,Danny Van Poppel,9,Stage 9,0,0,0,0,0,0,0,2,2
2023,20230213,Danny Van Poppel,10,Stage 10,0,0,0,0,0,0,0,2,2
2023,20230213,Danny Van Poppel,11,Stage 11,0,0,0,0,3,0,0,2,5
2023,20230213,Danny Van Poppel,12,Stage 12,0,0,0,0,0,0,0,2,2
2023,20230213,Danny Van Poppel,13,Stage 13,0,0,0,0,0,0,0,2,2
2023,20230213,Danny Van Poppel,14,Stage 14,0,0,0,0,0,0,0,0,0
2023,20230213,Danny Van Poppel,15,Stage 15,0,0,0,0,0,0,0,0,0
2023,20230213,Danny Van Poppel,16,Stage 16,0,0,0,0,0,0,0,0,0
2023,20230213,Danny Van Poppel,17,Stage 17,0,0,0,0,0,0,0,0,0
2023,20230213,Danny Van Poppel,18,Stage 18,0,0,0,0,0,0,0,0,0
2023,20230213,Danny Van Poppel,19,Stage 19,0,0,0,0,0,0,0,0,0
2023,20230213,Danny Van Poppel,20,Stage 20,0,0,0,0,0,0,0,0,0
2023,20230213,Danny Van Poppel,21,Stage 21,0,0,0,0,0,0,0,8,8
2023,20230213,Danny Van Poppel,22,Final Classifications,0,0,0,0,0,0,0,0,0
2023,20230450,Valentin Madouas,1,Stage 1,4,1,0,0,0,0,0,2,7
2023,20230450,Valentin Madouas,2,Stage 2,0,0,0,0,0,0,0,0,0
2023,20230450,Valentin Madouas,3,Stage 3,0,0,0,0,0,0,0,0,0
2023,20230450,Valentin Madouas,4,Stage 4,0,0,0,0,0,0,0,0,0
2023,20230450,Valentin Madouas,5,Stage 5,30,0,0,0,0,0,0,0,30
2023,20230450,Valentin Madouas,6,Stage 6,0,0,0,0,0,0,0,0,0
2023,20230450,Valentin Madouas,7,Stage 7,0,0,0,0,0,0,0,0,0
2023,20230450,Valentin Madouas,8,Stage 8,0,0,0,0,0,0,0,0,0
2023,20230450,Valentin Madouas,9,Stage 9,0,1,0,0,0,0,0,0,1
2023,20230450,Valentin Madouas,10,Stage 10,0,1,0,0,0,0,0,0,1
2023,20230450,Valentin Madouas,11,Stage 11,0,1,0,0,0,0,0,0,1
2023,20230450,Valentin Madouas,12,Stage 12,0,1,0,0,0,0,0,0,1
2023,20230450,Valentin Madouas,13,Stage 13,0,2,0,0,0,0,0,0,2
2023,20230450,Valentin Madouas,14,Stage 14,0,4,0,0,0,0,0,0,4
2023,20230450,Valentin Madouas,15,Stage 15,0,0,0,0,0,0,0,0,0
2023,20230450,Valentin Madouas,16,Stage 16,0,1,0,0,0,0,0,0,1
2023,20230450,Valentin Madouas,17,Stage 17,35,1,0,0,0,0,0,0,36
2023,20230450,Valentin Madouas,18,Stage 18,0,1,0,0,0,0,0,0,1
2023,20230450,Valentin Madouas,19,Stage 19,0,0,0,0,0,0,0,0,0
2023,20230450,Valentin Madouas,20,Stage 20,0,1,0,0,0,2,0,0,3
2023,20230450,Valentin Madouas,21,Stage 21,0,1,0,0,0,0,0,0,1
2023,20230450,Valentin Madouas,22,Final Classifications,0,55,0,0,0,0,0,10,65
2023,20230756,Simon Guglielmi,1,Stage 1,0,0,0,0,16,0,20,0,36
2023,20230756,Simon Guglielmi,2,Stage 2,0,0,0,0,0,0,0,0,0
2023,20230756,Simon Guglielmi,3,Stage 3,0,0,0,0,0,0,0,0,0
2023,20230756,Simon Guglielmi,4,Stage 4,0,0,0,0,0,0,0,0,0
2023,20230756,Simon Guglielmi,5,Stage 5,0,0,0,0,0,0,0,0,0
2023,20230756,Simon Guglielmi,6,Stage 6,0,0,0,0,0,0,0,0,0
2023,20230756,Simon Guglielmi,7,Stage 7,0,0,0,0,20,0,20,0,40
2023,20230756,Simon Guglielmi,8,Stage 8,0,0,0,0,0,0,0,0,0
2023,20230756,Simon Guglielmi,9,Stage 9,0,0,0,0,0,0,0,0,0
2023,20230756,Simon Guglielmi,10,Stage 10,0,0,0,0,0,0,0,0,0
2023,20230756,Simon Guglielmi,11,Stage 11,0,0,0,0,0,0,0,0,0
2023,20230756,Simon Guglielmi,12,Stage 12,0,0,0,0,0,0,0,0,0
2023,20230756,Simon Guglielmi,13,Stage 13,0,0,0,0,0,0,0,0,0
2023,20230756,Simon Guglielmi,14,Stage 14,0,0,0,0,0,0,0,0,0
2023,20230756,Simon Guglielmi,15,Stage 15,70,0,0,0,0,0,0,0,70
2023,20230756,Simon Guglielmi,16,Stage 16,0,0,0,0,0,0,0,0,0
2023,20230756,Simon Guglielmi,17,Stage 17,0,0,0,0,0,0,0,0,0
2023,20230756,Simon Guglielmi,18,Stage 18,0,0,0,0,0,0,0,0,0
2023,20230756,Simon Guglielmi,19,Stage 19,0,0,0,0,0,0,0,0,0
2023,20230756,Simon Guglielmi,20,Stage 20,8,0,0,0,0,0,0,0,8
2023,20230756,Simon Guglielmi,21,Stage 21,0,0,0,0,0,0,0,0,0
2023,20230756,Simon Guglielmi,22,Final Classifications,0,0,0,0,0,0,0,0,0
2023,20230616,Jasper De Buyst,1,Stage 1,0,0,0,0,0,0,0,0,0
2023,20230616,Jasper De Buyst,2,Stage 2,0,0,0,0,0,0,0,0,0
2023,20230616,Jasper De Buyst,3,Stage 3,0,0,0,0,0,0,0,2,2
2023,20230616,Jasper De Buyst,4,Stage 4,0,0,0,0,0,0,0,4,4
2023,20230616,Jasper De Buyst,5,Stage 5,0,0,0,0,0,0,0,0,0
2023,20230616,Jasper De Buyst,6,Stage 6,0,0,0,0,0,0,0,0,0
2023,20230616,Jasper De Buyst,7,Stage 7,0,0,0,0,0,0,0,0,0
2023,20230616,Jasper De Buyst,8,Stage 8,95,0,0,0,0,0,0,0,95
2023,20230616,Jasper De Buyst,9,Stage 9,0,0,0,0,0,0,0,0,0
2023,20230616,Jasper De Buyst,10,Stage 10,0,0,0,0,0,0,0,0,0
2023,20230616,Jasper De Buyst,11,Stage 11,0,0,0,0,0,0,0,0,0
2023,20230616,Jasper De Buyst,12,Stage 12,0,0,0,0,0,0,0,0,0
2023,20230616,Jasper De Buyst,13,Stage 13,0,0,0,0,0,0,0,4,4
2023,20230616,Jasper De Buyst,14,Stage 14,0,0,0,0,0,0,0,0,0
2023,20230616,Jasper De Buyst,15,Stage 15,0,0,0,0,0,0,0,0,0
2023,20230616,Jasper De Buyst,16,Stage 16,0,0,0,0,0,0,0,0,0
2023,20230616,Jasper De Buyst,17,Stage 17,0,0,0,0,0,0,0,0,0
2023,20230616,Jasper De Buyst,18,Stage 18,40,0,0,0,0,0,0,4,44
2023,20230616,Jasper De Buyst,19,Stage 19,0,0,0,0,0,0,0,0,0
2023,20230616,Jasper De Buyst,20,Stage 20,0,0,0,0,0,0,0,0,0
2023,20230616,Jasper De Buyst,21,Stage 21,0,0,0,0,0,0,0,0,0
2023,20230616,Jasper De Buyst,22,Final Classifications,0,0,0,0,0,0,0,0,0
2023,20230309,Esteban Chaves,1,Stage 1,0,0,0,1,0,0,0,0,1
2023,20230309,Esteban Chaves,2,Stage 2,0,0,0,0,0,0,0,0,0
2023,20230309,Esteban Chaves,3,Stage 3,0,0,0,0,0,0,0,0,0
2023,20230309,Esteban Chaves,4,Stage 4,0,0,0,0,0,0,0,0,0
2023,20230309,Esteban Chaves,5,Stage 5,0,0,0,0,0,0,0,0,0
2023,20230309,Esteban Chaves,6,Stage 6,0,0,0,0,0,0,0,0,0
2023,20230309,Esteban Chaves,7,Stage 7,0,0,0,0,0,0,0,0,0
2023,20230309,Esteban Chaves,8,Stage 8,0,0,0,0,0,0,0,0,0
2023,20230309,Esteban Chaves,9,Stage 9,0,0,0,0,0,0,0,0,0
2023,20230309,Esteban Chaves,10,Stage 10,120,0,0,0,6,0,20,0,146
2023,20230309,Esteban Chaves,11,Stage 11,0,0,0,0,0,0,0,0,0
2023,20230309,Esteban Chaves,12,Stage 12,0,0,0,0,0,0,0,0,0
2023,20230309,Esteban Chaves,13,Stage 13,0,0,0,0,0,0,0,0,0
2023,20230309,Esteban Chaves,14,Stage 14,0,0,0,0,0,0,0,0,0
2023,20230309,Esteban Chaves,15,Stage 15,0,0,0,0,0,0,0,0,0
2023,20230309,Esteban Chaves,16,Stage 16,0,0,0,0,0,0,0,0,0
2023,20230309,Esteban Chaves,17,Stage 17,0,0,0,0,0,0,0,0,0
2023,20230309,Esteban Chaves,18,Stage 18,0,0,0,0,0,0,0,0,0
2023,20230309,Esteban Chaves,19,Stage 19,0,0,0,0,0,0,0,0,0
2023,20230309,Esteban Chaves,20,Stage 20,0,0,0,0,0,0,0,0,0
2023,20230309,Esteban Chaves,21,Stage 21,0,0,0,0,0,0,0,0,0
2023,20230309,Esteban Chaves,22,Final Classifications,0,0,0,0,0,0,0,0,0
2023,20231021,Søren Wærenskjold,1,Stage 1,0,0,0,0,0,0,0,0,0
2023,20231021,Søren Wærenskjold,2,Stage 2,0,0,0,0,0,0,0,0,0
2023,20231021,Søren Wærenskjold,3,Stage 3,25,0,0,0,0,0,0,0,25
2023,20231021,Søren Wærenskjold,4,Stage 4,0,0,0,0,0,0,0,0,0
2023,20231021,Søren Wærenskjold,5,Stage 5,0,0,0,0,0,0,0,0,0
2023,20231021,Søren Wærenskjold,6,Stage 6,0,0,0,0,0,0,0,2,2
2023,20231021,Søren Wærenskjold,7,Stage 7,12,0,0,0,0,0,0,0,12
2023,20231021,Søren Wærenskjold,8,Stage 8,0,0,0,0,0,0,0,0,0
2023,20231021,Søren Wærenskjold,9,Stage 9,0,0,0,0,0,0,0,0,0
2023,20231021,Søren Wærenskjold,10,Stage 10,0,0,0,0,0,0,0,0,0
2023,20231021,Søren Wærenskjold,11,Stage 11,16,0,0,0,0,0,0,0,16
2023,20231021,Søren Wærenskjold,12,Stage 12,0,0,0,0,0,0,0,0,0
2023,20231021,Søren Wærenskjold,13,Stage 13,0,0,0,0,0,0,0,0,0
2023,20231021,Søren Wærenskjold,14,Stage 14,0,0,0,0,0,0,0,0,0
2023,20231021,Søren Wærenskjold,15,Stage 15,0,0,0,0,0,0,0,0,0
2023,20231021,Søren Wærenskjold,16,Stage 16,0,0,0,0,0,0,0,0,0
2023,20231021,Søren Wærenskjold,17,Stage 17,0,0,0,0,0,0,0,0,0
2023,20231021,Søren Wærenskjold,18,Stage 18,0,0,0,0,0,0,0,2,2
2023,20231021,Søren Wærenskjold,19,Stage 19,0,0,0,0,0,0,0,0,0
2023,20231021,Søren Wærenskjold,20,Stage 20,0,0,0,0,0,0,0,0,0
2023,20231021,Søren Wærenskjold,21,Stage 21,80,0,0,0,0,0,0,0,80
2023,20231021,Søren Wærenskjold,22,Final Classifications,0,0,0,0,0,0,0,0,0
2023,20230121,Nikias Arndt,1,Stage 1,0,0,0,0,0,0,0,0,0
2023,20230121,Nikias Arndt,2,Stage 2,0,0,0,0,0,0,0,4,4
2023,20230121,Nikias Arndt,3,Stage 3,0,0,0,0,0,0,0,8,8
2023,20230121,Nikias Arndt,4,Stage 4,0,0,0,0,0,0,0,6,6
2023,20230121,Nikias Arndt,5,Stage 5,0,0,0,0,0,0,0,0,0
2023,20230121,Nikias Arndt,6,Stage 6,0,0,0,0,2,0,0,2,4
2023,20230121,Nikias Arndt,7,Stage 7,0,0,0,0,0,0,0,2,2
2023,20230121,Nikias Arndt,8,Stage 8,0,0,0,0,0,0,0,2,2
2023,20230121,Nikias Arndt,9,Stage 9,0,0,0,0,0,0,0,10,10
2023,20230121,Nikias Arndt,10,Stage 10,0,0,0,0,0,0,0,16,16
2023,20230121,Nikias Arndt,11,Stage 11,0,0,0,0,0,0,0,10,10
2023,20230121,Nikias Arndt,12,Stage 12,0,0,0,0,0,0,0,8,8
2023,20230121,Nikias Arndt,13,Stage 13,0,0,0,0,0,0,0,4,4
2023,20230121,Nikias Arndt,14,Stage 14,0,0,0,0,0,0,0,0,0
2023,20230121,Nikias Arndt,15,Stage 15,0,0,0,0,0,0,0,8,8
2023,20230121,Nikias Arndt,16,Stage 16,0,0,0,0,0,0,0,0,0
2023,20230121,Nikias Arndt,17,Stage 17,0,0,0,0,0,0,0,2,2
2023,20230121,Nikias Arndt,18,Stage 18,12,0,0,0,0,0,0,0,12
2023,20230121,Nikias Arndt,19,Stage 19,0,0,0,0,0,0,0,10,10
2023,20230121,Nikias Arndt,20,Stage 20,0,0,0,0,0,0,0,0,0
2023,20230121,Nikias Arndt,21,Stage 21,0,0,0,0,6,0,0,0,6
2023,20230121,Nikias Arndt,22,Final Classifications,0,0,0,0,0,0,0,20,20
2023,20230488,Egan Bernal,1,Stage 1,0,0,0,0,0,0,0,0,0
2023,20230488,Egan Bernal,2,Stage 2,4,2,0,0,0,0,0,2,8
2023,20230488,Egan Bernal,3,Stage 3,0,3,0,0,0,0,0,2,5
2023,20230488,Egan Bernal,4,Stage 4,0,0,0,0,0,0,0,2,2
2023,20230488,Egan Bernal,5,Stage 5,0,1,0,0,0,0,0,4,5
2023,20230488,Egan Bernal,6,Stage 6,0,0,0,0,0,0,0,4,4
2023,20230488,Egan Bernal,7,Stage 7,0,0,0,0,0,0,0,4,4
2023,20230488,Egan Bernal,8,Stage 8,0,0,0,0,0,0,0,4,4
2023,20230488,Egan Bernal,9,Stage 9,0,0,0,0,0,0,0,4,4
2023,20230488,Egan Bernal,10,Stage 10,0,0,0,0,0,0,0,4,4
2023,20230488,Egan Bernal,11,Stage 11,0,0,0,0,0,0,0,4,4
2023,20230488,Egan Bernal,12,Stage 12,0,0,0,0,0,0,0,4,4
2023,20230488,Egan Bernal,13,Stage 13,0,0,0,0,0,0,0,16,16
2023,20230488,Egan Bernal,14,Stage 14,0,0,0,0,0,0,0,18,18
2023,20230488,Egan Bernal,15,Stage 15,0,0,0,0,0,0,0,6,6
2023,20230488,Egan Bernal,16,Stage 16,0,0,0,0,0,0,0,0,0
2023,20230488,Egan Bernal,17,Stage 17,0,0,0,0,0,0,0,2,2
2023,20230488,Egan Bernal,18,Stage 18,0,0,0,0,0,0,0,2,2
2023,20230488,Egan Bernal,19,Stage 19,0,0,0,0,0,0,0,0,0
2023,20230488,Egan Bernal,20,Stage 20,0,0,0,0,0,0,0,2,2
2023,20230488,Egan Bernal,21,Stage 21,0,0,0,0,0,0,0,2,2
2023,20230488,Egan Bernal,22,Final Classifications,0,0,0,0,0,0,0,30,30
2023,20230802,Nils Eekhoff,1,Stage 1,0,0,0,0,0,0,0,0,0
2023,20230802,Nils Eekhoff,2,Stage 2,0,0,0,0,0,0,0,0,0
2023,20230802,Nils Eekhoff,3,Stage 3,0,0,0,0,0,0,0,0,0
2023,20230802,Nils Eekhoff,4,Stage 4,0,0,0,0,0,0,0,0,0
2023,20230802,Nils Eekhoff,5,Stage 5,0,0,0,0,0,0,0,0,0
2023,20230802,Nils Eekhoff,6,Stage 6,0,0,0,0,0,0,0,0,0
2023,20230802,Nils Eekhoff,7,Stage 7,0,0,0,0,0,0,0,0,0
2023,20230802,Nils Eekhoff,8,Stage 8,120,0,0,0,0,0,0,0,120
2023,20230802,Nils Eekhoff,9,Stage 9,0,0,0,0,0,0,0,0,0
2023,20230802,Nils Eekhoff,10,Stage 10,0,0,0,0,0,0,0,0,0
2023,20230802,Nils Eekhoff,11,Stage 11,0,0,0,0,0,0,0,0,0
2023,20230802,Nils Eekhoff,12,Stage 12,0,0,0,0,0,0,0,0,0
2023,20230802,Nils Eekhoff,13,Stage 13,0,0,0,0,0,0,0,0,0
2023,20230802,Nils Eekhoff,14,Stage 14,0,0,0,0,0,0,0,0,0
2023,20230802,Nils Eekhoff,15,Stage 15,0,0,0,0,0,0,0,0,0
2023,20230802,Nils Eekhoff,16,Stage 16,0,0,0,0,0,0,0,0,0
2023,20230802,Nils Eekhoff,17,Stage 17,0,0,0,0,0,0,0,0,0
2023,20230802,Nils Eekhoff,18,Stage 18,0,0,0,0,2,0,0,0,2
2023,20230802,Nils Eekhoff,19,Stage 19,0,0,0,0,0,0,0,0,0
2023,20230802,Nils Eekhoff,20,Stage 20,0,0,0,0,0,0,0,0,0
2023,20230802,Nils Eekhoff,21,Stage 21,0,0,0,0,0,0,0,0,0
2023,20230802,Nils Eekhoff,22,Final Classifications,0,0,0,0,0,0,0,0,0
2023,20230491,Omar Fraile,1,Stage 1,0,0,0,0,0,0,0,0,0
2023,20230491,Omar Fraile,2,Stage 2,0,0,0,0,0,0,0,2,2
2023,20230491,Omar Fraile,3,Stage 3,0,0,0,0,0,0,0,2,2
2023,20230491,Omar Fraile,4,Stage 4,0,0,0,0,0,0,0,2,2
2023,20230491,Omar Fraile,5,Stage 5,0,0,0,0,0,0,0,4,4
2023,20230491,Omar Fraile,6,Stage 6,0,0,0,0,0,0,0,4,4
2023,20230491,Omar Fraile,7,Stage 7,0,0,0,0,0,0,0,4,4
2023,20230491,Omar Fraile,8,Stage 8,0,0,0,0,0,0,0,4,4
2023,20230491,Omar Fraile,9,Stage 9,0,0,0,0,0,0,0,4,4
2023,20230491,Omar Fraile,10,Stage 10,0,0,0,0,0,0,0,4,4
2023,20230491,Omar Fraile,11,Stage 11,0,0,0,0,1,0,0,4,5
2023,20230491,Omar Fraile,12,Stage 12,0,0,0,0,0,0,0,4,4
2023,20230491,Omar Fraile,13,Stage 13,0,0,0,0,0,0,0,16,16
2023,20230491,Omar Fraile,14,Stage 14,0,0,0,0,0,0,0,18,18
2023,20230491,Omar Fraile,15,Stage 15,0,0,0,0,0,0,0,6,6
2023,20230491,Omar Fraile,16,Stage 16,0,0,0,0,0,0,0,0,0
2023,20230491,Omar Fraile,17,Stage 17,0,0,0,0,0,0,0,2,2
2023,20230491,Omar Fraile,18,Stage 18,0,0,0,0,0,0,0,2,2
2023,20230491,Omar Fraile,19,Stage 19,0,0,0,0,0,0,0,0,0
2023,20230491,Omar Fraile,20,Stage 20,0,0,0,0,0,0,0,2,2
2023,20230491,Omar Fraile,21,Stage 21,0,0,0,0,0,0,0,2,2
2023,20230491,Omar Fraile,22,Final Classifications,0,0,0,0,0,0,0,30,30
2023,20230107,Harold Tejada,1,Stage 1,0,0,0,0,0,0,0,0,0
2023,20230107,Harold Tejada,2,Stage 2,0,0,0,0,0,0,0,0,0
2023,20230107,Harold Tejada,3,Stage 3,0,0,0,0,0,0,0,0,0
2023,20230107,Harold Tejada,4,Stage 4,0,0,0,0,0,0,0,0,0
2023,20230107,Harold Tejada,5,Stage 5,0,0,0,0,0,0,0,0,0
2023,20230107,Harold Tejada,6,Stage 6,0,0,0,0,0,0,0,0,0
2023,20230107,Harold Tejada,7,Stage 7,0,0,0,0,0,0,0,4,4
2023,20230107,Harold Tejada,8,Stage 8,0,0,0,0,0,0,0,0,0
2023,20230107,Harold Tejada,9,Stage 9,0,0,0,0,0,0,0,0,0
2023,20230107,Harold Tejada,10,Stage 10,0,0,0,0,0,0,0,0,0
2023,20230107,Harold Tejada,11,Stage 11,0,0,0,0,0,0,0,0,0
2023,20230107,Harold Tejada,12,Stage 12,0,0,0,0,0,0,0,0,0
2023,20230107,Harold Tejada,13,Stage 13,80,0,0,0,8,2,20,0,110
2023,20230107,Harold Tejada,14,Stage 14,0,0,0,0,0,0,0,0,0
2023,20230107,Harold Tejada,15,Stage 15,0,0,0,0,0,0,0,0,0
2023,20230107,Harold Tejada,16,Stage 16,0,0,0,0,0,0,0,0,0
2023,20230107,Harold Tejada,17,Stage 17,0,0,0,0,0,0,0,0,0
2023,20230107,Harold Tejada,18,Stage 18,0,0,0,0,0,0,0,0,0
2023,20230107,Harold Tejada,19,Stage 19,0,0,0,0,0,0,0,0,0
2023,20230107,Harold Tejada,20,Stage 20,0,0,0,0,0,0,0,0,0
2023,20230107,Harold Tejada,21,Stage 21,0,0,0,0,0,0,0,0,0
2023,20230107,Harold Tejada,22,Final Classifications,0,0,0,0,0,0,0,0,0
2023,20230648,Gorka Izagirre,1,Stage 1,0,0,0,0,0,0,0,0,0
2023,20230648,Gorka Izagirre,2,Stage 2,0,0,0,0,0,0,0,0,0
2023,20230648,Gorka Izagirre,3,Stage 3,0,0,0,0,0,0,0,0,0
2023,20230648,Gorka Izagirre,4,Stage 4,0,0,0,0,0,0,0,0,0
2023,20230648,Gorka Izagirre,5,Stage 5,0,0,0,0,0,0,0,0,0
2023,20230648,Gorka Izagirre,6,Stage 6,0,0,0,0,0,0,20,0,20
2023,20230648,Gorka Izagirre,7,Stage 7,0,0,0,0,0,0,0,0,0
2023,20230648,Gorka Izagirre,8,Stage 8,0,0,0,0,0,0,0,0,0
2023,20230648,Gorka Izagirre,9,Stage 9,50,0,0,0,0,0,20,0,70
2023,20230648,Gorka Izagirre,10,Stage 10,0,0,0,0,0,0,0,0,0
2023,20230648,Gorka Izagirre,11,Stage 11,0,0,0,0,0,0,0,0,0
2023,20230648,Gorka Izagirre,12,Stage 12,0,0,0,0,0,0,0,2,2
2023,20230648,Gorka Izagirre,13,Stage 13,0,0,0,0,0,0,0,0,0
2023,20230648,Gorka Izagirre,14,Stage 14,0,0,0,0,2,0,20,0,22
2023,20230648,Gorka Izagirre,15,Stage 15,0,0,0,0,0,0,0,0,0
2023,20230648,Gorka Izagirre,16,Stage 16,0,0,0,0,0,0,0,0,0
2023,20230648,Gorka Izagirre,17,Stage 17,0,0,0,0,0,0,0,0,0
2023,20230648,Gorka Izagirre,18,Stage 18,0,0,0,0,0,0,0,0,0
2023,20230648,Gorka Izagirre,19,Stage 19,0,0,0,0,0,0,0,0,0
2023,20230648,Gorka Izagirre,20,Stage 20,0,0,0,0,0,0,0,0,0
2023,20230648,Gorka Izagirre,21,Stage 21,0,0,0,0,0,0,0,0,0
2023,20230648,Gorka Izagirre,22,Final Classifications,0,0,0,0,0,0,0,0,0
2023,20230658,Antonio Pedrero,1,Stage 1,0,0,0,0,0,0,0,0,0
2023,20230658,Antonio Pedrero,2,Stage 2,0,0,0,0,0,0,0,0,0
2023,20230658,Antonio Pedrero,3,Stage 3,0,0,0,0,0,0,0,0,0
2023,20230658,Antonio Pedrero,4,Stage 4,0,0,0,0,0,0,0,0,0
2023,20230658,Antonio Pedrero,5,Stage 5,0,0,0,0,0,0,0,0,0
2023,20230658,Antonio Pedrero,6,Stage 6,0,0,0,0,0,0,0,0,0
2023,20230658,Antonio Pedrero,7,Stage 7,0,0,0,0,0,0,0,0,0
2023,20230658,Antonio Pedrero,8,Stage 8,0,0,0,0,0,0,0,0,0
2023,20230658,Antonio Pedrero,9,Stage 9,0,0,0,0,0,0,0,0,0
2023,20230658,Antonio Pedrero,10,Stage 10,110,0,0,0,0,0,0,0,110
2023,20230658,Antonio Pedrero,11,Stage 11,0,0,0,0,0,0,0,0,0
2023,20230658,Antonio Pedrero,12,Stage 12,0,0,0,0,0,0,0,2,2
2023,20230658,Antonio Pedrero,13,Stage 13,0,0,0,0,0,0,0,0,0
2023,20230658,Antonio Pedrero,14,Stage 14,0,0,0,0,0,0,0,0,0
2023,20230658,Antonio Pedrero,15,Stage 15,0,0,0,0,0,0,0,0,0
2023,20230658,Antonio Pedrero,16,Stage 16,0,0,0,0,0,0,0,0,0
2023,20230658,Antonio Pedrero,17,Stage 17,0,0,0,0,0,0,0,0,0
2023,20230658,Antonio Pedrero,18,Stage 18,0,0,0,0,0,0,0,0,0
2023,20230658,Antonio Pedrero,19,Stage 19,0,0,0,0,0,0,0,0,0
2023,20230658,Antonio Pedrero,20,Stage 20,0,0,0,0,0,0,0,0,0
2023,20230658,Antonio Pedrero,21,Stage 21,0,0,0,0,0,0,0,0,0
2023,20230658,Antonio Pedrero,22,Final Classifications,0,0,0,0,0,0,0,0,0
2023,20230301,Alberto Bettiol,1,Stage 1,0,0,0,0,0,0,0,0,0
2023,20230301,Alberto Bettiol,2,Stage 2,0,0,0,0,0,0,0,0,0
2023,20230301,Alberto Bettiol,3,Stage 3,0,0,0,0,0,0,0,0,0
2023,20230301,Alberto Bettiol,4,Stage 4,0,0,0,0,0,0,0,0,0
2023,20230301,Alberto Bettiol,5,Stage 5,0,0,0,0,0,0,0,0,0
2023,20230301,Alberto Bettiol,6,Stage 6,0,0,0,0,0,0,0,0,0
2023,20230301,Alberto Bettiol,7,Stage 7,0,0,0,0,0,0,0,0,0
2023,20230301,Alberto Bettiol,8,Stage 8,0,0,0,0,0,0,0,0,0
2023,20230301,Alberto Bettiol,9,Stage 9,0,0,0,0,0,0,0,0,0
2023,20230301,Alberto Bettiol,10,Stage 10,0,0,0,0,0,0,0,0,0
2023,20230301,Alberto Bettiol,11,Stage 11,0,0,0,0,0,0,0,0,0
2023,20230301,Alberto Bettiol,12,Stage 12,0,0,0,0,0,0,0,0,0
2023,20230301,Alberto Bettiol,13,Stage 13,0,0,0,0,3,0,20,0,23
2023,20230301,Alberto Bettiol,14,Stage 14,0,0,0,0,0,0,0,0,0
2023,20230301,Alberto Bettiol,15,Stage 15,0,0,0,0,0,0,0,0,0
2023,20230301,Alberto Bettiol,16,Stage 16,0,0,0,0,0,0,0,0,0
2023,20230301,Alberto Bettiol,17,Stage 17,0,0,0,0,0,0,0,0,0
2023,20230301,Alberto Bettiol,18,Stage 18,0,0,0,0,0,0,0,0,0
2023,20230301,Alberto Bettiol,19,Stage 19,80,0,0,0,0,0,0,0,80
2023,20230301,Alberto Bettiol,20,Stage 20,0,0,0,0,0,0,0,0,0
2023,20230301,Alberto Bettiol,21,Stage 21,0,0,0,0,8,0,0,0,8
2023,20230301,Alberto Bettiol,22,Final Classifications,0,0,0,0,0,0,0,0,0
2023,20230558,Hugo Houle,1,Stage 1,0,0,0,0,0,0,0,0,0
2023,20230558,Hugo Houle,2,Stage 2,0,0,0,0,0,0,0,0,0
2023,20230558,Hugo Houle,3,Stage 3,4,0,0,0,0,0,0,0,4
2023,20230558,Hugo Houle,4,Stage 4,0,0,0,0,0,0,0,0,0
2023,20230558,Hugo Houle,5,Stage 5,0,0,0,0,0,0,0,0,0
2023,20230558,Hugo Houle,6,Stage 6,0,0,0,0,0,0,0,0,0
2023,20230558,Hugo Houle,7,Stage 7,0,0,0,0,0,0,0,0,0
2023,20230558,Hugo Houle,8,Stage 8,0,0,0,0,0,0,0,0,0
2023,20230558,Hugo Houle,9,Stage 9,0,0,0,0,0,0,0,8,8
2023,20230558,Hugo Houle,10,Stage 10,0,0,0,0,0,0,0,0,0
2023,20230558,Hugo Houle,11,Stage 11,0,0,0,0,0,0,0,0,0
2023,20230558,Hugo Houle,12,Stage 12,0,0,0,0,0,0,0,0,0
2023,20230558,Hugo Houle,13,Stage 13,0,0,0,0,0,0,20,0,20
2023,20230558,Hugo Houle,14,Stage 14,0,0,0,0,4,0,20,0,24
2023,20230558,Hugo Houle,15,Stage 15,35,0,0,0,0,0,0,0,35
2023,20230558,Hugo Houle,16,Stage 16,0,0,0,0,0,0,0,0,0
2023,20230558,Hugo Houle,17,Stage 17,0,0,0,0,0,0,0,0,0
2023,20230558,Hugo Houle,18,Stage 18,0,0,0,0,0,0,0,0,0
2023,20230558,Hugo Houle,19,Stage 19,20,0,0,0,0,0,0,0,20
2023,20230558,Hugo Houle,20,Stage 20,0,0,0,0,0,0,0,0,0
2023,20230558,Hugo Houle,21,Stage 21,0,0,0,0,0,0,0,0,0
2023,20230558,Hugo Houle,22,Final Classifications,0,0,0,0,0,0,0,0,0
2023,20230937,Jasper Stuyven,1,Stage 1,0,0,0,0,0,0,0,0,0
2023,20230937,Jasper Stuyven,2,Stage 2,0,0,0,0,0,0,0,0,0
2023,20230937,Jasper Stuyven,3,Stage 3,0,0,0,0,0,0,0,0,0
2023,20230937,Jasper Stuyven,4,Stage 4,0,0,0,0,0,0,0,0,0
2023,20230937,Jasper Stuyven,5,Stage 5,0,0,0,0,0,0,0,8,8
2023,20230937,Jasper Stuyven,6,Stage 6,0,0,0,0,0,0,0,0,0
2023,20230937,Jasper Stuyven,7,Stage 7,0,0,0,0,0,0,0,0,0
2023,20230937,Jasper Stuyven,8,Stage 8,0,0,0,0,0,0,0,8,8
2023,20230937,Jasper Stuyven,9,Stage 9,0,0,0,0,0,0,0,0,0
2023,20230937,Jasper Stuyven,10,Stage 10,50,0,0,0,0,0,0,0,50
2023,20230937,Jasper Stuyven,11,Stage 11,0,0,0,0,0,0,0,0,0
2023,20230937,Jasper Stuyven,12,Stage 12,25,0,0,0,0,0,0,0,25
2023,20230937,Jasper Stuyven,13,Stage 13,0,0,0,0,0,0,20,0,20
2023,20230937,Jasper Stuyven,14,Stage 14,0,0,0,0,0,0,0,0,0
2023,20230937,Jasper Stuyven,15,Stage 15,0,0,0,0,0,0,0,0,0
2023,20230937,Jasper Stuyven,16,Stage 16,0,0,0,0,0,0,0,0,0
2023,20230937,Jasper Stuyven,17,Stage 17,0,0,0,0,0,0,0,0,0
2023,20230937,Jasper Stuyven,18,Stage 18,0,0,0,0,0,0,0,0,0
2023,20230937,Jasper Stuyven,19,Stage 19,0,0,0,0,0,0,0,0,0
2023,20230937,Jasper Stuyven,20,Stage 20,0,0,0,0,0,0,0,0,0
2023,20230937,Jasper Stuyven,21,Stage 21,0,0,0,0,0,0,0,0,0
2023,20230937,Jasper Stuyven,22,Final Classifications,0,0,0,0,0,0,0,0,0
2023,20230529,Louis Meintjes,1,Stage 1,0,0,0,0,0,0,0,0,0
2023,20230529,Louis Meintjes,2,Stage 2,0,0,0,0,0,0,0,0,0
2023,20230529,Louis Meintjes,3,Stage 3,0,0,0,0,0,0,0,0,0
2023,20230529,Louis Meintjes,4,Stage 4,0,0,0,0,0,0,0,0,0
2023,20230529,Louis Meintjes,5,Stage 5,0,0,0,0,0,0,0,0,0
2023,20230529,Louis Meintjes,6,Stage 6,20,5,0,0,0,0,0,0,25
2023,20230529,Louis Meintjes,7,Stage 7,0,5,0,0,0,0,0,2,7
2023,20230529,Louis Meintjes,8,Stage 8,0,6,0,0,0,0,0,0,6
2023,20230529,Louis Meintjes,9,Stage 9,0,9,0,0,0,0,0,0,9
2023,20230529,Louis Meintjes,10,Stage 10,0,9,0,0,0,0,0,4,13
2023,20230529,Louis Meintjes,11,Stage 11,0,9,0,0,0,0,0,0,9
2023,20230529,Louis Meintjes,12,Stage 12,0,7,0,0,0,0,0,0,7
2023,20230529,Louis Meintjes,13,Stage 13,25,8,0,0,0,0,0,0,33
2023,20230529,Louis Meintjes,14,Stage 14,0,0,0,0,0,0,0,0,0
2023,20230529,Louis Meintjes,15,Stage 15,0,0,0,0,0,0,0,0,0
2023,20230529,Louis Meintjes,16,Stage 16,0,0,0,0,0,0,0,0,0
2023,20230529,Louis Meintjes,17,Stage 17,0,0,0,0,0,0,0,0,0
2023,20230529,Louis Meintjes,18,Stage 18,0,0,0,0,0,0,0,0,0
2023,20230529,Louis Meintjes,19,Stage 19,0,0,0,0,0,0,0,0,0
2023,20230529,Louis Meintjes,20,Stage 20,0,0,0,0,0,0,0,0,0
2023,20230529,Louis Meintjes,21,Stage 21,0,0,0,0,0,0,0,0,0
2023,20230529,Louis Meintjes,22,Final Classifications,0,0,0,0,0,0,0,0,0
2023,20230540,Mike Teunissen,1,Stage 1,0,0,0,0,0,0,0,0,0
2023,20230540,Mike Teunissen,2,Stage 2,0,0,0,0,0,0,0,0,0
2023,20230540,Mike Teunissen,3,Stage 3,16,0,0,0,0,0,0,0,16
2023,20230540,Mike Teunissen,4,Stage 4,4,0,0,0,0,0,0,0,4
2023,20230540,Mike Teunissen,5,Stage 5,0,0,0,0,0,0,0,0,0
2023,20230540,Mike Teunissen,6,Stage 6,0,0,0,0,0,0,0,0,0
2023,20230540,Mike Teunissen,7,Stage 7,40,0,0,0,0,0,0,2,42
2023,20230540,Mike Teunissen,8,Stage 8,0,0,0,0,0,0,0,0,0
2023,20230540,Mike Teunissen,9,Stage 9,0,0,0,0,0,0,0,0,0
2023,20230540,Mike Teunissen,10,Stage 10,0,0,0,0,0,0,0,4,4
2023,20230540,Mike Teunissen,11,Stage 11,0,0,0,0,2,0,0,0,2
2023,20230540,Mike Teunissen,12,Stage 12,0,0,0,0,0,0,0,0,0
2023,20230540,Mike Teunissen,13,Stage 13,0,0,0,0,20,0,20,0,40
2023,20230540,Mike Teunissen,14,Stage 14,0,0,0,0,0,0,0,0,0
2023,20230540,Mike Teunissen,15,Stage 15,0,0,0,0,0,0,0,0,0
2023,20230540,Mike Teunissen,16,Stage 16,0,0,0,0,0,0,0,0,0
2023,20230540,Mike Teunissen,17,Stage 17,0,0,0,0,0,0,0,0,0
2023,20230540,Mike Teunissen,18,Stage 18,0,0,0,0,0,0,0,0,0
2023,20230540,Mike Teunissen,19,Stage 19,0,0,0,0,0,0,0,0,0
2023,20230540,Mike Teunissen,20,Stage 20,0,0,0,0,0,0,0,0,0
2023,20230540,Mike Teunissen,21,Stage 21,0,0,0,0,0,0,0,0,0
2023,20230540,Mike Teunissen,22,Final Classifications,0,0,0,0,0,0,0,0,0
2023,20230895,Steff Cras,1,Stage 1,8,2,0,0,0,0,0,0,10
2023,20230895,Steff Cras,2,Stage 2,60,5,0,0,0,0,0,0,65
2023,20230895,Steff Cras,3,Stage 3,0,5,0,0,0,0,0,0,5
2023,20230895,Steff Cras,4,Stage 4,0,2,0,0,0,0,0,0,2
2023,20230895,Steff Cras,5,Stage 5,0,2,0,0,0,0,0,0,2
2023,20230895,Steff Cras,6,Stage 6,8,7,0,0,0,0,0,0,15
2023,20230895,Steff Cras,7,Stage 7,0,8,0,0,0,0,0,0,8
2023,20230895,Steff Cras,8,Stage 8,0,0,0,0,0,0,0,0,0
2023,20230895,Steff Cras,9,Stage 9,0,0,0,0,0,0,0,0,0
2023,20230895,Steff Cras,10,Stage 10,0,0,0,0,0,0,0,0,0
2023,20230895,Steff Cras,11,Stage 11,0,0,0,0,0,0,0,0,0
2023,20230895,Steff Cras,12,Stage 12,0,0,0,0,0,0,0,0,0
2023,20230895,Steff Cras,13,Stage 13,0,0,0,0,0,0,0,0,0
2023,20230895,Steff Cras,14,Stage 14,0,0,0,0,0,0,0,0,0
2023,20230895,Steff Cras,15,Stage 15,0,0,0,0,0,0,0,0,0
2023,20230895,Steff Cras,16,Stage 16,0,0,0,0,0,0,0,0,0
2023,20230895,Steff Cras,17,Stage 17,0,0,0,0,0,0,0,0,0
2023,20230895,Steff Cras,18,Stage 18,0,0,0,0,0,0,0,0,0
2023,20230895,Steff Cras,19,Stage 19,0,0,0,0,0,0,0,0,0
2023,20230895,Steff Cras,20,Stage 20,0,0,0,0,0,0,0,0,0
2023,20230895,Steff Cras,21,Stage 21,0,0,0,0,0,0,0,0,0
2023,20230895,Steff Cras,22,Final Classifications,0,0,0,0,0,0,0,0,0
2023,20230087,David De La Cruz,1,Stage 1,0,0,0,0,0,0,0,0,0
2023,20230087,David De La Cruz,2,Stage 2,0,0,0,0,0,0,0,0,0
2023,20230087,David De La Cruz,3,Stage 3,0,0,0,0,0,0,0,0,0
2023,20230087,David De La Cruz,4,Stage 4,0,0,0,0,0,0,0,0,0
2023,20230087,David De La Cruz,5,Stage 5,0,0,0,0,0,0,0,0,0
2023,20230087,David De La Cruz,6,Stage 6,0,0,0,0,0,0,0,0,0
2023,20230087,David De La Cruz,7,Stage 7,0,0,0,0,0,0,0,4,4
2023,20230087,David De La Cruz,8,Stage 8,0,0,0,0,0,0,0,0,0
2023,20230087,David De La Cruz,9,Stage 9,60,0,0,0,6,0,20,0,86
2023,20230087,David De La Cruz,10,Stage 10,0,0,0,0,0,0,0,0,0
2023,20230087,David De La Cruz,11,Stage 11,0,0,0,0,0,0,0,0,0
2023,20230087,David De La Cruz,12,Stage 12,0,0,0,0,0,0,0,0,0
2023,20230087,David De La Cruz,13,Stage 13,0,0,0,0,0,0,0,0,0
2023,20230087,David De La Cruz,14,Stage 14,0,0,0,0,0,0,0,0,0
2023,20230087,David De La Cruz,15,Stage 15,0,0,0,0,0,0,0,0,0
2023,20230087,David De La Cruz,16,Stage 16,0,0,0,0,0,0,0,0,0
2023,20230087,David De La Cruz,17,Stage 17,0,0,0,0,0,0,0,0,0
2023,20230087,David De La Cruz,18,Stage 18,0,0,0,0,0,0,0,0,0
2023,20230087,David De La Cruz,19,Stage 19,0,0,0,0,0,0,0,0,0
2023,20230087,David De La Cruz,20,Stage 20,0,0,0,0,0,0,0,0,0
2023,20230087,David De La Cruz,21,Stage 21,0,0,0,0,0,0,0,0,0
2023,20230087,David De La Cruz,22,Final Classifications,0,0,0,0,0,0,0,0,0
2023,20231018,Rasmus Tiller,1,Stage 1,0,0,0,0,0,0,0,0,0
2023,20231018,Rasmus Tiller,2,Stage 2,0,0,0,0,0,0,0,0,0
2023,20231018,Rasmus Tiller,3,Stage 3,0,0,0,0,0,0,0,0,0
2023,20231018,Rasmus Tiller,4,Stage 4,0,0,0,0,0,0,0,0,0
2023,20231018,Rasmus Tiller,5,Stage 5,0,0,0,0,0,0,0,0,0
2023,20231018,Rasmus Tiller,6,Stage 6,0,0,0,0,0,0,0,2,2
2023,20231018,Rasmus Tiller,7,Stage 7,0,0,0,0,0,0,0,0,0
2023,20231018,Rasmus Tiller,8,Stage 8,80,0,0,0,0,0,0,0,80
2023,20231018,Rasmus Tiller,9,Stage 9,0,0,0,0,0,0,0,0,0
2023,20231018,Rasmus Tiller,10,Stage 10,0,0,0,0,0,0,0,0,0
2023,20231018,Rasmus Tiller,11,Stage 11,0,0,0,0,0,0,0,0,0
2023,20231018,Rasmus Tiller,12,Stage 12,0,0,0,0,0,0,0,0,0
2023,20231018,Rasmus Tiller,13,Stage 13,0,0,0,0,0,0,0,0,0
2023,20231018,Rasmus Tiller,14,Stage 14,0,0,0,0,0,0,0,0,0
2023,20231018,Rasmus Tiller,15,Stage 15,0,0,0,0,0,0,0,0,0
2023,20231018,Rasmus Tiller,16,Stage 16,0,0,0,0,0,0,0,0,0
2023,20231018,Rasmus Tiller,17,Stage 17,0,0,0,0,0,0,0,0,0
2023,20231018,Rasmus Tiller,18,Stage 18,0,0,0,0,0,0,0,2,2
2023,20231018,Rasmus Tiller,19,Stage 19,0,0,0,0,0,0,0,0,0
2023,20231018,Rasmus Tiller,20,Stage 20,0,0,0,0,0,0,0,0,0
2023,20231018,Rasmus Tiller,21,Stage 21,0,0,0,0,0,0,0,0,0
2023,20231018,Rasmus Tiller,22,Final Classifications,0,0,0,0,0,0,0,0,0
2023,20230209,Nils Politt,1,Stage 1,0,0,0,0,0,0,0,0,0
2023,20230209,Nils Politt,2,Stage 2,0,0,0,0,0,0,0,0,0
2023,20230209,Nils Politt,3,Stage 3,0,0,0,0,0,0,0,0,0
2023,20230209,Nils Politt,4,Stage 4,0,0,0,0,0,0,0,0,0
2023,20230209,Nils Politt,5,Stage 5,0,0,0,0,0,0,0,16,16
2023,20230209,Nils Politt,6,Stage 6,0,0,0,0,0,0,0,2,2
2023,20230209,Nils Politt,7,Stage 7,0,0,0,0,0,0,0,2,2
2023,20230209,Nils Politt,8,Stage 8,0,0,0,0,0,0,0,2,2
2023,20230209,Nils Politt,9,Stage 9,0,0,0,0,0,0,0,2,2
2023,20230209,Nils Politt,10,Stage 10,0,0,0,0,0,0,0,2,2
2023,20230209,Nils Politt,11,Stage 11,0,0,0,0,0,0,0,2,2
2023,20230209,Nils Politt,12,Stage 12,30,0,0,0,0,0,0,2,32
2023,20230209,Nils Politt,13,Stage 13,0,0,0,0,0,0,0,2,2
2023,20230209,Nils Politt,14,Stage 14,0,0,0,0,0,0,0,0,0
2023,20230209,Nils Politt,15,Stage 15,0,0,0,0,5,0,0,0,5
2023,20230209,Nils Politt,16,Stage 16,0,0,0,0,0,0,0,0,0
2023,20230209,Nils Politt,17,Stage 17,0,0,0,0,0,0,0,0,0
2023,20230209,Nils Politt,18,Stage 18,0,0,0,0,0,0,0,0,0
2023,20230209,Nils Politt,19,Stage 19,0,0,0,0,0,0,0,0,0
2023,20230209,Nils Politt,20,Stage 20,0,0,0,0,0,0,0,0,0
2023,20230209,Nils Politt,21,Stage 21,0,0,0,0,0,0,0,8,8
2023,20230209,Nils Politt,22,Final Classifications,0,0,0,0,0,0,0,0,0
2023,20230196,Marco Haller,1,Stage 1,0,0,0,0,0,0,0,0,0
2023,20230196,Marco Haller,2,Stage 2,0,0,0,0,0,0,0,0,0
2023,20230196,Marco Haller,3,Stage 3,0,0,0,0,0,0,0,0,0
2023,20230196,Marco Haller,4,Stage 4,0,0,0,0,0,0,0,0,0
2023,20230196,Marco Haller,5,Stage 5,0,0,0,0,0,0,0,16,16
2023,20230196,Marco Haller,6,Stage 6,0,0,0,0,0,0,0,2,2
2023,20230196,Marco Haller,7,Stage 7,0,0,0,0,0,0,0,2,2
2023,20230196,Marco Haller,8,Stage 8,0,0,0,0,0,0,0,2,2
2023,20230196,Marco Haller,9,Stage 9,0,0,0,0,0,0,0,2,2
2023,20230196,Marco Haller,10,Stage 10,0,0,0,0,0,0,0,2,2
2023,20230196,Marco Haller,11,Stage 11,0,0,0,0,0,0,0,2,2
2023,20230196,Marco Haller,12,Stage 12,0,0,0,0,0,0,0,2,2
2023,20230196,Marco Haller,13,Stage 13,0,0,0,0,0,0,0,2,2
2023,20230196,Marco Haller,14,Stage 14,0,0,0,0,0,0,0,0,0
2023,20230196,Marco Haller,15,Stage 15,0,0,0,0,0,0,0,0,0
2023,20230196,Marco Haller,16,Stage 16,0,0,0,0,0,0,0,0,0
2023,20230196,Marco Haller,17,Stage 17,0,0,0,0,0,0,0,0,0
2023,20230196,Marco Haller,18,Stage 18,0,0,0,0,0,0,0,0,0
2023,20230196,Marco Haller,19,Stage 19,35,0,0,0,0,0,0,0,35
2023,20230196,Marco Haller,20,Stage 20,0,0,0,0,0,0,0,0,0
2023,20230196,Marco Haller,21,Stage 21,0,0,0,0,0,0,0,8,8
2023,20230196,Marco Haller,22,Final Classifications,0,0,0,0,0,0,0,0,0
2023,20230300,Andrey Amador,1,Stage 1,0,0,0,0,0,0,0,0,0
2023,20230300,Andrey Amador,2,Stage 2,0,0,0,0,0,0,0,0,0
2023,20230300,Andrey Amador,3,Stage 3,0,0,0,0,0,0,0,0,0
2023,20230300,Andrey Amador,4,Stage 4,0,0,0,0,0,0,0,0,0
2023,20230300,Andrey Amador,5,Stage 5,0,0,0,0,0,0,0,0,0
2023,20230300,Andrey Amador,6,Stage 6,0,0,0,0,0,0,0,0,0
2023,20230300,Andrey Amador,7,Stage 7,0,0,0,0,0,0,0,0,0
2023,20230300,Andrey Amador,8,Stage 8,0,0,0,0,0,0,0,0,0
2023,20230300,Andrey Amador,9,Stage 9,0,0,0,0,0,0,0,0,0
2023,20230300,Andrey Amador,10,Stage 10,0,0,0,0,0,0,0,0,0
2023,20230300,Andrey Amador,11,Stage 11,0,0,0,0,16,0,20,0,36
2023,20230300,Andrey Amador,12,Stage 12,0,0,0,0,12,0,20,0,32
2023,20230300,Andrey Amador,13,Stage 13,0,0,0,0,0,0,0,0,0
2023,20230300,Andrey Amador,14,Stage 14,0,0,0,0,0,0,0,0,0
2023,20230300,Andrey Amador,15,Stage 15,0,0,0,0,0,0,0,0,0
2023,20230300,Andrey Amador,16,Stage 16,0,0,0,0,0,0,0,0,0
2023,20230300,Andrey Amador,17,Stage 17,0,0,0,0,0,0,0,0,0
2023,20230300,Andrey Amador,18,Stage 18,0,0,0,0,0,0,0,0,0
2023,20230300,Andrey Amador,19,Stage 19,0,0,0,0,0,0,0,0,0
2023,20230300,Andrey Amador,20,Stage 20,0,0,0,0,0,0,0,0,0
2023,20230300,Andrey Amador,21,Stage 21,0,0,0,0,0,0,0,0,0
2023,20230300,Andrey Amador,22,Final Classifications,0,0,0,0,0,0,0,0,0
2023,20230199,Bob Jungels,1,Stage 1,0,0,0,0,0,0,0,0,0
2023,20230199,Bob Jungels,2,Stage 2,0,0,0,0,0,0,0,0,0
2023,20230199,Bob Jungels,3,Stage 3,0,0,0,0,0,0,0,0,0
2023,20230199,Bob Jungels,4,Stage 4,0,0,0,0,0,0,0,0,0
2023,20230199,Bob Jungels,5,Stage 5,0,0,0,0,0,0,0,16,16
2023,20230199,Bob Jungels,6,Stage 6,0,0,0,0,0,0,0,2,2
2023,20230199,Bob Jungels,7,Stage 7,0,0,0,0,0,0,0,2,2
2023,20230199,Bob Jungels,8,Stage 8,0,0,0,0,0,0,0,2,2
2023,20230199,Bob Jungels,9,Stage 9,0,0,0,0,0,0,0,2,2
2023,20230199,Bob Jungels,10,Stage 10,0,0,0,0,0,0,0,2,2
2023,20230199,Bob Jungels,11,Stage 11,0,0,0,0,0,0,0,2,2
2023,20230199,Bob Jungels,12,Stage 12,0,0,0,0,0,0,0,2,2
2023,20230199,Bob Jungels,13,Stage 13,0,0,0,0,0,0,0,2,2
2023,20230199,Bob Jungels,14,Stage 14,0,0,0,0,0,0,0,0,0
2023,20230199,Bob Jungels,15,Stage 15,0,0,0,0,0,0,0,0,0
2023,20230199,Bob Jungels,16,Stage 16,0,0,0,0,0,0,0,0,0
2023,20230199,Bob Jungels,17,Stage 17,0,0,0,0,0,0,0,0,0
2023,20230199,Bob Jungels,18,Stage 18,0,0,0,0,0,0,0,0,0
2023,20230199,Bob Jungels,19,Stage 19,0,0,0,0,0,0,0,0,0
2023,20230199,Bob Jungels,20,Stage 20,0,0,0,0,0,0,0,0,0
2023,20230199,Bob Jungels,21,Stage 21,0,0,0,0,0,0,0,8,8
2023,20230199,Bob Jungels,22,Final Classifications,0,25,0,0,0,0,0,0,25
2023,20230052,Søren Kragh Andersen,1,Stage 1,0,0,0,0,0,0,0,0,0
2023,20230052,Søren Kragh Andersen,2,Stage 2,0,0,0,0,0,0,0,0,0
2023,20230052,Søren Kragh Andersen,3,Stage 3,0,0,0,0,0,0,0,8,8
2023,20230052,Søren Kragh Andersen,4,Stage 4,20,0,0,0,0,0,0,8,28
2023,20230052,Søren Kragh Andersen,5,Stage 5,0,0,0,0,0,0,0,0,0
2023,20230052,Søren Kragh Andersen,6,Stage 6,0,0,0,0,0,0,0,0,0
2023,20230052,Søren Kragh Andersen,7,Stage 7,0,0,0,0,0,0,0,8,8
2023,20230052,Søren Kragh Andersen,8,Stage 8,0,0,0,0,0,0,0,4,4
2023,20230052,Søren Kragh Andersen,9,Stage 9,0,0,0,0,0,0,0,0,0
2023,20230052,Søren Kragh Andersen,10,Stage 10,0,0,0,0,0,0,0,0,0
2023,20230052,Søren Kragh Andersen,11,Stage 11,0,0,0,0,0,0,0,8,8
2023,20230052,Søren Kragh Andersen,12,Stage 12,0,0,0,0,0,0,0,0,0
2023,20230052,Søren Kragh Andersen,13,Stage 13,0,0,0,0,0,0,0,0,0
2023,20230052,Søren Kragh Andersen,14,Stage 14,0,0,0,0,0,0,0,0,0
2023,20230052,Søren Kragh Andersen,15,Stage 15,0,0,0,0,0,0,0,0,0
2023,20230052,Søren Kragh Andersen,16,Stage 16,0,0,0,0,0,0,0,0,0
2023,20230052,Søren Kragh Andersen,17,Stage 17,0,0,0,0,0,0,0,0,0
2023,20230052,Søren Kragh Andersen,18,Stage 18,0,0,0,0,0,0,0,0,0
2023,20230052,Søren Kragh Andersen,19,Stage 19,0,0,0,0,0,0,0,0,0
2023,20230052,Søren Kragh Andersen,20,Stage 20,0,0,0,0,0,0,0,0,0
2023,20230052,Søren Kragh Andersen,21,Stage 21,0,0,0,0,0,0,0,4,4
2023,20230052,Søren Kragh Andersen,22,Final Classifications,0,0,0,0,0,0,0,0,0
2023,20230025,Oliver Naesen,1,Stage 1,0,0,0,0,0,0,0,0,0
2023,20230025,Oliver Naesen,2,Stage 2,0,0,0,0,0,0,0,0,0
2023,20230025,Oliver Naesen,3,Stage 3,0,0,0,0,0,0,0,0,0
2023,20230025,Oliver Naesen,4,Stage 4,0,0,0,0,0,0,0,0,0
2023,20230025,Oliver Naesen,5,Stage 5,0,0,0,0,0,0,0,2,2
2023,20230025,Oliver Naesen,6,Stage 6,0,0,0,0,5,0,20,0,25
2023,20230025,Oliver Naesen,7,Stage 7,0,0,0,0,0,0,0,0,0
2023,20230025,Oliver Naesen,8,Stage 8,0,0,0,0,0,0,0,0,0
2023,20230025,Oliver Naesen,9,Stage 9,0,0,0,0,0,0,0,0,0
2023,20230025,Oliver Naesen,10,Stage 10,0,0,0,0,0,0,0,2,2
2023,20230025,Oliver Naesen,11,Stage 11,0,0,0,0,0,0,0,0,0
2023,20230025,Oliver Naesen,12,Stage 12,0,0,0,0,0,0,0,0,0
2023,20230025,Oliver Naesen,13,Stage 13,0,0,0,0,0,0,0,0,0
2023,20230025,Oliver Naesen,14,Stage 14,0,0,0,0,0,0,0,0,0
2023,20230025,Oliver Naesen,15,Stage 15,0,0,0,0,0,0,0,0,0
2023,20230025,Oliver Naesen,16,Stage 16,0,0,0,0,0,0,0,0,0
2023,20230025,Oliver Naesen,17,Stage 17,0,0,0,0,0,0,0,8,8
2023,20230025,Oliver Naesen,18,Stage 18,0,0,0,0,0,0,0,0,0
2023,20230025,Oliver Naesen,19,Stage 19,16,0,0,0,0,0,0,2,18
2023,20230025,Oliver Naesen,20,Stage 20,0,0,0,0,0,0,0,4,4
2023,20230025,Oliver Naesen,21,Stage 21,0,0,0,0,0,0,0,0,0
2023,20230025,Oliver Naesen,22,Final Classifications,0,0,0,0,0,0,0,0,0
2023,20230514,Ben Turner,1,Stage 1,0,0,0,0,0,0,0,0,0
2023,20230514,Ben Turner,2,Stage 2,0,0,0,0,0,0,0,2,2
2023,20230514,Ben Turner,3,Stage 3,0,0,0,0,0,0,0,2,2
2023,20230514,Ben Turner,4,Stage 4,0,0,0,0,0,0,0,2,2
2023,20230514,Ben Turner,5,Stage 5,0,0,0,0,0,0,0,4,4
2023,20230514,Ben Turner,6,Stage 6,0,0,0,0,0,0,0,4,4
2023,20230514,Ben Turner,7,Stage 7,0,0,0,0,0,0,0,4,4
2023,20230514,Ben Turner,8,Stage 8,0,0,0,0,0,0,0,4,4
2023,20230514,Ben Turner,9,Stage 9,0,0,0,0,0,0,0,4,4
2023,20230514,Ben Turner,10,Stage 10,0,0,0,0,0,0,0,4,4
2023,20230514,Ben Turner,11,Stage 11,0,0,0,0,0,0,0,4,4
2023,20230514,Ben Turner,12,Stage 12,0,0,0,0,0,0,0,4,4
2023,20230514,Ben Turner,13,Stage 13,0,0,0,0,0,0,0,16,16
2023,20230514,Ben Turner,14,Stage 14,0,0,0,0,0,0,0,0,0
2023,20230514,Ben Turner,15,Stage 15,0,0,0,0,0,0,0,0,0
2023,20230514,Ben Turner,16,Stage 16,0,0,0,0,0,0,0,0,0
2023,20230514,Ben Turner,17,Stage 17,0,0,0,0,0,0,0,0,0
2023,20230514,Ben Turner,18,Stage 18,0,0,0,0,0,0,0,0,0
2023,20230514,Ben Turner,19,Stage 19,0,0,0,0,0,0,0,0,0
2023,20230514,Ben Turner,20,Stage 20,0,0,0,0,0,0,0,0,0
2023,20230514,Ben Turner,21,Stage 21,0,0,0,0,0,0,0,0,0
2023,20230514,Ben Turner,22,Final Classifications,0,0,0,0,0,0,0,0,0
2023,20230911,Anthony Turgis,1,Stage 1,0,0,0,0,0,0,0,0,0
2023,20230911,Anthony Turgis,2,Stage 2,0,0,0,0,0,0,0,0,0
2023,20230911,Anthony Turgis,3,Stage 3,0,0,0,0,0,0,0,0,0
2023,20230911,Anthony Turgis,4,Stage 4,0,0,0,0,0,0,0,0,0
2023,20230911,Anthony Turgis,5,Stage 5,0,0,0,0,0,0,0,0,0
2023,20230911,Anthony Turgis,6,Stage 6,0,0,0,0,0,0,0,0,0
2023,20230911,Anthony Turgis,7,Stage 7,0,0,0,0,0,0,0,0,0
2023,20230911,Anthony Turgis,8,Stage 8,0,0,0,0,16,0,20,0,36
2023,20230911,Anthony Turgis,9,Stage 9,0,0,0,0,0,0,0,4,4
2023,20230911,Anthony Turgis,10,Stage 10,0,0,0,0,0,0,0,0,0
2023,20230911,Anthony Turgis,11,Stage 11,0,0,0,0,0,0,0,0,0
2023,20230911,Anthony Turgis,12,Stage 12,0,0,0,0,0,0,0,4,4
2023,20230911,Anthony Turgis,13,Stage 13,0,0,0,0,0,0,0,0,0
2023,20230911,Anthony Turgis,14,Stage 14,0,0,0,0,0,0,0,0,0
2023,20230911,Anthony Turgis,15,Stage 15,0,0,0,0,0,0,0,2,2
2023,20230911,Anthony Turgis,16,Stage 16,0,0,0,0,0,0,0,0,0
2023,20230911,Anthony Turgis,17,Stage 17,0,0,0,0,0,0,0,0,0
2023,20230911,Anthony Turgis,18,Stage 18,0,0,0,0,0,0,0,0,0
2023,20230911,Anthony Turgis,19,Stage 19,8,0,0,0,0,0,0,0,8
2023,20230911,Anthony Turgis,20,Stage 20,0,0,0,0,0,0,0,0,0
2023,20230911,Anthony Turgis,21,Stage 21,0,0,0,0,0,0,0,0,0
2023,20230911,Anthony Turgis,22,Final Classifications,0,0,0,0,0,0,0,0,0
2023,20230202,Patrick Konrad,1,Stage 1,0,0,0,0,0,0,0,0,0
2023,20230202,Patrick Konrad,2,Stage 2,0,0,0,0,0,0,0,0,0
2023,20230202,Patrick Konrad,3,Stage 3,0,0,0,0,0,0,0,0,0
2023,20230202,Patrick Konrad,4,Stage 4,0,0,0,0,0,0,0,0,0
2023,20230202,Patrick Konrad,5,Stage 5,0,0,0,0,5,0,0,16,21
2023,20230202,Patrick Konrad,6,Stage 6,0,0,0,0,0,0,0,2,2
2023,20230202,Patrick Konrad,7,Stage 7,0,0,0,0,0,0,0,2,2
2023,20230202,Patrick Konrad,8,Stage 8,0,0,0,0,0,0,0,2,2
2023,20230202,Patrick Konrad,9,Stage 9,0,0,0,0,0,0,0,2,2
2023,20230202,Patrick Konrad,10,Stage 10,0,0,0,0,0,0,0,2,2
2023,20230202,Patrick Konrad,11,Stage 11,0,0,0,0,0,0,0,2,2
2023,20230202,Patrick Konrad,12,Stage 12,0,0,0,0,0,0,0,2,2
2023,20230202,Patrick Konrad,13,Stage 13,0,0,0,0,0,0,0,2,2
2023,20230202,Patrick Konrad,14,Stage 14,0,0,0,0,0,0,0,0,0
2023,20230202,Patrick Konrad,15,Stage 15,0,0,0,0,8,0,0,0,8
2023,20230202,Patrick Konrad,16,Stage 16,0,0,0,0,0,0,0,0,0
2023,20230202,Patrick Konrad,17,Stage 17,0,0,0,0,0,0,0,0,0
2023,20230202,Patrick Konrad,18,Stage 18,0,0,0,0,0,0,0,0,0
2023,20230202,Patrick Konrad,19,Stage 19,0,0,0,0,0,0,0,0,0
2023,20230202,Patrick Konrad,20,Stage 20,0,0,0,0,0,0,0,0,0
2023,20230202,Patrick Konrad,21,Stage 21,0,0,0,0,0,0,0,8,8
2023,20230202,Patrick Konrad,22,Final Classifications,0,0,0,0,0,0,0,0,0
2023,20230715,Yves Lampaert,1,Stage 1,0,0,0,0,0,0,0,0,0
2023,20230715,Yves Lampaert,2,Stage 2,0,0,0,0,0,0,0,0,0
2023,20230715,Yves Lampaert,3,Stage 3,0,0,0,0,0,0,0,0,0
2023,20230715,Yves Lampaert,4,Stage 4,0,0,0,0,0,0,0,0,0
2023,20230715,Yves Lampaert,5,Stage 5,0,0,0,0,0,0,0,0,0
2023,20230715,Yves Lampaert,6,Stage 6,0,0,0,0,0,0,0,0,0
2023,20230715,Yves Lampaert,7,Stage 7,0,0,0,0,0,0,0,0,0
2023,20230715,Yves Lampaert,8,Stage 8,0,0,0,0,0,0,0,0,0
2023,20230715,Yves Lampaert,9,Stage 9,0,0,0,0,0,0,0,0,0
2023,20230715,Yves Lampaert,10,Stage 10,0,0,0,0,0,0,0,0,0
2023,20230715,Yves Lampaert,11,Stage 11,0,0,0,0,0,0,0,0,0
2023,20230715,Yves Lampaert,12,Stage 12,0,0,0,0,0,0,0,0,0
2023,20230715,Yves Lampaert,13,Stage 13,0,0,0,0,0,0,0,0,0
2023,20230715,Yves Lampaert,14,Stage 14,0,0,0,0,0,0,0,0,0
2023,20230715,Yves Lampaert,15,Stage 15,0,0,0,0,0,0,0,0,0
2023,20230715,Yves Lampaert,16,Stage 16,0,0,0,0,0,0,0,0,0
2023,20230715,Yves Lampaert,17,Stage 17,0,0,0,0,0,0,0,0,0
2023,20230715,Yves Lampaert,18,Stage 18,0,0,0,0,0,0,0,8,8
2023,20230715,Yves Lampaert,19,Stage 19,0,0,0,0,0,0,0,4,4
2023,20230715,Yves Lampaert,20,Stage 20,0,0,0,0,0,0,0,0,0
2023,20230715,Yves Lampaert,21,Stage 21,40,0,0,0,0,0,0,0,40
2023,20230715,Yves Lampaert,22,Final Classifications,0,0,0,0,0,0,0,0,0
2023,20230890,Edvald Boasson Hagen,1,Stage 1,0,0,0,0,0,0,0,0,0
2023,20230890,Edvald Boasson Hagen,2,Stage 2,0,0,0,0,20,0,20,0,40
2023,20230890,Edvald Boasson Hagen,3,Stage 3,0,0,0,0,0,0,0,0,0
2023,20230890,Edvald Boasson Hagen,4,Stage 4,0,0,0,0,0,0,0,0,0
2023,20230890,Edvald Boasson Hagen,5,Stage 5,0,0,0,0,0,0,0,0,0
2023,20230890,Edvald Boasson Hagen,6,Stage 6,0,0,0,0,0,0,0,0,0
2023,20230890,Edvald Boasson Hagen,7,Stage 7,0,0,0,0,0,0,0,0,0
2023,20230890,Edvald Boasson Hagen,8,Stage 8,0,0,0,0,0,0,0,0,0
2023,20230890,Edvald Boasson Hagen,9,Stage 9,0,0,0,0,0,0,0,4,4
2023,20230890,Edvald Boasson Hagen,10,Stage 10,0,0,0,0,0,0,0,0,0
2023,20230890,Edvald Boasson Hagen,11,Stage 11,0,0,0,0,0,0,0,0,0
2023,20230890,Edvald Boasson Hagen,12,Stage 12,0,0,0,0,0,0,0,4,4
2023,20230890,Edvald Boasson Hagen,13,Stage 13,0,0,0,0,0,0,0,0,0
2023,20230890,Edvald Boasson Hagen,14,Stage 14,0,0,0,0,0,0,0,0,0
2023,20230890,Edvald Boasson Hagen,15,Stage 15,0,0,0,0,0,0,0,2,2
2023,20230890,Edvald Boasson Hagen,16,Stage 16,0,0,0,0,0,0,0,0,0
2023,20230890,Edvald Boasson Hagen,17,Stage 17,0,0,0,0,0,0,0,0,0
2023,20230890,Edvald Boasson Hagen,18,Stage 18,0,0,0,0,0,0,0,0,0
2023,20230890,Edvald Boasson Hagen,19,Stage 19,0,0,0,0,0,0,0,0,0
2023,20230890,Edvald Boasson Hagen,20,Stage 20,0,0,0,0,0,0,0,0,0
2023,20230890,Edvald Boasson Hagen,21,Stage 21,0,0,0,0,0,0,0,0,0
2023,20230890,Edvald Boasson Hagen,22,Final Classifications,0,0,0,0,0,0,0,0,0
2023,20230453,Quentin Pacher,1,Stage 1,0,0,0,0,0,0,0,2,2
2023,20230453,Quentin Pacher,2,Stage 2,0,0,0,0,0,0,0,0,0
2023,20230453,Quentin Pacher,3,Stage 3,0,0,0,0,0,0,0,0,0
2023,20230453,Quentin Pacher,4,Stage 4,0,0,0,0,0,0,0,0,0
2023,20230453,Quentin Pacher,5,Stage 5,0,0,0,0,0,0,0,0,0
2023,20230453,Quentin Pacher,6,Stage 6,0,0,0,0,0,0,0,0,0
2023,20230453,Quentin Pacher,7,Stage 7,0,0,0,0,0,0,0,0,0
2023,20230453,Quentin Pacher,8,Stage 8,16,0,0,0,0,0,0,0,16
2023,20230453,Quentin Pacher,9,Stage 9,0,0,0,0,0,0,0,0,0
2023,20230453,Quentin Pacher,10,Stage 10,0,0,0,0,0,0,0,0,0
2023,20230453,Quentin Pacher,11,Stage 11,0,0,0,0,0,0,0,0,0
2023,20230453,Quentin Pacher,12,Stage 12,0,0,0,0,0,0,0,0,0
2023,20230453,Quentin Pacher,13,Stage 13,0,0,0,0,1,0,20,0,21
2023,20230453,Quentin Pacher,14,Stage 14,0,0,0,0,0,0,0,0,0
2023,20230453,Quentin Pacher,15,Stage 15,0,0,0,0,0,0,0,0,0
2023,20230453,Quentin Pacher,16,Stage 16,0,0,0,0,0,0,0,0,0
2023,20230453,Quentin Pacher,17,Stage 17,0,0,0,0,0,0,0,0,0
2023,20230453,Quentin Pacher,18,Stage 18,0,0,0,0,0,0,0,0,0
2023,20230453,Quentin Pacher,19,Stage 19,0,0,0,0,0,0,0,0,0
2023,20230453,Quentin Pacher,20,Stage 20,0,0,0,0,0,0,0,0,0
2023,20230453,Quentin Pacher,21,Stage 21,0,0,0,0,0,0,0,0,0
2023,20230453,Quentin Pacher,22,Final Classifications,0,0,0,0,0,0,0,10,10
2023,20230045,Silvan Dillier,1,Stage 1,0,0,0,0,0,0,0,0,0
2023,20230045,Silvan Dillier,2,Stage 2,0,0,0,0,0,0,0,0,0
2023,20230045,Silvan Dillier,3,Stage 3,0,0,0,0,0,0,0,8,8
2023,20230045,Silvan Dillier,4,Stage 4,0,0,0,0,0,0,0,8,8
2023,20230045,Silvan Dillier,5,Stage 5,0,0,0,0,0,0,0,0,0
2023,20230045,Silvan Dillier,6,Stage 6,0,0,0,0,0,0,0,0,0
2023,20230045,Silvan Dillier,7,Stage 7,8,0,0,0,0,0,0,8,16
2023,20230045,Silvan Dillier,8,Stage 8,0,0,0,0,0,0,0,4,4
2023,20230045,Silvan Dillier,9,Stage 9,0,0,0,0,0,0,0,0,0
2023,20230045,Silvan Dillier,10,Stage 10,0,0,0,0,0,0,0,0,0
2023,20230045,Silvan Dillier,11,Stage 11,0,0,0,0,0,0,0,8,8
2023,20230045,Silvan Dillier,12,Stage 12,0,0,0,0,0,0,0,0,0
2023,20230045,Silvan Dillier,13,Stage 13,0,0,0,0,0,0,0,0,0
2023,20230045,Silvan Dillier,14,Stage 14,0,0,0,0,0,0,0,0,0
2023,20230045,Silvan Dillier,15,Stage 15,0,0,0,0,0,0,0,0,0
2023,20230045,Silvan Dillier,16,Stage 16,0,0,0,0,0,0,0,0,0
2023,20230045,Silvan Dillier,17,Stage 17,0,0,0,0,0,0,0,0,0
2023,20230045,Silvan Dillier,18,Stage 18,0,0,0,0,0,0,0,0,0
2023,20230045,Silvan Dillier,19,Stage 19,0,0,0,0,0,0,0,0,0
2023,20230045,Silvan Dillier,20,Stage 20,0,0,0,0,0,0,0,0,0
2023,20230045,Silvan Dillier,21,Stage 21,0,0,0,0,0,0,0,4,4
2023,20230045,Silvan Dillier,22,Final Classifications,0,0,0,0,0,0,0,0,0
2023,20230856,Christopher Juul-Jensen,1,Stage 1,0,0,0,0,0,0,0,8,8
2023,20230856,Christopher Juul-Jensen,2,Stage 2,0,0,0,0,0,0,0,2,2
2023,20230856,Christopher Juul-Jensen,3,Stage 3,0,0,0,0,0,0,0,2,2
2023,20230856,Christopher Juul-Jensen,4,Stage 4,0,0,0,0,0,0,0,2,2
2023,20230856,Christopher Juul-Jensen,5,Stage 5,0,0,0,0,3,0,0,0,3
2023,20230856,Christopher Juul-Jensen,6,Stage 6,0,0,0,0,0,0,20,0,20
2023,20230856,Christopher Juul-Jensen,7,Stage 7,0,0,0,0,0,0,0,0,0
2023,20230856,Christopher Juul-Jensen,8,Stage 8,0,0,0,0,0,0,0,0,0
2023,20230856,Christopher Juul-Jensen,9,Stage 9,0,0,0,0,0,0,0,0,0
2023,20230856,Christopher Juul-Jensen,10,Stage 10,0,0,0,0,0,0,0,0,0
2023,20230856,Christopher Juul-Jensen,11,Stage 11,0,0,0,0,0,0,0,4,4
2023,20230856,Christopher Juul-Jensen,12,Stage 12,0,0,0,0,0,0,0,0,0
2023,20230856,Christopher Juul-Jensen,13,Stage 13,0,0,0,0,0,0,0,0,0
2023,20230856,Christopher Juul-Jensen,14,Stage 14,0,0,0,0,0,0,0,0,0
2023,20230856,Christopher Juul-Jensen,15,Stage 15,0,0,0,0,0,0,0,0,0
2023,20230856,Christopher Juul-Jensen,16,Stage 16,0,0,0,0,0,0,0,0,0
2023,20230856,Christopher Juul-Jensen,17,Stage 17,0,0,0,0,0,0,0,4,4
2023,20230856,Christopher Juul-Jensen,18,Stage 18,0,0,0,0,0,0,0,0,0
2023,20230856,Christopher Juul-Jensen,19,Stage 19,0,0,0,0,0,0,0,0,0
2023,20230856,Christopher Juul-Jensen,20,Stage 20,0,0,0,0,0,0,0,0,0
2023,20230856,Christopher Juul-Jensen,21,Stage 21,0,0,0,0,0,0,0,2,2
2023,20230856,Christopher Juul-Jensen,22,Final Classifications,0,0,0,0,0,0,0,0,0
2023,20230519,Lilian Calmejane,1,Stage 1,0,0,0,0,8,0,20,0,28
2023,20230519,Lilian Calmejane,2,Stage 2,0,0,0,0,0,0,0,0,0
2023,20230519,Lilian Calmejane,3,Stage 3,0,0,0,0,0,0,0,0,0
2023,20230519,Lilian Calmejane,4,Stage 4,0,0,0,0,0,0,0,0,0
2023,20230519,Lilian Calmejane,5,Stage 5,0,0,0,0,0,0,0,0,0
2023,20230519,Lilian Calmejane,6,Stage 6,0,0,0,0,0,0,0,0,0
2023,20230519,Lilian Calmejane,7,Stage 7,0,0,0,0,0,0,0,2,2
2023,20230519,Lilian Calmejane,8,Stage 8,0,0,0,0,0,0,0,0,0
2023,20230519,Lilian Calmejane,9,Stage 9,0,0,0,0,0,0,0,0,0
2023,20230519,Lilian Calmejane,10,Stage 10,0,0,0,0,0,0,0,4,4
2023,20230519,Lilian Calmejane,11,Stage 11,0,0,0,0,0,0,0,0,0
2023,20230519,Lilian Calmejane,12,Stage 12,0,0,0,0,0,0,0,0,0
2023,20230519,Lilian Calmejane,13,Stage 13,0,0,0,0,0,0,0,0,0
2023,20230519,Lilian Calmejane,14,Stage 14,0,0,0,0,0,0,0,0,0
2023,20230519,Lilian Calmejane,15,Stage 15,0,0,0,0,0,0,0,0,0
2023,20230519,Lilian Calmejane,16,Stage 16,0,0,0,0,0,0,0,0,0
2023,20230519,Lilian Calmejane,17,Stage 17,0,0,0,0,0,0,0,0,0
2023,20230519,Lilian Calmejane,18,Stage 18,0,0,0,0,0,0,0,0,0
2023,20230519,Lilian Calmejane,19,Stage 19,0,0,0,0,0,0,0,0,0
2023,20230519,Lilian Calmejane,20,Stage 20,0,0,0,0,0,0,0,0,0
2023,20230519,Lilian Calmejane,21,Stage 21,12,0,0,0,0,0,0,0,12
2023,20230519,Lilian Calmejane,22,Final Classifications,0,0,0,0,0,0,0,0,0
2023,20230709,Tim Declercq,1,Stage 1,0,0,0,0,0,0,0,0,0
2023,20230709,Tim Declercq,2,Stage 2,0,0,0,0,0,0,0,0,0
2023,20230709,Tim Declercq,3,Stage 3,0,0,0,0,0,0,0,0,0
2023,20230709,Tim Declercq,4,Stage 4,0,0,0,0,0,0,0,0,0
2023,20230709,Tim Declercq,5,Stage 5,0,0,0,0,0,0,0,0,0
2023,20230709,Tim Declercq,6,Stage 6,0,0,0,0,0,0,0,0,0
2023,20230709,Tim Declercq,7,Stage 7,0,0,0,0,0,0,0,0,0
2023,20230709,Tim Declercq,8,Stage 8,0,0,0,0,12,0,20,0,32
2023,20230709,Tim Declercq,9,Stage 9,0,0,0,0,0,0,0,0,0
2023,20230709,Tim Declercq,10,Stage 10,0,0,0,0,0,0,0,0,0
2023,20230709,Tim Declercq,11,Stage 11,0,0,0,0,0,0,0,0,0
2023,20230709,Tim Declercq,12,Stage 12,0,0,0,0,0,0,0,0,0
2023,20230709,Tim Declercq,13,Stage 13,0,0,0,0,0,0,0,0,0
2023,20230709,Tim Declercq,14,Stage 14,0,0,0,0,0,0,0,0,0
2023,20230709,Tim Declercq,15,Stage 15,0,0,0,0,0,0,0,0,0
2023,20230709,Tim Declercq,16,Stage 16,0,0,0,0,0,0,0,0,0
2023,20230709,Tim Declercq,17,Stage 17,0,0,0,0,0,0,0,0,0
2023,20230709,Tim Declercq,18,Stage 18,0,0,0,0,0,0,0,8,8
2023,20230709,Tim Declercq,19,Stage 19,0,0,0,0,0,0,0,4,4
2023,20230709,Tim Declercq,20,Stage 20,0,0,0,0,0,0,0,0,0
2023,20230709,Tim Declercq,21,Stage 21,0,0,0,0,0,0,0,0,0
2023,20230709,Tim Declercq,22,Final Classifications,0,0,0,0,0,0,0,0,0
2023,20230566,Nick Schultz,1,Stage 1,0,0,0,0,0,0,0,0,0
2023,20230566,Nick Schultz,2,Stage 2,0,0,0,0,0,0,0,0,0
2023,20230566,Nick Schultz,3,Stage 3,0,0,0,0,0,0,0,0,0
2023,20230566,Nick Schultz,4,Stage 4,0,0,0,0,0,0,0,0,0
2023,20230566,Nick Schultz,5,Stage 5,0,0,0,0,0,0,0,0,0
2023,20230566,Nick Schultz,6,Stage 6,0,0,0,0,0,0,0,0,0
2023,20230566,Nick Schultz,7,Stage 7,0,0,0,0,0,0,0,0,0
2023,20230566,Nick Schultz,8,Stage 8,0,0,0,0,0,0,0,0,0
2023,20230566,Nick Schultz,9,Stage 9,0,0,0,0,0,0,0,8,8
2023,20230566,Nick Schultz,10,Stage 10,0,0,0,0,4,0,0,0,4
2023,20230566,Nick Schultz,11,Stage 11,0,0,0,0,0,0,0,0,0
2023,20230566,Nick Schultz,12,Stage 12,0,0,0,0,0,0,0,0,0
2023,20230566,Nick Schultz,13,Stage 13,0,0,0,0,0,0,0,0,0
2023,20230566,Nick Schultz,14,Stage 14,0,0,0,0,0,0,0,0,0
2023,20230566,Nick Schultz,15,Stage 15,0,0,0,0,0,0,0,0,0
2023,20230566,Nick Schultz,16,Stage 16,0,0,0,0,0,0,0,0,0
2023,20230566,Nick Schultz,17,Stage 17,0,0,0,0,0,0,0,0,0
2023,20230566,Nick Schultz,18,Stage 18,0,0,0,0,0,0,0,0,0
2023,20230566,Nick Schultz,19,Stage 19,0,0,0,0,0,0,0,0,0
2023,20230566,Nick Schultz,20,Stage 20,30,0,0,0,0,0,0,0,30
2023,20230566,Nick Schultz,21,Stage 21,0,0,0,0,0,0,0,0,0
2023,20230566,Nick Schultz,22,Final Classifications,0,0,0,0,0,0,0,0,0
2023,20230899,Valentin Ferron,1,Stage 1,0,0,0,0,12,0,20,0,32
2023,20230899,Valentin Ferron,2,Stage 2,0,0,0,0,0,0,0,0,0
2023,20230899,Valentin Ferron,3,Stage 3,0,0,0,0,0,0,0,0,0
2023,20230899,Valentin Ferron,4,Stage 4,0,0,0,0,0,0,0,0,0
2023,20230899,Valentin Ferron,5,Stage 5,0,0,0,0,0,0,0,0,0
2023,20230899,Valentin Ferron,6,Stage 6,0,0,0,0,0,0,0,0,0
2023,20230899,Valentin Ferron,7,Stage 7,0,0,0,0,0,0,0,0,0
2023,20230899,Valentin Ferron,8,Stage 8,0,0,0,0,0,0,0,0,0
2023,20230899,Valentin Ferron,9,Stage 9,0,0,0,0,0,0,0,4,4
2023,20230899,Valentin Ferron,10,Stage 10,0,0,0,0,0,0,0,0,0
2023,20230899,Valentin Ferron,11,Stage 11,0,0,0,0,0,0,0,0,0
2023,20230899,Valentin Ferron,12,Stage 12,0,0,0,0,0,0,0,4,4
2023,20230899,Valentin Ferron,13,Stage 13,0,0,0,0,0,0,0,0,0
2023,20230899,Valentin Ferron,14,Stage 14,0,0,0,0,0,0,0,0,0
2023,20230899,Valentin Ferron,15,Stage 15,0,0,0,0,0,0,0,2,2
2023,20230899,Valentin Ferron,16,Stage 16,0,0,0,0,0,0,0,0,0
2023,20230899,Valentin Ferron,17,Stage 17,0,0,0,0,0,0,0,0,0
2023,20230899,Valentin Ferron,18,Stage 18,0,0,0,0,0,0,0,0,0
2023,20230899,Valentin Ferron,19,Stage 19,0,0,0,0,0,0,0,0,0
2023,20230899,Valentin Ferron,20,Stage 20,0,0,0,0,0,0,0,0,0
2023,20230899,Valentin Ferron,21,Stage 21,0,0,0,0,0,0,0,0,0
2023,20230899,Valentin Ferron,22,Final Classifications,0,0,0,0,0,0,0,0,0
2023,20230764,Laurent Pichon,1,Stage 1,0,0,0,0,0,0,0,0,0
2023,20230764,Laurent Pichon,2,Stage 2,0,0,0,0,0,0,0,0,0
2023,20230764,Laurent Pichon,3,Stage 3,0,0,0,1,20,0,20,0,41
2023,20230764,Laurent Pichon,4,Stage 4,0,0,0,1,0,0,0,0,1
2023,20230764,Laurent Pichon,5,Stage 5,0,0,0,0,0,0,0,0,0
2023,20230764,Laurent Pichon,6,Stage 6,0,0,0,0,0,0,0,0,0
2023,20230764,Laurent Pichon,7,Stage 7,0,0,0,0,0,0,0,0,0
2023,20230764,Laurent Pichon,8,Stage 8,0,0,0,0,0,0,0,0,0
2023,20230764,Laurent Pichon,9,Stage 9,0,0,0,0,0,0,0,0,0
2023,20230764,Laurent Pichon,10,Stage 10,0,0,0,0,0,0,0,0,0
2023,20230764,Laurent Pichon,11,Stage 11,0,0,0,0,0,0,0,0,0
2023,20230764,Laurent Pichon,12,Stage 12,0,0,0,0,0,0,0,0,0
2023,20230764,Laurent Pichon,13,Stage 13,0,0,0,0,0,0,0,0,0
2023,20230764,Laurent Pichon,14,Stage 14,0,0,0,0,0,0,0,0,0
2023,20230764,Laurent Pichon,15,Stage 15,0,0,0,0,0,0,0,0,0
2023,20230764,Laurent Pichon,16,Stage 16,0,0,0,0,0,0,0,0,0
2023,20230764,Laurent Pichon,17,Stage 17,0,0,0,0,0,0,0,0,0
2023,20230764,Laurent Pichon,18,Stage 18,0,0,0,0,0,0,0,0,0
2023,20230764,Laurent Pichon,19,Stage 19,0,0,0,0,0,0,0,0,0
2023,20230764,Laurent Pichon,20,Stage 20,0,0,0,0,0,0,0,0,0
2023,20230764,Laurent Pichon,21,Stage 21,0,0,0,0,0,0,0,0,0
2023,20230764,Laurent Pichon,22,Final Classifications,0,0,0,0,0,0,0,0,0
2023,20230905,Daniel Oss,1,Stage 1,0,0,0,0,0,0,0,0,0
2023,20230905,Daniel Oss,2,Stage 2,0,0,0,0,0,0,0,0,0
2023,20230905,Daniel Oss,3,Stage 3,0,0,0,0,0,0,0,0,0
2023,20230905,Daniel Oss,4,Stage 4,0,0,0,0,0,0,0,0,0
2023,20230905,Daniel Oss,5,Stage 5,0,0,0,0,0,0,0,0,0
2023,20230905,Daniel Oss,6,Stage 6,0,0,0,0,0,0,0,0,0
2023,20230905,Daniel Oss,7,Stage 7,0,0,0,0,0,0,0,0,0
2023,20230905,Daniel Oss,8,Stage 8,0,0,0,0,0,0,0,0,0
2023,20230905,Daniel Oss,9,Stage 9,0,0,0,0,0,0,0,4,4
2023,20230905,Daniel Oss,10,Stage 10,0,0,0,0,0,0,0,0,0
2023,20230905,Daniel Oss,11,Stage 11,0,0,0,0,12,0,20,0,32
2023,20230905,Daniel Oss,12,Stage 12,0,0,0,0,0,0,0,4,4
2023,20230905,Daniel Oss,13,Stage 13,0,0,0,0,0,0,0,0,0
2023,20230905,Daniel Oss,14,Stage 14,0,0,0,0,0,0,0,0,0
2023,20230905,Daniel Oss,15,Stage 15,0,0,0,0,0,0,0,2,2
2023,20230905,Daniel Oss,16,Stage 16,0,0,0,0,0,0,0,0,0
2023,20230905,Daniel Oss,17,Stage 17,0,0,0,0,0,0,0,0,0
2023,20230905,Daniel Oss,18,Stage 18,0,0,0,0,0,0,0,0,0
2023,20230905,Daniel Oss,19,Stage 19,0,0,0,0,0,0,0,0,0
2023,20230905,Daniel Oss,20,Stage 20,0,0,0,0,0,0,0,0,0
2023,20230905,Daniel Oss,21,Stage 21,0,0,0,0,0,0,0,0,0
2023,20230905,Daniel Oss,22,Final Classifications,0,0,0,0,0,0,0,0,0
2023,20230050,Quinten Hermans,1,Stage 1,0,0,0,0,0,0,0,0,0
2023,20230050,Quinten Hermans,2,Stage 2,0,0,0,0,0,0,0,0,0
2023,20230050,Quinten Hermans,3,Stage 3,0,0,0,0,0,0,0,8,8
2023,20230050,Quinten Hermans,4,Stage 4,0,0,0,0,0,0,0,8,8
2023,20230050,Quinten Hermans,5,Stage 5,0,0,0,0,0,0,0,0,0
2023,20230050,Quinten Hermans,6,Stage 6,0,0,0,0,0,0,0,0,0
2023,20230050,Quinten Hermans,7,Stage 7,0,0,0,0,0,0,0,8,8
2023,20230050,Quinten Hermans,8,Stage 8,0,0,0,0,0,0,0,4,4
2023,20230050,Quinten Hermans,9,Stage 9,0,0,0,0,0,0,0,0,0
2023,20230050,Quinten Hermans,10,Stage 10,0,0,0,0,0,0,0,0,0
2023,20230050,Quinten Hermans,11,Stage 11,0,0,0,0,0,0,0,8,8
2023,20230050,Quinten Hermans,12,Stage 12,0,0,0,0,0,0,0,0,0
2023,20230050,Quinten Hermans,13,Stage 13,0,0,0,0,0,0,0,0,0
2023,20230050,Quinten Hermans,14,Stage 14,0,0,0,0,0,0,0,0,0
2023,20230050,Quinten Hermans,15,Stage 15,0,0,0,0,0,0,0,0,0
2023,20230050,Quinten Hermans,16,Stage 16,0,0,0,0,0,0,0,0,0
2023,20230050,Quinten Hermans,17,Stage 17,0,0,0,0,0,0,0,0,0
2023,20230050,Quinten Hermans,18,Stage 18,0,0,0,0,0,0,0,0,0
2023,20230050,Quinten Hermans,19,Stage 19,0,0,0,0,0,0,0,0,0
2023,20230050,Quinten Hermans,20,Stage 20,0,0,0,0,0,0,0,0,0
2023,20230050,Quinten Hermans,21,Stage 21,0,0,0,0,0,0,0,4,4
2023,20230050,Quinten Hermans,22,Final Classifications,0,0,0,0,0,0,0,0,0
2023,20230048,Michael Gogl,1,Stage 1,0,0,0,0,0,0,0,0,0
2023,20230048,Michael Gogl,2,Stage 2,0,0,0,0,0,0,0,0,0
2023,20230048,Michael Gogl,3,Stage 3,0,0,0,0,0,0,0,8,8
2023,20230048,Michael Gogl,4,Stage 4,0,0,0,0,0,0,0,8,8
2023,20230048,Michael Gogl,5,Stage 5,0,0,0,0,0,0,0,0,0
2023,20230048,Michael Gogl,6,Stage 6,0,0,0,0,0,0,0,0,0
2023,20230048,Michael Gogl,7,Stage 7,0,0,0,0,0,0,0,8,8
2023,20230048,Michael Gogl,8,Stage 8,0,0,0,0,0,0,0,4,4
2023,20230048,Michael Gogl,9,Stage 9,0,0,0,0,0,0,0,0,0
2023,20230048,Michael Gogl,10,Stage 10,0,0,0,0,0,0,0,0,0
2023,20230048,Michael Gogl,11,Stage 11,0,0,0,0,0,0,0,8,8
2023,20230048,Michael Gogl,12,Stage 12,0,0,0,0,0,0,0,0,0
2023,20230048,Michael Gogl,13,Stage 13,0,0,0,0,0,0,0,0,0
2023,20230048,Michael Gogl,14,Stage 14,0,0,0,0,0,0,0,0,0
2023,20230048,Michael Gogl,15,Stage 15,0,0,0,0,0,0,0,0,0
2023,20230048,Michael Gogl,16,Stage 16,0,0,0,0,0,0,0,0,0
2023,20230048,Michael Gogl,17,Stage 17,0,0,0,0,0,0,0,0,0
2023,20230048,Michael Gogl,18,Stage 18,0,0,0,0,0,0,0,0,0
2023,20230048,Michael Gogl,19,Stage 19,0,0,0,0,0,0,0,0,0
2023,20230048,Michael Gogl,20,Stage 20,0,0,0,0,0,0,0,0,0
2023,20230048,Michael Gogl,21,Stage 21,0,0,0,0,0,0,0,4,4
2023,20230048,Michael Gogl,22,Final Classifications,0,0,0,0,0,0,0,0,0
2023,20230062,Jonas Rickaert,1,Stage 1,0,0,0,0,0,0,0,0,0
2023,20230062,Jonas Rickaert,2,Stage 2,0,0,0,0,0,0,0,0,0
2023,20230062,Jonas Rickaert,3,Stage 3,0,0,0,0,0,0,0,8,8
2023,20230062,Jonas Rickaert,4,Stage 4,0,0,0,0,0,0,0,8,8
2023,20230062,Jonas Rickaert,5,Stage 5,0,0,0,0,0,0,0,0,0
2023,20230062,Jonas Rickaert,6,Stage 6,0,0,0,0,0,0,0,0,0
2023,20230062,Jonas Rickaert,7,Stage 7,0,0,0,0,0,0,0,8,8
2023,20230062,Jonas Rickaert,8,Stage 8,0,0,0,0,0,0,0,4,4
2023,20230062,Jonas Rickaert,9,Stage 9,0,0,0,0,0,0,0,0,0
2023,20230062,Jonas Rickaert,10,Stage 10,0,0,0,0,0,0,0,0,0
2023,20230062,Jonas Rickaert,11,Stage 11,0,0,0,0,0,0,0,8,8
2023,20230062,Jonas Rickaert,12,Stage 12,0,0,0,0,0,0,0,0,0
2023,20230062,Jonas Rickaert,13,Stage 13,0,0,0,0,0,0,0,0,0
2023,20230062,Jonas Rickaert,14,Stage 14,0,0,0,0,0,0,0,0,0
2023,20230062,Jonas Rickaert,15,Stage 15,0,0,0,0,0,0,0,0,0
2023,20230062,Jonas Rickaert,16,Stage 16,0,0,0,0,0,0,0,0,0
2023,20230062,Jonas Rickaert,17,Stage 17,0,0,0,0,0,0,0,0,0
2023,20230062,Jonas Rickaert,18,Stage 18,0,0,0,0,0,0,0,0,0
2023,20230062,Jonas Rickaert,19,Stage 19,0,0,0,0,0,0,0,0,0
2023,20230062,Jonas Rickaert,20,Stage 20,0,0,0,0,0,0,0,0,0
2023,20230062,Jonas Rickaert,21,Stage 21,0,0,0,0,0,0,0,4,4
2023,20230062,Jonas Rickaert,22,Final Classifications,0,0,0,0,0,0,0,0,0
2023,20230462,Lars Van Den Berg,1,Stage 1,0,0,0,0,0,0,0,2,2
2023,20230462,Lars Van Den Berg,2,Stage 2,0,0,0,0,0,0,0,0,0
2023,20230462,Lars Van Den Berg,3,Stage 3,0,0,0,0,0,0,0,0,0
2023,20230462,Lars Van Den Berg,4,Stage 4,0,0,0,0,0,0,0,0,0
2023,20230462,Lars Van Den Berg,5,Stage 5,0,0,0,0,0,0,0,0,0
2023,20230462,Lars Van Den Berg,6,Stage 6,0,0,0,0,0,0,0,0,0
2023,20230462,Lars Van Den Berg,7,Stage 7,0,0,0,0,0,0,0,0,0
2023,20230462,Lars Van Den Berg,8,Stage 8,0,0,0,0,0,0,0,0,0
2023,20230462,Lars Van Den Berg,9,Stage 9,0,0,0,0,0,0,0,0,0
2023,20230462,Lars Van Den Berg,10,Stage 10,0,0,0,0,0,0,0,0,0
2023,20230462,Lars Van Den Berg,11,Stage 11,0,0,0,0,0,0,0,0,0
2023,20230462,Lars Van Den Berg,12,Stage 12,16,0,0,0,0,0,0,0,16
2023,20230462,Lars Van Den Berg,13,Stage 13,0,0,0,0,0,0,0,0,0
2023,20230462,Lars Van Den Berg,14,Stage 14,0,0,0,0,0,0,0,0,0
2023,20230462,Lars Van Den Berg,15,Stage 15,0,0,0,0,0,0,0,0,0
2023,20230462,Lars Van Den Berg,16,Stage 16,0,0,0,0,0,0,0,0,0
2023,20230462,Lars Van Den Berg,17,Stage 17,0,0,0,0,0,0,0,0,0
2023,20230462,Lars Van Den Berg,18,Stage 18,0,0,0,0,0,0,0,0,0
2023,20230462,Lars Van Den Berg,19,Stage 19,12,0,0,0,0,0,0,0,12
2023,20230462,Lars Van Den Berg,20,Stage 20,0,0,0,0,0,0,0,0,0
2023,20230462,Lars Van Den Berg,21,Stage 21,0,0,0,0,0,0,0,0,0
2023,20230462,Lars Van Den Berg,22,Final Classifications,0,0,0,0,0,0,0,10,10
2023,20230751,Anthony Delaplace,1,Stage 1,0,0,0,0,0,0,0,0,0
2023,20230751,Anthony Delaplace,2,Stage 2,0,0,0,0,0,0,0,0,0
2023,20230751,Anthony Delaplace,3,Stage 3,0,0,0,0,0,0,0,0,0
2023,20230751,Anthony Delaplace,4,Stage 4,0,0,0,0,0,0,0,0,0
2023,20230751,Anthony Delaplace,5,Stage 5,0,0,0,0,0,0,0,0,0
2023,20230751,Anthony Delaplace,6,Stage 6,0,0,0,0,0,0,0,0,0
2023,20230751,Anthony Delaplace,7,Stage 7,0,0,0,0,0,0,0,0,0
2023,20230751,Anthony Delaplace,8,Stage 8,0,0,0,0,20,0,20,0,40
2023,20230751,Anthony Delaplace,9,Stage 9,0,0,0,0,0,0,0,0,0
2023,20230751,Anthony Delaplace,10,Stage 10,0,0,0,0,0,0,0,0,0
2023,20230751,Anthony Delaplace,11,Stage 11,0,0,0,0,0,0,0,0,0
2023,20230751,Anthony Delaplace,12,Stage 12,0,0,0,0,0,0,0,0,0
2023,20230751,Anthony Delaplace,13,Stage 13,0,0,0,0,0,0,0,0,0
2023,20230751,Anthony Delaplace,14,Stage 14,0,0,0,0,0,0,0,0,0
2023,20230751,Anthony Delaplace,15,Stage 15,0,0,0,0,0,0,0,0,0
2023,20230751,Anthony Delaplace,16,Stage 16,0,0,0,0,0,0,0,0,0
2023,20230751,Anthony Delaplace,17,Stage 17,0,0,0,0,0,0,0,0,0
2023,20230751,Anthony Delaplace,18,Stage 18,0,0,0,0,0,0,0,0,0
2023,20230751,Anthony Delaplace,19,Stage 19,0,0,0,0,0,0,0,0,0
2023,20230751,Anthony Delaplace,20,Stage 20,0,0,0,0,0,0,0,0,0
2023,20230751,Anthony Delaplace,21,Stage 21,0,0,0,0,0,0,0,0,0
2023,20230751,Anthony Delaplace,22,Final Classifications,0,0,0,0,0,0,0,0,0
2023,20230017,Benoît Cosnefroy,1,Stage 1,0,0,0,0,0,0,0,0,0
2023,20230017,Benoît Cosnefroy,2,Stage 2,0,0,0,0,0,0,0,0,0
2023,20230017,Benoît Cosnefroy,3,Stage 3,0,0,0,0,0,0,0,0,0
2023,20230017,Benoît Cosnefroy,4,Stage 4,0,0,0,0,0,0,0,0,0
2023,20230017,Benoît Cosnefroy,5,Stage 5,0,0,0,0,0,0,0,2,2
2023,20230017,Benoît Cosnefroy,6,Stage 6,0,0,0,0,0,0,20,0,20
2023,20230017,Benoît Cosnefroy,7,Stage 7,0,0,0,0,0,0,0,0,0
2023,20230017,Benoît Cosnefroy,8,Stage 8,0,0,0,0,0,0,0,0,0
2023,20230017,Benoît Cosnefroy,9,Stage 9,0,0,0,0,0,0,0,0,0
2023,20230017,Benoît Cosnefroy,10,Stage 10,0,0,0,0,0,0,0,2,2
2023,20230017,Benoît Cosnefroy,11,Stage 11,0,0,0,0,0,0,0,0,0
2023,20230017,Benoît Cosnefroy,12,Stage 12,0,0,0,0,0,0,0,0,0
2023,20230017,Benoît Cosnefroy,13,Stage 13,0,0,0,0,0,0,0,0,0
2023,20230017,Benoît Cosnefroy,14,Stage 14,0,0,0,0,0,0,0,0,0
2023,20230017,Benoît Cosnefroy,15,Stage 15,0,0,0,0,0,0,0,0,0
2023,20230017,Benoît Cosnefroy,16,Stage 16,0,0,0,0,0,0,0,0,0
2023,20230017,Benoît Cosnefroy,17,Stage 17,0,0,0,0,0,0,0,8,8
2023,20230017,Benoît Cosnefroy,18,Stage 18,0,0,0,0,0,0,0,0,0
2023,20230017,Benoît Cosnefroy,19,Stage 19,0,0,0,0,0,0,0,2,2
2023,20230017,Benoît Cosnefroy,20,Stage 20,0,0,0,0,0,0,0,4,4
2023,20230017,Benoît Cosnefroy,21,Stage 21,0,0,0,0,0,0,0,0,0
2023,20230017,Benoît Cosnefroy,22,Final Classifications,0,0,0,0,0,0,0,0,0
2023,20230718,Michael Mørkøv,1,Stage 1,0,0,0,0,0,0,0,0,0
2023,20230718,Michael Mørkøv,2,Stage 2,0,0,0,0,0,0,0,0,0
2023,20230718,Michael Mørkøv,3,Stage 3,0,0,0,0,0,0,0,0,0
2023,20230718,Michael Mørkøv,4,Stage 4,0,0,0,0,0,0,0,0,0
2023,20230718,Michael Mørkøv,5,Stage 5,0,0,0,0,0,0,0,0,0
2023,20230718,Michael Mørkøv,6,Stage 6,0,0,0,0,0,0,0,0,0
2023,20230718,Michael Mørkøv,7,Stage 7,0,0,0,0,0,0,0,0,0
2023,20230718,Michael Mørkøv,8,Stage 8,0,0,0,0,0,0,0,0,0
2023,20230718,Michael Mørkøv,9,Stage 9,0,0,0,0,0,0,0,0,0
2023,20230718,Michael Mørkøv,10,Stage 10,0,0,0,0,0,0,0,0,0
2023,20230718,Michael Mørkøv,11,Stage 11,0,0,0,0,0,0,0,0,0
2023,20230718,Michael Mørkøv,12,Stage 12,0,0,0,0,0,0,0,0,0
2023,20230718,Michael Mørkøv,13,Stage 13,0,0,0,0,0,0,0,0,0
2023,20230718,Michael Mørkøv,14,Stage 14,0,0,0,0,0,0,0,0,0
2023,20230718,Michael Mørkøv,15,Stage 15,0,0,0,0,0,0,0,0,0
2023,20230718,Michael Mørkøv,16,Stage 16,0,0,0,0,0,0,0,0,0
2023,20230718,Michael Mørkøv,17,Stage 17,0,0,0,0,0,0,0,0,0
2023,20230718,Michael Mørkøv,18,Stage 18,0,0,0,0,0,0,0,8,8
2023,20230718,Michael Mørkøv,19,Stage 19,0,0,0,0,0,0,0,4,4
2023,20230718,Michael Mørkøv,20,Stage 20,0,0,0,0,0,0,0,0,0
2023,20230718,Michael Mørkøv,21,Stage 21,25,0,0,0,0,0,0,0,25
2023,20230718,Michael Mørkøv,22,Final Classifications,0,0,0,0,0,0,0,0,0
2023,20230998,Anthon Charmig,1,Stage 1,0,0,0,0,0,0,0,0,0
2023,20230998,Anthon Charmig,2,Stage 2,0,0,0,0,0,0,0,0,0
2023,20230998,Anthon Charmig,3,Stage 3,0,0,0,0,0,0,0,0,0
2023,20230998,Anthon Charmig,4,Stage 4,0,0,0,0,0,0,0,0,0
2023,20230998,Anthon Charmig,5,Stage 5,0,0,0,0,0,0,0,0,0
2023,20230998,Anthon Charmig,6,Stage 6,0,0,0,0,0,0,0,2,2
2023,20230998,Anthon Charmig,7,Stage 7,0,0,0,0,0,0,0,0,0
2023,20230998,Anthon Charmig,8,Stage 8,0,0,0,0,0,0,0,0,0
2023,20230998,Anthon Charmig,9,Stage 9,0,0,0,0,0,0,0,0,0
2023,20230998,Anthon Charmig,10,Stage 10,0,0,0,0,0,0,0,0,0
2023,20230998,Anthon Charmig,11,Stage 11,0,0,0,0,0,0,0,0,0
2023,20230998,Anthon Charmig,12,Stage 12,0,0,0,0,0,0,0,0,0
2023,20230998,Anthon Charmig,13,Stage 13,0,0,0,0,12,0,20,0,32
2023,20230998,Anthon Charmig,14,Stage 14,0,0,0,0,0,0,0,0,0
2023,20230998,Anthon Charmig,15,Stage 15,0,0,0,0,0,0,0,0,0
2023,20230998,Anthon Charmig,16,Stage 16,0,0,0,0,0,0,0,0,0
2023,20230998,Anthon Charmig,17,Stage 17,0,0,0,0,0,0,0,0,0
2023,20230998,Anthon Charmig,18,Stage 18,0,0,0,0,0,0,0,2,2
2023,20230998,Anthon Charmig,19,Stage 19,0,0,0,0,0,0,0,0,0
2023,20230998,Anthon Charmig,20,Stage 20,0,0,0,0,0,0,0,0,0
2023,20230998,Anthon Charmig,21,Stage 21,0,0,0,0,0,0,0,0,0
2023,20230998,Anthon Charmig,22,Final Classifications,0,0,0,0,0,0,0,0,0
2023,20230065,Ramon Sinkeldam,1,Stage 1,0,0,0,0,0,0,0,0,0
2023,20230065,Ramon Sinkeldam,2,Stage 2,0,0,0,0,0,0,0,0,0
2023,20230065,Ramon Sinkeldam,3,Stage 3,0,0,0,0,0,0,0,8,8
2023,20230065,Ramon Sinkeldam,4,Stage 4,0,0,0,0,0,0,0,8,8
2023,20230065,Ramon Sinkeldam,5,Stage 5,0,0,0,0,0,0,0,0,0
2023,20230065,Ramon Sinkeldam,6,Stage 6,0,0,0,0,0,0,0,0,0
2023,20230065,Ramon Sinkeldam,7,Stage 7,0,0,0,0,0,0,0,8,8
2023,20230065,Ramon Sinkeldam,8,Stage 8,0,0,0,0,0,0,0,4,4
2023,20230065,Ramon Sinkeldam,9,Stage 9,0,0,0,0,0,0,0,0,0
2023,20230065,Ramon Sinkeldam,10,Stage 10,0,0,0,0,0,0,0,0,0
2023,20230065,Ramon Sinkeldam,11,Stage 11,0,0,0,0,0,0,0,8,8
2023,20230065,Ramon Sinkeldam,12,Stage 12,0,0,0,0,0,0,0,0,0
2023,20230065,Ramon Sinkeldam,13,Stage 13,0,0,0,0,0,0,0,0,0
2023,20230065,Ramon Sinkeldam,14,Stage 14,0,0,0,0,0,0,0,0,0
2023,20230065,Ramon Sinkeldam,15,Stage 15,0,0,0,0,0,0,0,0,0
2023,20230065,Ramon Sinkeldam,16,Stage 16,0,0,0,0,0,0,0,0,0
2023,20230065,Ramon Sinkeldam,17,Stage 17,0,0,0,0,0,0,0,0,0
2023,20230065,Ramon Sinkeldam,18,Stage 18,0,0,0,0,0,0,0,0,0
2023,20230065,Ramon Sinkeldam,19,Stage 19,0,0,0,0,0,0,0,0,0
2023,20230065,Ramon Sinkeldam,20,Stage 20,0,0,0,0,0,0,0,0,0
2023,20230065,Ramon Sinkeldam,21,Stage 21,0,0,0,0,0,0,0,0,0
2023,20230065,Ramon Sinkeldam,22,Final Classifications,0,0,0,0,0,0,0,0,0
2023,20230446,Stefan Küng,1,Stage 1,0,0,0,0,0,0,0,2,2
2023,20230446,Stefan Küng,2,Stage 2,0,0,0,0,0,0,0,0,0
2023,20230446,Stefan Küng,3,Stage 3,0,0,0,0,0,0,0,0,0
2023,20230446,Stefan Küng,4,Stage 4,0,0,0,0,0,0,0,0,0
2023,20230446,Stefan Küng,5,Stage 5,0,0,0,0,0,0,0,0,0
2023,20230446,Stefan Küng,6,Stage 6,0,0,0,0,0,0,0,0,0
2023,20230446,Stefan Küng,7,Stage 7,0,0,0,0,0,0,0,0,0
2023,20230446,Stefan Küng,8,Stage 8,0,0,0,0,0,0,0,0,0
2023,20230446,Stefan Küng,9,Stage 9,0,0,0,0,0,0,0,0,0
2023,20230446,Stefan Küng,10,Stage 10,8,0,0,0,0,0,0,0,8
2023,20230446,Stefan Küng,11,Stage 11,0,0,0,0,0,0,0,0,0
2023,20230446,Stefan Küng,12,Stage 12,0,0,0,0,0,0,0,0,0
2023,20230446,Stefan Küng,13,Stage 13,0,0,0,0,0,0,0,0,0
2023,20230446,Stefan Küng,14,Stage 14,0,0,0,0,0,0,0,0,0
2023,20230446,Stefan Küng,15,Stage 15,0,0,0,0,0,0,0,0,0
2023,20230446,Stefan Küng,16,Stage 16,12,0,0,0,0,0,0,0,12
2023,20230446,Stefan Küng,17,Stage 17,0,0,0,0,2,0,0,0,2
2023,20230446,Stefan Küng,18,Stage 18,0,0,0,0,0,0,0,0,0
2023,20230446,Stefan Küng,19,Stage 19,0,0,0,0,0,0,0,0,0
2023,20230446,Stefan Küng,20,Stage 20,0,0,0,0,0,0,0,0,0
2023,20230446,Stefan Küng,21,Stage 21,0,0,0,0,0,0,0,0,0
2023,20230446,Stefan Küng,22,Final Classifications,0,0,0,0,0,0,0,10,10
2023,20230326,Rigoberto Urán,1,Stage 1,0,0,0,0,0,0,0,0,0
2023,20230326,Rigoberto Urán,2,Stage 2,0,0,0,0,0,0,0,0,0
2023,20230326,Rigoberto Urán,3,Stage 3,0,0,0,0,0,0,0,0,0
2023,20230326,Rigoberto Urán,4,Stage 4,0,0,0,0,0,0,0,0,0
2023,20230326,Rigoberto Urán,5,Stage 5,0,0,0,0,0,0,0,0,0
2023,20230326,Rigoberto Urán,6,Stage 6,0,0,0,0,0,0,0,0,0
2023,20230326,Rigoberto Urán,7,Stage 7,0,0,0,0,0,0,0,0,0
2023,20230326,Rigoberto Urán,8,Stage 8,0,0,0,0,0,0,0,0,0
2023,20230326,Rigoberto Urán,9,Stage 9,0,0,0,0,0,0,0,0,0
2023,20230326,Rigoberto Urán,10,Stage 10,0,0,0,0,0,0,0,0,0
2023,20230326,Rigoberto Urán,11,Stage 11,0,0,0,0,0,0,0,0,0
2023,20230326,Rigoberto Urán,12,Stage 12,0,0,0,0,0,0,0,0,0
2023,20230326,Rigoberto Urán,13,Stage 13,0,0,0,0,0,0,0,0,0
2023,20230326,Rigoberto Urán,14,Stage 14,0,0,0,0,0,0,0,0,0
2023,20230326,Rigoberto Urán,15,Stage 15,25,0,0,0,0,6,0,0,31
2023,20230326,Rigoberto Urán,16,Stage 16,0,0,0,0,0,0,0,0,0
2023,20230326,Rigoberto Urán,17,Stage 17,0,0,0,0,0,0,0,0,0
2023,20230326,Rigoberto Urán,18,Stage 18,0,0,0,0,0,0,0,0,0
2023,20230326,Rigoberto Urán,19,Stage 19,0,0,0,0,0,0,0,0,0
2023,20230326,Rigoberto Urán,20,Stage 20,0,0,0,0,0,0,0,0,0
2023,20230326,Rigoberto Urán,21,Stage 21,0,0,0,0,0,0,0,0,0
2023,20230326,Rigoberto Urán,22,Final Classifications,0,0,0,0,0,0,0,0,0
2023,20230547,Guillaume Boivin,1,Stage 1,0,0,0,0,0,0,0,0,0
2023,20230547,Guillaume Boivin,2,Stage 2,0,0,0,0,0,0,0,0,0
2023,20230547,Guillaume Boivin,3,Stage 3,0,0,0,0,0,0,0,0,0
2023,20230547,Guillaume Boivin,4,Stage 4,0,0,0,0,0,0,0,0,0
2023,20230547,Guillaume Boivin,5,Stage 5,0,0,0,0,0,0,0,0,0
2023,20230547,Guillaume Boivin,6,Stage 6,0,0,0,0,0,0,0,0,0
2023,20230547,Guillaume Boivin,7,Stage 7,0,0,0,0,0,0,0,0,0
2023,20230547,Guillaume Boivin,8,Stage 8,0,0,0,0,0,0,0,0,0
2023,20230547,Guillaume Boivin,9,Stage 9,0,0,0,0,0,0,20,8,28
2023,20230547,Guillaume Boivin,10,Stage 10,0,0,0,0,0,0,0,0,0
2023,20230547,Guillaume Boivin,11,Stage 11,0,0,0,0,0,0,0,0,0
2023,20230547,Guillaume Boivin,12,Stage 12,0,0,0,0,0,0,0,0,0
2023,20230547,Guillaume Boivin,13,Stage 13,0,0,0,0,0,0,0,0,0
2023,20230547,Guillaume Boivin,14,Stage 14,0,0,0,0,0,0,0,0,0
2023,20230547,Guillaume Boivin,15,Stage 15,0,0,0,0,0,0,0,0,0
2023,20230547,Guillaume Boivin,16,Stage 16,0,0,0,0,0,0,0,0,0
2023,20230547,Guillaume Boivin,17,Stage 17,0,0,0,0,0,0,0,0,0
2023,20230547,Guillaume Boivin,18,Stage 18,0,0,0,0,0,0,0,0,0
2023,20230547,Guillaume Boivin,19,Stage 19,0,0,0,0,0,0,0,0,0
2023,20230547,Guillaume Boivin,20,Stage 20,0,0,0,0,0,0,0,0,0
2023,20230547,Guillaume Boivin,21,Stage 21,0,0,0,0,0,0,0,0,0
2023,20230547,Guillaume Boivin,22,Final Classifications,0,0,0,0,0,0,0,0,0
2023,20230927,Alex Kirsch,1,Stage 1,0,0,0,0,0,0,0,0,0
2023,20230927,Alex Kirsch,2,Stage 2,0,0,0,0,0,0,0,0,0
2023,20230927,Alex Kirsch,3,Stage 3,12,0,0,0,0,0,0,0,12
2023,20230927,Alex Kirsch,4,Stage 4,0,0,0,0,0,0,0,0,0
2023,20230927,Alex Kirsch,5,Stage 5,0,0,0,0,0,0,0,8,8
2023,20230927,Alex Kirsch,6,Stage 6,0,0,0,0,0,0,0,0,0
2023,20230927,Alex Kirsch,7,Stage 7,0,0,0,0,0,0,0,0,0
2023,20230927,Alex Kirsch,8,Stage 8,0,0,0,0,0,0,0,8,8
2023,20230927,Alex Kirsch,9,Stage 9,0,0,0,0,0,0,0,0,0
2023,20230927,Alex Kirsch,10,Stage 10,0,0,0,0,0,0,0,0,0
2023,20230927,Alex Kirsch,11,Stage 11,0,0,0,0,0,0,0,0,0
2023,20230927,Alex Kirsch,12,Stage 12,0,0,0,0,0,0,0,0,0
2023,20230927,Alex Kirsch,13,Stage 13,0,0,0,0,0,0,0,0,0
2023,20230927,Alex Kirsch,14,Stage 14,0,0,0,0,0,0,0,0,0
2023,20230927,Alex Kirsch,15,Stage 15,0,0,0,0,0,0,0,0,0
2023,20230927,Alex Kirsch,16,Stage 16,0,0,0,0,0,0,0,0,0
2023,20230927,Alex Kirsch,17,Stage 17,0,0,0,0,0,0,0,0,0
2023,20230927,Alex Kirsch,18,Stage 18,0,0,0,0,0,0,0,0,0
2023,20230927,Alex Kirsch,19,Stage 19,0,0,0,0,0,0,0,0,0
2023,20230927,Alex Kirsch,20,Stage 20,0,0,0,0,0,0,0,0,0
2023,20230927,Alex Kirsch,21,Stage 21,0,0,0,0,0,0,0,0,0
2023,20230927,Alex Kirsch,22,Final Classifications,0,0,0,0,0,0,0,0,0
2023,20230657,Nelson Oliveira,1,Stage 1,0,0,0,0,0,0,0,0,0
2023,20230657,Nelson Oliveira,2,Stage 2,0,0,0,0,0,0,0,0,0
2023,20230657,Nelson Oliveira,3,Stage 3,0,0,0,0,0,0,0,0,0
2023,20230657,Nelson Oliveira,4,Stage 4,0,0,0,0,0,0,0,0,0
2023,20230657,Nelson Oliveira,5,Stage 5,0,0,0,0,0,0,0,0,0
2023,20230657,Nelson Oliveira,6,Stage 6,0,0,0,0,0,0,0,0,0
2023,20230657,Nelson Oliveira,7,Stage 7,0,0,0,0,0,0,0,0,0
2023,20230657,Nelson Oliveira,8,Stage 8,0,0,0,0,0,0,0,0,0
2023,20230657,Nelson Oliveira,9,Stage 9,0,0,0,0,0,0,0,0,0
2023,20230657,Nelson Oliveira,10,Stage 10,0,0,0,0,0,0,0,0,0
2023,20230657,Nelson Oliveira,11,Stage 11,0,0,0,0,0,0,0,0,0
2023,20230657,Nelson Oliveira,12,Stage 12,0,0,0,0,0,0,0,2,2
2023,20230657,Nelson Oliveira,13,Stage 13,0,0,0,0,6,0,20,0,26
2023,20230657,Nelson Oliveira,14,Stage 14,0,0,0,0,0,0,0,0,0
2023,20230657,Nelson Oliveira,15,Stage 15,0,0,0,0,0,0,0,0,0
2023,20230657,Nelson Oliveira,16,Stage 16,0,0,0,0,0,0,0,0,0
2023,20230657,Nelson Oliveira,17,Stage 17,0,0,0,0,0,0,0,0,0
2023,20230657,Nelson Oliveira,18,Stage 18,0,0,0,0,0,0,0,0,0
2023,20230657,Nelson Oliveira,19,Stage 19,0,0,0,0,0,0,0,0,0
2023,20230657,Nelson Oliveira,20,Stage 20,0,0,0,0,0,0,0,0,0
2023,20230657,Nelson Oliveira,21,Stage 21,0,0,0,0,0,0,0,0,0
2023,20230657,Nelson Oliveira,22,Final Classifications,0,0,0,0,0,0,0,0,0
2023,20230534,Adrien Petit,1,Stage 1,0,0,0,0,0,0,0,0,0
2023,20230534,Adrien Petit,2,Stage 2,0,0,0,0,0,0,0,0,0
2023,20230534,Adrien Petit,3,Stage 3,0,0,0,0,0,0,0,0,0
2023,20230534,Adrien Petit,4,Stage 4,0,0,0,0,0,0,0,0,0
2023,20230534,Adrien Petit,5,Stage 5,0,0,0,0,0,0,0,0,0
2023,20230534,Adrien Petit,6,Stage 6,0,0,0,0,0,0,0,0,0
2023,20230534,Adrien Petit,7,Stage 7,0,0,0,0,0,0,0,2,2
2023,20230534,Adrien Petit,8,Stage 8,0,0,0,0,0,0,0,0,0
2023,20230534,Adrien Petit,9,Stage 9,0,0,0,0,0,0,0,0,0
2023,20230534,Adrien Petit,10,Stage 10,0,0,0,0,0,0,0,4,4
2023,20230534,Adrien Petit,11,Stage 11,0,0,0,0,0,0,0,0,0
2023,20230534,Adrien Petit,12,Stage 12,0,0,0,0,0,0,0,0,0
2023,20230534,Adrien Petit,13,Stage 13,0,0,0,0,0,0,20,0,20
2023,20230534,Adrien Petit,14,Stage 14,0,0,0,0,0,0,0,0,0
2023,20230534,Adrien Petit,15,Stage 15,0,0,0,0,0,0,0,0,0
2023,20230534,Adrien Petit,16,Stage 16,0,0,0,0,0,0,0,0,0
2023,20230534,Adrien Petit,17,Stage 17,0,0,0,0,0,0,0,0,0
2023,20230534,Adrien Petit,18,Stage 18,0,0,0,0,0,0,0,0,0
2023,20230534,Adrien Petit,19,Stage 19,0,0,0,0,0,0,0,0,0
2023,20230534,Adrien Petit,20,Stage 20,0,0,0,0,0,0,0,0,0
2023,20230534,Adrien Petit,21,Stage 21,0,0,0,0,0,0,0,0,0
2023,20230534,Adrien Petit,22,Final Classifications,0,0,0,0,0,0,0,0,0
2023,20230442,Kevin Geniets,1,Stage 1,0,0,0,0,0,0,0,2,2
2023,20230442,Kevin Geniets,2,Stage 2,0,0,0,0,0,0,0,0,0
2023,20230442,Kevin Geniets,3,Stage 3,0,0,0,0,0,0,0,0,0
2023,20230442,Kevin Geniets,4,Stage 4,0,0,0,0,0,0,0,0,0
2023,20230442,Kevin Geniets,5,Stage 5,0,0,0,0,0,0,0,0,0
2023,20230442,Kevin Geniets,6,Stage 6,0,0,0,0,0,0,0,0,0
2023,20230442,Kevin Geniets,7,Stage 7,0,0,0,0,0,0,0,0,0
2023,20230442,Kevin Geniets,8,Stage 8,0,0,0,0,0,0,0,0,0
2023,20230442,Kevin Geniets,9,Stage 9,0,0,0,0,0,0,0,0,0
2023,20230442,Kevin Geniets,10,Stage 10,0,0,0,0,0,0,0,0,0
2023,20230442,Kevin Geniets,11,Stage 11,0,0,0,0,0,0,0,0,0
2023,20230442,Kevin Geniets,12,Stage 12,8,0,0,0,0,0,0,0,8
2023,20230442,Kevin Geniets,13,Stage 13,0,0,0,0,0,0,0,0,0
2023,20230442,Kevin Geniets,14,Stage 14,0,0,0,0,0,0,0,0,0
2023,20230442,Kevin Geniets,15,Stage 15,0,0,0,0,0,0,0,0,0
2023,20230442,Kevin Geniets,16,Stage 16,0,0,0,0,0,0,0,0,0
2023,20230442,Kevin Geniets,17,Stage 17,0,0,0,0,0,0,0,0,0
2023,20230442,Kevin Geniets,18,Stage 18,0,0,0,0,0,0,0,0,0
2023,20230442,Kevin Geniets,19,Stage 19,0,0,0,0,0,0,0,0,0
2023,20230442,Kevin Geniets,20,Stage 20,0,0,0,0,0,0,0,0,0
2023,20230442,Kevin Geniets,21,Stage 21,0,0,0,0,5,0,0,0,5
2023,20230442,Kevin Geniets,22,Final Classifications,0,0,0,0,0,0,0,10,10
2023,20230848,Luke Durbridge,1,Stage 1,0,0,0,0,0,0,0,8,8
2023,20230848,Luke Durbridge,2,Stage 2,0,0,0,0,0,0,0,2,2
2023,20230848,Luke Durbridge,3,Stage 3,0,0,0,0,0,0,0,2,2
2023,20230848,Luke Durbridge,4,Stage 4,0,0,0,0,0,0,0,2,2
2023,20230848,Luke Durbridge,5,Stage 5,0,0,0,0,0,0,0,0,0
2023,20230848,Luke Durbridge,6,Stage 6,0,0,0,0,0,0,0,0,0
2023,20230848,Luke Durbridge,7,Stage 7,0,0,0,0,0,0,0,0,0
2023,20230848,Luke Durbridge,8,Stage 8,0,0,0,0,0,0,0,0,0
2023,20230848,Luke Durbridge,9,Stage 9,0,0,0,0,0,0,0,0,0
2023,20230848,Luke Durbridge,10,Stage 10,0,0,0,0,0,0,0,0,0
2023,20230848,Luke Durbridge,11,Stage 11,0,0,0,0,0,0,0,4,4
2023,20230848,Luke Durbridge,12,Stage 12,0,0,0,0,0,0,0,0,0
2023,20230848,Luke Durbridge,13,Stage 13,0,0,0,0,0,0,0,0,0
2023,20230848,Luke Durbridge,14,Stage 14,0,0,0,0,0,0,0,0,0
2023,20230848,Luke Durbridge,15,Stage 15,0,0,0,0,0,0,0,0,0
2023,20230848,Luke Durbridge,16,Stage 16,0,0,0,0,0,0,0,0,0
2023,20230848,Luke Durbridge,17,Stage 17,0,0,0,0,0,0,0,4,4
2023,20230848,Luke Durbridge,18,Stage 18,0,0,0,0,0,0,0,0,0
2023,20230848,Luke Durbridge,19,Stage 19,0,0,0,0,0,0,0,0,0
2023,20230848,Luke Durbridge,20,Stage 20,0,0,0,0,0,0,0,0,0
2023,20230848,Luke Durbridge,21,Stage 21,0,0,0,0,0,0,0,2,2
2023,20230848,Luke Durbridge,22,Final Classifications,0,0,0,0,0,0,0,0,0
2023,20230865,Elmar Reinders,1,Stage 1,0,0,0,0,0,0,0,8,8
2023,20230865,Elmar Reinders,2,Stage 2,0,0,0,0,0,0,0,2,2
2023,20230865,Elmar Reinders,3,Stage 3,0,0,0,0,0,0,0,2,2
2023,20230865,Elmar Reinders,4,Stage 4,0,0,0,0,0,0,0,2,2
2023,20230865,Elmar Reinders,5,Stage 5,0,0,0,0,0,0,0,0,0
2023,20230865,Elmar Reinders,6,Stage 6,0,0,0,0,0,0,0,0,0
2023,20230865,Elmar Reinders,7,Stage 7,0,0,0,0,0,0,0,0,0
2023,20230865,Elmar Reinders,8,Stage 8,0,0,0,0,0,0,0,0,0
2023,20230865,Elmar Reinders,9,Stage 9,0,0,0,0,0,0,0,0,0
2023,20230865,Elmar Reinders,10,Stage 10,0,0,0,0,0,0,0,0,0
2023,20230865,Elmar Reinders,11,Stage 11,0,0,0,0,0,0,0,4,4
2023,20230865,Elmar Reinders,12,Stage 12,0,0,0,0,0,0,0,0,0
2023,20230865,Elmar Reinders,13,Stage 13,0,0,0,0,0,0,0,0,0
2023,20230865,Elmar Reinders,14,Stage 14,0,0,0,0,0,0,0,0,0
2023,20230865,Elmar Reinders,15,Stage 15,0,0,0,0,0,0,0,0,0
2023,20230865,Elmar Reinders,16,Stage 16,0,0,0,0,0,0,0,0,0
2023,20230865,Elmar Reinders,17,Stage 17,0,0,0,0,0,0,0,4,4
2023,20230865,Elmar Reinders,18,Stage 18,0,0,0,0,0,0,0,0,0
2023,20230865,Elmar Reinders,19,Stage 19,0,0,0,0,0,0,0,0,0
2023,20230865,Elmar Reinders,20,Stage 20,0,0,0,0,0,0,0,0,0
2023,20230865,Elmar Reinders,21,Stage 21,0,0,0,0,0,0,0,2,2
2023,20230865,Elmar Reinders,22,Final Classifications,0,0,0,0,0,0,0,0,0
2023,20230280,Anthony Perez,1,Stage 1,0,0,0,0,0,0,0,0,0
2023,20230280,Anthony Perez,2,Stage 2,0,0,0,0,0,0,0,8,8
2023,20230280,Anthony Perez,3,Stage 3,0,0,0,0,0,0,0,0,0
2023,20230280,Anthony Perez,4,Stage 4,0,0,0,0,0,0,0,0,0
2023,20230280,Anthony Perez,5,Stage 5,0,0,0,0,0,0,0,0,0
2023,20230280,Anthony Perez,6,Stage 6,0,0,0,0,6,0,0,0,6
2023,20230280,Anthony Perez,7,Stage 7,0,0,0,0,0,0,0,0,0
2023,20230280,Anthony Perez,8,Stage 8,0,0,0,0,0,0,0,0,0
2023,20230280,Anthony Perez,9,Stage 9,0,0,0,0,0,0,0,0,0
2023,20230280,Anthony Perez,10,Stage 10,0,0,0,0,1,0,0,0,1
2023,20230280,Anthony Perez,11,Stage 11,0,0,0,0,0,0,0,0,0
2023,20230280,Anthony Perez,12,Stage 12,0,0,0,0,0,0,0,8,8
2023,20230280,Anthony Perez,13,Stage 13,0,0,0,0,0,0,0,0,0
2023,20230280,Anthony Perez,14,Stage 14,0,0,0,0,0,0,0,0,0
2023,20230280,Anthony Perez,15,Stage 15,0,0,0,0,0,0,0,0,0
2023,20230280,Anthony Perez,16,Stage 16,0,0,0,0,0,0,0,0,0
2023,20230280,Anthony Perez,17,Stage 17,0,0,0,0,0,0,0,0,0
2023,20230280,Anthony Perez,18,Stage 18,0,0,0,0,0,0,0,0,0
2023,20230280,Anthony Perez,19,Stage 19,0,0,0,0,0,0,0,0,0
2023,20230280,Anthony Perez,20,Stage 20,0,0,0,0,0,0,0,0,0
2023,20230280,Anthony Perez,21,Stage 21,0,0,0,0,0,0,0,0,0
2023,20230280,Anthony Perez,22,Final Classifications,0,0,0,0,0,0,0,0,0
2023,20230310,Magnus Cort,1,Stage 1,0,0,0,0,0,0,0,0,0
2023,20230310,Magnus Cort,2,Stage 2,0,0,0,0,0,0,0,0,0
2023,20230310,Magnus Cort,3,Stage 3,0,0,0,0,0,0,0,0,0
2023,20230310,Magnus Cort,4,Stage 4,0,0,0,0,0,0,0,0,0
2023,20230310,Magnus Cort,5,Stage 5,0,0,0,0,0,0,0,0,0
2023,20230310,Magnus Cort,6,Stage 6,0,0,0,0,0,0,0,0,0
2023,20230310,Magnus Cort,7,Stage 7,0,0,0,0,0,0,0,0,0
2023,20230310,Magnus Cort,8,Stage 8,0,0,0,0,0,0,0,0,0
2023,20230310,Magnus Cort,9,Stage 9,0,0,0,0,0,0,0,0,0
2023,20230310,Magnus Cort,10,Stage 10,20,0,0,0,0,0,0,0,20
2023,20230310,Magnus Cort,11,Stage 11,0,0,0,0,0,0,0,0,0
2023,20230310,Magnus Cort,12,Stage 12,0,0,0,0,0,0,0,0,0
2023,20230310,Magnus Cort,13,Stage 13,0,0,0,0,0,0,0,0,0
2023,20230310,Magnus Cort,14,Stage 14,0,0,0,0,0,0,0,0,0
2023,20230310,Magnus Cort,15,Stage 15,0,0,0,0,0,0,0,0,0
2023,20230310,Magnus Cort,16,Stage 16,0,0,0,0,0,0,0,0,0
2023,20230310,Magnus Cort,17,Stage 17,0,0,0,0,0,0,0,0,0
2023,20230310,Magnus Cort,18,Stage 18,0,0,0,0,0,0,0,0,0
2023,20230310,Magnus Cort,19,Stage 19,0,0,0,0,0,0,0,0,0
2023,20230310,Magnus Cort,20,Stage 20,0,0,0,0,0,0,0,0,0
2023,20230310,Magnus Cort,21,Stage 21,0,0,0,0,0,0,0,0,0
2023,20230310,Magnus Cort,22,Final Classifications,0,0,0,0,0,0,0,0,0
2023,20230289,Axel Zingle,1,Stage 1,0,0,0,0,0,0,0,0,0
2023,20230289,Axel Zingle,2,Stage 2,0,0,0,0,0,0,0,8,8
2023,20230289,Axel Zingle,3,Stage 3,0,0,0,0,0,0,0,0,0
2023,20230289,Axel Zingle,4,Stage 4,0,0,0,0,0,0,0,0,0
2023,20230289,Axel Zingle,5,Stage 5,0,0,0,0,0,0,0,0,0
2023,20230289,Axel Zingle,6,Stage 6,0,0,0,0,0,0,0,0,0
2023,20230289,Axel Zingle,7,Stage 7,0,0,0,0,0,0,0,0,0
2023,20230289,Axel Zingle,8,Stage 8,0,0,0,0,0,0,0,0,0
2023,20230289,Axel Zingle,9,Stage 9,0,0,0,0,0,0,0,0,0
2023,20230289,Axel Zingle,10,Stage 10,0,0,0,0,0,0,0,0,0
2023,20230289,Axel Zingle,11,Stage 11,0,0,0,0,0,0,0,0,0
2023,20230289,Axel Zingle,12,Stage 12,0,0,0,0,0,0,0,8,8
2023,20230289,Axel Zingle,13,Stage 13,0,0,0,0,0,0,0,0,0
2023,20230289,Axel Zingle,14,Stage 14,0,0,0,0,0,0,0,0,0
2023,20230289,Axel Zingle,15,Stage 15,0,0,0,0,0,0,0,0,0
2023,20230289,Axel Zingle,16,Stage 16,0,0,0,0,0,0,0,0,0
2023,20230289,Axel Zingle,17,Stage 17,0,0,0,0,0,0,0,0,0
2023,20230289,Axel Zingle,18,Stage 18,0,0,0,0,0,0,0,0,0
2023,20230289,Axel Zingle,19,Stage 19,0,0,0,0,0,0,0,0,0
2023,20230289,Axel Zingle,20,Stage 20,0,0,0,0,0,0,0,0,0
2023,20230289,Axel Zingle,21,Stage 21,0,0,0,0,3,0,0,0,3
2023,20230289,Axel Zingle,22,Final Classifications,0,0,0,0,0,0,0,0,0
2023,20230027,Aurélien Paret-Peintre,1,Stage 1,0,0,0,0,0,0,0,0,0
2023,20230027,Aurélien Paret-Peintre,2,Stage 2,0,0,0,0,0,0,0,0,0
2023,20230027,Aurélien Paret-Peintre,3,Stage 3,0,0,0,0,0,0,0,0,0
2023,20230027,Aurélien Paret-Peintre,4,Stage 4,0,0,0,0,0,0,0,0,0
2023,20230027,Aurélien Paret-Peintre,5,Stage 5,0,0,0,0,0,0,0,2,2
2023,20230027,Aurélien Paret-Peintre,6,Stage 6,0,0,0,0,0,0,0,0,0
2023,20230027,Aurélien Paret-Peintre,7,Stage 7,0,0,0,0,0,0,0,0,0
2023,20230027,Aurélien Paret-Peintre,8,Stage 8,0,0,0,0,0,0,0,0,0
2023,20230027,Aurélien Paret-Peintre,9,Stage 9,0,0,0,0,0,0,0,0,0
2023,20230027,Aurélien Paret-Peintre,10,Stage 10,0,0,0,0,0,0,0,2,2
2023,20230027,Aurélien Paret-Peintre,11,Stage 11,0,0,0,0,0,0,0,0,0
2023,20230027,Aurélien Paret-Peintre,12,Stage 12,0,0,0,0,0,0,0,0,0
2023,20230027,Aurélien Paret-Peintre,13,Stage 13,0,0,0,0,0,0,0,0,0
2023,20230027,Aurélien Paret-Peintre,14,Stage 14,0,0,0,0,0,0,0,0,0
2023,20230027,Aurélien Paret-Peintre,15,Stage 15,0,0,0,0,0,0,0,0,0
2023,20230027,Aurélien Paret-Peintre,16,Stage 16,0,0,0,0,0,0,0,0,0
2023,20230027,Aurélien Paret-Peintre,17,Stage 17,0,0,0,0,0,0,0,8,8
2023,20230027,Aurélien Paret-Peintre,18,Stage 18,0,0,0,0,0,0,0,0,0
2023,20230027,Aurélien Paret-Peintre,19,Stage 19,0,0,0,0,0,0,0,2,2
2023,20230027,Aurélien Paret-Peintre,20,Stage 20,0,0,0,0,0,0,0,4,4
2023,20230027,Aurélien Paret-Peintre,21,Stage 21,0,0,0,0,0,0,0,0,0
2023,20230027,Aurélien Paret-Peintre,22,Final Classifications,0,0,0,0,0,0,0,0,0
2023,20230018,Stan Dewulf,1,Stage 1,0,0,0,0,0,0,0,0,0
2023,20230018,Stan Dewulf,2,Stage 2,0,0,0,0,0,0,0,0,0
2023,20230018,Stan Dewulf,3,Stage 3,0,0,0,0,0,0,0,0,0
2023,20230018,Stan Dewulf,4,Stage 4,0,0,0,0,0,0,0,0,0
2023,20230018,Stan Dewulf,5,Stage 5,0,0,0,0,0,0,0,2,2
2023,20230018,Stan Dewulf,6,Stage 6,0,0,0,0,0,0,0,0,0
2023,20230018,Stan Dewulf,7,Stage 7,0,0,0,0,0,0,0,0,0
2023,20230018,Stan Dewulf,8,Stage 8,0,0,0,0,0,0,0,0,0
2023,20230018,Stan Dewulf,9,Stage 9,0,0,0,0,0,0,0,0,0
2023,20230018,Stan Dewulf,10,Stage 10,0,0,0,0,0,0,0,2,2
2023,20230018,Stan Dewulf,11,Stage 11,0,0,0,0,0,0,0,0,0
2023,20230018,Stan Dewulf,12,Stage 12,0,0,0,0,0,0,0,0,0
2023,20230018,Stan Dewulf,13,Stage 13,0,0,0,0,0,0,0,0,0
2023,20230018,Stan Dewulf,14,Stage 14,0,0,0,0,0,0,0,0,0
2023,20230018,Stan Dewulf,15,Stage 15,0,0,0,0,0,0,0,0,0
2023,20230018,Stan Dewulf,16,Stage 16,0,0,0,0,0,0,0,0,0
2023,20230018,Stan Dewulf,17,Stage 17,0,0,0,0,0,0,0,8,8
2023,20230018,Stan Dewulf,18,Stage 18,0,0,0,0,0,0,0,0,0
2023,20230018,Stan Dewulf,19,Stage 19,0,0,0,0,0,0,0,2,2
2023,20230018,Stan Dewulf,20,Stage 20,0,0,0,0,0,0,0,4,4
2023,20230018,Stan Dewulf,21,Stage 21,0,0,0,0,0,0,0,0,0
2023,20230018,Stan Dewulf,22,Final Classifications,0,0,0,0,0,0,0,0,0
2023,20230029,Nans Peters,1,Stage 1,0,0,0,0,0,0,0,0,0
2023,20230029,Nans Peters,2,Stage 2,0,0,0,0,0,0,0,0,0
2023,20230029,Nans Peters,3,Stage 3,0,0,0,0,0,0,0,0,0
2023,20230029,Nans Peters,4,Stage 4,0,0,0,0,0,0,0,0,0
2023,20230029,Nans Peters,5,Stage 5,0,0,0,0,0,0,0,2,2
2023,20230029,Nans Peters,6,Stage 6,0,0,0,0,0,0,0,0,0
2023,20230029,Nans Peters,7,Stage 7,0,0,0,0,0,0,0,0,0
2023,20230029,Nans Peters,8,Stage 8,0,0,0,0,0,0,0,0,0
2023,20230029,Nans Peters,9,Stage 9,0,0,0,0,0,0,0,0,0
2023,20230029,Nans Peters,10,Stage 10,0,0,0,0,0,0,0,2,2
2023,20230029,Nans Peters,11,Stage 11,0,0,0,0,0,0,0,0,0
2023,20230029,Nans Peters,12,Stage 12,0,0,0,0,0,0,0,0,0
2023,20230029,Nans Peters,13,Stage 13,0,0,0,0,0,0,0,0,0
2023,20230029,Nans Peters,14,Stage 14,0,0,0,0,0,0,0,0,0
2023,20230029,Nans Peters,15,Stage 15,0,0,0,0,0,0,0,0,0
2023,20230029,Nans Peters,16,Stage 16,0,0,0,0,0,0,0,0,0
2023,20230029,Nans Peters,17,Stage 17,0,0,0,0,0,0,0,8,8
2023,20230029,Nans Peters,18,Stage 18,0,0,0,0,0,0,0,0,0
2023,20230029,Nans Peters,19,Stage 19,0,0,0,0,0,0,0,2,2
2023,20230029,Nans Peters,20,Stage 20,0,0,0,0,0,0,0,4,4
2023,20230029,Nans Peters,21,Stage 21,0,0,0,0,0,0,0,0,0
2023,20230029,Nans Peters,22,Final Classifications,0,0,0,0,0,0,0,0,0
2023,20230270,Simon Geschke,1,Stage 1,0,0,0,0,0,0,0,0,0
2023,20230270,Simon Geschke,2,Stage 2,0,0,0,0,0,0,0,8,8
2023,20230270,Simon Geschke,3,Stage 3,0,0,0,0,0,0,0,0,0
2023,20230270,Simon Geschke,4,Stage 4,0,0,0,0,0,0,0,0,0
2023,20230270,Simon Geschke,5,Stage 5,0,0,0,0,0,0,0,0,0
2023,20230270,Simon Geschke,6,Stage 6,0,0,0,0,0,0,0,0,0
2023,20230270,Simon Geschke,7,Stage 7,0,0,0,0,0,0,0,0,0
2023,20230270,Simon Geschke,8,Stage 8,0,0,0,0,0,0,0,0,0
2023,20230270,Simon Geschke,9,Stage 9,0,0,0,0,0,0,0,0,0
2023,20230270,Simon Geschke,10,Stage 10,0,0,0,0,0,0,0,0,0
2023,20230270,Simon Geschke,11,Stage 11,0,0,0,0,0,0,0,0,0
2023,20230270,Simon Geschke,12,Stage 12,0,0,0,0,0,0,0,8,8
2023,20230270,Simon Geschke,13,Stage 13,0,0,0,0,0,0,0,0,0
2023,20230270,Simon Geschke,14,Stage 14,0,0,0,0,0,0,0,0,0
2023,20230270,Simon Geschke,15,Stage 15,0,0,0,0,0,0,0,0,0
2023,20230270,Simon Geschke,16,Stage 16,0,0,0,0,0,0,0,0,0
2023,20230270,Simon Geschke,17,Stage 17,0,0,0,0,0,0,0,0,0
2023,20230270,Simon Geschke,18,Stage 18,0,0,0,0,0,0,0,0,0
2023,20230270,Simon Geschke,19,Stage 19,0,0,0,0,0,0,0,0,0
2023,20230270,Simon Geschke,20,Stage 20,0,0,0,0,0,0,0,0,0
2023,20230270,Simon Geschke,21,Stage 21,0,0,0,0,0,0,0,0,0
2023,20230270,Simon Geschke,22,Final Classifications,0,0,0,0,0,0,0,0,0
2023,20230929,Juan Pedro López,1,Stage 1,0,0,0,0,0,0,0,0,0
2023,20230929,Juan Pedro López,2,Stage 2,0,0,0,0,0,0,0,0,0
2023,20230929,Juan Pedro López,3,Stage 3,0,0,0,0,0,0,0,0,0
2023,20230929,Juan Pedro López,4,Stage 4,0,0,0,0,0,0,0,0,0
2023,20230929,Juan Pedro López,5,Stage 5,0,0,0,0,0,0,0,8,8
2023,20230929,Juan Pedro López,6,Stage 6,0,0,0,0,0,0,0,0,0
2023,20230929,Juan Pedro López,7,Stage 7,0,0,0,0,0,0,0,0,0
2023,20230929,Juan Pedro López,8,Stage 8,0,0,0,0,0,0,0,8,8
2023,20230929,Juan Pedro López,9,Stage 9,0,0,0,0,0,0,0,0,0
2023,20230929,Juan Pedro López,10,Stage 10,0,0,0,0,0,0,0,0,0
2023,20230929,Juan Pedro López,11,Stage 11,0,0,0,0,0,0,0,0,0
2023,20230929,Juan Pedro López,12,Stage 12,0,0,0,0,0,0,0,0,0
2023,20230929,Juan Pedro López,13,Stage 13,0,0,0,0,0,0,0,0,0
2023,20230929,Juan Pedro López,14,Stage 14,0,0,0,0,0,0,0,0,0
2023,20230929,Juan Pedro López,15,Stage 15,0,0,0,0,0,0,0,0,0
2023,20230929,Juan Pedro López,16,Stage 16,0,0,0,0,0,0,0,0,0
2023,20230929,Juan Pedro López,17,Stage 17,0,0,0,0,0,0,0,0,0
2023,20230929,Juan Pedro López,18,Stage 18,0,0,0,0,0,0,0,0,0
2023,20230929,Juan Pedro López,19,Stage 19,0,0,0,0,0,0,0,0,0
2023,20230929,Juan Pedro López,20,Stage 20,0,0,0,0,0,0,0,0,0
2023,20230929,Juan Pedro López,21,Stage 21,0,0,0,0,0,0,0,0,0
2023,20230929,Juan Pedro López,22,Final Classifications,0,0,0,0,0,0,0,0,0
2023,20230934,Quinn Simmons,1,Stage 1,0,0,0,0,0,0,0,0,0
2023,20230934,Quinn Simmons,2,Stage 2,0,0,0,0,0,0,0,0,0
2023,20230934,Quinn Simmons,3,Stage 3,0,0,0,0,0,0,0,0,0
2023,20230934,Quinn Simmons,4,Stage 4,0,0,0,0,0,0,0,0,0
2023,20230934,Quinn Simmons,5,Stage 5,0,0,0,0,0,0,0,8,8
2023,20230934,Quinn Simmons,6,Stage 6,0,0,0,0,0,0,0,0,0
2023,20230934,Quinn Simmons,7,Stage 7,0,0,0,0,0,0,0,0,0
2023,20230934,Quinn Simmons,8,Stage 8,0,0,0,0,0,0,0,8,8
2023,20230934,Quinn Simmons,9,Stage 9,0,0,0,0,0,0,0,0,0
2023,20230934,Quinn Simmons,10,Stage 10,0,0,0,0,0,0,0,0,0
2023,20230934,Quinn Simmons,11,Stage 11,0,0,0,0,0,0,0,0,0
2023,20230934,Quinn Simmons,12,Stage 12,0,0,0,0,0,0,0,0,0
2023,20230934,Quinn Simmons,13,Stage 13,0,0,0,0,0,0,0,0,0
2023,20230934,Quinn Simmons,14,Stage 14,0,0,0,0,0,0,0,0,0
2023,20230934,Quinn Simmons,15,Stage 15,0,0,0,0,0,0,0,0,0
2023,20230934,Quinn Simmons,16,Stage 16,0,0,0,0,0,0,0,0,0
2023,20230934,Quinn Simmons,17,Stage 17,0,0,0,0,0,0,0,0,0
2023,20230934,Quinn Simmons,18,Stage 18,0,0,0,0,0,0,0,0,0
2023,20230934,Quinn Simmons,19,Stage 19,0,0,0,0,0,0,0,0,0
2023,20230934,Quinn Simmons,20,Stage 20,0,0,0,0,0,0,0,0,0
2023,20230934,Quinn Simmons,21,Stage 21,0,0,0,0,0,0,0,0,0
2023,20230934,Quinn Simmons,22,Final Classifications,0,0,0,0,0,0,0,0,0
2023,20230282,Alexis Renard,1,Stage 1,0,0,0,0,0,0,0,0,0
2023,20230282,Alexis Renard,2,Stage 2,0,0,0,0,0,0,0,8,8
2023,20230282,Alexis Renard,3,Stage 3,0,0,0,0,0,0,0,0,0
2023,20230282,Alexis Renard,4,Stage 4,0,0,0,0,0,0,0,0,0
2023,20230282,Alexis Renard,5,Stage 5,0,0,0,0,0,0,0,0,0
2023,20230282,Alexis Renard,6,Stage 6,0,0,0,0,0,0,0,0,0
2023,20230282,Alexis Renard,7,Stage 7,0,0,0,0,0,0,0,0,0
2023,20230282,Alexis Renard,8,Stage 8,0,0,0,0,0,0,0,0,0
2023,20230282,Alexis Renard,9,Stage 9,0,0,0,0,0,0,0,0,0
2023,20230282,Alexis Renard,10,Stage 10,0,0,0,0,0,0,0,0,0
2023,20230282,Alexis Renard,11,Stage 11,0,0,0,0,0,0,0,0,0
2023,20230282,Alexis Renard,12,Stage 12,0,0,0,0,0,0,0,8,8
2023,20230282,Alexis Renard,13,Stage 13,0,0,0,0,0,0,0,0,0
2023,20230282,Alexis Renard,14,Stage 14,0,0,0,0,0,0,0,0,0
2023,20230282,Alexis Renard,15,Stage 15,0,0,0,0,0,0,0,0,0
2023,20230282,Alexis Renard,16,Stage 16,0,0,0,0,0,0,0,0,0
2023,20230282,Alexis Renard,17,Stage 17,0,0,0,0,0,0,0,0,0
2023,20230282,Alexis Renard,18,Stage 18,0,0,0,0,0,0,0,0,0
2023,20230282,Alexis Renard,19,Stage 19,0,0,0,0,0,0,0,0,0
2023,20230282,Alexis Renard,20,Stage 20,0,0,0,0,0,0,0,0,0
2023,20230282,Alexis Renard,21,Stage 21,0,0,0,0,0,0,0,0,0
2023,20230282,Alexis Renard,22,Final Classifications,0,0,0,0,0,0,0,0,0
2023,20230922,Tony Gallopin,1,Stage 1,0,0,0,0,0,0,0,0,0
2023,20230922,Tony Gallopin,2,Stage 2,0,0,0,0,0,0,0,0,0
2023,20230922,Tony Gallopin,3,Stage 3,0,0,0,0,0,0,0,0,0
2023,20230922,Tony Gallopin,4,Stage 4,0,0,0,0,0,0,0,0,0
2023,20230922,Tony Gallopin,5,Stage 5,0,0,0,0,0,0,0,8,8
2023,20230922,Tony Gallopin,6,Stage 6,0,0,0,0,0,0,0,0,0
2023,20230922,Tony Gallopin,7,Stage 7,0,0,0,0,0,0,0,0,0
2023,20230922,Tony Gallopin,8,Stage 8,0,0,0,0,0,0,0,8,8
2023,20230922,Tony Gallopin,9,Stage 9,0,0,0,0,0,0,0,0,0
2023,20230922,Tony Gallopin,10,Stage 10,0,0,0,0,0,0,0,0,0
2023,20230922,Tony Gallopin,11,Stage 11,0,0,0,0,0,0,0,0,0
2023,20230922,Tony Gallopin,12,Stage 12,0,0,0,0,0,0,0,0,0
2023,20230922,Tony Gallopin,13,Stage 13,0,0,0,0,0,0,0,0,0
2023,20230922,Tony Gallopin,14,Stage 14,0,0,0,0,0,0,0,0,0
2023,20230922,Tony Gallopin,15,Stage 15,0,0,0,0,0,0,0,0,0
2023,20230922,Tony Gallopin,16,Stage 16,0,0,0,0,0,0,0,0,0
2023,20230922,Tony Gallopin,17,Stage 17,0,0,0,0,0,0,0,0,0
2023,20230922,Tony Gallopin,18,Stage 18,0,0,0,0,0,0,0,0,0
2023,20230922,Tony Gallopin,19,Stage 19,0,0,0,0,0,0,0,0,0
2023,20230922,Tony Gallopin,20,Stage 20,0,0,0,0,0,0,0,0,0
2023,20230922,Tony Gallopin,21,Stage 21,0,0,0,0,0,0,0,0,0
2023,20230922,Tony Gallopin,22,Final Classifications,0,0,0,0,0,0,0,0,0
2023,20230622,Frederik Frison,1,Stage 1,0,0,0,0,0,0,0,0,0
2023,20230622,Frederik Frison,2,Stage 2,0,0,0,0,0,0,0,0,0
2023,20230622,Frederik Frison,3,Stage 3,0,0,0,0,0,0,0,2,2
2023,20230622,Frederik Frison,4,Stage 4,0,0,0,0,0,0,0,4,4
2023,20230622,Frederik Frison,5,Stage 5,0,0,0,0,0,0,0,0,0
2023,20230622,Frederik Frison,6,Stage 6,0,0,0,0,0,0,0,0,0
2023,20230622,Frederik Frison,7,Stage 7,0,0,0,0,0,0,0,0,0
2023,20230622,Frederik Frison,8,Stage 8,0,0,0,0,0,0,0,0,0
2023,20230622,Frederik Frison,9,Stage 9,0,0,0,0,0,0,0,0,0
2023,20230622,Frederik Frison,10,Stage 10,0,0,0,0,0,0,0,0,0
2023,20230622,Frederik Frison,11,Stage 11,0,0,0,0,0,0,0,0,0
2023,20230622,Frederik Frison,12,Stage 12,0,0,0,0,0,0,0,0,0
2023,20230622,Frederik Frison,13,Stage 13,0,0,0,0,0,0,0,4,4
2023,20230622,Frederik Frison,14,Stage 14,0,0,0,0,0,0,0,0,0
2023,20230622,Frederik Frison,15,Stage 15,0,0,0,0,0,0,0,0,0
2023,20230622,Frederik Frison,16,Stage 16,0,0,0,0,0,0,0,0,0
2023,20230622,Frederik Frison,17,Stage 17,0,0,0,0,0,0,0,0,0
2023,20230622,Frederik Frison,18,Stage 18,0,0,0,0,0,0,0,4,4
2023,20230622,Frederik Frison,19,Stage 19,0,0,0,0,0,0,0,0,0
2023,20230622,Frederik Frison,20,Stage 20,0,0,0,0,0,0,0,0,0
2023,20230622,Frederik Frison,21,Stage 21,0,0,0,0,0,0,0,0,0
2023,20230622,Frederik Frison,22,Final Classifications,0,0,0,0,0,0,0,0,0
2023,20230638,Florian Vermeersch,1,Stage 1,0,0,0,0,0,0,0,0,0
2023,20230638,Florian Vermeersch,2,Stage 2,0,0,0,0,0,0,0,0,0
2023,20230638,Florian Vermeersch,3,Stage 3,0,0,0,0,0,0,0,2,2
2023,20230638,Florian Vermeersch,4,Stage 4,0,0,0,0,0,0,0,4,4
2023,20230638,Florian Vermeersch,5,Stage 5,0,0,0,0,0,0,0,0,0
2023,20230638,Florian Vermeersch,6,Stage 6,0,0,0,0,0,0,0,0,0
2023,20230638,Florian Vermeersch,7,Stage 7,0,0,0,0,0,0,0,0,0
2023,20230638,Florian Vermeersch,8,Stage 8,0,0,0,0,0,0,0,0,0
2023,20230638,Florian Vermeersch,9,Stage 9,0,0,0,0,0,0,0,0,0
2023,20230638,Florian Vermeersch,10,Stage 10,0,0,0,0,0,0,0,0,0
2023,20230638,Florian Vermeersch,11,Stage 11,0,0,0,0,0,0,0,0,0
2023,20230638,Florian Vermeersch,12,Stage 12,0,0,0,0,0,0,0,0,0
2023,20230638,Florian Vermeersch,13,Stage 13,0,0,0,0,0,0,0,4,4
2023,20230638,Florian Vermeersch,14,Stage 14,0,0,0,0,0,0,0,0,0
2023,20230638,Florian Vermeersch,15,Stage 15,0,0,0,0,0,0,0,0,0
2023,20230638,Florian Vermeersch,16,Stage 16,0,0,0,0,0,0,0,0,0
2023,20230638,Florian Vermeersch,17,Stage 17,0,0,0,0,0,0,0,0,0
2023,20230638,Florian Vermeersch,18,Stage 18,0,0,0,0,0,0,0,4,4
2023,20230638,Florian Vermeersch,19,Stage 19,0,0,0,0,0,0,0,0,0
2023,20230638,Florian Vermeersch,20,Stage 20,0,0,0,0,0,0,0,0,0
2023,20230638,Florian Vermeersch,21,Stage 21,0,0,0,0,0,0,0,0,0
2023,20230638,Florian Vermeersch,22,Final Classifications,0,0,0,0,0,0,0,0,0
2023,20230089,Yevgeniy Fedorov,1,Stage 1,0,0,0,0,0,0,0,0,0
2023,20230089,Yevgeniy Fedorov,2,Stage 2,0,0,0,0,0,0,0,0,0
2023,20230089,Yevgeniy Fedorov,3,Stage 3,0,0,0,0,0,0,0,0,0
2023,20230089,Yevgeniy Fedorov,4,Stage 4,0,0,0,0,0,0,0,0,0
2023,20230089,Yevgeniy Fedorov,5,Stage 5,0,0,0,0,0,0,0,0,0
2023,20230089,Yevgeniy Fedorov,6,Stage 6,0,0,0,0,0,0,0,0,0
2023,20230089,Yevgeniy Fedorov,7,Stage 7,0,0,0,0,0,0,0,4,4
2023,20230089,Yevgeniy Fedorov,8,Stage 8,0,0,0,0,0,0,0,0,0
2023,20230089,Yevgeniy Fedorov,9,Stage 9,0,0,0,0,0,0,0,0,0
2023,20230089,Yevgeniy Fedorov,10,Stage 10,0,0,0,0,0,0,0,0,0
2023,20230089,Yevgeniy Fedorov,11,Stage 11,0,0,0,0,0,0,0,0,0
2023,20230089,Yevgeniy Fedorov,12,Stage 12,0,0,0,0,0,0,0,0,0
2023,20230089,Yevgeniy Fedorov,13,Stage 13,0,0,0,0,0,0,0,0,0
2023,20230089,Yevgeniy Fedorov,14,Stage 14,0,0,0,0,0,0,0,0,0
2023,20230089,Yevgeniy Fedorov,15,Stage 15,0,0,0,0,0,0,0,0,0
2023,20230089,Yevgeniy Fedorov,16,Stage 16,0,0,0,0,0,0,0,0,0
2023,20230089,Yevgeniy Fedorov,17,Stage 17,0,0,0,0,0,0,0,0,0
2023,20230089,Yevgeniy Fedorov,18,Stage 18,0,0,0,0,0,0,0,0,0
2023,20230089,Yevgeniy Fedorov,19,Stage 19,0,0,0,0,0,0,0,0,0
2023,20230089,Yevgeniy Fedorov,20,Stage 20,0,0,0,0,0,0,0,0,0
2023,20230089,Yevgeniy Fedorov,21,Stage 21,8,0,0,0,0,0,0,0,8
2023,20230089,Yevgeniy Fedorov,22,Final Classifications,0,0,0,0,0,0,0,0,0
2023,20230448,Olivier Le Gac,1,Stage 1,0,0,0,0,0,0,0,2,2
2023,20230448,Olivier Le Gac,2,Stage 2,0,0,0,0,0,0,0,0,0
2023,20230448,Olivier Le Gac,3,Stage 3,0,0,0,0,0,0,0,0,0
2023,20230448,Olivier Le Gac,4,Stage 4,0,0,0,0,0,0,0,0,0
2023,20230448,Olivier Le Gac,5,Stage 5,0,0,0,0,0,0,0,0,0
2023,20230448,Olivier Le Gac,6,Stage 6,0,0,0,0,0,0,0,0,0
2023,20230448,Olivier Le Gac,7,Stage 7,0,0,0,0,0,0,0,0,0
2023,20230448,Olivier Le Gac,8,Stage 8,0,0,0,0,0,0,0,0,0
2023,20230448,Olivier Le Gac,9,Stage 9,0,0,0,0,0,0,0,0,0
2023,20230448,Olivier Le Gac,10,Stage 10,0,0,0,0,0,0,0,0,0
2023,20230448,Olivier Le Gac,11,Stage 11,0,0,0,0,0,0,0,0,0
2023,20230448,Olivier Le Gac,12,Stage 12,0,0,0,0,0,0,0,0,0
2023,20230448,Olivier Le Gac,13,Stage 13,0,0,0,0,0,0,0,0,0
2023,20230448,Olivier Le Gac,14,Stage 14,0,0,0,0,0,0,0,0,0
2023,20230448,Olivier Le Gac,15,Stage 15,0,0,0,0,0,0,0,0,0
2023,20230448,Olivier Le Gac,16,Stage 16,0,0,0,0,0,0,0,0,0
2023,20230448,Olivier Le Gac,17,Stage 17,0,0,0,0,0,0,0,0,0
2023,20230448,Olivier Le Gac,18,Stage 18,0,0,0,0,0,0,0,0,0
2023,20230448,Olivier Le Gac,19,Stage 19,0,0,0,0,0,0,0,0,0
2023,20230448,Olivier Le Gac,20,Stage 20,0,0,0,0,0,0,0,0,0
2023,20230448,Olivier Le Gac,21,Stage 21,0,0,0,0,0,0,0,0,0
2023,20230448,Olivier Le Gac,22,Final Classifications,0,0,0,0,0,0,0,10,10
2023,20230710,Dries Devenyns,1,Stage 1,0,0,0,0,0,0,0,0,0
2023,20230710,Dries Devenyns,2,Stage 2,0,0,0,0,0,0,0,0,0
2023,20230710,Dries Devenyns,3,Stage 3,0,0,0,0,0,0,0,0,0
2023,20230710,Dries Devenyns,4,Stage 4,0,0,0,0,0,0,0,0,0
2023,20230710,Dries Devenyns,5,Stage 5,0,0,0,0,0,0,0,0,0
2023,20230710,Dries Devenyns,6,Stage 6,0,0,0,0,0,0,0,0,0
2023,20230710,Dries Devenyns,7,Stage 7,0,0,0,0,0,0,0,0,0
2023,20230710,Dries Devenyns,8,Stage 8,0,0,0,0,0,0,0,0,0
2023,20230710,Dries Devenyns,9,Stage 9,0,0,0,0,0,0,0,0,0
2023,20230710,Dries Devenyns,10,Stage 10,0,0,0,0,0,0,0,0,0
2023,20230710,Dries Devenyns,11,Stage 11,0,0,0,0,0,0,0,0,0
2023,20230710,Dries Devenyns,12,Stage 12,0,0,0,0,0,0,0,0,0
2023,20230710,Dries Devenyns,13,Stage 13,0,0,0,0,0,0,0,0,0
2023,20230710,Dries Devenyns,14,Stage 14,0,0,0,0,0,0,0,0,0
2023,20230710,Dries Devenyns,15,Stage 15,0,0,0,0,0,0,0,0,0
2023,20230710,Dries Devenyns,16,Stage 16,0,0,0,0,0,0,0,0,0
2023,20230710,Dries Devenyns,17,Stage 17,0,0,0,0,0,0,0,0,0
2023,20230710,Dries Devenyns,18,Stage 18,0,0,0,0,0,0,0,8,8
2023,20230710,Dries Devenyns,19,Stage 19,0,0,0,0,0,0,0,4,4
2023,20230710,Dries Devenyns,20,Stage 20,0,0,0,0,0,0,0,0,0
2023,20230710,Dries Devenyns,21,Stage 21,0,0,0,0,0,0,0,0,0
2023,20230710,Dries Devenyns,22,Final Classifications,0,0,0,0,0,0,0,0,0
2023,20230520,Rui Costa,1,Stage 1,0,0,0,0,0,0,0,0,0
2023,20230520,Rui Costa,2,Stage 2,0,0,0,0,0,0,0,0,0
2023,20230520,Rui Costa,3,Stage 3,0,0,0,0,0,0,0,0,0
2023,20230520,Rui Costa,4,Stage 4,0,0,0,0,0,0,0,0,0
2023,20230520,Rui Costa,5,Stage 5,0,0,0,0,0,0,0,0,0
2023,20230520,Rui Costa,6,Stage 6,0,0,0,0,0,0,0,0,0
2023,20230520,Rui Costa,7,Stage 7,0,0,0,0,0,0,0,2,2
2023,20230520,Rui Costa,8,Stage 8,0,0,0,0,0,0,0,0,0
2023,20230520,Rui Costa,9,Stage 9,0,0,0,0,0,0,0,0,0
2023,20230520,Rui Costa,10,Stage 10,0,0,0,0,0,0,0,4,4
2023,20230520,Rui Costa,11,Stage 11,0,0,0,0,0,0,0,0,0
2023,20230520,Rui Costa,12,Stage 12,0,0,0,0,0,0,0,0,0
2023,20230520,Rui Costa,13,Stage 13,0,0,0,0,0,0,0,0,0
2023,20230520,Rui Costa,14,Stage 14,0,0,0,0,0,0,0,0,0
2023,20230520,Rui Costa,15,Stage 15,0,0,0,0,0,0,0,0,0
2023,20230520,Rui Costa,16,Stage 16,4,0,0,0,0,0,0,0,4
2023,20230520,Rui Costa,17,Stage 17,0,0,0,0,0,0,0,0,0
2023,20230520,Rui Costa,18,Stage 18,0,0,0,0,0,0,0,0,0
2023,20230520,Rui Costa,19,Stage 19,0,0,0,0,0,0,0,0,0
2023,20230520,Rui Costa,20,Stage 20,0,0,0,0,0,0,0,0,0
2023,20230520,Rui Costa,21,Stage 21,0,0,0,0,0,0,0,0,0
2023,20230520,Rui Costa,22,Final Classifications,0,0,0,0,0,0,0,0,0
2023,20230655,Gregor Mühlberger,1,Stage 1,0,0,0,0,0,0,0,0,0
2023,20230655,Gregor Mühlberger,2,Stage 2,0,0,0,0,0,0,0,0,0
2023,20230655,Gregor Mühlberger,3,Stage 3,0,0,0,0,0,0,0,0,0
2023,20230655,Gregor Mühlberger,4,Stage 4,0,0,0,0,0,0,0,0,0
2023,20230655,Gregor Mühlberger,5,Stage 5,0,0,0,0,0,0,0,0,0
2023,20230655,Gregor Mühlberger,6,Stage 6,0,0,0,0,0,0,0,0,0
2023,20230655,Gregor Mühlberger,7,Stage 7,0,0,0,0,0,0,0,0,0
2023,20230655,Gregor Mühlberger,8,Stage 8,0,0,0,0,0,0,0,0,0
2023,20230655,Gregor Mühlberger,9,Stage 9,0,0,0,0,0,0,0,0,0
2023,20230655,Gregor Mühlberger,10,Stage 10,0,0,0,0,0,0,0,0,0
2023,20230655,Gregor Mühlberger,11,Stage 11,0,0,0,0,0,0,0,0,0
2023,20230655,Gregor Mühlberger,12,Stage 12,0,0,0,0,0,0,0,2,2
2023,20230655,Gregor Mühlberger,13,Stage 13,0,0,0,0,0,0,0,0,0
2023,20230655,Gregor Mühlberger,14,Stage 14,0,0,0,0,0,0,0,0,0
2023,20230655,Gregor Mühlberger,15,Stage 15,0,0,0,0,0,0,0,0,0
2023,20230655,Gregor Mühlberger,16,Stage 16,0,0,0,0,0,0,0,0,0
2023,20230655,Gregor Mühlberger,17,Stage 17,0,0,0,0,8,0,0,0,8
2023,20230655,Gregor Mühlberger,18,Stage 18,0,0,0,0,0,0,0,0,0
2023,20230655,Gregor Mühlberger,19,Stage 19,0,0,0,0,0,0,0,0,0
2023,20230655,Gregor Mühlberger,20,Stage 20,0,0,0,0,0,0,0,0,0
2023,20230655,Gregor Mühlberger,21,Stage 21,0,0,0,0,0,0,0,0,0
2023,20230655,Gregor Mühlberger,22,Final Classifications,0,0,0,0,0,0,0,0,0
2023,20230548,Simon Clarke,1,Stage 1,0,0,0,0,0,0,0,0,0
2023,20230548,Simon Clarke,2,Stage 2,0,0,0,0,0,0,0,0,0
2023,20230548,Simon Clarke,3,Stage 3,0,0,0,0,0,0,0,0,0
2023,20230548,Simon Clarke,4,Stage 4,0,0,0,0,0,0,0,0,0
2023,20230548,Simon Clarke,5,Stage 5,0,0,0,0,0,0,0,0,0
2023,20230548,Simon Clarke,6,Stage 6,0,0,0,0,0,0,0,0,0
2023,20230548,Simon Clarke,7,Stage 7,0,0,0,0,0,0,0,0,0
2023,20230548,Simon Clarke,8,Stage 8,0,0,0,0,0,0,0,0,0
2023,20230548,Simon Clarke,9,Stage 9,0,0,0,0,0,0,0,8,8
2023,20230548,Simon Clarke,10,Stage 10,0,0,0,0,0,0,0,0,0
2023,20230548,Simon Clarke,11,Stage 11,0,0,0,0,0,0,0,0,0
2023,20230548,Simon Clarke,12,Stage 12,0,0,0,0,0,0,0,0,0
2023,20230548,Simon Clarke,13,Stage 13,0,0,0,0,0,0,0,0,0
2023,20230548,Simon Clarke,14,Stage 14,0,0,0,0,0,0,0,0,0
2023,20230548,Simon Clarke,15,Stage 15,0,0,0,0,0,0,0,0,0
2023,20230548,Simon Clarke,16,Stage 16,0,0,0,0,0,0,0,0,0
2023,20230548,Simon Clarke,17,Stage 17,0,0,0,0,0,0,0,0,0
2023,20230548,Simon Clarke,18,Stage 18,0,0,0,0,0,0,0,0,0
2023,20230548,Simon Clarke,19,Stage 19,0,0,0,0,0,0,0,0,0
2023,20230548,Simon Clarke,20,Stage 20,0,0,0,0,0,0,0,0,0
2023,20230548,Simon Clarke,21,Stage 21,0,0,0,0,0,0,0,0,0
2023,20230548,Simon Clarke,22,Final Classifications,0,0,0,0,0,0,0,0,0
2023,20231019,Torstein Træen,1,Stage 1,0,0,0,0,0,0,0,0,0
2023,20231019,Torstein Træen,2,Stage 2,0,0,0,0,0,0,0,0,0
2023,20231019,Torstein Træen,3,Stage 3,0,0,0,0,0,0,0,0,0
2023,20231019,Torstein Træen,4,Stage 4,0,0,0,0,0,0,0,0,0
2023,20231019,Torstein Træen,5,Stage 5,0,0,0,0,0,0,0,0,0
2023,20231019,Torstein Træen,6,Stage 6,0,0,0,0,0,0,0,2,2
2023,20231019,Torstein Træen,7,Stage 7,0,0,0,0,0,0,0,0,0
2023,20231019,Torstein Træen,8,Stage 8,0,0,0,0,0,0,0,0,0
2023,20231019,Torstein Træen,9,Stage 9,0,0,0,0,0,0,0,0,0
2023,20231019,Torstein Træen,10,Stage 10,0,0,0,0,0,0,0,0,0
2023,20231019,Torstein Træen,11,Stage 11,0,0,0,0,0,0,0,0,0
2023,20231019,Torstein Træen,12,Stage 12,0,0,0,0,0,0,0,0,0
2023,20231019,Torstein Træen,13,Stage 13,0,0,0,0,0,0,0,0,0
2023,20231019,Torstein Træen,14,Stage 14,0,0,0,0,0,0,0,0,0
2023,20231019,Torstein Træen,15,Stage 15,0,0,0,0,3,0,0,0,3
2023,20231019,Torstein Træen,16,Stage 16,0,0,0,0,0,0,0,0,0
2023,20231019,Torstein Træen,17,Stage 17,0,0,0,0,0,0,0,0,0
2023,20231019,Torstein Træen,18,Stage 18,0,0,0,0,0,0,0,2,2
2023,20231019,Torstein Træen,19,Stage 19,0,0,0,0,0,0,0,0,0
2023,20231019,Torstein Træen,20,Stage 20,0,0,0,0,0,0,0,0,0
2023,20231019,Torstein Træen,21,Stage 21,0,0,0,0,0,0,0,0,0
2023,20231019,Torstein Træen,22,Final Classifications,0,0,0,0,0,0,0,0,0
2023,20230538,Dion Smith,1,Stage 1,0,0,0,0,0,0,0,0,0
2023,20230538,Dion Smith,2,Stage 2,0,0,0,0,0,0,0,0,0
2023,20230538,Dion Smith,3,Stage 3,0,0,0,0,0,0,0,0,0
2023,20230538,Dion Smith,4,Stage 4,0,0,0,0,0,0,0,0,0
2023,20230538,Dion Smith,5,Stage 5,0,0,0,0,0,0,0,0,0
2023,20230538,Dion Smith,6,Stage 6,0,0,0,0,0,0,0,0,0
2023,20230538,Dion Smith,7,Stage 7,0,0,0,0,0,0,0,2,2
2023,20230538,Dion Smith,8,Stage 8,0,0,0,0,0,0,0,0,0
2023,20230538,Dion Smith,9,Stage 9,0,0,0,0,0,0,0,0,0
2023,20230538,Dion Smith,10,Stage 10,0,0,0,0,0,0,0,4,4
2023,20230538,Dion Smith,11,Stage 11,0,0,0,0,0,0,0,0,0
2023,20230538,Dion Smith,12,Stage 12,0,0,0,0,0,0,0,0,0
2023,20230538,Dion Smith,13,Stage 13,0,0,0,0,0,0,0,0,0
2023,20230538,Dion Smith,14,Stage 14,0,0,0,0,0,0,0,0,0
2023,20230538,Dion Smith,15,Stage 15,0,0,0,0,0,0,0,0,0
2023,20230538,Dion Smith,16,Stage 16,0,0,0,0,0,0,0,0,0
2023,20230538,Dion Smith,17,Stage 17,0,0,0,0,0,0,0,0,0
2023,20230538,Dion Smith,18,Stage 18,0,0,0,0,0,0,0,0,0
2023,20230538,Dion Smith,19,Stage 19,0,0,0,0,0,0,0,0,0
2023,20230538,Dion Smith,20,Stage 20,0,0,0,0,0,0,0,0,0
2023,20230538,Dion Smith,21,Stage 21,0,0,0,0,0,0,0,0,0
2023,20230538,Dion Smith,22,Final Classifications,0,0,0,0,0,0,0,0,0
2023,20230624,Jacopo Guarnieri,1,Stage 1,0,0,0,0,0,0,0,0,0
2023,20230624,Jacopo Guarnieri,2,Stage 2,0,0,0,0,0,0,0,0,0
2023,20230624,Jacopo Guarnieri,3,Stage 3,0,0,0,0,0,0,0,2,2
2023,20230624,Jacopo Guarnieri,4,Stage 4,0,0,0,0,0,0,0,4,4
2023,20230624,Jacopo Guarnieri,5,Stage 5,0,0,0,0,0,0,0,0,0
2023,20230624,Jacopo Guarnieri,6,Stage 6,0,0,0,0,0,0,0,0,0
2023,20230624,Jacopo Guarnieri,7,Stage 7,0,0,0,0,0,0,0,0,0
2023,20230624,Jacopo Guarnieri,8,Stage 8,0,0,0,0,0,0,0,0,0
2023,20230624,Jacopo Guarnieri,9,Stage 9,0,0,0,0,0,0,0,0,0
2023,20230624,Jacopo Guarnieri,10,Stage 10,0,0,0,0,0,0,0,0,0
2023,20230624,Jacopo Guarnieri,11,Stage 11,0,0,0,0,0,0,0,0,0
2023,20230624,Jacopo Guarnieri,12,Stage 12,0,0,0,0,0,0,0,0,0
2023,20230624,Jacopo Guarnieri,13,Stage 13,0,0,0,0,0,0,0,0,0
2023,20230624,Jacopo Guarnieri,14,Stage 14,0,0,0,0,0,0,0,0,0
2023,20230624,Jacopo Guarnieri,15,Stage 15,0,0,0,0,0,0,0,0,0
2023,20230624,Jacopo Guarnieri,16,Stage 16,0,0,0,0,0,0,0,0,0
2023,20230624,Jacopo Guarnieri,17,Stage 17,0,0,0,0,0,0,0,0,0
2023,20230624,Jacopo Guarnieri,18,Stage 18,0,0,0,0,0,0,0,0,0
2023,20230624,Jacopo Guarnieri,19,Stage 19,0,0,0,0,0,0,0,0,0
2023,20230624,Jacopo Guarnieri,20,Stage 20,0,0,0,0,0,0,0,0,0
2023,20230624,Jacopo Guarnieri,21,Stage 21,0,0,0,0,0,0,0,0,0
2023,20230624,Jacopo Guarnieri,22,Final Classifications,0,0,0,0,0,0,0,0,0
2023,20230820,Kevin Vermaerke,1,Stage 1,0,0,0,0,0,0,0,0,0
2023,20230820,Kevin Vermaerke,2,Stage 2,0,0,0,0,0,0,0,0,0
2023,20230820,Kevin Vermaerke,3,Stage 3,0,0,0,0,0,0,0,0,0
2023,20230820,Kevin Vermaerke,4,Stage 4,0,0,0,0,0,0,0,0,0
2023,20230820,Kevin Vermaerke,5,Stage 5,0,0,0,0,0,0,0,0,0
2023,20230820,Kevin Vermaerke,6,Stage 6,0,0,0,0,0,0,0,0,0
2023,20230820,Kevin Vermaerke,7,Stage 7,0,0,0,0,0,0,0,0,0
2023,20230820,Kevin Vermaerke,8,Stage 8,0,0,0,0,0,0,0,0,0
2023,20230820,Kevin Vermaerke,9,Stage 9,0,0,0,0,0,0,0,0,0
2023,20230820,Kevin Vermaerke,10,Stage 10,0,0,0,0,0,0,0,0,0
2023,20230820,Kevin Vermaerke,11,Stage 11,0,0,0,0,0,0,0,0,0
2023,20230820,Kevin Vermaerke,12,Stage 12,0,0,0,0,0,0,0,0,0
2023,20230820,Kevin Vermaerke,13,Stage 13,0,0,0,0,0,0,0,0,0
2023,20230820,Kevin Vermaerke,14,Stage 14,0,0,0,0,0,0,0,0,0
2023,20230820,Kevin Vermaerke,15,Stage 15,0,0,0,0,0,0,0,0,0
2023,20230820,Kevin Vermaerke,16,Stage 16,0,0,0,0,0,0,0,0,0
2023,20230820,Kevin Vermaerke,17,Stage 17,0,0,0,0,5,0,0,0,5
2023,20230820,Kevin Vermaerke,18,Stage 18,0,0,0,0,0,0,0,0,0
2023,20230820,Kevin Vermaerke,19,Stage 19,0,0,0,0,0,0,0,0,0
2023,20230820,Kevin Vermaerke,20,Stage 20,0,0,0,0,0,0,0,0,0
2023,20230820,Kevin Vermaerke,21,Stage 21,0,0,0,0,0,0,0,0,0
2023,20230820,Kevin Vermaerke,22,Final Classifications,0,0,0,0,0,0,0,0,0
2023,20230097,Gianni Moscon,1,Stage 1,0,0,0,0,0,0,0,0,0
2023,20230097,Gianni Moscon,2,Stage 2,0,0,0,0,0,0,0,0,0
2023,20230097,Gianni Moscon,3,Stage 3,0,0,0,0,0,0,0,0,0
2023,20230097,Gianni Moscon,4,Stage 4,0,0,0,0,0,0,0,0,0
2023,20230097,Gianni Moscon,5,Stage 5,0,0,0,0,0,0,0,0,0
2023,20230097,Gianni Moscon,6,Stage 6,0,0,0,0,0,0,0,0,0
2023,20230097,Gianni Moscon,7,Stage 7,0,0,0,0,0,0,0,4,4
2023,20230097,Gianni Moscon,8,Stage 8,0,0,0,0,0,0,0,0,0
2023,20230097,Gianni Moscon,9,Stage 9,0,0,0,0,0,0,0,0,0
2023,20230097,Gianni Moscon,10,Stage 10,0,0,0,0,0,0,0,0,0
2023,20230097,Gianni Moscon,11,Stage 11,0,0,0,0,0,0,0,0,0
2023,20230097,Gianni Moscon,12,Stage 12,0,0,0,0,0,0,0,0,0
2023,20230097,Gianni Moscon,13,Stage 13,0,0,0,0,0,0,0,0,0
2023,20230097,Gianni Moscon,14,Stage 14,0,0,0,0,0,0,0,0,0
2023,20230097,Gianni Moscon,15,Stage 15,0,0,0,0,0,0,0,0,0
2023,20230097,Gianni Moscon,16,Stage 16,0,0,0,0,0,0,0,0,0
2023,20230097,Gianni Moscon,17,Stage 17,0,0,0,0,0,0,0,0,0
2023,20230097,Gianni Moscon,18,Stage 18,0,0,0,0,0,0,0,0,0
2023,20230097,Gianni Moscon,19,Stage 19,0,0,0,0,0,0,0,0,0
2023,20230097,Gianni Moscon,20,Stage 20,0,0,0,0,0,0,0,0,0
2023,20230097,Gianni Moscon,21,Stage 21,0,0,0,0,0,0,0,0,0
2023,20230097,Gianni Moscon,22,Final Classifications,0,0,0,0,0,0,0,0,0
2023,20230744,Jenthe Biermans,1,Stage 1,0,0,0,0,0,0,0,0,0
2023,20230744,Jenthe Biermans,2,Stage 2,0,0,0,0,0,0,0,0,0
2023,20230744,Jenthe Biermans,3,Stage 3,0,0,0,0,0,0,0,0,0
2023,20230744,Jenthe Biermans,4,Stage 4,0,0,0,0,0,0,0,0,0
2023,20230744,Jenthe Biermans,5,Stage 5,0,0,0,0,0,0,0,0,0
2023,20230744,Jenthe Biermans,6,Stage 6,0,0,0,0,0,0,0,0,0
2023,20230744,Jenthe Biermans,7,Stage 7,0,0,0,0,0,0,0,0,0
2023,20230744,Jenthe Biermans,8,Stage 8,0,0,0,0,0,0,0,0,0
2023,20230744,Jenthe Biermans,9,Stage 9,0,0,0,0,0,0,0,0,0
2023,20230744,Jenthe Biermans,10,Stage 10,0,0,0,0,0,0,0,0,0
2023,20230744,Jenthe Biermans,11,Stage 11,0,0,0,0,0,0,0,0,0
2023,20230744,Jenthe Biermans,12,Stage 12,0,0,0,0,0,0,0,0,0
2023,20230744,Jenthe Biermans,13,Stage 13,0,0,0,0,0,0,0,0,0
2023,20230744,Jenthe Biermans,14,Stage 14,0,0,0,0,0,0,0,0,0
2023,20230744,Jenthe Biermans,15,Stage 15,0,0,0,0,0,0,0,0,0
2023,20230744,Jenthe Biermans,16,Stage 16,0,0,0,0,0,0,0,0,0
2023,20230744,Jenthe Biermans,17,Stage 17,0,0,0,0,0,0,0,0,0
2023,20230744,Jenthe Biermans,18,Stage 18,0,0,0,0,1,0,0,0,1
2023,20230744,Jenthe Biermans,19,Stage 19,0,0,0,0,0,0,0,0,0
2023,20230744,Jenthe Biermans,20,Stage 20,0,0,0,0,0,0,0,0,0
2023,20230744,Jenthe Biermans,21,Stage 21,0,0,0,0,0,0,0,0,0
2023,20230744,Jenthe Biermans,22,Final Classifications,0,0,0,0,0,0,0,0,0
2023,20230653,Enric Mas,1,Stage 1,0,0,0,0,0,0,0,0,0
2023,20230653,Enric Mas,2,Stage 2,0,0,0,0,0,0,0,0,0
2023,20230653,Enric Mas,3,Stage 3,0,0,0,0,0,0,0,0,0
2023,20230653,Enric Mas,4,Stage 4,0,0,0,0,0,0,0,0,0
2023,20230653,Enric Mas,5,Stage 5,0,0,0,0,0,0,0,0,0
2023,20230653,Enric Mas,6,Stage 6,0,0,0,0,0,0,0,0,0
2023,20230653,Enric Mas,7,Stage 7,0,0,0,0,0,0,0,0,0
2023,20230653,Enric Mas,8,Stage 8,0,0,0,0,0,0,0,0,0
2023,20230653,Enric Mas,9,Stage 9,0,0,0,0,0,0,0,0,0
2023,20230653,Enric Mas,10,Stage 10,0,0,0,0,0,0,0,0,0
2023,20230653,Enric Mas,11,Stage 11,0,0,0,0,0,0,0,0,0
2023,20230653,Enric Mas,12,Stage 12,0,0,0,0,0,0,0,0,0
2023,20230653,Enric Mas,13,Stage 13,0,0,0,0,0,0,0,0,0
2023,20230653,Enric Mas,14,Stage 14,0,0,0,0,0,0,0,0,0
2023,20230653,Enric Mas,15,Stage 15,0,0,0,0,0,0,0,0,0
2023,20230653,Enric Mas,16,Stage 16,0,0,0,0,0,0,0,0,0
2023,20230653,Enric Mas,17,Stage 17,0,0,0,0,0,0,0,0,0
2023,20230653,Enric Mas,18,Stage 18,0,0,0,0,0,0,0,0,0
2023,20230653,Enric Mas,19,Stage 19,0,0,0,0,0,0,0,0,0
2023,20230653,Enric Mas,20,Stage 20,0,0,0,0,0,0,0,0,0
2023,20230653,Enric Mas,21,Stage 21,0,0,0,0,0,0,0,0,0
2023,20230653,Enric Mas,22,Final Classifications,0,0,0,0,0,0,0,0,0
2023,20230305,Richard Carapaz,1,Stage 1,0,0,0,0,0,0,0,0,0
2023,20230305,Richard Carapaz,2,Stage 2,0,0,0,0,0,0,0,0,0
2023,20230305,Richard Carapaz,3,Stage 3,0,0,0,0,0,0,0,0,0
2023,20230305,Richard Carapaz,4,Stage 4,0,0,0,0,0,0,0,0,0
2023,20230305,Richard Carapaz,5,Stage 5,0,0,0,0,0,0,0,0,0
2023,20230305,Richard Carapaz,6,Stage 6,0,0,0,0,0,0,0,0,0
2023,20230305,Richard Carapaz,7,Stage 7,0,0,0,0,0,0,0,0,0
2023,20230305,Richard Carapaz,8,Stage 8,0,0,0,0,0,0,0,0,0
2023,20230305,Richard Carapaz,9,Stage 9,0,0,0,0,0,0,0,0,0
2023,20230305,Richard Carapaz,10,Stage 10,0,0,0,0,0,0,0,0,0
2023,20230305,Richard Carapaz,11,Stage 11,0,0,0,0,0,0,0,0,0
2023,20230305,Richard Carapaz,12,Stage 12,0,0,0,0,0,0,0,0,0
2023,20230305,Richard Carapaz,13,Stage 13,0,0,0,0,0,0,0,0,0
2023,20230305,Richard Carapaz,14,Stage 14,0,0,0,0,0,0,0,0,0
2023,20230305,Richard Carapaz,15,Stage 15,0,0,0,0,0,0,0,0,0
2023,20230305,Richard Carapaz,16,Stage 16,0,0,0,0,0,0,0,0,0
2023,20230305,Richard Carapaz,17,Stage 17,0,0,0,0,0,0,0,0,0
2023,20230305,Richard Carapaz,18,Stage 18,0,0,0,0,0,0,0,0,0
2023,20230305,Richard Carapaz,19,Stage 19,0,0,0,0,0,0,0,0,0
2023,20230305,Richard Carapaz,20,Stage 20,0,0,0,0,0,0,0,0,0
2023,20230305,Richard Carapaz,21,Stage 21,0,0,0,0,0,0,0,0,0
2023,20230305,Richard Carapaz,22,Final Classifications,0,0,0,0,0,0,0,0,0
2023,20230104,Luis León Sánchez,1,Stage 1,0,0,0,0,0,0,0,0,0
2023,20230104,Luis León Sánchez,2,Stage 2,0,0,0,0,0,0,0,0,0
2023,20230104,Luis León Sánchez,3,Stage 3,0,0,0,0,0,0,0,0,0
2023,20230104,Luis León Sánchez,4,Stage 4,0,0,0,0,0,0,0,0,0
2023,20230104,Luis León Sánchez,5,Stage 5,0,0,0,0,0,0,0,0,0
2023,20230104,Luis León Sánchez,6,Stage 6,0,0,0,0,0,0,0,0,0
2023,20230104,Luis León Sánchez,7,Stage 7,0,0,0,0,0,0,0,0,0
2023,20230104,Luis León Sánchez,8,Stage 8,0,0,0,0,0,0,0,0,0
2023,20230104,Luis León Sánchez,9,Stage 9,0,0,0,0,0,0,0,0,0
2023,20230104,Luis León Sánchez,10,Stage 10,0,0,0,0,0,0,0,0,0
2023,20230104,Luis León Sánchez,11,Stage 11,0,0,0,0,0,0,0,0,0
2023,20230104,Luis León Sánchez,12,Stage 12,0,0,0,0,0,0,0,0,0
2023,20230104,Luis León Sánchez,13,Stage 13,0,0,0,0,0,0,0,0,0
2023,20230104,Luis León Sánchez,14,Stage 14,0,0,0,0,0,0,0,0,0
2023,20230104,Luis León Sánchez,15,Stage 15,0,0,0,0,0,0,0,0,0
2023,20230104,Luis León Sánchez,16,Stage 16,0,0,0,0,0,0,0,0,0
2023,20230104,Luis León Sánchez,17,Stage 17,0,0,0,0,0,0,0,0,0
2023,20230104,Luis León Sánchez,18,Stage 18,0,0,0,0,0,0,0,0,0
2023,20230104,Luis León Sánchez,19,Stage 19,0,0,0,0,0,0,0,0,0
2023,20230104,Luis León Sánchez,20,Stage 20,0,0,0,0,0,0,0,0,0
2023,20230104,Luis León Sánchez,21,Stage 21,0,0,0,0,0,0,0,0,0
2023,20230104,Luis León Sánchez,22,Final Classifications,0,0,0,0,0,0,0,0,0
2023,20230748,Clément Champoussin,1,Stage 1,0,0,0,0,0,0,0,0,0
2023,20230748,Clément Champoussin,2,Stage 2,0,0,0,0,0,0,0,0,0
2023,20230748,Clément Champoussin,3,Stage 3,0,0,0,0,0,0,0,0,0
2023,20230748,Clément Champoussin,4,Stage 4,0,0,0,0,0,0,0,0,0
2023,20230748,Clément Champoussin,5,Stage 5,0,0,0,0,0,0,0,0,0
2023,20230748,Clément Champoussin,6,Stage 6,0,0,0,0,0,0,0,0,0
2023,20230748,Clément Champoussin,7,Stage 7,0,0,0,0,0,0,0,0,0
2023,20230748,Clément Champoussin,8,Stage 8,0,0,0,0,0,0,0,0,0
2023,20230748,Clément Champoussin,9,Stage 9,0,0,0,0,0,0,0,0,0
2023,20230748,Clément Champoussin,10,Stage 10,0,0,0,0,0,0,0,0,0
2023,20230748,Clément Champoussin,11,Stage 11,0,0,0,0,0,0,0,0,0
2023,20230748,Clément Champoussin,12,Stage 12,0,0,0,0,0,0,0,0,0
2023,20230748,Clément Champoussin,13,Stage 13,0,0,0,0,0,0,0,0,0
2023,20230748,Clément Champoussin,14,Stage 14,0,0,0,0,0,0,0,0,0
2023,20230748,Clément Champoussin,15,Stage 15,0,0,0,0,0,0,0,0,0
2023,20230748,Clément Champoussin,16,Stage 16,0,0,0,0,0,0,0,0,0
2023,20230748,Clément Champoussin,17,Stage 17,0,0,0,0,0,0,0,0,0
2023,20230748,Clément Champoussin,18,Stage 18,0,0,0,0,0,0,0,0,0
2023,20230748,Clément Champoussin,19,Stage 19,0,0,0,0,0,0,0,0,0
2023,20230748,Clément Champoussin,20,Stage 20,0,0,0,0,0,0,0,0,0
2023,20230748,Clément Champoussin,21,Stage 21,0,0,0,0,0,0,0,0,0
2023,20230748,Clément Champoussin,22,Final Classifications,0,0,0,0,0,0,0,0,0
2023,20230799,John Degenkolb,1,Stage 1,0,0,0,0,0,0,0,0,0
2023,20230799,John Degenkolb,2,Stage 2,0,0,0,0,0,0,0,0,0
2023,20230799,John Degenkolb,3,Stage 3,0,0,0,0,0,0,0,0,0
2023,20230799,John Degenkolb,4,Stage 4,0,0,0,0,0,0,0,0,0
2023,20230799,John Degenkolb,5,Stage 5,0,0,0,0,0,0,0,0,0
2023,20230799,John Degenkolb,6,Stage 6,0,0,0,0,0,0,0,0,0
2023,20230799,John Degenkolb,7,Stage 7,0,0,0,0,0,0,0,0,0
2023,20230799,John Degenkolb,8,Stage 8,0,0,0,0,0,0,0,0,0
2023,20230799,John Degenkolb,9,Stage 9,0,0,0,0,0,0,0,0,0
2023,20230799,John Degenkolb,10,Stage 10,0,0,0,0,0,0,0,0,0
2023,20230799,John Degenkolb,11,Stage 11,0,0,0,0,0,0,0,0,0
2023,20230799,John Degenkolb,12,Stage 12,0,0,0,0,0,0,0,0,0
2023,20230799,John Degenkolb,13,Stage 13,0,0,0,0,0,0,0,0,0
2023,20230799,John Degenkolb,14,Stage 14,0,0,0,0,0,0,0,0,0
2023,20230799,John Degenkolb,15,Stage 15,0,0,0,0,0,0,0,0,0
2023,20230799,John Degenkolb,16,Stage 16,0,0,0,0,0,0,0,0,0
2023,20230799,John Degenkolb,17,Stage 17,0,0,0,0,0,0,0,0,0
2023,20230799,John Degenkolb,18,Stage 18,0,0,0,0,0,0,0,0,0
2023,20230799,John Degenkolb,19,Stage 19,0,0,0,0,0,0,0,0,0
2023,20230799,John Degenkolb,20,Stage 20,0,0,0,0,0,0,0,0,0
2023,20230799,John Degenkolb,21,Stage 21,0,0,0,0,0,0,0,0,0
2023,20230799,John Degenkolb,22,Final Classifications,0,0,0,0,0,0,0,0,0
2023,20230804,Chris Hamilton,1,Stage 1,0,0,0,0,0,0,0,0,0
2023,20230804,Chris Hamilton,2,Stage 2,0,0,0,0,0,0,0,0,0
2023,20230804,Chris Hamilton,3,Stage 3,0,0,0,0,0,0,0,0,0
2023,20230804,Chris Hamilton,4,Stage 4,0,0,0,0,0,0,0,0,0
2023,20230804,Chris Hamilton,5,Stage 5,0,0,0,0,0,0,0,0,0
2023,20230804,Chris Hamilton,6,Stage 6,0,0,0,0,0,0,0,0,0
2023,20230804,Chris Hamilton,7,Stage 7,0,0,0,0,0,0,0,0,0
2023,20230804,Chris Hamilton,8,Stage 8,0,0,0,0,0,0,0,0,0
2023,20230804,Chris Hamilton,9,Stage 9,0,0,0,0,0,0,0,0,0
2023,20230804,Chris Hamilton,10,Stage 10,0,0,0,0,0,0,0,0,0
2023,20230804,Chris Hamilton,11,Stage 11,0,0,0,0,0,0,0,0,0
2023,20230804,Chris Hamilton,12,Stage 12,0,0,0,0,0,0,0,0,0
2023,20230804,Chris Hamilton,13,Stage 13,0,0,0,0,0,0,0,0,0
2023,20230804,Chris Hamilton,14,Stage 14,0,0,0,0,0,0,0,0,0
2023,20230804,Chris Hamilton,15,Stage 15,0,0,0,0,0,0,0,0,0
2023,20230804,Chris Hamilton,16,Stage 16,0,0,0,0,0,0,0,0,0
2023,20230804,Chris Hamilton,17,Stage 17,0,0,0,0,0,0,0,0,0
2023,20230804,Chris Hamilton,18,Stage 18,0,0,0,0,0,0,0,0,0
2023,20230804,Chris Hamilton,19,Stage 19,0,0,0,0,0,0,0,0,0
2023,20230804,Chris Hamilton,20,Stage 20,0,0,0,0,0,0,0,0,0
2023,20230804,Chris Hamilton,21,Stage 21,0,0,0,0,0,0,0,0,0
2023,20230804,Chris Hamilton,22,Final Classifications,0,0,0,0,0,0,0,0,0
2023,20230800,Matthew Dinham,1,Stage 1,0,0,0,0,0,0,0,0,0
2023,20230800,Matthew Dinham,2,Stage 2,0,0,0,0,0,0,0,0,0
2023,20230800,Matthew Dinham,3,Stage 3,0,0,0,0,0,0,0,0,0
2023,20230800,Matthew Dinham,4,Stage 4,0,0,0,0,0,0,0,0,0
2023,20230800,Matthew Dinham,5,Stage 5,0,0,0,0,0,0,0,0,0
2023,20230800,Matthew Dinham,6,Stage 6,0,0,0,0,0,0,0,0,0
2023,20230800,Matthew Dinham,7,Stage 7,0,0,0,0,0,0,0,0,0
2023,20230800,Matthew Dinham,8,Stage 8,0,0,0,0,0,0,0,0,0
2023,20230800,Matthew Dinham,9,Stage 9,0,0,0,0,0,0,0,0,0
2023,20230800,Matthew Dinham,10,Stage 10,0,0,0,0,0,0,0,0,0
2023,20230800,Matthew Dinham,11,Stage 11,0,0,0,0,0,0,0,0,0
2023,20230800,Matthew Dinham,12,Stage 12,0,0,0,0,0,0,0,0,0
2023,20230800,Matthew Dinham,13,Stage 13,0,0,0,0,0,0,0,0,0
2023,20230800,Matthew Dinham,14,Stage 14,0,0,0,0,0,0,0,0,0
2023,20230800,Matthew Dinham,15,Stage 15,0,0,0,0,0,0,0,0,0
2023,20230800,Matthew Dinham,16,Stage 16,0,0,0,0,0,0,0,0,0
2023,20230800,Matthew Dinham,17,Stage 17,0,0,0,0,0,0,0,0,0
2023,20230800,Matthew Dinham,18,Stage 18,0,0,0,0,0,0,0,0,0
2023,20230800,Matthew Dinham,19,Stage 19,0,0,0,0,0,0,0,0,0
2023,20230800,Matthew Dinham,20,Stage 20,0,0,0,0,0,0,0,0,0
2023,20230800,Matthew Dinham,21,Stage 21,0,0,0,0,0,0,0,0,0
2023,20230800,Matthew Dinham,22,Final Classifications,0,0,0,0,0,0,0,0,0
2023,20230801,Alex Edmondson,1,Stage 1,0,0,0,0,0,0,0,0,0
2023,20230801,Alex Edmondson,2,Stage 2,0,0,0,0,0,0,0,0,0
2023,20230801,Alex Edmondson,3,Stage 3,0,0,0,0,0,0,0,0,0
2023,20230801,Alex Edmondson,4,Stage 4,0,0,0,0,0,0,0,0,0
2023,20230801,Alex Edmondson,5,Stage 5,0,0,0,0,0,0,0,0,0
2023,20230801,Alex Edmondson,6,Stage 6,0,0,0,0,0,0,0,0,0
2023,20230801,Alex Edmondson,7,Stage 7,0,0,0,0,0,0,0,0,0
2023,20230801,Alex Edmondson,8,Stage 8,0,0,0,0,0,0,0,0,0
2023,20230801,Alex Edmondson,9,Stage 9,0,0,0,0,0,0,0,0,0
2023,20230801,Alex Edmondson,10,Stage 10,0,0,0,0,0,0,0,0,0
2023,20230801,Alex Edmondson,11,Stage 11,0,0,0,0,0,0,0,0,0
2023,20230801,Alex Edmondson,12,Stage 12,0,0,0,0,0,0,0,0,0
2023,20230801,Alex Edmondson,13,Stage 13,0,0,0,0,0,0,0,0,0
2023,20230801,Alex Edmondson,14,Stage 14,0,0,0,0,0,0,0,0,0
2023,20230801,Alex Edmondson,15,Stage 15,0,0,0,0,0,0,0,0,0
2023,20230801,Alex Edmondson,16,Stage 16,0,0,0,0,0,0,0,0,0
2023,20230801,Alex Edmondson,17,Stage 17,0,0,0,0,0,0,0,0,0
2023,20230801,Alex Edmondson,18,Stage 18,0,0,0,0,0,0,0,0,0
2023,20230801,Alex Edmondson,19,Stage 19,0,0,0,0,0,0,0,0,0
2023,20230801,Alex Edmondson,20,Stage 20,0,0,0,0,0,0,0,0,0
2023,20230801,Alex Edmondson,21,Stage 21,0,0,0,0,0,0,0,0,0
2023,20230801,Alex Edmondson,22,Final Classifications,0,0,0,0,0,0,0,0,0
